session_id	task_id	task	participant_id	source_file	physio_available	sample_rate_hz	duration_s	coverage_pct	ppg_available	eda_available	temp_available	imu_available	ppg_coverage_pct	eda_coverage_pct	temp_coverage_pct	ppg_green_available	ppg_green_coverage_pct	ppg_green_mean	ppg_green_median	ppg_green_std	ppg_green_min	ppg_green_p95	ppg_green_max	ppg_green_slope	ppg_red_available	ppg_red_coverage_pct	ppg_red_mean	ppg_red_median	ppg_red_std	ppg_red_min	ppg_red_p95	ppg_red_max	ppg_red_slope	ppg_ir_available	ppg_ir_coverage_pct	ppg_ir_mean	ppg_ir_median	ppg_ir_std	ppg_ir_min	ppg_ir_p95	ppg_ir_max	ppg_ir_slope	ppg_mean	ppg_std	ppg_rate_proxy_bpm	ppg_channel_idx	ppg_peak_count	ppg_clean_ibi_count	ppg_clean_ibi_fraction	ppg_hr_agreement_bpm	hrv_quality_score	hr_mean_bpm	hr_sd_bpm	hr_valid_fraction	hr_source	hrv_rmssd_ms	hrv_sdnn_ms	hrv_pnn50_pct	ppg_rmssd_ms	ppg_sdnn_ms	ppg_pnn50_pct	eda_mean	eda_median	eda_std	eda_min	eda_p95	eda_max	eda_slope	eda_tonic_mean	eda_tonic_median	eda_tonic_std	eda_tonic_slope	eda_phasic_mean	eda_phasic_std	eda_scr_count	eda_scr_rate_hz	eda_scr_amplitude_mean	eda_scr_amplitude_p95	eda_scr_peak_rate_per_min	eda_slope_per_s	scr_count	eda_phasic_rate_hz	scr_rate_hz	temp_skin_available	temp_skin_coverage_pct	temp_skin_mean	temp_skin_median	temp_skin_std	temp_skin_min	temp_skin_p95	temp_skin_max	temp_skin_slope	thermopile_available	thermopile_coverage_pct	thermopile_mean	thermopile_median	thermopile_std	thermopile_min	thermopile_p95	thermopile_max	thermopile_slope	temp_aux_available	temp_aux_coverage_pct	temp_aux_mean	temp_aux_median	temp_aux_std	temp_aux_min	temp_aux_p95	temp_aux_max	temp_aux_slope	temp_mean	temp_std	temp_slope	temp_slope_per_s	accel_available	accel_coverage_pct	accel_motion_mean	accel_motion_std	accel_motion_p95	accel_motion_max	accel_dynamic_mean	accel_dynamic_p95	accel_jerk_mean	accel_jerk_p95	accel_high_fraction	gyro_available	gyro_coverage_pct	gyro_motion_mean	gyro_motion_std	gyro_motion_p95	gyro_motion_max	gyro_dynamic_mean	gyro_dynamic_p95	gyro_jerk_mean	gyro_jerk_p95	gyro_high_fraction	mag_available	mag_coverage_pct	mag_motion_mean	mag_motion_std	mag_motion_p95	mag_motion_max	mag_dynamic_mean	mag_dynamic_p95	mag_jerk_mean	mag_jerk_p95	mag_high_fraction	motion_mean	motion_high_fraction	motion_flag	qc_flag	qc_notes	ppg_green_mean_delta_t0	ppg_green_mean_z_t0	ppg_red_mean_delta_t0	ppg_red_mean_z_t0	ppg_ir_mean_delta_t0	ppg_ir_mean_z_t0	hr_mean_bpm_delta_t0	hr_mean_bpm_z_t0	hrv_rmssd_ms_delta_t0	hrv_rmssd_ms_z_t0	eda_tonic_mean_delta_t0	eda_tonic_mean_z_t0	eda_phasic_rate_hz_delta_t0	eda_phasic_rate_hz_z_t0	eda_scr_amplitude_mean_delta_t0	eda_scr_amplitude_mean_z_t0	temp_mean_delta_t0	temp_mean_z_t0	thermopile_mean_delta_t0	thermopile_mean_z_t0	temp_aux_mean_delta_t0	temp_aux_mean_z_t0	accel_motion_mean_delta_t0	accel_motion_mean_z_t0	accel_dynamic_mean_delta_t0	accel_dynamic_mean_z_t0	gyro_motion_mean_delta_t0	gyro_motion_mean_z_t0	mag_motion_mean_delta_t0	mag_motion_mean_z_t0
ses-20260312_grp-07_run01	T0	T0	P1	C:\Users\amodica\Downloads\affectai_physio\bids_release_no_video\sub-01\ses-20260312_grp-07_run01\physio\sub-01_ses-20260312_grp-07_run01_task-T0_run-01_acq-P1_emotibit.tsv.gz	True	24.572439562766522	449.99449499999173	100.0	True	True	True	True	100.0	100.0	100.0	True	100.0	3913.5534407027817	3925.0	142.3923178429739	3575.0	4193.0	4364.0	-0.031589990109946064	True	100.0	73468.58135065886	73364.0	420.15069954643855	72535.0	74507.0	74616.0	0.1375785461186613	True	100.0	142494.41956442167	142158.0	1140.8448564881667	140314.0	145295.0	145912.0	0.16947937972466584	3913.5534407027817	142.3923178429739	67.01574426209051	1.0	449.0	298.0	0.6651785714285714	3.2432942529178774	0.687577788666391	63.77245000917263	14.40930915736809	0.9976207906295754	device_hr	219.09104606378835	150.60606994565137	80.47138047138047	219.09104606378835	150.60606994565137	80.47138047138047	0.07806757155929721	0.069219	0.01790521264006002	0.059153	0.105243	0.107584	3.119646509200453e-05	0.07806617960688574	0.06878204146458394	0.017872314780704533	3.1192396391558854e-05	1.3919524114823254e-06	0.0008170611989215797	23.0	0.05111173637802041	0.0036198838930824855	0.007933168504412957	3.0667041826812245	3.119646509200453e-05	23.0	0.05111173637802041	0.05111173637802041	True	100.0	36.58552992313324	36.581	0.07123021816725779	36.384	36.708	36.849	6.431040245504204e-05	True	100.0	45.11535498718888	46.5478	16.062636332336954	12.2033	67.62911999999999	81.3176	-0.016796755752598615	True	100.0	34.14896852122987	34.143	0.0656429592112246	33.977	34.267	34.365	7.003821937666773e-05	36.58552992313324	0.07123021816725779	6.431040245504204e-05	6.431040245504204e-05	True	100.0	1.0549872769979076	0.02742543670117527	1.0686236942775096	1.7478978803122338	0.011136027931500146	0.03145805772579377	0.09749349278844287	0.3476367911741575	0.00018301610541727673	True	100.0	5.296858091509568	16.810914789946032	24.985740919931512	327.46275803516954	4.752898307094799	23.963537417687462	23.050686280623243	84.21558983390698		True	100.0	62.03435923122629	13.047367200956186	91.6515138991168	96.81941953967706	6.93618773594168	34.842428163315255	7.239288518485287	34.2717786607249		1.0549872769979076	0.00018301610541727673	False	channel_map_unconfirmed	EmotiBit value_* channel mapping has not been explicitly confirmed for this dataset; verify PPG/EDA/temperature/IMU column indices before interpreting features.	0.0	0.0	0.0	0.0	0.0	0.0	0.0	0.0	0.0		0.0	0.0	0.0		0.0		0.0	0.0	0.0	0.0	0.0	0.0	0.0	0.0	0.0		0.0	0.0	0.0	0.0
ses-20260312_grp-07_run01	T0	T0	P2	C:\Users\amodica\Downloads\affectai_physio\bids_release_no_video\sub-01\ses-20260312_grp-07_run01\physio\sub-01_ses-20260312_grp-07_run01_task-T0_run-01_acq-P2_emotibit.tsv.gz	True	24.571533864501617	449.99453300004825	100.0	True	True	True	True	100.0	100.0	100.0	True	100.0	10152.691350114417	10143.0	237.95393420554745	9421.0	10533.0	10954.0	-0.18831401822128468	True	100.0	131019.81556064074	131095.0	2525.959564646525	125938.0	134756.0	138002.0	-1.7661427972219084	True	100.0	178928.66782608695	179352.0	2933.0647756368326	172568.0	183040.0	185360.0	-2.565187549375776	10152.691350114417	237.95393420554745	86.723060698241	0.0	564.0	477.0	0.8472468916518651	15.228691515677184	0.6852240096164758	71.49436918256382	19.305307192920235	0.9932265446224257	device_hr	152.0817478312475	106.46060468493681	66.59663865546219	152.0817478312475	106.46060468493681	66.59663865546219	0.10512574224256291	0.115491	0.022132304790845627	0.057853	0.13247479999999998	0.147075	3.6238429045171896e-06	0.10512461770336977	0.10720814251401223	0.016038498700369393	3.301420247941033e-06	1.124539193156079e-06	0.013327799331313884	117.0	0.2600031587494585	0.03466198372552316	0.06788441711422691	15.60018952496751	3.6238429045171896e-06	117.0	0.2600031587494585	0.2600031587494585	True	100.0	35.74431578947368	35.743	0.0744947985690975	35.504	35.862	36.005	3.052126636354851e-05	True	100.0	41.57783497482838	41.2651	5.352435654486849	29.4745	50.5378	55.8027	-0.0045177907218523295	True	100.0	34.19726260869565	34.191	0.07323592394531377	33.977	34.326	34.437	1.5630722396860184e-05	35.74431578947368	0.0744947985690975	3.052126636354851e-05	3.052126636354851e-05	True	100.0	0.9737211798089958	0.0689483347884166	1.0818999019771085	1.8468029131447676	0.037334670183209746	0.14631699290148337	0.3307165594672371	1.740660375809488	0.0008237986270022883	True	100.0	17.401556383601882	37.50797311460945	85.55450983437402	498.62070116773134	15.967978453152156	82.3471344275967	93.39669735052323	491.93001847144683		True	100.0	58.495776442957954	17.974992064211953	80.33679107357973	84.22588675698226	14.505122816347724	39.071844032515514	10.302141706907808	46.96975852865167		0.9737211798089958	0.0008237986270022883	False	channel_map_unconfirmed	EmotiBit value_* channel mapping has not been explicitly confirmed for this dataset; verify PPG/EDA/temperature/IMU column indices before interpreting features.	0.0	0.0	0.0	0.0	0.0	0.0	0.0	0.0	0.0		0.0	0.0	0.0		0.0		0.0	0.0	0.0	0.0	0.0	0.0	0.0	0.0	0.0		0.0	0.0	0.0	0.0
ses-20260312_grp-07_run01	T0	T0	P3	C:\Users\amodica\Downloads\affectai_physio\bids_release_no_video\sub-01\ses-20260312_grp-07_run01\physio\sub-01_ses-20260312_grp-07_run01_task-T0_run-01_acq-P3_emotibit.tsv.gz	True	24.56881727565966	449.99683200003346	100.0	True	True	True	True	100.0	100.0	100.0	True	100.0	12631.871109483705	12647.0	318.13071787322923	11930.0	13181.0	13855.0	-0.0225989049262343	True	100.0	143471.40937385574	143589.0	1206.9376395989318	141217.0	145606.0	147290.0	-0.4071459385440315	True	100.0	179036.00833028194	178956.0	1793.68415494395	175799.0	182584.0	186021.0	-0.7388117556701967	12631.871109483705	318.13071787322923	81.8960575855322	0.0	598.0	586.0	0.981574539363484	3.5025195042432955	0.8918046380962136	78.39353808128891	10.942212175822972	1.0	device_hr	98.69997391012066	67.38715969034716	43.93162393162393	98.69997391012066	67.38715969034716	43.93162393162393	0.05381877673013548	0.05307	0.006386863599099977	0.039145	0.063181	0.079595	1.1882388536683932e-05	0.053818001674115656	0.05303145834846633	0.006276891303115603	1.187998114089075e-05	7.750560198306215e-07	0.0010868872608307517	21.0	0.04666699520230942	0.0054919318896385644	0.01008157320732516	2.8000197121385653	1.1882388536683932e-05	21.0	0.04666699520230942	0.04666699520230942	True	100.0	36.67329943244233	36.68	0.125435818628748	36.335	36.863	36.982	0.00021645760696533718	True	88.52984254851702	63.47512165236272	62.0775	23.32795908490073	20.2835	95.1925	99.0524	-0.032389385615335095	True	100.0	34.95032323324789	34.984	0.1517297035360374	34.581	35.152	35.243	0.0002706611083842862	36.67329943244233	0.125435818628748	0.00021645760696533718	0.00021645760696533718	True	100.0	0.9863824181378189	0.03673330850708116	1.0170644030738663	1.4163322350352687	0.013613671570560695	0.05199656692924892	0.16823926184094057	0.7119358237566241	0.0	True	100.0	7.916332632898528	27.357734383291305	38.38556840793165	480.1796844609318	7.46485164561378	37.590225714496924	43.9144826710026	148.34866593740978		True	100.0	48.21604148629573	10.130752490718823	61.05735008989499	62.89674077406555	8.96671662026414	17.1252888204071	8.414193239748453	39.957869142094374		0.9863824181378189	0.0	False	channel_map_unconfirmed	EmotiBit value_* channel mapping has not been explicitly confirmed for this dataset; verify PPG/EDA/temperature/IMU column indices before interpreting features.	0.0	0.0	0.0	0.0	0.0	0.0	0.0	0.0	0.0		0.0	0.0	0.0		0.0		0.0	0.0	0.0	0.0	0.0	0.0	0.0	0.0	0.0		0.0	0.0	0.0	0.0
ses-20260312_grp-07_run01	T0	T0	P4	C:\Users\amodica\Downloads\affectai_physio\bids_release_no_video\sub-01\ses-20260312_grp-07_run01\physio\sub-01_ses-20260312_grp-07_run01_task-T0_run-01_acq-P4_emotibit.tsv.gz	True	24.57485500256674	450.0439560000086	100.0	True	True	True	True	100.0	100.0	100.0	True	100.0	10792.464517901291	10690.0	480.753543560211	9850.0	11643.0	12256.0	0.22563492931282364	True	100.0	146602.62833073895	147190.0	2787.6035384917927	141094.0	151628.0	154035.0	-0.3243358016915121	True	100.0	176995.63941031042	176947.0	3289.3439878403324	169162.0	183187.0	185604.0	-0.2440949521735052	10792.464517901291	480.753543560211	67.02233182518202	0.0	476.0	427.0	0.8989473684210526	5.781004448616066	0.8043734460075663	61.241327376565955	11.384959192524496	0.9940481640875378	device_hr	146.093185312041	103.96452258930381	64.7887323943662	146.093185312041	103.96452258930381	64.7887323943662	0.14256291630803042	0.139912	0.023596438237414686	0.092127	0.186737	0.19319	4.403747368844645e-05	0.14255884447359193	0.13992432739415642	0.023572766388605722	4.4026611053516395e-05	4.071834438473458e-06	0.0007278749433589234	7.0	0.015554036237295598	0.006430231339384777	0.011521982932641204	0.9332421742377359	4.403747368844645e-05	7.0	0.015554036237295598	0.015554036237295598	True	100.0	34.322098708909444	34.478	0.47110702548934136	33.166	34.848	34.985	0.0008315901714166235	True	96.51130848823368	51.249359003795064	54.4965	26.566084261718764	8.9839	95.8255	99.9022	0.011031128705485048	True	100.0	33.22170671183958	33.326	0.4526239897642028	32.151	33.854	34.0	0.0008271446561609219	34.322098708909444	0.47110702548934136	0.0008315901714166235	0.0008315901714166235	True	100.0	1.0554655147974792	0.03413310312318977	1.0735525138529556	1.6257044626868686	0.01103494145893159	0.03762070139474627	0.12694670386754114	0.47499724618292755	0.0006409669444190092	True	100.0	6.146432499622014	19.491934078840238	28.166559623070757	301.11448442245353	5.53884607135178	27.208139569023473	31.26879021120013	115.27960016954987		True	100.0	42.2731112280831	11.926195360346238	58.06031346797914	69.6491205974634	10.110006144911887	22.0263904452866	8.256528878122582	38.63464055695242		1.0554655147974792	0.0006409669444190092	False	channel_map_unconfirmed	EmotiBit value_* channel mapping has not been explicitly confirmed for this dataset; verify PPG/EDA/temperature/IMU column indices before interpreting features.	0.0	0.0	0.0	0.0	0.0	0.0	0.0	0.0	0.0		0.0	0.0	0.0		0.0		0.0	0.0	0.0	0.0	0.0	0.0	0.0	0.0	0.0		0.0	0.0	0.0	0.0
ses-20260312_grp-07_run01	T1	T1	P1	C:\Users\amodica\Downloads\affectai_physio\bids_release_no_video\sub-01\ses-20260312_grp-07_run01\physio\sub-01_ses-20260312_grp-07_run01_task-T1_run-01_acq-P1_emotibit.tsv.gz	True	24.565799489486484	684.6261689999956	100.0	True	True	True	True	100.0	100.0	100.0	True	100.0	3808.2166456038995	3800.0	142.70848097420355	3405.0	4059.0	4286.0	0.008040363368399174	True	100.0	73479.90082445688	73268.0	564.4759290487586	72452.0	74590.2	74917.0	-0.13413942733361597	True	100.0	142434.51537581993	142079.0	1840.4997454855632	138898.0	145767.0	146475.0	-0.967257195279523	3808.2166456038995	142.70848097420355	66.99763497132678	1.0	693.0	434.0	0.6271676300578035	0.22841203462486703	0.7130057924453286	67.22604700595164	15.493364039493512	0.9909129205030992	device_hr	203.36570884731617	147.61797402370607	75.98152424942263	203.36570884731617	147.61797402370607	75.98152424942263	0.13488894433411566	0.130301	0.036593371949115834	0.072644	0.193406	0.334853	2.1823893593660094e-05	0.13488816909092163	0.12988457649052884	0.03503550059305454	2.182520008124989e-05	7.752431940244161e-07	0.009222590651796772	88.0	0.12853730106247307	0.029064772370460647	0.10235041185327429	7.7122380637483845	2.1823893593660094e-05	88.0	0.12853730106247307	0.12853730106247307	True	100.0	36.78470927363543	36.784	0.06646413170160616	36.516	36.893	36.99	-1.0795606728215792e-05	True	100.0	45.305546626948306	45.3489	9.034681172200438	25.3555	60.3913	67.6087	0.006623377048675714	True	100.0	34.34539279051574	34.347	0.06194474106165037	34.13	34.442	34.534	-1.9155147205044143e-05	36.78470927363543	0.06646413170160616	-1.0795606728215792e-05	-1.0795606728215792e-05	True	100.0	1.0386998740643674	0.031022346226882606	1.064992488209928	1.611442521469506	0.016166033369666547	0.03992434189239932	0.13221855434763366	0.5556451281981122	0.00030089667208280677	True	100.0	7.262528907455992	17.964205804661983	30.823850472158643	218.2085493879651	6.271486819110491	28.750243710981394	34.41452413286832	145.56852823308586		True	100.0	50.27560589143473	12.079433307666145	61.04096984812741	63.96092557178953	8.641628939308292	29.44782080651352	6.872775427024706	34.25784628417617		1.0386998740643674	0.00030089667208280677	False	channel_map_unconfirmed	EmotiBit value_* channel mapping has not been explicitly confirmed for this dataset; verify PPG/EDA/temperature/IMU column indices before interpreting features.	-105.33679509888225	-0.7397645933051289	11.319473798022955	0.0269414612667373	-59.90418860173668	-0.052508619608575176	3.4535969967790123	0.2396781802001272	-15.725337216472184		0.0568219894840359	3.1734886720588773	0.07742556468445266		0.025444888477378164		0.1991793505021917	2.7962760135662195	0.19019163975942632	0.011840624155608666	0.19642426928587042	2.992312833640244	-0.01628740293354025	-0.593879437946827	0.005030005438166401		1.9656708159464236	0.11692824813567054	-11.75875333979156	-0.9012357174196655
ses-20260312_grp-07_run01	T1	T1	P2	C:\Users\amodica\Downloads\affectai_physio\bids_release_no_video\sub-01\ses-20260312_grp-07_run01\physio\sub-01_ses-20260312_grp-07_run01_task-T1_run-01_acq-P2_emotibit.tsv.gz	True	24.567006514989508	684.6261040000245	100.0	True	True	True	True	100.0	100.0	100.0	True	100.0	9773.500932891966	9745.0	233.40544333233018	9014.0	10160.0	10524.0	-0.12216679101171471	True	100.0	129243.50905808005	128668.0	1979.8028990615496	125665.0	133392.0	137619.0	-0.1390014439901309	True	100.0	176112.49786337645	176104.0	2366.315172680823	170657.0	180505.0	186450.0	-0.09731711655093	9773.500932891966	233.40544333233018	86.70708181761003	0.0	877.0	761.0	0.8687214611872146	13.177510947913973	0.7192722541102997	73.52957086969606	16.675829754414398	1.0	device_hr	144.6618313281696	100.7024037595135	67.5	144.6618313281696	100.7024037595135	67.5	0.1187724501354198	0.130382	0.02712663167253221	0.060317	0.1467727	0.179277	1.3303315078560618e-05	0.1187524155593706	0.12440894856902249	0.023204612307003027	1.3342338594255066e-05	2.003457604919097e-05	0.012328218990665506	194.0	0.28336634970026364	0.02952434171643679	0.0703677299371306	17.00198098201582	1.3303315078560618e-05	194.0	0.28336634970026364	0.28336634970026364	True	100.0	35.70270851640084	35.699	0.08283339744975014	35.442	35.84	35.971	-4.324216931937843e-05	True	100.0	44.00488161300031	44.1139	6.703702842033578	26.7864	55.0986	63.2128	-0.003913253679764852	True	100.0	34.10748390009028	34.097	0.12217878579877998	33.829	34.329	34.431	-9.516007808883771e-05	35.70270851640084	0.08283339744975014	-4.324216931937843e-05	-4.324216931937843e-05	True	100.0	0.9523249760936146	0.0292434514187133	0.996415074153337	1.5385220180419907	0.012906403936757184	0.06155011326647519	0.1337951991912615	0.5205629100529848	6.018657839301836e-05	True	100.0	7.608959795595094	20.563139113837998	41.70045976964762	287.96434911460824	6.721049334679204	40.42550957454195	35.30369798747747	126.57203353438872		True	100.0	68.33889265726228	12.682984809357734	81.26499861564018	92.72000862812729	7.9480787991056525	35.966707304904325	8.557867206199795	39.15932131263513		0.9523249760936146	6.018657839301836e-05	False	channel_map_unconfirmed	EmotiBit value_* channel mapping has not been explicitly confirmed for this dataset; verify PPG/EDA/temperature/IMU column indices before interpreting features.	-379.1904172224513	-1.5935454838704288	-1776.306502560692	-0.7032204819989915	-2816.169962710497	-0.9601458467957105	2.0352016871322434	0.10542187527990259	-7.4199165030779		0.013627797856000837	0.6157423722827806	0.023363190950805135		-0.005137642009086372		-0.04160727307284162	-0.5585258819681065	2.4270466381719302	0.45344713974046214	-0.08977870860537251	-1.2258834704183081	-0.0213962037153812	-0.3103222692910604	-0.024428266246452564		-9.792596588006788	-0.2610803990416786	9.843116214304324	0.5476005874796395
ses-20260312_grp-07_run01	T1	T1	P3	C:\Users\amodica\Downloads\affectai_physio\bids_release_no_video\sub-01\ses-20260312_grp-07_run01\physio\sub-01_ses-20260312_grp-07_run01_task-T1_run-01_acq-P3_emotibit.tsv.gz	True	24.56579950705002	684.6201130000409	100.0	True	True	True	True	100.0	100.0	100.0	True	100.0	12268.438278663858	12215.0	687.3428661270115	10993.0	13614.3	14291.0	-0.27781690370271733	True	100.0	142902.80385194102	142653.0	1961.103691071772	139689.0	146340.0	147479.0	-0.42092896958246745	True	100.0	177748.46421907915	177276.0	3500.6708307252306	172316.0	184673.0	187481.0	-0.8256019025388404	12268.438278663858	687.3428661270115	81.8859983568334	0.0	894.0	830.0	0.9294512877939529	6.563120234654647	0.8191899436982962	75.32287812217875	14.146219325382223	1.0	device_hr	130.43905360910773	91.61696936994281	57.29794933655006	130.43905360910773	91.61696936994281	57.29794933655006	0.07679518182365332	0.080095	0.010610062002817132	0.046763	0.09024149999999999	0.126949	1.0555669472759381e-05	0.07679040909717998	0.08034562928939831	0.009625178177308428	1.0554189430086132e-05	4.7727264733566515e-06	0.004202310226569372	164.0	0.23954890732225714	0.010834171888926561	0.039985897990583	14.37293443933543	1.0555669472759381e-05	164.0	0.23954890732225714	0.23954890732225714	True	100.0	37.182840806500145	37.148	0.24963814340799073	36.694	37.515	37.632	0.00029530177067736566	True	100.0	41.12942266626543	40.2113	8.009204181402843	19.0798	54.5273	62.928	0.002869384941276957	True	100.0	35.522874932290094	35.528	0.28817543371426846	34.978	35.88	35.979	0.00034029573911005973	37.182840806500145	0.24963814340799073	0.00029530177067736566	0.00029530177067736566	True	100.0	0.9858690841511365	0.04360948237387079	1.0336217876960605	1.7724440752813615	0.016601535920946892	0.06624356954506005	0.1967174236685962	0.8651518504740533	0.00048149262714414687	True	100.0	8.881639823099134	24.4529415171173	41.03580939582858	321.9234685262943	8.263943414503375	39.608353967452615	51.223718665291365	224.43261815198616		True	100.0	54.09446209408938	7.103262558332911	60.74537019394976	64.1482657598785	4.693852577320549	15.579956448462447	7.812319880746794	36.116632795042726		0.9858690841511365	0.00048149262714414687	False	channel_map_unconfirmed	EmotiBit value_* channel mapping has not been explicitly confirmed for this dataset; verify PPG/EDA/temperature/IMU column indices before interpreting features.	-363.43283081984737	-1.1424009389897094	-568.6055219147238	-0.4711142508602787	-1287.544111202791	-0.7178209762593487	-3.0706599591101593	-0.2806251523704541	31.73907969898707		0.02297240742306432	3.596821361004413	0.1928819121199477		0.0053422399992879965		0.5095413740578181	4.062168044407683	-22.345698986097297	-0.957893440432206	0.5725516990422008	3.773497777290613	-0.0005133339866824072	-0.01397461888257222	0.0029878643503861973		0.9653071902006056	0.03528461738374672	5.87842060779365	0.5802550810691605
ses-20260312_grp-07_run01	T1	T1	P4	C:\Users\amodica\Downloads\affectai_physio\bids_release_no_video\sub-01\ses-20260312_grp-07_run01\physio\sub-01_ses-20260312_grp-07_run01_task-T1_run-01_acq-P4_emotibit.tsv.gz	True	24.572439562766522	684.6131560000358	100.0	True	True	True	True	100.0	100.0	100.0	True	100.0	10843.176587421005	10655.0	733.6573311158286	9346.0	12321.3	12758.0	-0.3536252024777981	True	100.0	144344.72350285886	142434.0	4418.58353912112	138714.0	151576.0	153673.0	-2.3263352553203065	True	100.0	171657.94637375866	169960.0	6089.550925902379	162279.0	180962.0	183772.0	-3.8353841407755866	10843.176587421005	733.6573311158286	64.10201625069527	0.0	714.0	646.0	0.906030855539972	0.22926365289013972	0.8592036218549548	64.33127990358541	17.35486353078095	0.9987962684321396	device_hr	151.37412574819894	113.10916975213927	68.37209302325581	151.37412574819894	113.10916975213927	68.37209302325581	0.24764630743304245	0.25478	0.020247809873697706	0.193173	0.269862	0.275991	2.2180189798713026e-05	0.24763740702077294	0.2548026601102338	0.020102966619311848	2.216557662264324e-05	8.900412269479293e-06	0.0020220290453876145	36.0	0.05258444084004444	0.011113858055591548	0.03603313369135548	3.1550664504026664	2.2180189798713026e-05	36.0	0.05258444084004444	0.05258444084004444	True	100.0	35.13147234426723	35.177	0.16939938243664932	34.681	35.361	35.492	0.00017460139543831236	True	100.0	14.49660459825459	5.4506	23.459116771191464	0.0016	78.3677	99.8581	-0.017790384910291137	True	100.0	34.29524014444778	34.358	0.22106985261813208	33.758	34.5713	34.669	0.00024137157507223933	35.13147234426723	0.16939938243664932	0.00017460139543831236	0.00017460139543831236	True	100.0	1.0560778703060287	0.022407122225761265	1.0721868307341857	1.4126131813061917	0.008744039773194481	0.030170260462532277	0.09985758089358383	0.40232024459126475	0.0	True	100.0	4.771728989051096	14.793107904225655	22.607284076764017	317.1645537902998	4.202139991473337	21.774521205353434	22.730886071677904	73.41442974397435		True	100.0	44.435046767907124	10.585759631100233	58.146367040426526	63.74950980203691	7.817291806944962	25.663744304602513	7.420274607834314	35.9801360871325		1.0560778703060287	0.0	False	channel_map_unconfirmed	EmotiBit value_* channel mapping has not been explicitly confirmed for this dataset; verify PPG/EDA/temperature/IMU column indices before interpreting features.	50.71206951971362	0.10548454649791321	-2257.904827880091	-0.8099806147834457	-5337.693036551762	-1.6227226633284721	3.089952527019456	0.2714065526952751	5.280940436157948		0.10507856254718101	4.453153543341455	0.03703040460274884		0.004683626716206771		0.8093736353577867	1.7180249742976896	-36.75275440554047	-1.383446429043384	1.073533432608201	2.3717996767415372	0.0006123555085495447	0.01794022378626088	-0.002290901685737109		-1.3747035105709182	-0.07052678841466267	2.1619355398240216	0.18127621378837255
ses-20260312_grp-07_run01	T2	T2	P1	C:\Users\amodica\Downloads\affectai_physio\bids_release_no_video\sub-01\ses-20260312_grp-07_run01\physio\sub-01_ses-20260312_grp-07_run01_task-T2_run-01_acq-P1_emotibit.tsv.gz	True	24.57545894550563	1136.5817590000224	100.0	True	True	True	True	100.0	100.0	100.0	True	100.0	3794.331752181627	3861.0	203.47142678731484	3231.0	4060.0	4246.0	0.026853921980099203	True	100.0	73588.48955353587	73752.0	726.8509869402873	72025.0	74591.0	75064.0	-0.030589485041142492	True	100.0	142514.1905348155	142791.0	2066.961897257941	137394.0	145652.0	146487.0	-0.3823972069671154	3794.331752181627	203.47142678731484	73.72637683651689	1.0	1218.0	739.0	0.6072308956450287	1.1961585583485856	0.6980157665541353	74.92253539486548	19.789676573316616	1.0	device_hr	199.37250918058544	142.6885722772824	74.52574525745257	199.37250918058544	142.6885722772824	74.52574525745257	0.3809745729804106	0.358864	0.18791392603986812	0.110216	0.578226	2.671675	8.564334080343803e-05	0.38096516316802903	0.3687859937045644	0.1547610023787629	8.562598889455056e-05	9.409812381602655e-06	0.09508267147457165	170.0	0.14957129010197026	0.301510681046683	1.0531641651089336	8.974277406118215	8.564334080343803e-05	170.0	0.14957129010197026	0.14957129010197026	True	100.0	36.51829391316942	36.476	0.21132837613939146	36.048	36.84	36.982	-0.00015103451561146106	True	100.0	41.20278431038853	42.0621	7.887801988423363	17.4636	53.3071	61.5006	-0.0035047583870677617	True	100.0	34.03257794112322	33.97	0.24818778993701854	33.551	34.402	34.982	-0.0001813115931553634	36.51829391316942	0.21132837613939146	-0.00015103451561146106	-0.00015103451561146106	True	100.0	1.0414896264651805	0.054556091893135074	1.0970692776666386	2.2317602917876282	0.02547802170114754	0.08746486473145776	0.2397654528152913	1.1023508968594198	0.0009776586884889741	True	100.0	18.139370884560172	33.32479466205392	86.83798227304722	408.2249055239036	16.24069413179238	81.67636489086942	87.86859254720868	449.8099698309747		True	100.0	42.32199260866357	17.470643517338367	62.24146527838174	97.58073580374356	15.50542868007812	30.919805761067074	8.91993031092355	39.91508138006004		1.0414896264651805	0.0009776586884889741	False	channel_map_unconfirmed	EmotiBit value_* channel mapping has not been explicitly confirmed for this dataset; verify PPG/EDA/temperature/IMU column indices before interpreting features.	-119.22168852115465	-0.8372761278640667	119.90820287700626	0.28539331960282266	19.770970393845346	0.017330113101185218	11.150085385692847	0.7738112399366028	-19.718536883202916		0.3028989835611433	16.916804600435505	0.09845955372394985		0.2978907971536005		-0.06723600996381407	-0.9439253689485437	-3.9125706768003496	-0.24358209921765125	-0.11639058010664627	-1.7730855145047164	-0.013497650532727112	-0.49215808957925156	0.014341993769647393		12.842512793050604	0.7639389618898801	-19.71236662256272	-1.5108309836729423
ses-20260312_grp-07_run01	T2	T2	P2	C:\Users\amodica\Downloads\affectai_physio\bids_release_no_video\sub-01\ses-20260312_grp-07_run01\physio\sub-01_ses-20260312_grp-07_run01_task-T2_run-01_acq-P2_emotibit.tsv.gz	True	24.573043386987806	1136.581680000003	100.0	True	True	True	True	100.0	100.0	100.0	True	100.0	9554.827515028608	9563.0	316.65472695427616	6027.0	10010.0	10510.0	-0.0348423507691494	True	100.0	129122.0910045629	128553.0	3039.0302115871496	97075.0	134241.0	136683.0	-0.6574210858413785	True	100.0	175943.81690446875	176090.0	4280.362516623036	112733.0	181119.0	185975.0	-0.1199127261575833	9554.827515028608	316.65472695427616	86.72838842466284	0.0	1369.0	1114.0	0.814327485380117	13.176912301525675	0.6896426464518689	73.55147612313716	19.88559711711277	0.9987325269790686	device_hr	156.47883702738162	113.30121146564022	68.8230008984726	156.47883702738162	113.30121146564022	68.8230008984726	0.10962036166437314	0.09388	0.03162690064425298	0.030115	0.160904	0.223345	-7.855029329149334e-06	0.10960037132412256	0.09536435705549173	0.026908322144647584	-7.830775577771488e-06	1.99903402505768e-05	0.014490934910226037	237.0	0.2085199895180427	0.03685574249391155	0.09878994575095862	12.511199371082563	-7.855029329149334e-06	237.0	0.2085199895180427	0.2085199895180427	True	100.0	35.61653585137974	35.619	0.07683963193726646	35.331	35.743	35.88	-5.612760652260652e-06	True	100.0	40.755592532773235	41.7105	10.637615409689236	7.8858	56.891	68.6551	0.0006553013215827749	True	100.0	33.89252484247121	33.907	0.13919872959419138	33.381	34.101	34.225	-4.608959431253782e-05	35.61653585137974	0.07683963193726646	-5.612760652260652e-06	-5.612760652260652e-06	True	100.0	0.9746123235180757	0.05561475914934769	1.0517390360731125	1.76774715386562	0.031271207793105354	0.10145988616387018	0.25095095428938724	1.2671482908073355	0.0008691243572101109	True	100.0	15.362804025188966	35.18684449986253	78.13632872742359	456.8335442466982	14.146223405936457	75.73591201820273	70.31554531494277	342.6904206154018		True	100.0	51.30806912015992	17.30187136283458	76.11175993235211	111.72287142747452	14.950197416808741	28.34180526750411	9.862224014692297	44.072429401807064		0.9746123235180757	0.0008691243572101109	False	channel_map_unconfirmed	EmotiBit value_* channel mapping has not been explicitly confirmed for this dataset; verify PPG/EDA/temperature/IMU column indices before interpreting features.	-597.8638350858091	-2.512519228067762	-1897.7245560778392	-0.7512885727224224	-2984.850921618199	-1.0176559844199564	2.057106940573348	0.10655655048720196	4.397089196134118		0.004475753620752795	0.20222718162656328	-0.0514831692314158		0.0021937587683883847		-0.12777993809394417	-1.715286711936299	-0.822242442055142	-0.15362023854800966	-0.3047377662244415	-4.1610421471843955	0.0008911437090799446	0.012924803939277411	-0.006063462390104392		-2.038752358412916	-0.05435517275709086	-7.187707322798033	-0.3998726284340728
ses-20260312_grp-07_run01	T2	T2	P3	C:\Users\amodica\Downloads\affectai_physio\bids_release_no_video\sub-01\ses-20260312_grp-07_run01\physio\sub-01_ses-20260312_grp-07_run01_task-T2_run-01_acq-P3_emotibit.tsv.gz	True	24.571835768219607	1136.5828749999637	100.0	True	True	True	True	100.0	100.0	100.0	True	100.0	12051.946257197696	11884.0	920.2183641364943	9526.0	13849.0	14065.0	-0.2616704064185145	True	100.0	142622.71698113208	142429.0	2256.6679785745528	138281.0	146387.0	147666.0	0.06316567706248152	True	100.0	175636.14819106943	175824.0	3711.7053704295363	169434.0	180962.0	185979.0	-0.687038192388523	12051.946257197696	920.2183641364943	86.72412624077509	0.0	1530.0	1455.0	0.9516023544800524	7.654877336273586	0.8147202364095817	79.0692489045015	14.42317052322387	1.0	device_hr	134.05789802955508	90.6337964118715	56.740027510316374	134.05789802955508	90.6337964118715	56.740027510316374	0.09230547517473654	0.094322	0.015384312281445054	0.036175	0.109995	0.16557	6.024318954659345e-06	0.09229544454580753	0.09421512654936948	0.014283854315113514	6.040773988259084e-06	1.0030628929013316e-05	0.005103114972365	295.0	0.2595499250329717	0.012430363250150735	0.03259941227600143	15.572995501978301	6.024318954659345e-06	295.0	0.2595499250329717	0.2595499250329717	True	100.0	37.89993684134284	37.937	0.19506549482948213	37.36	38.153	38.325	0.0001106860148542007	True	100.0	38.41757879621917	40.9144	13.446474674312995	4.4285	57.6762	69.4891	0.00012966999918128435	True	100.0	36.325661572447764	36.353	0.22407983513192012	35.427	36.61	36.781	0.00011983474988958007	37.89993684134284	0.19506549482948213	0.0001106860148542007	0.0001106860148542007	True	100.0	0.9888192634888138	0.04621820962706249	1.02349958412012	2.3990600242595015	0.019930398468689707	0.06347600406827245	0.18750715358624923	0.7428571452915779	0.0006156520479484301	True	100.0	8.901979591055152	27.87316978218167	37.997148037714624	439.7717903947455	8.157889874882997	36.50365783018061	49.30442677294462	185.83297279405426		True	100.0	46.661475709628476	10.628087361709476	59.87486951969081	65.13063795173512	8.41390685138139	26.451577498816352	7.740608563856682	34.84304756905823		0.9888192634888138	0.0006156520479484301	False	channel_map_unconfirmed	EmotiBit value_* channel mapping has not been explicitly confirmed for this dataset; verify PPG/EDA/temperature/IMU column indices before interpreting features.	-579.9248522860089	-1.8229137260398132	-848.6923927236639	-0.7031783290855743	-3399.860139212513	-1.8954619908089412	0.6757108232125972	0.06175267051625934	35.357924119434415		0.03847744287169187	6.024466042630695	0.21288292983066226		0.006938431360512171		1.2266374089005154	9.779004293271209	-25.057542856143556	-1.0741420955407246	1.375338339199871	9.064397459085615	0.002436845350994865	0.06633884749382454	0.006316726898129012		0.9856469581566243	0.03602809152056856	-1.5545657766672534	-0.15345017836448493
ses-20260312_grp-07_run01	T2	T2	P4	C:\Users\amodica\Downloads\affectai_physio\bids_release_no_video\sub-01\ses-20260312_grp-07_run01\physio\sub-01_ses-20260312_grp-07_run01_task-T2_run-01_acq-P4_emotibit.tsv.gz	True	24.578479070360107	1136.581799000036	100.0	True	True	True	True	100.0	100.0	100.0	True	100.0	10487.541294036713	10487.0	641.1622188647201	7684.0	11597.0	12278.0	-0.024329127934146932	True	100.0	150121.16897787756	150454.0	3094.1115208559077	132002.0	155103.0	158417.0	1.618350118452072	True	100.0	177278.02820522105	177464.0	2918.495069164296	155769.0	181797.1	186208.0	0.6322245542607325	10487.541294036713	641.1622188647201	64.11777148789592	0.0	1142.0	980.0	0.8588957055214724	2.068131265819801	0.8138627230621819	62.04964022207612	16.726131781736626	0.9912741228864188	device_hr	163.52136973231353	116.15046872369271	69.25434116445352	163.52136973231353	116.15046872369271	69.25434116445352	0.28804286053079403	0.298542	0.02463778086726248	0.199856	0.311657	0.393091	3.275268004808829e-06	0.28804412576129773	0.2940642113708472	0.018499818632346364	3.276215140770581e-06	-1.2652305037159141e-06	0.014237531314816334	235.0	0.20676030551144922	0.04647969531788899	0.10040265987534991	12.405618330686954	3.275268004808829e-06	235.0	0.20676030551144922	0.20676030551144922	True	100.0	35.06686114631232	35.049	0.1575604873107327	34.681	35.33	35.491	-0.00010293464079144614	True	100.0	30.004238846446288	31.3535	11.75743897792831	2.2959	48.5263	56.788	0.004236484445499328	True	100.0	34.28839755240958	34.265	0.16669145671593757	33.932	34.549	34.884	-0.00011101266213473703	35.06686114631232	0.1575604873107327	-0.00010293464079144614	-0.00010293464079144614	True	100.0	1.0548339137000988	0.05263788728350968	1.0866724437474247	3.67421079961398	0.016947405529529003	0.07076233722716474	0.196714613291467	0.8467128015416222	0.0012672435642130417	True	100.0	9.903825243620995	24.316270227838096	46.4845365526171	348.4091217419544	9.06016660039636	44.661674791539205	50.600256728825045	244.43525285907697		True	100.0	41.29802675400483	8.069786419775216	55.812185049503306	64.20280367709809	6.767530550898259	16.495871523794634	8.368909330606693	39.470147021028524		1.0548339137000988	0.0012672435642130417	False	channel_map_unconfirmed	EmotiBit value_* channel mapping has not been explicitly confirmed for this dataset; verify PPG/EDA/temperature/IMU column indices before interpreting features.	-304.9232238645782	-0.634261001190912	3518.5406471386086	1.2622098510616337	282.38879491062835	0.08584957850396027	0.8083128455101658	0.07099830854386495	17.428184420272544		0.1454852812877058	6.165561082732531	0.19120626927415363		0.04004946397850421		0.7447624374028763	1.5808773741577884	-21.245120157348776	-0.7997083780978065	1.066690840569997	2.3566820687646186	-0.0006316010973803632	-0.01850406319931862	0.0059124640705974126		3.757392743998981	0.19276654275564553	-0.9750844740782725	-0.08175989446897372
ses-20260312_grp-07_run01	T3	T3	P1	C:\Users\amodica\Downloads\affectai_physio\bids_release_no_video\sub-01\ses-20260312_grp-07_run01\physio\sub-01_ses-20260312_grp-07_run01_task-T3_run-01_acq-P1_emotibit.tsv.gz	True	24.558559896695904	877.9986339999596	100.0	True	True	True	True	100.0	100.0	100.0	True	100.0	3737.4598275293342	3751.0	241.8040784126191	3121.0	4081.0	4170.0	0.10899878844454201	True	100.0	72614.82375948354	72495.0	733.7816584052656	71074.0	73672.0	73937.0	-0.036459388768029656	True	100.0	138669.04486122238	139263.0	2471.3078057640673	133074.0	142327.0	143403.0	-1.1005964583814738	3737.4598275293342	241.8040784126191	70.16731399055972	1.0	897.0	518.0	0.578125	2.514886066845577	0.6749046768174652	72.6822000574053	21.889744518039233	0.9850619669195608	device_hr	196.79469377111846	146.19157524018271	72.92069632495163	196.79469377111846	146.19157524018271	72.92069632495163	0.4542948142877338	0.444939	0.17703976661670223	0.153137	0.577308	2.97044	-3.077227051171127e-05	0.4543180315980329	0.44499884527652517	0.11152398539429506	-3.0828128314052373e-05	-2.321731029909575e-05	0.13081586435509884	118.0	0.13439656444841966	0.38953341175263123	1.305172308997146	8.06379386690518	-3.077227051171127e-05	118.0	0.13439656444841966	0.13439656444841966	True	100.0	36.12202238348806	36.116	0.16674171496180581	35.732	36.358	36.509	-0.00014266369038763707	True	100.0	35.02248669713963	34.9386	8.252688147823397	15.2687	48.8155	63.7784	-0.00419579332355734	True	100.0	33.54557089675322	33.537	0.19701570185287628	33.105	33.82	34.15	-0.000174286508090948	36.12202238348806	0.16674171496180581	-0.00014266369038763707	-0.00014266369038763707	True	100.0	1.0413984108117702	0.04607247435886335	1.0791075015956475	1.9744898075199073	0.020048254975236535	0.07018792909766791	0.185360300880278	0.7639450333471677	0.0012252014513924885	True	100.0	10.443397831428388	23.265405984317287	46.7146900021824	310.22740998499796	9.184546393032827	43.74071202647377	49.474212207814304	236.25022691581023		True	100.0	44.04194164939062	17.772293836185536	60.14149981501958	116.85888926393234	12.884297875787341	37.16784043380077	7.1365757057894506	34.59651930644792		1.0413984108117702	0.0012252014513924885	False	channel_map_unconfirmed	EmotiBit value_* channel mapping has not been explicitly confirmed for this dataset; verify PPG/EDA/temperature/IMU column indices before interpreting features.	-176.09361317344747	-1.236679168096964	-853.7575911753229	-2.0320270609973328	-3825.3747031992825	-3.3531068501065384	8.909750048232667	0.6183329090192179	-22.296352292669894		0.3762518519911472	21.013537205882965	0.08328482807039925		0.38591352785954874		-0.4635075396451782	-6.50717562814145	-10.092868290049253	-0.6283444436658575	-0.6033976244766492	-9.192114915707084	-0.013588866186137416	-0.4954840403892306	0.00891222704373639		5.14653973991882	0.3061427533376571	-17.992417581835667	-1.3790075273206903
ses-20260312_grp-07_run01	T3	T3	P2	C:\Users\amodica\Downloads\affectai_physio\bids_release_no_video\sub-01\ses-20260312_grp-07_run01\physio\sub-01_ses-20260312_grp-07_run01_task-T3_run-01_acq-P2_emotibit.tsv.gz	True	24.55675064762455	877.9985539999907	100.0	True	True	True	True	100.0	100.0	100.0	True	100.0	9646.527513426929	9627.0	313.8581553754239	8591.0	10203.0	10602.0	0.008969996319287835	True	100.0	128370.28097616132	128186.0	2474.162903515053	123128.0	132895.0	137999.0	-1.0694818339173906	True	100.0	178511.02478092906	178325.0	2915.4700473592843	171722.0	183967.0	188914.0	-1.2661326757340705	9646.527513426929	313.8581553754239	77.54763362407753	0.0	1046.0	891.0	0.8526315789473684	8.01660611171377	0.7526421024019314	69.53102751236376	21.546558135021215	0.9812022990671817	device_hr	162.3667020898174	118.19964581361548	66.62921348314606	162.3667020898174	118.19964581361548	66.62921348314606	0.10903334208046735	0.10945	0.015279511297952148	0.071294	0.1269	0.394325	-1.1567158815389484e-06	0.10903210215147649	0.10895989491758164	0.012954022262878546	-1.1575645068855979e-06	1.2399289908659227e-06	0.007364741674101046	149.0	0.16970415192734084	0.017951136080764412	0.03626560773390344	10.18224911564045	-1.1567158815389484e-06	149.0	0.16970415192734084	0.16970415192734084	True	100.0	35.50764708376519	35.512	0.12119648478977184	35.137	35.692	35.841	-3.543141500376438e-05	True	100.0	35.300845934231596	35.6719	11.718479398494397	7.9865	53.0372	78.5254	-0.004085758951219494	True	100.0	33.782431122208614	33.758	0.15142987940479546	33.44	34.02	34.274	-6.620454739008033e-05	35.50764708376519	0.12119648478977184	-3.543141500376438e-05	-3.543141500376438e-05	True	100.0	0.9653045607119843	0.04569897705283561	1.0323928515831557	1.5883847141042375	0.021569188879611498	0.09174944830456822	0.18818614086806934	0.9215650884914213	0.0002826721944784698	True	100.0	12.807113338712595	32.43324641522577	62.945546196692895	409.3609565322516	11.800153706943535	61.19294527235216	59.18661558488251	278.927990474012		True	100.0	43.478072113577184	11.845515961577034	69.10861017268398	81.0740402348372	8.664485087443847	30.07016758079771	8.380688910958352	40.115405925420525		0.9653045607119843	0.0002826721944784698	False	channel_map_unconfirmed	EmotiBit value_* channel mapping has not been explicitly confirmed for this dataset; verify PPG/EDA/temperature/IMU column indices before interpreting features.	-506.1638366874886	-2.127150527590177	-2649.534584479421	-1.0489220102975754	-417.64304515789263	-0.14239134731254383	-1.9633416702000517	-0.10169958191186208	10.284954258569911		0.003907484448106721	0.17655117643793414	-0.09029900682211767		-0.01671084764475875		-0.23666870570848886	-3.1769829606152604	-6.276989040596781	-1.1727350772231881	-0.4148314864870386	-5.664316965493584	-0.008416619097011413	-0.12207139045257138	-0.01576548130359825		-4.594443044889287	-0.122492437297278	-15.01770432938077	-0.835477661171316
ses-20260312_grp-07_run01	T3	T3	P3	C:\Users\amodica\Downloads\affectai_physio\bids_release_no_video\sub-01\ses-20260312_grp-07_run01\physio\sub-01_ses-20260312_grp-07_run01_task-T3_run-01_acq-P3_emotibit.tsv.gz	True	24.554338730165103	877.9965409999713	100.0	True	True	True	True	100.0	100.0	100.0	True	100.0	11181.018564764641	11137.0	595.4768124416397	9423.0	12231.899999999998	13566.0	-0.078900169356117	True	100.0	143163.53602224003	142784.0	1490.39968544114	140106.0	146044.0	147980.0	0.23123347956491913	True	100.0	174795.16854356122	174370.0	2704.462181086664	169481.0	179905.0	185032.0	0.345363116329708	11181.018564764641	595.4768124416397	81.84779576721702	0.0	1187.0	1139.0	0.9603709949409781	2.1882598863330713	0.874070648374842	79.65953588088395	15.55098098026736	1.0	device_hr	132.2927261073276	89.08822994206787	52.899824253075565	132.2927261073276	89.08822994206787	52.899824253075565	0.1105463303020308	0.111815	0.013296720334669634	0.030007	0.12315049999999997	0.218331	1.969361889331612e-06	0.11054558489577003	0.1109395732788202	0.011755400653917135	1.969738286560083e-06	7.454062607706983e-07	0.005434578222272824	270.0	0.307518295792476	0.012606477971839907	0.0345025440083165	18.451097747548562	1.969361889331612e-06	270.0	0.307518295792476	0.307518295792476	True	100.0	37.72038990717618	37.718	0.07686214300232783	37.458	37.853	37.971	-9.481273418255796e-06	True	100.0	43.373192526975444	45.5899	11.005875393247116	15.9685	59.9436	67.241	-0.004161878372515005	True	100.0	36.060631814540834	36.064	0.11527734748215256	35.477	36.237	36.355	-4.0131496547705e-05	37.72038990717618	0.07686214300232783	-9.481273418255796e-06	-9.481273418255796e-06	True	100.0	0.9877449618050319	0.039766345422216014	1.0296378003939055	1.6552742975108385	0.022220733864156534	0.0689067111156757	0.20872372337364828	1.0479024746255448	0.00028271215191066294	True	100.0	9.924514603807959	24.068528170092836	43.36346168146635	423.5738677468193	8.676177986814666	40.48779584552504	62.25956251475528	284.47587905757035		True	100.0	56.242914398171926	7.6536422819399546	62.849025449882674	65.6505902486794	5.405469405433268	18.641169120143395	7.422268047188677	37.09535910611845		0.9877449618050319	0.00028271215191066294	False	channel_map_unconfirmed	EmotiBit value_* channel mapping has not been explicitly confirmed for this dataset; verify PPG/EDA/temperature/IMU column indices before interpreting features.	-1450.852544719064	-4.560554712912725	-307.8733516157081	-0.2550863785456348	-4240.839786720724	-2.3643180294767356	1.2659977995950413	0.11569852414233822	33.59275219720695		0.056727583221654374	8.881915566452415	0.2608513005901666		0.007114546082201342		1.0470904747338494	8.347619413501974	-20.10192912538728	-0.8617097214645951	1.1103085812929407	7.317674492320028	0.001362543667213001	0.03709286537449629	0.008607062293595839		2.0081819709094306	0.07340454230507935	8.026872911876197	0.7923274129172465
ses-20260312_grp-07_run01	T3	T3	P4	C:\Users\amodica\Downloads\affectai_physio\bids_release_no_video\sub-01\ses-20260312_grp-07_run01\physio\sub-01_ses-20260312_grp-07_run01_task-T3_run-01_acq-P4_emotibit.tsv.gz	True	24.561575869211122	877.997527999978	100.0	True	True	True	True	100.0	100.0	100.0	True	100.0	10580.754052016586	10631.0	638.6514399192027	8933.0	11557.0	12705.0	0.16457666788978295	True	100.0	152511.5947983415	152960.0	2177.0922618715945	144333.0	155461.0	159282.0	0.6569700466583337	True	100.0	176430.6063418771	177084.0	3012.9345068447983	164414.0	180116.0	185201.0	0.8785118951679645	10580.754052016586	638.6514399192027	64.07367618055076	0.0	901.0	786.0	0.8733333333333333	0.17331121810119043	0.8511024469192262	64.24698739865195	20.380298922352445	0.964662646061063	device_hr	144.74666134964275	110.30091740155888	64.5859872611465	144.74666134964275	110.30091740155888	64.5859872611465	0.32185196028081414	0.327284	0.03510989850990964	0.221462	0.359523	0.630085	7.52601006875123e-06	0.3218701468921911	0.3239880842345517	0.025904660527738276	7.55772795013785e-06	-1.8186611376954205e-05	0.021477388663591213	236.0	0.2687934674914095	0.05739556671737855	0.13241252190222294	16.127608049484568	7.52601006875123e-06	236.0	0.2687934674914095	0.2687934674914095	True	100.0	35.15875697323784	35.195	0.16169494518720587	34.727	35.374	35.51	0.00010814073117668714	True	100.0	30.604563762721448	31.30885	12.177602405827386	4.9165	49.981	58.982	0.004153337931998536	True	100.0	34.40624133056917	34.478	0.19119680967380057	33.98	34.62485	35.126	0.0001482729709814805	35.15875697323784	0.16169494518720587	0.00010814073117668714	0.00010814073117668714	True	100.0	1.054433466205768	0.05191594736008759	1.091174596478492	2.171274740791685	0.019366493681635198	0.07781731820939353	0.21798164676744153	0.9547604032470683	0.0018846588767433095	True	100.0	11.508154788996885	28.152807811370696	57.43690952688872	419.4855415041143	10.55757576551435	55.22956700702462	60.3138155659554	278.6177879385808		True	100.0	44.72937029426714	6.374615513022538	54.2125446737192	71.95137246779939	4.9185326889232055	12.256324276603621	8.08724056785359	40.584943089200685		1.054433466205768	0.0018846588767433095	False	channel_map_unconfirmed	EmotiBit value_* channel mapping has not been explicitly confirmed for this dataset; verify PPG/EDA/temperature/IMU column indices before interpreting features.	-211.71046588470563	-0.4403721381165241	5908.966467602557	2.1197298633074446	-565.0330684333167	-0.1717768255682792	3.0056600220859977	0.2640027049073264	-1.346523962398237		0.1793113024185992	7.599083413117912	0.25323943125411386		0.05096533537799377		0.8366582643283991	1.775940962585641	-20.644795241073616	-0.7771109598873924	1.184534618729593	2.6170389672599623	-0.0010320485917112432	-0.03023600251012857	0.008331552222703608		5.361722289374871	0.2750738981410454	2.456259066184039	0.2059549581378591
ses-20260312_grp-07_run01	T4	T4	P1	C:\Users\amodica\Downloads\affectai_physio\bids_release_no_video\sub-01\ses-20260312_grp-07_run01\physio\sub-01_ses-20260312_grp-07_run01_task-T4_run-01_acq-P1_emotibit.tsv.gz	True	24.553132984187982	460.5089999999618	100.0	True	True	True	True	100.0	100.0	100.0	True	100.0	3734.9872869894507	3690.0	235.38031526588296	3156.0	4097.0	4332.0	0.05232111591331164	True	100.0	71594.51320890813	71206.0	917.6516474685722	70286.0	73466.0	73688.0	-0.22292344706248504	True	100.0	134997.5487332071	133858.0	2580.677053960792	131443.0	140591.0	141142.0	-0.752166168447307	3734.9872869894507	235.38031526588296	77.53620942375153	2.0	476.0	277.0	0.5831578947368421	2.2327724027435067	0.6808524190942012	75.30343702100802	20.946995527268328	1.0	device_hr	195.1245221596507	148.71835825093152	71.73913043478261	195.1245221596507	148.71835825093152	71.73913043478261	0.4318294320620323	0.418414	0.08280164873150116	0.229561	0.5015865	2.041472	1.1313928936728277e-05	0.4319697174040436	0.42093907690963156	0.04024987242508707	1.088598967285305e-05	-0.0001402853420113418	0.06974367786270477	49.0	0.10640400079043855	0.21723111704669607	1.0402570462514074	6.384240047426313	1.1313928936728277e-05	49.0	0.10640400079043855	0.10640400079043855	True	100.0	35.97993679560003	35.979	0.07846042615273541	35.735	36.11	36.222	0.0001022548501812343	True	100.0	32.29153536200523	32.8927	6.6994167249608365	17.0019	42.4128	46.5445	-0.002885804554863543	True	100.0	33.43668830583356	33.439	0.08323153143826106	33.17	33.564	33.968	0.0001218771877842273	35.97993679560003	0.07846042615273541	0.0001022548501812343	0.0001022548501812343	True	100.0	1.0394974467720193	0.047442421281313096	1.086654038781433	1.8317439777436146	0.022048423938841412	0.07135018267638937	0.24672260835537999	1.1675808991406345	0.0010819583446037328	True	100.0	14.898956280279064	34.86151175508513	72.24971673992916	597.6490127139841	13.47334741982353	68.66131849001319	77.8830826627284	337.84012646200483		True	100.0	45.72746401600543	15.530391684094589	58.557663887829406	65.88626564011653	8.727745219357287	44.319592818252914	8.186391508546643	35.45020908722207		1.0394974467720193	0.0010819583446037328	False	channel_map_unconfirmed	EmotiBit value_* channel mapping has not been explicitly confirmed for this dataset; verify PPG/EDA/temperature/IMU column indices before interpreting features.	-178.566153713331	-1.2540434513486083	-1874.0681417507294	-4.460466551106127	-7496.870831214561	-6.571332454696763	11.530987011835393	0.8002456527167446	-23.96652390413766		0.3539035377971579	19.76539150422352	0.055292264412418135		0.21361123315361358		-0.6055931275332043	-8.50191313623655	-12.823819625183653	-0.7983633171951365	-0.712280215396305	-10.850824276589117	-0.015489830225888346	-0.5647979426786869	0.010912396007341266		9.602098188769496	0.5711823722116625	-16.306895215220862	-1.2498226626154738
ses-20260312_grp-07_run01	T4	T4	P2	C:\Users\amodica\Downloads\affectai_physio\bids_release_no_video\sub-01\ses-20260312_grp-07_run01\physio\sub-01_ses-20260312_grp-07_run01_task-T4_run-01_acq-P2_emotibit.tsv.gz	True	24.553735824827786	460.5089159999625	100.0	True	True	True	True	100.0	100.0	100.0	True	100.0	9726.572033898305	9751.0	348.69636248973075	8180.0	10291.449999999999	10862.0	0.3369304237106883	True	100.0	128452.12738910927	127998.0	1803.4425889295778	123784.0	132362.0	136429.0	-0.1787194500488801	True	100.0	179176.05192931843	178966.5	2133.633819750721	172297.0	183168.8	187600.0	-0.7460391695362675	9726.572033898305	348.69636248973075	66.96473406771214	2.0	263.0	127.0	0.4847328244274809	0.5198611360383012	0.6759395331279964	67.48459520375044	19.67609704954209	1.0	device_hr	169.13247792391934	136.323553860948	69.84126984126983	169.13247792391934	136.323553860948	69.84126984126983	0.09903797538766679	0.100909	0.008150720706201245	0.070538	0.106971	0.117097	2.7053072616687555e-06	0.09903600695629304	0.10030325954506425	0.0063503796679379955	2.710291886172736e-06	1.968431373733711e-06	0.0044648529573490725	102.0	0.22149408286376873	0.011392004337604518	0.03341070597802134	13.289644971826124	2.7053072616687555e-06	102.0	0.22149408286376873	0.22149408286376873	True	100.0	35.29581157591056	35.302	0.13789222267174808	34.944	35.514	35.654	-0.0001798827315596009	True	100.0	48.33859686260368	46.9808	10.493452983639948	26.4832	67.5191	81.2675	-0.0043682700652701014	True	100.0	33.57591732780382	33.586	0.12846790506422207	33.248	33.795	34.001	-0.00015009777536278856	35.29581157591056	0.13789222267174808	-0.0001798827315596009	-0.0001798827315596009	True	100.0	0.9698661015859844	0.05156641675542733	1.0424207403922852	1.602505850223331	0.02373327336998295	0.09730719206995708	0.2105893255019413	1.0588599056489842	0.0010818608005769925	True	100.0	13.810247599794266	36.896418358248866	73.73746413459037	786.5801335134265	12.853771669137352	72.10522456884028	72.17270557613807	325.8678011669623		True	100.0	40.079600498678396	10.681731542307363	58.974570791146924	67.95586803212802	7.447758849696796	21.75719598258583	8.997245267544947	41.59239445347441		0.9698661015859844	0.0010818608005769925	False	channel_map_unconfirmed	EmotiBit value_* channel mapping has not been explicitly confirmed for this dataset; verify PPG/EDA/temperature/IMU column indices before interpreting features.	-426.11931621611257	-1.7907639041093795	-2567.6881715314667	-1.0165199029584548	247.38410323148128	0.08434321167617881	-4.009773978813371	-0.2077031947092694	17.05073009267184		-0.006088610747076728	-0.27510061896468646	-0.038509075885689775		-0.023269979387918645		-0.448504213563119	-6.020611132294153	6.760761887775303	1.2631187601681637	-0.6213452808918305	-8.484159786879964	-0.0038550782230113434	-0.055912564601328145	-0.013601396813226797		-3.591308783807616	-0.09574787666702235	-18.41617594427956	-1.0245443157077103
ses-20260312_grp-07_run01	T4	T4	P3	C:\Users\amodica\Downloads\affectai_physio\bids_release_no_video\sub-01\ses-20260312_grp-07_run01\physio\sub-01_ses-20260312_grp-07_run01_task-T4_run-01_acq-P3_emotibit.tsv.gz	True	24.554941665111258	460.5103039999958	100.0	True	True	True	True	100.0	100.0	100.0	True	100.0	11315.041997116077	11260.0	362.432350850201	10256.0	11925.5	13042.0	-0.23889042518731216	True	100.0	143371.10436193223	143062.5	1226.0583891068802	139895.0	145500.25	147108.0	-0.9338022906768975	True	100.0	175083.81524873828	174323.0	2244.2400950645265	170080.0	179518.0	181886.0	-1.9538714730325808	11315.041997116077	362.432350850201	86.66449999451032	0.0	640.0	616.0	0.9640062597809077	9.26362490438774	0.8233542491802462	77.40087509012258	15.80131736019154	1.0	device_hr	104.41800853235927	77.54218332729626	47.642276422764226	104.41800853235927	77.54218332729626	47.642276422764226	0.12920317294520547	0.129901	0.0049075723012089395	0.09404	0.135349	0.143738	4.370806152129972e-06	0.12921708639038104	0.12873320188682186	0.003516143795018494	4.363999864539846e-06	-1.3913445175587666e-05	0.003248441611730369	164.0	0.3561266676890719	0.0085829122571714	0.02482820929743274	21.367600061344316	4.370806152129972e-06	164.0	0.3561266676890719	0.3561266676890719	True	100.0	37.46056804253785	37.417	0.1584497936729043	37.13	37.731	37.904	-0.00027121406614504325	True	100.0	37.7475086517664	38.1561	7.372286284108781	23.0526	50.2623	55.8318	-0.007359207302335847	True	100.0	35.73972440519107	35.698	0.1831395951786365	35.385	36.045	36.182	-0.000321567115662466	37.46056804253785	0.1584497936729043	-0.00027121406614504325	-0.00027121406614504325	True	100.0	1.0012959562308792	0.056063182572516634	1.0561377751032295	1.7423165613630607	0.02705254916676821	0.0985778974771716	0.30137024375941823	1.4965632165592442	0.0009913482335976928	True	100.0	13.001831823645901	30.32567407462356	57.915727164562135	368.9792426871734	11.765273833458043	54.99381905512406	72.94304764414846	353.5541356807571		True	100.0	42.61723609943951	12.451546659323169	56.811089955346716	60.67124524847005	11.064431041367117	20.42264280149528	8.522957442154778	38.72808920197152		1.0012959562308792	0.0009913482335976928	False	channel_map_unconfirmed	EmotiBit value_* channel mapping has not been explicitly confirmed for this dataset; verify PPG/EDA/temperature/IMU column indices before interpreting features.	-1316.829112367628	-4.139270552592053	-100.30501192351221	-0.08310703770647487	-3952.1930815436644	-2.2033940984817164	-0.992662991166327	-0.09071867509201063	5.718034622238605		0.07539908471626539	11.805338183030942	0.3094596724867625		0.003090980367532836		0.7872686100955235	6.276266370338762	-25.72761300059632	-1.1028660032779634	0.7894011719431759	5.202680513744528	0.014913538093060286	0.4059949593210579	0.013438877596207514		5.085499190747373	0.1858889014527948	-5.59880538685622	-0.5526544441773209
ses-20260312_grp-07_run01	T4	T4	P4	C:\Users\amodica\Downloads\affectai_physio\bids_release_no_video\sub-01\ses-20260312_grp-07_run01\physio\sub-01_ses-20260312_grp-07_run01_task-T4_run-01_acq-P4_emotibit.tsv.gz	True	24.55554466476618	460.5102450000122	100.0	True	True	True	True	100.0	100.0	100.0	True	100.0	10284.872814133765	10275.0	624.9777055724943	9013.0	11262.0	11972.0	0.4546159618444691	True	100.0	152177.9625923923	152487.0	2169.636274180231	143998.0	155264.45	157823.0	1.4536484992551897	True	100.0	177130.03452316567	177122.5	2581.1682301752408	168102.0	180724.7	183979.0	1.6293311211898098	10284.872814133765	624.9777055724943	64.05794260373786	0.0	474.0	413.0	0.8731501057082452	2.1193037751044415	0.8274212421820373	61.938638828633415	14.06538588481113	0.9972958355868037	device_hr	150.96864352532452	118.79935280629974	65.77669902912622	150.96864352532452	118.79935280629974	65.77669902912622	0.33592378727239947	0.33813	0.0284303299883652	0.218988	0.3656563	0.552735	-3.020704188729063e-06	0.33596846917000517	0.3368546647710554	0.015487251337504131	-2.9720848309375568e-06	-4.46818976056524e-05	0.022093770687454956	104.0	0.2258364523464559	0.0715915999895581	0.17175116972429152	13.550187140787354	-3.020704188729063e-06	104.0	0.2258364523464559	0.2258364523464559	True	100.0	35.273141517937624	35.286	0.12261113317346699	34.899	35.454	35.55	-0.00015569044181140145	True	100.0	24.178230493960697	23.2653	13.899294921176024	3.8839	46.5527	52.6981	0.004832251898894789	True	100.0	34.562480620155036	34.574	0.1261024631006391	34.232	34.738	35.212	-0.0001616704645636071	35.273141517937624	0.12261113317346699	-0.00015569044181140145	-0.00015569044181140145	True	100.0	1.0487736405835173	0.04474822799794642	1.088810819196797	1.6898834279322346	0.018604953373749643	0.08308631789693999	0.21199203337909905	0.9713524677965215	0.000360555255092843	True	100.0	11.139628645141862	27.72864794383415	57.77475594063553	333.36996002039535	10.303014110916	56.01180472179821	57.42507599712379	238.1503469472398		True	100.0	40.82639970912855	8.94390523517153	57.28001396647874	62.68173577685928	7.787547811748337	17.219931311871846	8.107092472973477	38.719031982308806		1.0487736405835173	0.000360555255092843	False	channel_map_unconfirmed	EmotiBit value_* channel mapping has not been explicitly confirmed for this dataset; verify PPG/EDA/temperature/IMU column indices before interpreting features.	-507.59170376752627	-1.0558251947735335	5575.334261653334	2.0000456250926617	134.3951128552435	0.04085772523398582	0.6973114520674599	0.06124848058527282	4.875458213283537		0.19340962469641323	8.196560122779102	0.21028241610916032		0.06516136865017332		0.9510428090281806	2.0187404508356193	-27.071128509834367	-1.0190108652498464	1.3407739083154553	2.9622245807473426	-0.00669187421396189	-0.19605232462487368	0.007570011914818053		4.993196145519848	0.25616730106533075	-1.446711518954551	-0.12130536816164904
ses-20260313_grp-08_run01	T0	T0	P1	C:\Users\amodica\Downloads\affectai_physio\bids_release_no_video\sub-01\ses-20260313_grp-08_run01\physio\sub-01_ses-20260313_grp-08_run01_task-T0_run-01_acq-P1_emotibit.tsv.gz	True	24.56459258258472	729.8817510000081	100.0	True	True	True	True	100.0	100.0	100.0	True	100.0	9559.750367273138	9643.0	817.4543807120334	7538.0	10912.0	14684.0	0.5899615999057082	True	100.0	131214.8163634309	129653.5	4067.943165072267	117347.0	137594.0	158723.0	2.8301928116018584	True	100.0	176286.37394055826	175250.0	5146.96653981184	157330.0	186097.0	190705.0	-0.7397676626542332	9559.750367273138	817.4543807120334	64.0815458676123	0.0	313.0	178.0	0.5705128205128205	5.378101841149736	0.6807654701521954	58.70344402646257	16.81855768796707	0.8711718838286812	device_hr	140.48795946215313	114.83137705779863	63.2768361581921	140.48795946215313	114.83137705779863	63.2768361581921	0.04843770533393604	0.030041	0.03678506020633328	0.030038	0.132883	0.164594	2.97405646109677e-05	0.048445817255966396	0.03004086909610791	0.036513260524687174	2.9757261935039363e-05	-8.111922030354503e-06	0.0038689056633966594	27.0	0.03699229356400185	0.017445098637901425	0.05564187160429581	2.219537613840111	2.97405646109677e-05	27.0	0.03699229356400185	0.03699229356400185	True	100.0	36.2271708667646	36.154	0.4275549337118361	35.428	36.851	37.007	0.00048598145222341764	True	100.0	3.350101175274042	0.0	6.654060334290357	0.0	19.48	25.0935	0.005100749433642374	True	100.0	32.834326873093005	32.73	0.6752767275967081	31.106	33.827	33.928	0.0007750126598937528	36.2271708667646	0.4275549337118361	0.00048598145222341764	0.00048598145222341764	True	100.0	1.0351976311961686	0.041516828553621044	1.050859267446108	1.7280054976764398	0.012632271448691874	0.041304597643228094	0.1291472139894692	0.35477538362047567	0.00107356763476099	True	100.0	7.632220557174416	29.355492273301394	35.86814189811453	403.2519634037756	7.218986555664746	35.217823909548656	38.602254874325496	80.9880717007897		True	100.0	54.40291777770018	6.349811620806123	62.71363488110062	78.06407624509497	3.7674640100509365	9.516185911588217	7.627726242120173	32.67281657677814		1.0351976311961686	0.00107356763476099	False	channel_map_unconfirmed	EmotiBit value_* channel mapping has not been explicitly confirmed for this dataset; verify PPG/EDA/temperature/IMU column indices before interpreting features.	0.0	0.0	0.0	0.0	0.0	0.0	0.0	0.0	0.0		0.0	0.0	0.0		0.0		0.0	0.0	0.0	0.0	0.0	0.0	0.0	0.0	0.0		0.0	0.0	0.0	0.0
ses-20260313_grp-08_run01	T0	T0	P2	C:\Users\amodica\Downloads\affectai_physio\bids_release_no_video\sub-01\ses-20260313_grp-08_run01\physio\sub-01_ses-20260313_grp-08_run01_task-T0_run-01_acq-P2_emotibit.tsv.gz	True	24.562179124515062	729.9317089999677	100.0	True	True	True	True	100.0	100.0	100.0	True	100.0	9057.663784822285	8873.0	1212.1032350608714	6985.0	10850.400000000001	16912.0	0.08928357245331665	True	100.0	121479.73244052664	120329.0	8457.787653443356	103632.0	137759.0	167646.0	3.555729832292868	True	100.0	175336.5194100695	175529.0	9423.563056699686	117212.0	190367.0	202529.0	4.2908311535214905	9057.663784822285	1212.1032350608714	66.98776124867744	1.0	223.0	123.0	0.5540540540540541	0.1267142389345679	0.6874545142235192	67.11447548761201	19.347742330063827	0.9647397864044753	device_hr	199.349947513135	139.38507428378597	75.40983606557377	199.349947513135	139.38507428378597	75.40983606557377	0.03229145832626998	0.030114	0.005303325966176972	0.030112	0.045167	0.075324	-4.821151128264856e-07	0.03229146017693068	0.030114047652163786	0.004870202127245937	-4.821153047515187e-07	-1.8506606909713812e-09	0.001906844103127054	33.0	0.045209708789348484	0.009686866098811722	0.025693268712733593	2.712582527360909	-4.821151128264856e-07	33.0	0.045209708789348484	0.045209708789348484	True	100.0	34.39005063005028	34.303	0.32552270679678375	33.718	34.966	35.125	0.00026778523005823037	True	100.0	5.724134734700796	1.3533	8.34722684749611	0.0008	25.9791	34.6319	-0.0008444822759643234	True	100.0	31.268942984686667	31.293	0.3939700757753119	30.397	31.983	32.296	-0.00016800124298365436	34.39005063005028	0.32552270679678375	0.00026778523005823037	0.00026778523005823037	True	100.0	0.9820102805410271	0.053730187051245736	1.033819520025855	2.394604977861693	0.03103352957613023	0.07822010116728031	0.22329068710146363	0.9209268357271804	0.0005650675255693056	True	100.0	11.864901973413053	30.773225612889078	57.603501100193554	528.9685747622443	10.410942090062763	54.666870207486745	63.61124580496044	258.1169280253289		True	100.0	29.531342216678407	14.938636678578815	54.85435260760991	60.315835400000886	12.859567811562798	23.910367803629974	9.1574757746705	40.5599684628927		0.9820102805410271	0.0005650675255693056	False	channel_map_unconfirmed	EmotiBit value_* channel mapping has not been explicitly confirmed for this dataset; verify PPG/EDA/temperature/IMU column indices before interpreting features.	0.0	0.0	0.0	0.0	0.0	0.0	0.0	0.0	0.0		0.0	0.0	0.0		0.0		0.0	0.0	0.0	0.0	0.0	0.0	0.0	0.0	0.0		0.0	0.0	0.0	0.0
ses-20260313_grp-08_run01	T0	T0	P3	C:\Users\amodica\Downloads\affectai_physio\bids_release_no_video\sub-01\ses-20260313_grp-08_run01\physio\sub-01_ses-20260313_grp-08_run01_task-T0_run-01_acq-P3_emotibit.tsv.gz	True	24.563385794266736	729.9314870000235	100.0	True	True	True	True	100.0	100.0	100.0	True	100.0	12140.750621468927	12335.0	718.7098542064886	8681.0	13074.0	15751.0	0.7008520977426845	True	100.0	133818.59305084747	133225.0	4036.9468843550876	114274.0	141038.0	171858.0	-0.488610422201196	True	100.0	158899.58655367233	156908.0	5287.704795368255	148856.0	169503.0	182961.0	-2.8645597435153642	12140.750621468927	718.7098542064886	61.40846448566684	0.0	743.0	718.0	0.967654986522911	8.015312940254901	0.8411818464774837	69.42377742592174	17.167708298604218	0.9990960451977401	device_hr	98.59052809369761	85.02067480997658	48.675034867503484	98.59052809369761	85.02067480997658	48.675034867503484	0.04514166610169491	0.043722	0.01235180867302245	0.030009	0.067196	0.091339	1.2776117329653501e-05	0.045139909519151304	0.04501074621336279	0.01141076092706564	1.2772640980125135e-05	1.7565825436100718e-06	0.004269175090075174	114.0	0.1561790414995433	0.013146712339702925	0.03742012457449458	9.370742489972598	1.2776117329653501e-05	114.0	0.1561790414995433	0.1561790414995433	True	100.0	37.468101299435034	37.528	0.4337969358424908	36.574	38.067	38.21	0.0005060831914162551	True	98.68361581920904	41.78368408999828	39.0015	21.50455591372013	3.0069	84.539	99.7925	0.004518988155431717	True	100.0	35.87065553672316	35.944500000000005	0.57089196514299	34.599	36.618	36.757	0.0006655179694976975	37.468101299435034	0.4337969358424908	0.0005060831914162551	0.0005060831914162551	True	100.0	0.9944748178284986	0.07156239767833222	1.0443701451113967	3.7215084307307436	0.02651976061188229	0.08998310752722638	0.28149267332666367	1.30570967308823	0.002033898305084746	True	100.0	12.752179727558156	33.081530575683715	59.01965664081756	600.0491032873894	11.702556681319175	56.58419179812325	74.78351513505727	343.7258327693048		True	100.0	40.103884455654	10.724333682028231	56.64803615307419	64.53681120105021	9.183851958234024	20.909959639721322	8.188474964047131	37.48625606335499		0.9944748178284986	0.002033898305084746	False	channel_map_unconfirmed	EmotiBit value_* channel mapping has not been explicitly confirmed for this dataset; verify PPG/EDA/temperature/IMU column indices before interpreting features.	0.0	0.0	0.0	0.0	0.0	0.0	0.0	0.0	0.0		0.0	0.0	0.0		0.0		0.0	0.0	0.0	0.0	0.0	0.0	0.0	0.0	0.0		0.0	0.0	0.0	0.0
ses-20260313_grp-08_run01	T0	T0	P4	C:\Users\amodica\Downloads\affectai_physio\bids_release_no_video\sub-01\ses-20260313_grp-08_run01\physio\sub-01_ses-20260313_grp-08_run01_task-T0_run-01_acq-P4_emotibit.tsv.gz	True	24.559163003856902	729.8819650000078	100.0	True	True	True	True	100.0	100.0	100.0	True	100.0	3666.5165319617927	3610.0	551.820404170561	2550.0	4337.0	8446.0	-0.21917981406670214	True	100.0	80222.1691629458	78872.0	4323.883662638649	70086.0	85695.0	120726.0	-1.0163134097590611	True	100.0	147166.6341490985	147520.0	3528.592613151167	135969.0	151860.0	171258.0	-2.3790389876027445	3666.5165319617927	551.820404170561	60.14488898903731	2.0	153.0	70.0	0.4605263157894737	0.7022925400454412	0.6268280350948304	59.44259644899187	21.865687856966037	0.9390719493585034	device_hr							0.09475123020403549	0.083987	0.0349758456629539	0.030145	0.189797	0.254248	-2.3908901412795974e-05	0.09471474286870032	0.08321980515632833	0.034534217887857405	-2.3839869853368944e-05	3.6487335335169183e-05	0.00388429861150548	51.0	0.06987431180053813	0.012922174201398084	0.0397625248971676	4.192458708032288	-2.3908901412795974e-05	51.0	0.06987431180053813	0.06987431180053813	True	100.0	35.414080766404794	35.661	0.40577237866220844	34.58	35.834	35.977	0.00043848857955393046	True	100.0	22.573296473181486	18.4208	19.117420223545732	0.8022	66.2452	82.232	0.009387364841968617	True	100.0	33.85697479229074	34.129	0.5162760031966488	32.117	34.3504	34.508	0.0005375389736186044	35.414080766404794	0.40577237866220844	0.00043848857955393046	0.00043848857955393046	True	100.0	0.9953873638858879	0.05673800895715528	1.038138719054443	3.408211554466653	0.02501633149026843	0.057282981653576426	0.14752166046756332	0.4431751104220137	0.0011869100774317526	True	100.0	8.111710392591656	28.016325886002683	43.066674285345044	505.8356177692512	7.588586298373115	42.282949205996424	44.55965696558035	125.5051329718104		True	100.0	43.24000032664292	11.429554084635162	62.65780079128216	134.22741895752895	8.061338160295518	24.12743059979545	8.96069486190311	39.50509293380245		0.9953873638858879	0.0011869100774317526	False	hrv_unreliable;channel_map_unconfirmed	Beat-detection quality is insufficient for HRV computation. EmotiBit value_* channel mapping has not been explicitly confirmed for this dataset; verify PPG/EDA/temperature/IMU column indices before interpreting features.	0.0	0.0	0.0	0.0	0.0	0.0	0.0	0.0			0.0	0.0	0.0		0.0		0.0	0.0	0.0	0.0	0.0	0.0	0.0	0.0	0.0		0.0	0.0	0.0	0.0
ses-20260313_grp-08_run01	T1	T1	P1	C:\Users\amodica\Downloads\affectai_physio\bids_release_no_video\sub-01\ses-20260313_grp-08_run01\physio\sub-01_ses-20260313_grp-08_run01_task-T1_run-01_acq-P1_emotibit.tsv.gz	True	24.55976621086038	844.1036430000095	100.0	True	True	True	True	100.0	100.0	100.0	True	100.0	9984.259712300616	9791.0	659.1080179790546	7799.0	11552.0	14773.0	0.2761691679263803	True	100.0	130875.84890889519	131189.0	2434.0636026720736	117757.0	134609.3	158998.0	-0.48186882302364875	True	100.0	178758.34269497995	178303.0	3292.9698100004707	140494.0	185226.24999999997	192103.0	1.118405765528284	9984.259712300616	659.1080179790546	64.06895533267925	0.0	500.0	299.0	0.5991983967935872	8.43483697264552	0.646797876710872	55.63411836003373	12.235416574975417	0.9284665818573246	device_hr							0.04771392802622566	0.0448235	0.013083268473787189	0.03004	0.07275114999999995	0.093873	-5.637328283586162e-06	0.047714545350441076	0.044811470115577644	0.012725924589061601	-5.63838661149792e-06	-6.173242154154767e-07	0.0026298475879782375	63.0	0.07463538455549504	0.009844800273773812	0.02941925899483571	4.478123073329702	-5.637328283586162e-06	63.0	0.07463538455549504	0.07463538455549504	True	100.0	36.83137567276642	36.857	0.12247491971309396	36.355	36.99315	37.134	-7.442490528200759e-05	True	100.0	17.850882180252473	14.8611	14.776821614449245	0.1616	52.4591	67.4233	0.002367964988610271	True	100.0	33.93283129464723	33.985	0.16749719641979455	33.339	34.123	34.3	-9.591051127870585e-05	36.83137567276642	0.12247491971309396	-7.442490528200759e-05	-7.442490528200759e-05	True	100.0	1.0454153473365448	0.039372518798601354	1.0692860468216585	2.0465358535828293	0.017612494405313844	0.0668064506666301	0.14171435249950218	0.581252398152126	0.0004892846658185732	True	100.0	7.350341212211673	23.14322412804595	38.43480592186521	430.9106198029935	6.854424939913967	37.5445402311863	37.25628365107453	139.70707196586525		True	100.0	56.90302505265209	10.858748076358182	64.10148204214939	66.55824516917495	5.955957622376871	32.636176277255075	7.501512965038915	33.847523296286916		1.0454153473365448	0.0004892846658185732	False	hrv_unreliable;channel_map_unconfirmed	Beat-detection quality is insufficient for HRV computation. EmotiBit value_* channel mapping has not been explicitly confirmed for this dataset; verify PPG/EDA/temperature/IMU column indices before interpreting features.	424.50934502747805	0.5193064653439309	-338.967454535712	-0.08332649714630176	2471.9687544216868	0.48027682622394813	-3.0693256664288384	-0.1824963664170088			-0.00073127190552532	-0.0198795897416913	0.03764309099149319		-0.007600298364127614		0.6042048060018175	1.413162984125544	14.500781004978432	2.179237980493141	1.0985044215542246	1.6267470455612658	0.010217716140376254	0.24611022798091542	0.00498022295662197		-0.2818793449627428	-0.00960226939267205	2.500107274951908	0.39372936147584703
ses-20260313_grp-08_run01	T1	T1	P2	C:\Users\amodica\Downloads\affectai_physio\bids_release_no_video\sub-01\ses-20260313_grp-08_run01\physio\sub-01_ses-20260313_grp-08_run01_task-T1_run-01_acq-P2_emotibit.tsv.gz	True	24.55976617575056	844.1035789999878	100.0	True	True	True	True	100.0	100.0	100.0	True	100.0	9516.262107425888	9482.5	1361.284609465391	6896.0	11742.0	18500.0	-0.08230559781899645	True	100.0	121931.27878876822	122567.0	11162.249574812562	94548.0	137291.60000000003	176252.0	-3.8361235280753125	True	100.0	174465.91595734272	174830.0	9175.00565000402	109207.0	188277.7	211735.0	-4.7080504271070485	9516.262107425888	1361.284609465391	66.98118047931972	1.0	393.0	215.0	0.548469387755102	0.5069683921942527	0.6830831332341335	66.47421208712547	19.73638121803516	0.9567556990509735	device_hr	196.8524069189472	142.87407965402693	78.03738317757009	196.8524069189472	142.87407965402693	78.03738317757009	0.030357970012718907	0.030113	0.0015476340959391227	0.030111	0.030116	0.053048	-2.0869763738282365e-07	0.03035797103416715	0.030113151303944496	0.0011801406670430836	-2.086967433639645e-07	-1.0214482379196865e-09	0.0009369350008118041	11.0	0.013031576069173566	0.009475439985555478	0.01872075716812507	0.7818945641504139	-2.0869763738282365e-07	11.0	0.013031576069173566	0.013031576069173566	True	100.0	34.68501795323354	34.669	0.2399970102636363	33.978	35.067	35.233	-0.00021071651035741644	True	100.0	2.067138220330692	0.0002	5.945668009000301	0.0	17.9609	29.6222	-0.0015294014289768628	True	100.0	31.613240289599844	31.685	0.33892972972504537	30.704	32.066	32.755	0.00011540675319878715	34.68501795323354	0.2399970102636363	-0.00021071651035741644	-0.00021071651035741644	True	100.0	1.0048467536364947	0.07627067441206414	1.102427185143749	3.203440806383037	0.04156168592228867	0.14175707463421452	0.36757033074744705	2.0398564066922265	0.001614323451717053	True	100.0	24.485929851046524	47.17151697648119	114.21811638833378	515.2616108279367	22.91391360149589	109.60685950978103	133.74416382535279	769.9836091987823		True	100.0	27.499097389073466	10.111924515498105	44.15880433163923	68.19090848492928	7.182909341553474	19.657639045301053	10.931670377908484	50.314598273474594		1.0048467536364947	0.001614323451717053	False	channel_map_unconfirmed	EmotiBit value_* channel mapping has not been explicitly confirmed for this dataset; verify PPG/EDA/temperature/IMU column indices before interpreting features.	458.59832260360236	0.37834922747365796	451.54634824157984	0.053388234221953434	-870.6034527267911	-0.09238580433839569	-0.6402634004865462	-0.03309240890042564	-2.4975405941877966		-0.0019334891427635302	-0.3645804830958433	-0.03217813272017492		-0.0002114261132562436		0.2949673231832577	0.9061344017620219	-3.6569965143701038	-0.4381091566317119	0.34429730491317656	0.8739174015580193	0.022836473095467547	0.4250212841002585	0.010528156346158439		12.621027877633471	0.4101301578326346	-2.0322448276049414	-0.13603951092264457
ses-20260313_grp-08_run01	T1	T1	P3	C:\Users\amodica\Downloads\affectai_physio\bids_release_no_video\sub-01\ses-20260313_grp-08_run01\physio\sub-01_ses-20260313_grp-08_run01_task-T1_run-01_acq-P3_emotibit.tsv.gz	True	24.559163038964996	844.1036390000372	100.0	True	True	True	True	100.0	100.0	100.0	True	100.0	12715.679107763048	12716.0	306.61557549428363	11553.0	13240.0	13756.0	-0.11352264802508967	True	100.0	138361.08663112068	138541.0	1364.9294054404952	132678.0	140310.0	142864.0	0.5125369943300979	True	100.0	161328.65538326078	161501.0	2154.064574502196	152991.0	164578.0	167551.0	-0.10895657394213121	12715.679107763048	306.61557549428363	61.39790759741249	0.0	868.0	855.0	0.986159169550173	3.197106120008634	0.9158439883506623	64.59501371742112	14.076937599071192	0.9984835885144059	device_hr	69.97292740398082	78.02836271942432	36.4168618266979	69.97292740398082	78.02836271942432	36.4168618266979	0.09191999814117302	0.089773	0.02627282795869557	0.035001	0.133493	0.242264	1.7271975478647776e-05	0.09189243122843327	0.09085857540320663	0.020939016399627423	1.719761118428689e-05	2.7566912739755247e-05	0.014334058104845535	171.0	0.20258175903917938	0.041699965309240784	0.11252099113507358	12.154905542350763	1.7271975478647776e-05	171.0	0.20258175903917938	0.20258175903917938	True	100.0	38.40773042117106	38.426	0.20172837528288035	37.961	38.733	38.886	0.00019095548055779116	True	100.0	42.246447625103954	42.3677	6.332955390424884	27.0355	52.8552	63.3674	-0.0005299445070513066	True	100.0	36.9659162060363	36.974	0.17135004411954238	36.557	37.24	37.36	0.00016573749780559818	38.40773042117106	0.20172837528288035	0.00019095548055779116	0.00019095548055779116	True	100.0	1.0145917460718477	0.06719380827524733	1.068626220902332	2.0311048717385325	0.028919028192093865	0.10625454403093738	0.27668715916275544	1.1526524176085533	0.0031306559702587683	True	100.0	13.7941899706788	36.93979487055262	72.54921675052529	539.9637871209512	12.968084604495983	70.63901545223236	69.59540083042891	285.76158132351134		True	100.0	32.83351822175793	11.730840860112771	51.81698563212646	64.60650122085238	9.320480931152106	19.899763933151128	8.236701697468249	37.14139374684627		1.0145917460718477	0.0031306559702587683	False	channel_map_unconfirmed	EmotiBit value_* channel mapping has not been explicitly confirmed for this dataset; verify PPG/EDA/temperature/IMU column indices before interpreting features.	574.9284862941204	0.7999451836219583	4542.493580273207	1.1252299597691837	2429.0688295884465	0.459380567484815	-4.828763708500617	-0.28127013952661395	-28.617600689716795		0.046752521709281965	3.785074959215812	0.046402717539636096		0.02855325296953786		0.9396291217360258	2.1660575354483367	0.4627635351056725	0.021519325344934212	1.0952606693131344	1.9185077671198383	0.020116928243349097	0.28111031625537797	0.0023992675802115733		1.0420102431206448	0.03149824766229423	-7.27036623389607	-0.677931743776278
ses-20260313_grp-08_run01	T1	T1	P4	C:\Users\amodica\Downloads\affectai_physio\bids_release_no_video\sub-01\ses-20260313_grp-08_run01\physio\sub-01_ses-20260313_grp-08_run01_task-T1_run-01_acq-P4_emotibit.tsv.gz	True	24.561575869211122	844.1035259999917	100.0	True	True	True	True	100.0	100.0	100.0	True	100.0	3980.0544956462186	3907.0	286.44509022142137	2981.0	4447.0	5158.0	-0.035328100581627914	True	100.0	91719.15179532336	91449.5	1351.8390436079549	82861.0	94493.0	95504.0	0.9639653289573681	True	100.0	154676.20433421386	155174.0	3757.7365409300314	132910.0	159261.0	163712.0	2.2311091201334388	3980.0544956462186	286.44509022142137	70.17593105488892	0.0	891.0	726.0	0.8157303370786517	8.985807795245222	0.7150106957780468	61.1901232596437	17.432082102870474	0.9802856863320615	device_hr	182.1350416514425	128.26250844748247	76.27586206896552	182.1350416514425	128.26250844748247	76.27586206896552	0.0798728192446923	0.084673	0.011665845917497829	0.030145	0.092366	0.114536	8.79775172674258e-06	0.07986570420976784	0.08457887078430093	0.010743927786977775	8.78535269047165e-06	7.1150349244502595e-06	0.0042029859092069435	69.0	0.08174352774827845	0.014279090688624544	0.0475689807324046	4.904611664896707	8.79775172674258e-06	69.0	0.08174352774827845	0.08174352774827845	True	100.0	36.01198879757363	35.989	0.14006220270258443	35.67	36.253	36.4	0.00010372505107146223	True	100.0	19.027198591135896	17.5515	10.827635455486181	2.7455	38.623	56.2542	0.0009023193861970325	True	100.0	34.33698473730555	34.368	0.2839351557071018	33.573	34.814	35.022	0.000160771670151221	36.01198879757363	0.14006220270258443	0.00010372505107146223	0.00010372505107146223	True	100.0	0.9913932952974188	0.04385904871948177	1.0499371885802318	1.511053936826876	0.027452752979458688	0.08224468871003421	0.1939552200044128	1.0258245197943638	9.783778495254867e-05	True	100.0	11.313659404178576	28.554240220833393	56.17880712510724	559.6169215356161	10.496217063545311	54.44900858192367	59.652060608329435	284.15227252841606		True	100.0	44.28229745974038	11.700223243515598	68.0808343074613	95.5928867646542	8.255758886391057	25.914497022845275	9.24314613646439	41.11327111105568		0.9913932952974188	9.783778495254867e-05	False	channel_map_unconfirmed	EmotiBit value_* channel mapping has not been explicitly confirmed for this dataset; verify PPG/EDA/temperature/IMU column indices before interpreting features.	313.5379636844259	0.5681884202083892	11496.982632377563	2.658948188573957	7509.570185115357	2.1282054939204293	1.7475268106518271	0.0799209621066229			-0.014849038658932487	-0.42455124036244407	0.01186921594774032		0.0013569164872264602		0.597908031168835	1.4735059915612758	-3.54609788204559	-0.18549039779321702	0.48000994501480676	0.9297545151095695	-0.0039940685884690685	-0.07039493739523218	0.002436421489190259		3.2019490115869207	0.11428868384154026	1.0422971330974562	0.0911931581389185
ses-20260313_grp-08_run01	T2	T2	P1	C:\Users\amodica\Downloads\affectai_physio\bids_release_no_video\sub-01\ses-20260313_grp-08_run01\physio\sub-01_ses-20260313_grp-08_run01_task-T2_run-01_acq-P1_emotibit.tsv.gz	True	24.50860250009935	995.1402080000262	100.0	True	True	True	True	100.0	100.0	100.0	True	100.0	10569.518784835978	10970.0	1239.479810223364	7974.0	12224.799999999996	15093.0	0.8474737469632571	True	100.0	133949.08062800494	133413.0	2693.885530292147	115339.0	138892.0	151912.0	0.31574045205282464	True	100.0	180888.75084031824	180407.0	3771.993959639724	144729.0	188358.0	194877.0	-0.39325806176205813	10569.518784835978	1239.479810223364	61.27150625024838	0.0	529.0	328.0	0.6212121212121212	1.8521906950925526	0.7106341665177939	59.419315555155826	16.200967193456428	0.9461345360166787	device_hr	178.99316252419374	132.82003471431602	72.47706422018348	178.99316252419374	132.82003471431602	72.47706422018348	0.05390577449687274	0.054035	0.016747867249831606	0.030041	0.07705539999999997	0.096956	2.1421051342594707e-06	0.053906997128460934	0.052987234272795024	0.015835296201903295	2.1440764388799404e-06	-1.2226315881994032e-06	0.004745208034354614	77.0	0.07737603141847724	0.015543626624401934	0.04403471378653278	4.642561885108634	2.1421051342594707e-06	77.0	0.07737603141847724	0.07737603141847724	True	100.0	36.500980002552865	36.539	0.7080496521738164	16.097	36.64	36.827	1.692426582373149e-05	True	100.0	16.327201148789516	14.7789	10.815249085856353	1.1707	35.6523	44.4732	0.0011332941508636982	True	100.0	33.62023614006723	33.629	0.16433953293137027	32.827	33.836	33.895	3.682018445516939e-05	36.500980002552865	0.7080496521738164	1.692426582373149e-05	1.692426582373149e-05	True	100.0	1.0393398017741964	0.036435011410033885	1.0648965207925656	1.728663356469385	0.01910204685254677	0.049825927443967175	0.12708558082924598	0.4765822032430324	0.0006382163979066502	True	100.0	10.771307786777333	23.597445932474244	30.196068717632762	413.3538674537835	10.098494405920974	28.59531514509263	32.830124574318255	112.15516656042986		True	100.0	56.980141079157214	8.823122497360268	63.84355879804947	81.65169930871004	5.328843277126752	23.823198891901733	6.198677438277043	32.43820283276379		1.0393398017741964	0.0006382163979066502	False	channel_map_unconfirmed	EmotiBit value_* channel mapping has not been explicitly confirmed for this dataset; verify PPG/EDA/temperature/IMU column indices before interpreting features.	1009.7684175628401	1.2352596565490224	2734.2642645740416	0.6721490821333703	4602.376899759984	0.8941921157171996	0.7158715286932562	0.04256438286651836	38.50520306204061		0.0054611798724945385	0.14846189844088628	0.04038373785447539		-0.001901472013499491		0.2738091357882624	0.6404069142909353	12.977099973515475	1.950252826329303	0.7859092669742225	1.1638328922888437	0.004142170578027793	0.09977088140723403	0.006469775403854896		3.139087229602917	0.10693355779483535	2.577223301457032	0.40587397790075663
ses-20260313_grp-08_run01	T2	T2	P2	C:\Users\amodica\Downloads\affectai_physio\bids_release_no_video\sub-01\ses-20260313_grp-08_run01\physio\sub-01_ses-20260313_grp-08_run01_task-T2_run-01_acq-P2_emotibit.tsv.gz	True	24.506200100858187	995.1436109999777	100.0	True	True	True	True	100.0	100.0	100.0	True	100.0	9683.561499829759	9404.0	1297.1682707692023	7415.0	12271.25	16265.0	0.2406960846049575	True	100.0	125596.40308988764	125025.0	6263.229861880104	109171.0	136642.0	168694.0	-0.7090349895114176	True	100.0	172871.46450459652	172960.0	5172.833468825715	127437.0	180574.5	204631.0	-0.5641354081735185	9683.561499829759	1297.1682707692023	66.8350911841587	2.0	547.0	286.0	0.5238095238095238	3.2966262563095654	0.6474321497301965	70.13171744046826	20.33017186056412	0.9597803881511746	device_hr							0.030111230337078656	0.03011	3.909456898360606e-06	0.030108	0.030118	0.030227	-6.605855223506221e-10	0.030111229339240205	0.03011037889503525	3.0461721360696243e-06	-6.625680119699575e-10	9.978384465628634e-10	2.1337469706263765e-06	0.0	0.0			0.0	-6.605855223506221e-10	0.0	0.0	0.0	True	100.0	34.266522344228804	34.266	0.13328522416921765	33.802	34.482	34.662	5.686029618741692e-05	True	100.0	0.9194986423220973	0.2245	1.2661714064968372	0.0	3.7843	5.6423	-2.0614295189737233e-05	True	100.0	31.558688755532856	31.534	0.16346395200551395	31.193	31.883	32.211	-2.74550226821794e-05	34.266522344228804	0.13328522416921765	5.686029618741692e-05	5.686029618741692e-05	True	100.0	0.9898700116291759	0.09557817745392079	1.0928357607618815	2.83252908193367	0.04406971121856209	0.16743079782473896	0.5007359925225501	2.4018920648791107	0.005149812734082397	True	100.0	25.176886343313466	51.12252461852438	125.7760051917694	683.2874829740408	22.70282301022048	119.51956650830098	150.00416034800867	775.6980293606703		True	100.0	28.95341694159834	10.43423050841795	49.98999899979995	66.30987860040162	7.900624622769119	22.637047759684343	11.611422812162983	51.69065445470421		0.9898700116291759	0.005149812734082397	False	hrv_unreliable;channel_map_unconfirmed	Beat-detection quality is insufficient for HRV computation. EmotiBit value_* channel mapping has not been explicitly confirmed for this dataset; verify PPG/EDA/temperature/IMU column indices before interpreting features.	625.8977150074734	0.516373273251796	4116.670649360996	0.4867313791786918	-2465.0549054729927	-0.26158416839164256	3.017241952856253	0.15594801198938124			-0.0021802308376904743	-0.4111063230122634	-0.045209708789348484				-0.12352828582147879	-0.37947671004896943	-4.804636092378698	-0.5755966838040264	0.2897457708461886	0.7354512148568251	0.007859731088148747	0.14628147638221406	0.013036181642431859		13.311984369900413	0.432583328681827	-0.5779252750800659	-0.0386866142817958
ses-20260313_grp-08_run01	T2	T2	P3	C:\Users\amodica\Downloads\affectai_physio\bids_release_no_video\sub-01\ses-20260313_grp-08_run01\physio\sub-01_ses-20260313_grp-08_run01_task-T2_run-01_acq-P3_emotibit.tsv.gz	True	24.50740124160347	995.1401949999854	100.0	True	True	True	True	100.0	100.0	100.0	True	100.0	11902.075675675676	11924.0	566.0396699122707	9932.0	12785.0	13661.0	0.04045671022480952	True	100.0	136473.7265375612	136891.0	2897.6817764315415	122931.0	140888.3	143690.0	0.13354268495234445	True	100.0	156623.6922749521	156593.0	3844.3804999001145	145375.0	163630.3	168203.0	-0.6310153524653194	11902.075675675676	566.0396699122707	65.35306997760925	0.0	1046.0	1008.0	0.9645933014354067	0.23680642784951544	0.9192800475077341	65.58987640545877	15.444770372582962	0.9917854862736752	device_hr	96.2838131819001	104.40581923409854	47.07050645481628	96.2838131819001	104.40581923409854	47.07050645481628	0.20166525396892956	0.187197	0.09425063191238944	0.030009	0.389111	0.561244	2.177300808355734e-05	0.20158868403285957	0.18262312384435953	0.08590868949249286	2.1747760522648774e-05	7.656993606999981e-05	0.03568063020484651	268.0	0.26930878819542	0.09652444541437526	0.24243842662432183	16.1585272917252	2.177300808355734e-05	268.0	0.26930878819542	0.26930878819542	True	100.0	38.09580263885934	38.058	0.27560649812811816	37.564	38.503	38.651	-0.00019500051221891702	True	100.0	36.60719969780805	37.4993	7.378672276333729	15.2013	47.7322	53.9179	-0.00034560037503884324	True	100.0	36.634574547776126	36.603	0.29495090188983225	36.082	37.058	37.164	-0.0002101630000388558	38.09580263885934	0.27560649812811816	-0.00019500051221891702	-0.00019500051221891702	True	100.0	1.00356444913196	0.10023731010328431	1.1148717415021334	3.1815180338951405	0.042903330941879564	0.1821598682189851	0.5166370316537373	2.829278703691674	0.0061715258565652265	True	100.0	22.550328241149163	46.500268967159485	110.38908537079199	665.9850783718807	21.047372732042895	105.95278003864904	120.7058188069345	635.8934547454438		True	100.0	37.26629756216409	7.499055586034103	49.8998997994986	70.03570517957252	5.648825657452767	14.625017391630056	9.56935605655932	44.27557506480329		1.00356444913196	0.0061715258565652265	False	channel_map_unconfirmed	EmotiBit value_* channel mapping has not been explicitly confirmed for this dataset; verify PPG/EDA/temperature/IMU column indices before interpreting features.	-238.67494579325103	-0.332088038582366	2655.1334867137193	0.6577083035210367	-2275.894278720225	-0.4304125072779755	-3.8339010204629744	-0.22332048947818395	-2.3067149117975134		0.15644877451370826	12.666062003972549	0.11312974669587669		0.08337773307467233		0.6277013394243056	1.4469934837258058	-5.176484392190233	-0.24071570754398058	0.7639190110529626	1.3381148408028924	0.00908963130346141	0.1270168635813272	0.016383570329997273		9.798148513591007	0.29618183751126226	-2.837586893489906	-0.26459330505960627
ses-20260313_grp-08_run01	T2	T2	P4	C:\Users\amodica\Downloads\affectai_physio\bids_release_no_video\sub-01\ses-20260313_grp-08_run01\physio\sub-01_ses-20260313_grp-08_run01_task-T2_run-01_acq-P4_emotibit.tsv.gz	True	24.511005440353244	995.1401429999969	100.0	True	True	True	True	100.0	100.0	100.0	True	100.0	4083.7761892604885	4027.0	524.6052915158757	2705.0	4970.0	9643.0	-0.014472531995961147	True	100.0	91679.79120925878	93211.0	5316.0259431943305	82281.0	97460.0	138861.0	-1.5104427822897168	True	100.0	155015.5333163135	155029.0	3473.5015051036767	144843.0	161744.85	180734.0	0.44830242655918146	4083.7761892604885	524.6052915158757	58.82641305684779	0.0	571.0	269.0	0.47192982456140353	0.8439561919432279	0.6476367690844875	57.98245686490456	16.530118828956564	0.9272402348736277	device_hr							0.13014538281848353	0.11723700000000001	0.048229305117534906	0.03015	0.234596	0.272737	2.3580004308855994e-05	0.13017125414483308	0.11745878411278085	0.04315295156223534	2.3621304916791123e-05	-2.5871326349524346e-05	0.018248831912800228	70.0	0.07034185133862117	0.059856467020801205	0.1993623913309864	4.22051108031727	2.3580004308855994e-05	70.0	0.07034185133862117	0.07034185133862117	True	100.0	36.00454523019318	36.048	0.1984559261763482	35.194	36.219	36.368	-0.00012244595309638447	True	100.0	15.427926967917625	14.6448	8.222303245931714	0.3716	31.4409	40.6234	-0.003881024495626584	True	100.0	34.45367364479618	34.511	0.3865761943858535	33.057	34.949	35.119	-0.0002279079064176774	36.00454523019318	0.1984559261763482	-0.00012244595309638447	-0.00012244595309638447	True	100.0	1.0028649521855681	0.05531633686210975	1.0574608503343252	2.5712699197089366	0.02856512042741904	0.09909632299101562	0.2700925472005834	1.325898745937416	0.001404135818228236	True	100.0	16.78306492951726	37.4925237825145	86.39597804296217	658.5417302646811	15.68899914042755	83.56008770657749	91.69550097878164	442.46985556014226		True	100.0	43.5096325234591	20.612201739955466	63.3798075099633	177.11578134090706	9.961619855528319	24.47820917882835	10.440733756729003	45.59657513718052		1.0028649521855681	0.001404135818228236	False	hrv_unreliable;channel_map_unconfirmed	Beat-detection quality is insufficient for HRV computation. EmotiBit value_* channel mapping has not been explicitly confirmed for this dataset; verify PPG/EDA/temperature/IMU column indices before interpreting features.	417.25965729869586	0.7561511936585186	11457.622046312987	2.649845125416944	7848.899167214986	2.224371024856174	-1.4601395840873082	-0.06677766524605959			0.03545651127613275	1.0137427874599747	0.0004675395380830394		0.04693429281940312		0.5904644637883862	1.4551617972004143	-7.1453695052638615	-0.3737622242808345	0.5966988525054404	1.1557749126646095	0.00747758829968026	0.13179151748745416	0.0035487889371506112		8.671354536925604	0.3095107678361895	0.26963219681618256	0.023590788828643034
ses-20260313_grp-08_run01	T3	T3	P1	C:\Users\amodica\Downloads\affectai_physio\bids_release_no_video\sub-01\ses-20260313_grp-08_run01\physio\sub-01_ses-20260313_grp-08_run01_task-T3_run-01_acq-P1_emotibit.tsv.gz	True	24.50860250009935	955.1005259999656	100.0	True	True	True	True	100.0	100.0	100.0	True	100.0	8645.786050812381	8171.0	956.4325754745405	7313.0	10535.0	16242.0	-0.4080296910144926	True	100.0	129107.70093787152	125153.0	5742.6858105996425	112018.0	139569.5	168380.0	-2.5071554024219433	True	100.0	176052.7048566774	171864.0	6960.175978174701	138712.0	187551.0	196531.0	-3.7830429271856083	8645.786050812381	956.4325754745405	61.27150625024838	0.0	433.0	205.0	0.47453703703703703	1.5285168550061883	0.654050009017744	59.74298939524219	19.002957020406722	0.9217559772797322	device_hr	180.7194558705134	125.94114382551136	72.05882352941177	180.7194558705134	125.94114382551136	72.05882352941177	0.03263044282506275	0.03005	0.005831688837546642	0.030048	0.04687	0.065332	-2.275844082641127e-06	0.03263225595971448	0.030050390312863478	0.005321994798729726	-2.2819699019548678e-06	-1.8131346517322802e-06	0.0020520141067422236	48.0	0.05025648996449378	0.011226989669963073	0.022286252548239058	3.015389397869627	-2.275844082641127e-06	48.0	0.05025648996449378	0.05025648996449378	True	100.0	36.18213715820527	36.188	0.11865444666568242	35.78	36.367	36.538	-6.163599710029186e-05	True	100.0	9.108044934172867	1.6779	12.278232900154705	0.0	34.866	53.4718	-0.002756917101114262	True	100.0	32.699234467878995	32.624	0.57582949097775	31.882	33.545	33.69	-0.00035245377250673856	36.18213715820527	0.11865444666568242	-6.163599710029186e-05	-6.163599710029186e-05	True	100.0	1.0466914412985688	0.027055399782171606	1.0670037488219057	1.561512407891785	0.011175443403769527	0.030351174311679108	0.09531844861887084	0.3929937042675746	0.00013209457971907887	True	100.0	3.9786732878072497	18.0289316770299	11.567654504670307	335.61784147151656	3.59658934416428	10.966810098854625	20.97538474612752	54.67467907354772		True	100.0	56.690624923525334	6.135406622296197	66.04543890383347	81.69455306200041	4.449561123785492	12.245043486172712	7.272029997764551	33.40675019542452		1.0466914412985688	0.00013209457971907887	False	channel_map_unconfirmed	EmotiBit value_* channel mapping has not been explicitly confirmed for this dataset; verify PPG/EDA/temperature/IMU column indices before interpreting features.	-913.9643164607569	-1.1180615555141558	-2107.1154255593865	-0.517980546938628	-233.66908388087177	-0.04539937885226938	1.0395453687796206	0.06180942433151501	40.23149640836027		-0.015813561296251916	-0.4298908635068456	0.01326419640049193		-0.006218108967938353		-0.04503370855933042	-0.10532847362646103	5.757943758898825	0.8653278554188071	-0.13509240521401011	-0.20005488075207387	0.011493810102400248	0.2768470160854272	-0.0014568280449223474		-3.6535472693671665	-0.12445872940410681	2.287707145825152	0.3602795299200896
ses-20260313_grp-08_run01	T3	T3	P2	C:\Users\amodica\Downloads\affectai_physio\bids_release_no_video\sub-01\ses-20260313_grp-08_run01\physio\sub-01_ses-20260313_grp-08_run01_task-T3_run-01_acq-P2_emotibit.tsv.gz	True	24.511606249042188	955.1005139999907	100.0	True	True	True	True	100.0	100.0	100.0	True	100.0	9599.049394673124	9362.0	1468.3393788796004	6492.0	11733.0	21598.0	0.026510214346573073	True	100.0	123482.79533348008	122004.0	9302.991250789224	90014.0	137544.0	191841.0	-0.12048685944860404	True	100.0	170261.12401496808	170122.0	9757.042895864675	121423.0	184433.0	224669.0	1.220899507961956	9599.049394673124	1468.3393788796004	66.84983522466051	2.0	442.0	241.0	0.546485260770975	2.951315952370379	0.6543776041197624	69.80115117703089	19.17140547528571	0.9705921197446621	device_hr	202.05501099738564	141.26752253255736	75.0	202.05501099738564	141.26752253255736	75.0	0.030108956900726395	0.030108	8.096351335284398e-06	0.030106	0.030111	0.030699	-6.563081037060101e-10	0.03010895502577529	0.03010852115131382	1.5531886395317436e-06	-6.567124384330637e-10	1.87495110364875e-09	7.875753255450947e-06	0.0	0.0			0.0	-6.563081037060101e-10	0.0	0.0	0.0	True	100.0	34.064783975346685	34.044	0.13582327425716598	33.68	34.308	34.531	-1.7320922959148135e-05	True	100.0	1.0563946467092231	0.4766	1.3232460473197196	0.0	3.9091	7.5388	-0.0002689713658986097	True	100.0	31.257220691173234	31.254	0.25678180226887926	30.517	31.679	31.829	-0.00010929404367190183	34.064783975346685	0.13582327425716598	-1.7320922959148135e-05	-1.7320922959148135e-05	True	100.0	0.9931068992453544	0.08227441874400342	1.0755197325422003	3.4400662784312748	0.041165356945524756	0.13396069739380323	0.38505378200983803	1.9187464361707893	0.0031256878714505834	True	100.0	22.915918121470114	46.47756165252704	116.96714533577367	553.7888658577383	21.52042303909093	113.37597338221867	138.57395243518	793.599518137762		True	100.0	31.67636431132756	12.138790254793268	57.41080037762929	65.19202405202648	9.381073955091397	27.729156218317634	10.744913355483149	48.53009843304457		0.9931068992453544	0.0031256878714505834	False	channel_map_unconfirmed	EmotiBit value_* channel mapping has not been explicitly confirmed for this dataset; verify PPG/EDA/temperature/IMU column indices before interpreting features.	541.3856098508386	0.446649752422821	2003.0628929534432	0.23683059625385028	-5075.395395101426	-0.5385856034032767	2.686675689418877	0.13886249070229445	2.705063484250644		-0.002182505151155388	-0.41153516964160863	-0.045209708789348484				-0.32526665470359717	-0.999213412496762	-4.6677400879915725	-0.5591965060098659	-0.011722293513432902	-0.029754273824894085	0.011096618704327321	0.20652484782425573	0.010131827369394525		11.05101614805706	0.35911140051007345	2.1450220946491534	0.14358887901229953
ses-20260313_grp-08_run01	T3	T3	P3	C:\Users\amodica\Downloads\affectai_physio\bids_release_no_video\sub-01\ses-20260313_grp-08_run01\physio\sub-01_ses-20260313_grp-08_run01_task-T3_run-01_acq-P3_emotibit.tsv.gz	True	24.509203190991876	955.1025750000263	100.0	True	True	True	True	100.0	100.0	100.0	True	100.0	11769.127741083223	11743.0	371.8732235942529	10511.0	12404.0	13215.0	-0.06144014816215694	True	100.0	136263.08692206076	136591.0	1959.9426993171508	131893.0	139015.0	141393.0	-0.5625269240652048	True	100.0	154361.95953324527	154737.0	3397.516210007188	147668.0	159223.0	164368.0	-1.0709427804487623	11769.127741083223	371.8732235942529	63.937051802587504	0.0	991.0	977.0	0.9868686868686869	3.8540640054265793	0.8971421422379284	67.79111580801408	15.139565522957682	1.0	device_hr	88.59703868292074	94.71711482947393	41.49590163934426	88.59703868292074	94.71711482947393	41.49590163934426	0.1940100449581682	0.198326	0.03331426935541863	0.078218	0.227891	0.422969	6.193898210330761e-06	0.19405983488156514	0.19427098248173374	0.021014021492811372	6.140685626663897e-06	-4.9789923396901504e-05	0.02399625749744986	190.0	0.1989315126702436	0.07184680433701207	0.19893281461019435	11.935890760214615	6.193898210330761e-06	190.0	0.1989315126702436	0.1989315126702436	True	100.0	38.14084187582563	38.12	0.18397586151759152	37.63	38.43	38.598	3.997316232478944e-05	True	100.0	40.085513055922505	39.8394	7.41642771633412	19.8055	53.3046	59.6409	-0.0016156302963008123	True	100.0	36.70085200352268	36.689	0.19060732660087837	36.233	36.988	37.128	5.021680651248926e-05	38.14084187582563	0.18397586151759152	3.997316232478944e-05	3.997316232478944e-05	True	100.0	1.0051138416860568	0.08184040726452943	1.0771169852898987	2.327502309343645	0.03736003730391738	0.13776131967593097	0.3955910885074195	1.9730673093429492	0.004447380008806693	True	100.0	17.03876628311797	42.46999276543072	81.361412444721	681.6507492917469	15.859510143977152	78.40463903439684	96.2117209862334	458.6638930554958		True	100.0	32.98657400025383	13.38803497230812	53.78335994967418	67.45368781616021	10.718895502481748	26.817436740837554	8.95035721851567	40.444766220895325		1.0051138416860568	0.004447380008806693	False	channel_map_unconfirmed	EmotiBit value_* channel mapping has not been explicitly confirmed for this dataset; verify PPG/EDA/temperature/IMU column indices before interpreting features.	-371.6228803857048	-0.5170694101530099	2444.493871213286	0.6055303528235052	-4537.627020427055	-0.8581468134154865	-1.632661617907658	-0.0951007315309754	-9.993489410776874		0.14891992536241383	12.056527857954066	0.0427524711707003		0.05870009199730915		0.6727405763905949	1.5508191063729948	-1.6981710340757772	-0.07896796571336433	0.8301964667995136	1.454209408239922	0.010639023857558216	0.1486677948575711	0.010840276692035092		4.286586555559813	0.12957642772159492	-7.117310455400165	-0.6636599220450692
ses-20260313_grp-08_run01	T3	T3	P4	C:\Users\amodica\Downloads\affectai_physio\bids_release_no_video\sub-01\ses-20260313_grp-08_run01\physio\sub-01_ses-20260313_grp-08_run01_task-T3_run-01_acq-P4_emotibit.tsv.gz	True	24.511005440353244	955.1079199999804	100.0	True	True	True	True	100.0	100.0	100.0	True	100.0	3694.057818486063	3758.0	436.6750396762936	2228.0	4286.0	4628.0	-0.19999750340226896	True	100.0	89877.26681051565	90507.0	2718.7108597192423	76221.0	93238.0	94461.0	0.088791482018311	True	100.0	152341.00022017703	153091.0	2996.9980991598027	134190.0	156022.6	158014.0	-2.0288721648264465	3694.057818486063	436.6750396762936	73.53301632105973	0.0	963.0	728.0	0.7567567567567568	14.609487624233267	0.6554062451014805	58.923528696826466	16.16299200463118	0.9782465101941962	device_hr	151.8023720383343	115.0421124501929	64.92434662998625	151.8023720383343	115.0421124501929	64.92434662998625	0.1682376766039896	0.149409	0.05653370419564367	0.030153	0.30917939999999994	0.411997	1.685877791536146e-05	0.16823954585184597	0.14889474627502997	0.054642177886995165	1.686359274704784e-05	-1.8692478563523452e-06	0.012521898671302954	46.0	0.048162096697932255	0.04351585119455541	0.15366625637871903	2.8897258018759353	1.685877791536146e-05	46.0	0.048162096697932255	0.048162096697932255	True	100.0	35.47740318816327	35.508	0.17442698022448738	34.999	35.727	35.864	4.006463621289312e-05	True	100.0	8.390016632172266	6.9489	6.353779763082329	0.0139	19.5132	28.0803	0.001241648172210746	True	100.0	34.01550402923951	34.12	0.2953350785411484	33.109	34.325	34.435	-4.8866100064215766e-05	35.47740318816327	0.17442698022448738	4.006463621289312e-05	4.006463621289312e-05	True	100.0	0.9981121664354581	0.0332624176937138	1.0298609614773504	1.4056845307536112	0.0222538706001656	0.0512694781918562	0.12036219277423432	0.4588051135643719	0.0	True	100.0	5.914210455356859	16.599378538606768	29.842553677592676	277.76698181209366	5.284676153410681	28.79517886407079	29.726550711019527	114.44151715048504		True	100.0	37.29903926245763	14.099182754549284	63.89835678638379	173.83612973142263	10.458289728917341	30.792466071890097	8.515757763251615	36.19619132994472		0.9981121664354581	0.0	False	channel_map_unconfirmed	EmotiBit value_* channel mapping has not been explicitly confirmed for this dataset; verify PPG/EDA/temperature/IMU column indices before interpreting features.	27.541286524270163	0.049909873422798415	9655.097647569855	2.2329688772611043	5174.366071078519	1.46641073038398	-0.5190677521654052	-0.023738917136331434			0.07352480298314565	2.102159407142583	-0.021712215102605875		0.030593676993157324		0.06332242175847824	0.1560540467718528	-14.18327984100922	-0.7419034406923043	0.15852923694876608	0.3070629585090023	0.0027248025495701933	0.04802428917849022	-0.0027624608901028296		-2.197499937234797	-0.07843640690704187	-5.940961064185288	-0.5197894003731753
ses-20260313_grp-08_run01	T4	T4	P1	C:\Users\amodica\Downloads\affectai_physio\bids_release_no_video\sub-01\ses-20260313_grp-08_run01\physio\sub-01_ses-20260313_grp-08_run01_task-T4_run-01_acq-P1_emotibit.tsv.gz	True	24.327348794417684	474.61942100001033	100.0	True	True	True	True	100.0	100.0	100.0	True	100.0	9201.095356780208	9318.0	1489.8030230205368	3.0	10829.0	13610.0	-0.6296974210151228	True	100.0	131682.74891535123	132520.0	8327.26003709388	57386.0	138636.2	178818.0	-2.354231346206973	True	100.0	182603.3714575833	183829.0	10484.871843981615	117952.0	197599.0	217745.0	0.6944084262314333	9201.095356780208	1489.8030230205368	60.818371986044205	2.0	172.0	75.0	0.43859649122807015	0.4813990147264562	0.6473683424617583	61.29977100077066	15.372953412134478	0.8384565678943967	device_hr							0.045894861534201054	0.041028	0.014589921738567177	0.030049	0.077999	0.111896	1.1276499838261889e-05	0.0459318768491203	0.04125632825789974	0.013324570278677422	1.1357299905059926e-05	-3.70153149192403e-05	0.0045122908596122585	77.0	0.16223524911341192	0.011355740367983388	0.027532008542191205	9.734114946804715	1.1276499838261889e-05	77.0	0.16223524911341192	0.16223524911341192	True	100.0	36.29933887196529	36.165	0.5805806371311995	15.734	37.201	37.374	0.0005494596036149029	True	100.0	31.178793399796916	30.6741	9.443300299583408	5.6497	48.5469	58.9069	-0.005479093598199443	True	100.0	32.88339370442168	32.873	0.2250877785740137	31.927	33.266	33.638	0.00020854639058518615	36.29933887196529	0.5805806371311995	0.0005494596036149029	0.0005494596036149029	True	100.0	1.0576948716819883	0.04397146819834483	1.0853054869482603	2.045563003185187	0.020315602505954225	0.05336126610165404	0.13972557476832626	0.5047549793078636	0.0008307947936859596	True	100.0	11.092676549411108	28.42682544779127	43.68337645293961	406.0384726032744	10.29356510188875	41.54500019979799	46.301908773766726	188.5249222752541		True	100.0	54.65037838854274	16.576817054936814	68.8040696470783	72.14568594171102	12.098230809808774	39.0717617304871	6.305090667985252	33.916233359837584		1.0576948716819883	0.0008307947936859596	False	hrv_unreliable;channel_map_unconfirmed	Beat-detection quality is insufficient for HRV computation. EmotiBit value_* channel mapping has not been explicitly confirmed for this dataset; verify PPG/EDA/temperature/IMU column indices before interpreting features.	-358.65501049293016	-0.43874620890835303	467.93255192032666	0.1150292747298041	6316.99751702504	1.2273243799358315	2.5963269743080915	0.1543727483936181			-0.0025139404068460977	-0.06834134272840671	0.12524295554941006		-0.006089358269918037		0.07216800520068745	0.16879235745020618	27.828692224522875	4.182212187213471	0.04906683132867329	0.0726618130367099	0.02249724048581969	0.5418824430860221	0.007683331057262351		3.4604559922366915	0.11788104113600407	0.247460610842559	0.03897133105991943
ses-20260313_grp-08_run01	T4	T4	P2	C:\Users\amodica\Downloads\affectai_physio\bids_release_no_video\sub-01\ses-20260313_grp-08_run01\physio\sub-01_ses-20260313_grp-08_run01_task-T4_run-01_acq-P2_emotibit.tsv.gz	True	24.327940633221438	474.5942629999481	100.0	True	True	True	True	100.0	100.0	100.0	True	100.0	9372.638268414252	8937.5	1428.882628016004	7366.0	11132.35	20636.0	0.5396363356428401	True	100.0	119364.02990585194	117712.0	10271.645018983292	100087.0	131737.0	189690.0	5.610941600880603	True	100.0	167349.0712571534	164236.0	9908.110869667813	122354.0	180519.4	224956.0	11.675806477143025	9372.638268414252	1428.882628016004	63.46419295622984	0.0	103.0	59.0	0.5784313725490197	4.216742813779696	0.6563625338196876	59.24745014245014	15.871073105956198	0.8423481631899575	device_hr	199.26388059318495	143.46969668087965	68.96551724137932	199.26388059318495	143.46969668087965	68.96551724137932	0.03010872613992985	0.030108	4.203917680771765e-06	0.030106	0.030114	0.030246	-6.083961282609458e-10	0.03010873150458994	0.03010803205720955	2.9188214922735696e-06	-6.218461917371628e-10	-5.364660089770118e-09	2.777617890007878e-06	0.0	0.0			0.0	-6.083961282609458e-10	0.0	0.0	0.0	True	100.0	34.072665774413885	34.089	0.14656693242087254	33.683	34.288	34.478	-0.00021613593670892275	True	100.0	1.126375899944619	0.5547	1.2924785733416637	0.0044	3.7403	5.5543	-0.0004846001897790023	True	100.0	31.014123961602362	31.009	0.13516791208086806	30.61	31.234350000000003	31.384	8.777067337559462e-05	34.072665774413885	0.14656693242087254	-0.00021613593670892275	-0.00021613593670892275	True	100.0	0.9767885361818045	0.09141824598110661	1.064017387075982	2.30879405751141	0.037428710877895566	0.15111085334691843	0.44331584173557875	2.0813239846033507	0.005815026767583533	True	100.0	20.693443546400385	46.73459548655376	112.25431641144138	522.8727438478697	19.537951021208436	109.81367202931604	128.36324147189913	670.1428550627627		True	100.0	36.98714609505564	12.419875717289283	57.91372894228103	63.05553108173778	10.225392971038222	21.157568056677825	11.606942618854452	49.70554583447664		0.9767885361818045	0.005815026767583533	False	channel_map_unconfirmed	EmotiBit value_* channel mapping has not been explicitly confirmed for this dataset; verify PPG/EDA/temperature/IMU column indices before interpreting features.	314.9744835919664	0.25985780293388006	-2115.702534674696	-0.2501484574176257	-7987.4481529160985	-0.8476038314655749	-7.867025345161871	-0.406612058965534	-0.08606691995004212		-0.0021827286723407405	-0.41157731700097855	-0.045209708789348484				-0.31738485563639784	-0.9750006651134596	-4.597758834756177	-0.5508127332295217	-0.2548190230843055	-0.6467979137319894	-0.005221744359222624	-0.09718455575526529	0.006395181301765335		8.828541572987332	0.28689035345354175	7.455803878377235	0.49909533505613995
ses-20260313_grp-08_run01	T4	T4	P3	C:\Users\amodica\Downloads\affectai_physio\bids_release_no_video\sub-01\ses-20260313_grp-08_run01\physio\sub-01_ses-20260313_grp-08_run01_task-T4_run-01_acq-P3_emotibit.tsv.gz	True	24.329716287970097	474.617379000003	100.0	True	True	True	True	100.0	100.0	100.0	True	100.0	11569.610854716633	11571.0	417.6081525490798	10560.0	12205.0	13033.0	0.20064617363299286	True	100.0	136008.393944988	135728.0	2300.314177694304	130466.0	139405.0	141144.0	1.1969044555647732	True	100.0	154849.8287797674	154328.5	3744.1176430247933	147941.0	160344.0	163563.0	2.2461538769043505	11569.610854716633	417.6081525490798	66.3537716944639	0.0	497.0	485.0	0.9778225806451613	8.744666555489943	0.845196179175297	75.09843824995384	24.227113673639202	1.0	device_hr	87.72928129180227	105.62606861566951	36.15702479338843	87.72928129180227	105.62606861566951	36.15702479338843	0.19371359424035445	0.195741	0.023018495435708008	0.082775	0.2198227	0.32222	-7.333620126262092e-06	0.19367604194008217	0.19329747108381198	0.011852924521643254	-7.186889950282057e-06	3.755230027225147e-05	0.018477684131134948	131.0	0.27601180613320775	0.036805539124288175	0.13041012248826117	16.560708367992465	-7.333620126262092e-06	131.0	0.27601180613320775	0.27601180613320775	True	100.0	38.03395587963818	38.027	0.18233482259558728	37.66	38.296	38.386	-0.00030456528961962713	True	100.0	44.76097005722725	46.791	12.015736489035152	15.6953	61.7523	68.9344	-0.0056338976502193555	True	100.0	36.593417020491046	36.6	0.2108361282686918	36.209	36.886	36.972	-0.0003632859847824017	38.03395587963818	0.18233482259558728	-0.00030456528961962713	-0.00030456528961962713	True	100.0	1.0068079324031607	0.0968650291002313	1.087755027568248	2.6794047846490083	0.03961551494489569	0.1534280698864252	0.4709669259101412	2.355046744532136	0.006368838840686727	True	100.0	19.573673699774247	45.18906498016022	93.97041059631626	634.2742482767213	18.041916364280976	89.49403536375016	116.4079345774635	588.7899304142676		True	100.0	35.211081030442124	11.34088280378431	54.0740233383831	62.489999199871974	8.216474290430114	20.56906471005114	9.695891288043674	45.07419433561668		1.0068079324031607	0.006368838840686727	False	channel_map_unconfirmed	EmotiBit value_* channel mapping has not been explicitly confirmed for this dataset; verify PPG/EDA/temperature/IMU column indices before interpreting features.	-571.1397667522942	-0.7946736272078485	2189.800894140528	0.5424398578606402	-4049.7577739049157	-0.7658819715980146	5.674660824032102	0.33054270991390666	-10.861246801895348		0.14853613242093086	12.025456056921298	0.11983276463366446		0.023658826784585252		0.565854580203144	1.3044227228211742	2.9772859672289655	0.1384490793101859	0.7227614837678829	1.2660214679792428	0.01233311457466213	0.17234071208875062	0.013095754333013396		6.821493972216091	0.20620248983371312	-4.8928034252118735	-0.4562337922598587
ses-20260313_grp-08_run01	T4	T4	P4	C:\Users\amodica\Downloads\affectai_physio\bids_release_no_video\sub-01\ses-20260313_grp-08_run01\physio\sub-01_ses-20260313_grp-08_run01_task-T4_run-01_acq-P4_emotibit.tsv.gz	True	24.331492270862054	474.61237499996787	100.0	True	True	True	True	100.0	100.0	100.0	True	100.0	3650.6200627537837	3580.0	517.5176709603413	2568.0	4387.0	8353.0	0.16953979908188066	True	100.0	90258.81100036914	90271.5	3046.2536151707736	75503.0	93017.0	130751.0	0.06894860159491861	True	100.0	153956.6650055371	154348.0	1677.3813624633367	140322.0	155962.0	172327.0	0.3537590528137392	3650.6200627537837	517.5176709603413	57.25057004908718	1.0	46.0	20.0	0.4444444444444444	0.5575923971622245	0.6233047919943252	57.808162446249405	13.872975670955466	0.9657622739018088	device_hr							0.13551129134366924	0.145814	0.053986259552470446	0.030152	0.222027	0.280159	-5.037987838906083e-06	0.13558284701129375	0.14459653976113496	0.049100698704244744	-4.72285732752237e-06	-7.155566762449097e-05	0.017747780165827173	24.0	0.05056758159751234	0.05986743779821759	0.15680379257587007	3.0340548958507405	-5.037987838906083e-06	24.0	0.05056758159751234	0.05056758159751234	True	100.0	35.499326319675156	35.513	0.12333784902901224	35.163	35.686	35.816	0.00014261881617328484	True	100.0	10.313424354005168	8.4921	7.387594856607093	0.5699	24.0124	31.3804	-0.005224083676202563	True	100.0	34.06341712809155	34.069	0.17573548672345626	33.5	34.34	34.474	2.819488116475999e-05	35.499326319675156	0.12333784902901224	0.00014261881617328484	0.00014261881617328484	True	100.0	1.0153543744950597	0.04600887262906388	1.0323536099220647	3.090545259335317	0.016050826466957227	0.049545855870664623	0.14248031278710394	0.42871302295026636	0.0007382798080472499	True	100.0	8.262800583231813	26.35841242797103	40.65965906153174	411.34169208822	7.620381523478397	39.53023354384587	40.8934433593342	134.788276537714		True	100.0	28.1138597576503	6.4783807127209	37.107950630558946	50.695167422546305	5.107212150917289	14.422512383088254	8.40657987434764	36.75875793007685		1.0153543744950597	0.0007382798080472499	False	hrv_unreliable;channel_map_unconfirmed	Beat-detection quality is insufficient for HRV computation. EmotiBit value_* channel mapping has not been explicitly confirmed for this dataset; verify PPG/EDA/temperature/IMU column indices before interpreting features.	-15.896469208008966	-0.028807324063891554	10036.641837423347	2.3212099631974112	6790.030856438592	1.924288689811329	-1.6344340027424664	-0.07474880339617414			0.040868104142593425	1.1684665050395209	-0.019306730203025792		0.04694526359681951		0.08524555327036154	0.2100821981806838	-12.259872119176318	-0.6412932276331197	0.2064423358008085	0.39986816067872694	0.01996701060917183	0.3519159550390563	-0.008965505023311202		0.15109019064015783	0.0053929337934937585	-15.126140568992621	-1.323423508649984
ses-20260317_grp-09_run01	T1	T1	P2	C:\Users\amodica\Downloads\affectai_physio\bids_release_no_video\sub-01\ses-20260317_grp-09_run01\physio\sub-01_ses-20260317_grp-09_run01_task-T1_run-01_acq-P2_emotibit.tsv.gz	True	24.504398523105518	84.93907700001728	0.0	False	False	False	True	0.0	0.0	0.0	False	0.0								False	0.0								False	0.0											0.0	0.0	0.0	0.0		0.0			0.0	ppg_fft_proxy																				0.0						0.0			False	0.0								False	0.0								False	0.0												False	0.0	0.7851217693836978	0.03385330567932752	0.837	1.065	0.018172465208747515	0.06699999999999995	0.11882988284302583	0.4900879704621108	0.0	False	0.0	0.0	0.0	0.0	0.0	0.0	0.0	0.0	0.0		False	0.0	0.0	0.0	0.0	0.0	0.0	0.0	0.0	0.0		0.7851217693836978	0.0	False	ppg_low_coverage;eda_low_coverage;temp_low_coverage;accel_low_coverage;gyro_low_coverage;mag_low_coverage;hr_low_coverage;hrv_unreliable;eda_phasic_detection_limited;channel_map_unconfirmed	PPG channel has insufficient usable samples (< 80%). EDA channel has insufficient usable samples (< 80%). Temperature channel has insufficient usable samples (< 80%). Accelerometer channels have insufficient usable samples (< 80%). Gyroscope channels have insufficient usable samples (< 80%). Magnetometer channels have insufficient usable samples (< 80%). Device HR channel has insufficient usable samples (< 50%). Beat-detection quality is insufficient for HRV computation. EDA phasic peak detection is limited: scipy not available or EDA coverage is low; eda_phasic_rate_hz should be treated as unreliable. EmotiBit value_* channel mapping has not been explicitly confirmed for this dataset; verify PPG/EDA/temperature/IMU column indices before interpreting features.																														
ses-20260317_grp-09_run01	T1	T1	P3	C:\Users\amodica\Downloads\affectai_physio\bids_release_no_video\sub-01\ses-20260317_grp-09_run01\physio\sub-01_ses-20260317_grp-09_run01_task-T1_run-01_acq-P3_emotibit.tsv.gz	True	24.50740124160347	84.94510699994862	0.0	True	False	True	False	100.0	0.0	100.0	True	100.0	12549.991550695826	12418.5	761.2515327090447	10884.0	13900.25	14483.0	-1.4562252090349943	True	100.0	141789.97117296222	141646.0	1132.9906404801068	138943.0	144285.0	146389.0	-1.0135208817488173	True	100.0	166077.19383697814	166984.0	2575.812224813138	160028.0	169837.9	172421.0	-19.424996362195976	12549.991550695826	761.2515327090447	58.81776297984833	2.0	54.0	42.0	0.7924528301886793	14.96754207041866	0.6136002231830294	43.85022090942967		0.0	ppg_fft_proxy																				0.0						0.0			True	100.0	35.62215109343937	35.621	0.061658200038641905	35.435	35.721	35.818	-0.0001723155281178711	False	0.0								False	0.0								35.62215109343937	0.061658200038641905	-0.0001723155281178711	-0.0001723155281178711	False	0.0	0.0	0.0	0.0	0.0	0.0	0.0	0.0	0.0	0.0	False	0.0	0.0	0.0	0.0	0.0	0.0	0.0	0.0	0.0		False	0.0	0.0	0.0	0.0	0.0	0.0	0.0	0.0	0.0		0.0	0.0	False	eda_low_coverage;accel_low_coverage;gyro_low_coverage;mag_low_coverage;hr_low_coverage;hrv_unreliable;eda_phasic_detection_limited;channel_map_unconfirmed	EDA channel has insufficient usable samples (< 80%). Accelerometer channels have insufficient usable samples (< 80%). Gyroscope channels have insufficient usable samples (< 80%). Magnetometer channels have insufficient usable samples (< 80%). Device HR channel has insufficient usable samples (< 50%). Beat-detection quality is insufficient for HRV computation. EDA phasic peak detection is limited: scipy not available or EDA coverage is low; eda_phasic_rate_hz should be treated as unreliable. EmotiBit value_* channel mapping has not been explicitly confirmed for this dataset; verify PPG/EDA/temperature/IMU column indices before interpreting features.																														
ses-20260317_grp-09_run01	T2	T2	P2	C:\Users\amodica\Downloads\affectai_physio\bids_release_no_video\sub-01\ses-20260317_grp-09_run01\physio\sub-01_ses-20260317_grp-09_run01_task-T2_run-01_acq-P2_emotibit.tsv.gz	True	21.8784868780821	704.0710500000278	100.0	True	True	True	True	100.0	100.0	100.0	True	100.0	7824.144759539088	7440.0	1710.4791987147353	3837.0	10762.0	15663.0	-0.4220926167360701	True	100.0	133752.23349203065	135119.0	10324.149482376524	47355.0	145520.4	176276.0	-2.4480698212282648	True	100.0	183435.14848547574	190959.0	21744.473567448935	50647.0	203151.0	209129.0	1.4389295479001842	7824.144759539088	1710.4791987147353	57.07431359499678	0.0	335.0	169.0	0.5059880239520959	2.010463657522834	0.6549716815040306	55.06384993747395	15.297739101247219	0.8276409301041883	device_hr	190.97833725236896	135.7354272021839	76.19047619047619	190.97833725236896	135.7354272021839	76.19047619047619	0.06116143938453046	0.030326	0.04437464893694017	0.030107	0.148326	0.21414	-6.248102579858246e-06	0.06116934701361059	0.0420302437423314	0.039207299352592574	-6.2310845798110895e-06	-7.907629080125274e-06	0.018634856862192975	71.0	0.10084209541067936	0.05707462961914465	0.13834578441234818	6.050525724640761	-6.248102579858246e-06	71.0	0.10084209541067936	0.10084209541067936	True	100.0	36.20941889187884	36.119	0.33577815199498284	35.568	36.832	37.005	-0.00030638789470145087	True	100.0	18.849494445594424	19.6267	10.126981380390173	1.2602	34.5017	46.9102	0.0008395893331375503	True	100.0	33.96407645070034	33.969	0.4470855397326487	33.147	34.63	34.785	-0.00015942794299243025	36.20941889187884	0.33577815199498284	-0.00030638789470145087	-0.00030638789470145087	True	100.0	0.9615448797677223	0.04920375283319147	1.0003792277370056	1.8944239229908388	0.022527362916221233	0.07456720093490321	0.2508426374416511	1.124909957309856	0.000620989443179466	True	100.0	10.837602338365063	30.847342081975455	55.34784436633463	497.0116448434583	9.888141712347787	53.76822732413737	68.3319239789577	303.16216582653215		True	100.0	58.787467007085695	13.640804017652991	80.16108758401252	85.43418519538885	11.022372715648887	23.063406254843898	8.930254199911676	36.45143860645641		0.9615448797677223	0.000620989443179466	False	channel_map_unconfirmed	EmotiBit value_* channel mapping has not been explicitly confirmed for this dataset; verify PPG/EDA/temperature/IMU column indices before interpreting features.																														
ses-20260317_grp-09_run01	T2	T2	P3	C:\Users\amodica\Downloads\affectai_physio\bids_release_no_video\sub-01\ses-20260317_grp-09_run01\physio\sub-01_ses-20260317_grp-09_run01_task-T2_run-01_acq-P3_emotibit.tsv.gz	True	21.89477369633007	704.0686339999083	100.0	True	True	True	True	100.0	100.0	100.0	True	100.0	13666.266206896551	13594.0	1073.3053164115681	10865.0	15309.0	15750.0	-0.23923455331031787	True	100.0	144584.80662068966	144722.0	2784.2030278694738	139417.0	148894.3	152537.0	0.5057386030818791	True	100.0	170038.95510344827	170536.0	4181.3763773532455	160945.0	176095.0	179451.0	-0.027929827753386136	13666.266206896551	1073.3053164115681	93.83474441284315	0.0	861.0	686.0	0.7976744186046512	18.671633038600618	0.6376251337396369	75.16311137424253	20.089691916521595	0.9901379310344828	device_hr							0.14377519262068963	0.153226	0.0321019421499192	0.031754	0.175342	0.335446	1.937343838831813e-05	0.14375045061087377	0.1525371599290338	0.02534005530745919	1.938559910033016e-05	2.4742009815875195e-05	0.018113798400201178	144.0	0.2045255150508789	0.05408373226295339	0.13149992549707878	12.271530903052735	1.937343838831813e-05	144.0	0.2045255150508789	0.2045255150508789	True	100.0	35.84201862068966	35.842	0.15738277366463385	35.441	36.089	36.242	0.00014582299321645465	True	100.0	36.604868317241376	37.1335	9.611043421278588	15.171	51.8983	63.6619	-0.004668288272852564	True	100.0	33.674375931034476	33.731	0.20291795586834685	33.062	33.922	34.06	9.01724438504597e-06	35.84201862068966	0.15738277366463385	0.00014582299321645465	0.00014582299321645465	True	100.0	1.015376264122259	0.06431361615273891	1.0705076365304553	2.151825736438711	0.03285342356022713	0.10791046910740054	0.33516369390828504	1.5892386692485228	0.0019310344827586207	True	100.0	15.732815084699272	37.01597989561615	76.68476908747917	433.43952598834363	14.478438071786778	73.7549033056984	101.21485458292001	485.94852298930493		True	100.0	33.148470485947435	11.06108778841221	46.78675026115834	55.937465083787984	9.158142986442405	23.907501593417038	10.148321428126902	37.85504600564882		1.015376264122259	0.0019310344827586207	False	hrv_unreliable;channel_map_unconfirmed	Beat-detection quality is insufficient for HRV computation. EmotiBit value_* channel mapping has not been explicitly confirmed for this dataset; verify PPG/EDA/temperature/IMU column indices before interpreting features.																														
ses-20260317_grp-09_run01	T3	T3	P2	C:\Users\amodica\Downloads\affectai_physio\bids_release_no_video\sub-01\ses-20260317_grp-09_run01\physio\sub-01_ses-20260317_grp-09_run01_task-T3_run-01_acq-P2_emotibit.tsv.gz	True	23.801023436284268	834.3301259999862	100.0	True	True	True	True	100.0	100.0	100.0	True	100.0	8376.381435114505	8272.0	2137.563092363708	3904.0	12765.599999999999	15608.0	0.16488863197832343	True	100.0	139356.5221374046	139047.0	11343.737816476558	57651.0	162027.0	180400.0	1.0738895823321686	True	100.0	193270.5416793893	195861.0	11347.836270687869	63130.0	204610.0	215417.0	5.259946161294752	8376.381435114505	2137.563092363708	64.9118820989571	2.0	238.0	121.0	0.510548523206751	2.7753510603611034	0.6516196172095042	67.6872331593182	25.08531255823221	0.9709312977099237	device_hr	187.26942220437775	136.96767869336583	76.66666666666667	187.26942220437775	136.96767869336583	76.66666666666667	0.05434876970992366	0.044823	0.02585787967243942	0.030106	0.095549	0.128666	1.1971107856041434e-05	0.05434634126301564	0.04840336960060753	0.022966776943996122	1.1967490119657676e-05	2.4284469080220735e-06	0.010382374744469182	70.0	0.08389964334093955	0.03645256618528616	0.09132028981194487	5.033978600456373	1.1971107856041434e-05	70.0	0.08389964334093955	0.08389964334093955	True	100.0	35.815846412213745	35.801	0.1476630699000892	35.429	36.1323	36.414	-5.954720586017051e-05	True	100.0	21.620365233587783	22.2851	14.311935122765872	0.1567	43.5718	54.7962	0.005427617085854475	True	100.0	33.47001245801527	33.402	0.47216095298551236	32.459	34.125	34.291	0.00021034556759831117	35.815846412213745	0.1476630699000892	-5.954720586017051e-05	-5.954720586017051e-05	True	100.0	0.961863864403631	0.04526738377576545	0.9873040058611348	1.9432881927290147	0.016060322931465098	0.04900333342018898	0.20241423782575294	0.6616751113459536	0.00042748091603053435	True	100.0	7.650139307414965	25.37261653581015	34.2558060772185	374.83430545909215	6.8423191438045174	33.097892004413445	58.98452532784706	178.64986382224026		True	100.0	38.35023475775668	6.382467467329243	48.4458460551573	68.60757975617562	5.009620970072442	11.574749772817107	9.484876752373813	38.11931866221744		0.961863864403631	0.00042748091603053435	False	channel_map_unconfirmed	EmotiBit value_* channel mapping has not been explicitly confirmed for this dataset; verify PPG/EDA/temperature/IMU column indices before interpreting features.																														
ses-20260317_grp-09_run01	T3	T3	P3	C:\Users\amodica\Downloads\affectai_physio\bids_release_no_video\sub-01\ses-20260317_grp-09_run01\physio\sub-01_ses-20260317_grp-09_run01_task-T3_run-01_acq-P3_emotibit.tsv.gz	True	23.894577101958948	834.3128889999352	100.0	True	True	True	True	100.0	100.0	100.0	True	100.0	12927.552980739834	13007.0	1508.3161945155464	6893.0	15090.0	16100.0	-1.1346778729494775	True	100.0	144918.102965454	144718.0	2861.8785194590296	109008.0	149407.3	152491.0	-1.5537365364979285	True	100.0	168878.48388871906	169011.0	4375.856020788927	122256.0	176047.0	180362.0	-2.9425880747529756	12927.552980739834	1508.3161945155464	95.57830840783579	0.0	930.0	726.0	0.7814854682454252	15.177128952011884	0.6519536415894525	80.40117945582391	18.728644428051908	1.0	device_hr	163.3038842828983	123.97828939861769	62.206896551724135	163.3038842828983	123.97828939861769	62.206896551724135	0.16298639400794862	0.156628	0.09862638492904234	0.030001	0.249179	7.237395	2.4691649724087504e-05	0.16297923812883983	0.1616415376750985	0.04852331789557886	2.476280751437202e-05	7.1558791088357e-06	0.08480140042627712	171.0	0.20495907740916283	0.15104901758893155	0.20360443575072731	12.29754464454977	2.4691649724087504e-05	171.0	0.20495907740916283	0.20495907740916283	True	100.0	35.79551085295017	35.814	0.10228730519896925	35.419	35.936	36.075	-5.036054758927278e-05	True	100.0	40.50209708346071	40.5739	9.38067999878406	13.232	55.2936	65.8751	-0.001551661014868209	True	100.0	33.74088725160502	33.736	0.08934674367221145	33.5	33.902	34.054	1.4935608631187004e-05	35.79551085295017	0.10228730519896925	-5.036054758927278e-05	-5.036054758927278e-05	True	100.0	1.0292427534054147	0.09540437801838798	1.1062683217180702	2.6423949364165833	0.03915948721693153	0.15429384607230195	0.5970986230534249	2.6497765711144368	0.006909202078874962	True	99.9816569856313	25.26575572147999	59.12456042275944	134.80211450826135	730.5310415971384	23.710189745902806	130.34158057161207	188.0907384075199	907.1740821304184		True	100.0	26.98895485085917	11.455011490087946	47.21228653645151	66.34003316248794	9.384513016728013	24.829257250852116	13.0549179209036	48.30835627847057		1.0292427534054147	0.006909202078874962	False	channel_map_unconfirmed	EmotiBit value_* channel mapping has not been explicitly confirmed for this dataset; verify PPG/EDA/temperature/IMU column indices before interpreting features.																														
ses-20260317_grp-09_run01	T4	T4	P2	C:\Users\amodica\Downloads\affectai_physio\bids_release_no_video\sub-01\ses-20260317_grp-09_run01\physio\sub-01_ses-20260317_grp-09_run01_task-T4_run-01_acq-P2_emotibit.tsv.gz	True	23.814343406744225	456.9185479999287	100.0	True	True	True	True	100.0	100.0	100.0	True	100.0	9654.757245974459	9698.0	2064.071350581936	3537.0	12983.0	17037.0	-1.2396754810425017	True	100.0	142251.08983897834	144863.0	11906.065554019267	39688.0	153072.0	185588.0	-7.264183120366078	True	100.0	196172.41743475848	201586.0	16054.009271274303	41730.0	208538.0	230419.0	-2.423315248192565	9654.757245974459	2064.071350581936	53.919268090741646	1.0	105.0	48.0	0.46153846153846156	0.23950531749805748	0.6425467944903199	54.1587734082397	10.513860919545568	0.9488062187673515	device_hr							0.0463387581343698	0.030348	0.020920449295901592	0.030106	0.086585	0.106658	1.3195886989853024e-05	0.04633887697062695	0.03764333146090212	0.019184882141706366	1.3194944831451051e-05	-1.188362571498542e-07	0.007112283431274918	39.0	0.08535438136778392	0.025208800853843305	0.0743368743176715	5.121262882067035	1.3195886989853024e-05	39.0	0.08535438136778392	0.08535438136778392	True	100.0	35.540299278178786	35.546	0.101975257173237	35.18	35.696	35.843	-0.00012353037170293585	True	100.0	25.659276912826208	25.0025	17.997842084765946	2.4883	63.0649	74.1548	0.021345398520391617	True	100.0	33.76271737923377	33.785	0.25437108380578505	33.024	34.127	34.217	-0.0002683309810450412	35.540299278178786	0.101975257173237	-0.00012353037170293585	-0.00012353037170293585	True	100.0	0.9721958925824482	0.06762360451231922	1.0364236585489546	2.1662135167152843	0.027170631127312345	0.10269651657340484	0.2953105586746884	1.2689513233496026	0.001998889505830094	True	100.0	14.935947056852912	40.24986817414075	77.56539981847577	550.56559950836	13.975559233179093	76.06866637527354	91.35090764426218	406.2682247361274		True	100.0	33.39705699613489	9.479786138973338	54.74486277268398	66.96267617113283	6.947530892832145	23.093066484653114	10.469031405545952	40.886839744853376		0.9721958925824482	0.001998889505830094	False	hrv_unreliable;channel_map_unconfirmed	Beat-detection quality is insufficient for HRV computation. EmotiBit value_* channel mapping has not been explicitly confirmed for this dataset; verify PPG/EDA/temperature/IMU column indices before interpreting features.																														
ses-20260317_grp-09_run01	T4	T4	P3	C:\Users\amodica\Downloads\affectai_physio\bids_release_no_video\sub-01\ses-20260317_grp-09_run01\physio\sub-01_ses-20260317_grp-09_run01_task-T4_run-01_acq-P3_emotibit.tsv.gz	True	23.930887616348755	456.9190870000748	100.0	True	True	True	True	100.0	100.0	100.0	True	100.0	11206.808847987582	10841.0	1076.1225663709258	9563.0	13070.1	14376.0	0.045016309253489754	True	100.0	145331.0233950549	145059.0	2241.1320654799074	140003.0	149217.0	150596.0	-0.015177065706989347	True	100.0	169494.8263665595	169108.0	3184.4272488841825	162233.0	175100.0	176577.0	-0.09243679161757558	11206.808847987582	1076.1225663709258	65.26605713549661	1.0	272.0	147.0	0.5424354243542435	1.7732942338347897	0.6804217764743064	67.0393513693314	16.422152129820073	1.0	device_hr	178.22917639356464	124.38237073151683	76.02739726027397	178.22917639356464	124.38237073151683	76.02739726027397	0.1629707442066748	0.173249	0.028147518609704787	0.05145	0.1836634	0.268449	2.2132593138160846e-06	0.16279874953811344	0.16608948924178163	0.01799636716434239	2.775382032629778e-06	0.00017199466856138265	0.01974368494123579	90.0	0.19697141695458492	0.05505184954075732	0.12040743401675366	11.818285017275095	2.2132593138160846e-06	90.0	0.19697141695458492	0.19697141695458492	True	100.0	35.84866237942122	35.844	0.07941464454630082	35.611	35.983	36.106	5.140510875709406e-05	True	100.0	40.57282962634439	41.6175	10.533275929603866	18.9584	57.2852	63.8794	0.00013690456356145087	True	100.0	33.95025523894001	33.944	0.07197017901978989	33.756	34.0792	34.183	5.3127850707110545e-05	35.84866237942122	0.07941464454630082	5.140510875709406e-05	5.140510875709406e-05	True	100.0	1.0268386869314112	0.06470152465969937	1.073825404802848	4.407280000181518	0.02798592654191914	0.08028195388006093	0.32791143703293985	1.38974593325393	0.001330524448386739	True	100.0	13.85264178690012	32.299954162173734	61.790473218394425	462.6873822280007	12.635713802791795	58.859495054026766	101.4139706394401	504.3554673152319		True	100.0	34.02512045906696	10.99940594557051	48.30113870293329	66.3023378170031	9.905422283723448	19.370641666396335	11.553560047494363	44.54109767847401		1.0268386869314112	0.001330524448386739	False	channel_map_unconfirmed	EmotiBit value_* channel mapping has not been explicitly confirmed for this dataset; verify PPG/EDA/temperature/IMU column indices before interpreting features.																														
ses-20260317_grp-10_run01	T0	T0	P1	C:\Users\amodica\Downloads\affectai_physio\bids_release_no_video\sub-01\ses-20260317_grp-10_run01\physio\sub-01_ses-20260317_grp-10_run01_task-T0_run-01_acq-P1_emotibit.tsv.gz	True	24.514009743385678	393.9809430000605	100.0	True	True	True	True	100.0	100.0	100.0	True	100.0	633.6456819153484	626.0	39.04037609641057	546.0	686.0	1281.0	-0.02381332046213545	True	100.0	18921.795425395467	18332.0	1437.9550430749503	15509.0	20841.0	21743.0	2.834971120047595	True	100.0	114635.61126549808	114216.0	4944.414263085084	91318.0	120990.5	123455.0	9.976328792011614	633.6456819153484	39.04037609641057	77.41266234753371	0.0	448.0	363.0	0.8120805369127517	4.959763183309235	0.7399432830237779	72.45289916422448	22.725121888323844	0.9847156904660112	device_hr	202.9369498623457	150.21435071285836	76.51933701657458	202.9369498623457	150.21435071285836	76.51933701657458	0.030150599828986747	0.030049	0.0003837123700879347	0.030047	0.03113125	0.032282	3.602051158083328e-07	0.030149841401918	0.030048596611940537	0.0003728623883240261	3.533186213988028e-07	7.584270687503578e-07	5.15413962432522e-05	0.0	0.0			0.0	3.602051158083328e-07	0.0	0.0	0.0	True	100.0	37.13114450619923	37.156	0.1765438783475735	36.711	37.367	37.496	0.00035972869897003216	True	100.0	2.0689930205215905	0.2737	4.9881267842878865	0.0007	16.847350000000002	28.8666	0.0042050553795522005	True	100.0	33.98990957674219	34.037	0.32383792135181505	33.394	34.465	34.564	0.00031196840213327024	37.13114450619923	0.1765438783475735	0.00035972869897003216	0.00035972869897003216	True	100.0	0.9464104166780757	0.02523971412334964	0.9799515294135726	1.2295047783559037	0.016281328303229516	0.04218257267361314	0.16828512800444156	0.8396157523656211	0.0	False	0.0	1.735042112013681	5.975714502988564	5.402	193.298	1.3673371098760154	4.609	13.088612844983235	54.61721370826329		True	100.0	37.54362512450186	4.5454858091407155	45.81484475582123	55.263007518592396	3.3638106856980294	10.374754462482528	6.86977789679063	32.61271436447471		0.9464104166780757	0.0	False	gyro_low_coverage;channel_map_unconfirmed	Gyroscope channels have insufficient usable samples (< 80%). EmotiBit value_* channel mapping has not been explicitly confirmed for this dataset; verify PPG/EDA/temperature/IMU column indices before interpreting features.	0.0	0.0	0.0	0.0	0.0	0.0	0.0	0.0	0.0		0.0	0.0	0.0				0.0	0.0	0.0	0.0	0.0	0.0	0.0	0.0	0.0		0.0	0.0	0.0	0.0
ses-20260317_grp-10_run01	T0	T0	P2	C:\Users\amodica\Downloads\affectai_physio\bids_release_no_video\sub-01\ses-20260317_grp-10_run01\physio\sub-01_ses-20260317_grp-10_run01_task-T0_run-01_acq-P2_emotibit.tsv.gz	True	24.515211684813988	394.03704299998935	100.0	True	True	True	True	100.0	100.0	100.0	True	100.0	2756.560410212584	2321.0	982.5750925107999	1556.0	5250.0	7538.0	0.5251011128869781	True	100.0	64334.60367482107	57850.0	11447.452901946122	41528.0	85774.0	101798.0	10.422380165923345	True	100.0	146743.04326460848	143209.0	12077.480538066056	94083.0	169055.0	174049.0	15.630565149810943	2756.560410212584	982.5750925107999	66.85966823131088	2.0	259.0	130.0	0.5038759689922481	16.738236467709697	0.4969807953466454	83.59790469902057	24.016180982239025	0.9707296229035359	device_hr							0.06529924676850764	0.03011	0.054936731359271476	0.030107	0.175692	0.318873	4.2777401215136086e-05	0.06488116635847577	0.051357281902075204	0.039253249767075934	4.1186992745362e-05	0.0004180804100318757	0.034731145420934736	71.0	0.180186104990139	0.09854646450317266	0.25196881121083703	10.81116629940834	4.2777401215136086e-05	71.0	0.180186104990139	0.180186104990139	True	100.0	35.37742880034184	35.381	0.15787730601806116	34.938	35.621	35.795	0.0001428794019597538	True	100.0	21.389722615105224	21.3326	9.884360774317908	2.7659	40.6942	43.5917	0.009353668226552937	True	100.0	32.963774810383505	32.745	0.4508700676396896	32.317	33.708	33.894	0.0005921833290980313	35.37742880034184	0.15787730601806116	0.0001428794019597538	0.0001428794019597538	True	100.0	0.9658943567786026	0.08218437076234712	1.0382947558376667	3.4670349003146765	0.03428228205276489	0.12605624763021506	0.43047031921025813	2.1012071951495894	0.0016023929067407329	True	100.0	28.47451260419464	61.37225850626347	158.85874153158835	766.2744585414549	26.296827785943293	153.25100963714118	199.5663134462843	1016.7546948306394		True	100.0	44.60138970418332	12.06253432095709	65.45991139621256	70.73188814106408	9.845012433689915	22.226932966365773	12.241005724531693	52.302340960119245		0.9658943567786026	0.0016023929067407329	False	hrv_unreliable;channel_map_unconfirmed	Beat-detection quality is insufficient for HRV computation. EmotiBit value_* channel mapping has not been explicitly confirmed for this dataset; verify PPG/EDA/temperature/IMU column indices before interpreting features.	0.0	0.0	0.0	0.0	0.0	0.0	0.0	0.0			0.0	0.0	0.0		0.0		0.0	0.0	0.0	0.0	0.0	0.0	0.0	0.0	0.0		0.0	0.0	0.0	0.0
ses-20260317_grp-10_run01	T0	T0	P3	C:\Users\amodica\Downloads\affectai_physio\bids_release_no_video\sub-01\ses-20260317_grp-10_run01\physio\sub-01_ses-20260317_grp-10_run01_task-T0_run-01_acq-P3_emotibit.tsv.gz	True	24.519419338164568	394.0371499999892	100.0	True	True	True	True	100.0	100.0	100.0	True	100.0	7958.953545493379	7613.0	702.3948036143304	6811.0	9252.0	9703.0	0.1788430203173718	True	100.0	123004.06717214866	124214.0	4360.4027310574065	115931.0	129990.0	130617.0	-5.969533407144814	True	100.0	176988.76751388295	179446.0	5375.826396490373	167004.0	183845.0	186063.0	-8.857642112361214	7958.953545493379	702.3948036143304	66.87114364953973	0.0	417.0	324.0	0.7788461538461539	3.2968924461458755	0.7603440100632772	70.16803609568561	15.973023565445486	1.0	device_hr	177.33829052058832	127.90479560368897	72.75541795665634	177.33829052058832	127.90479560368897	72.75541795665634	0.10770156920119607	0.061255	0.06967217014757955	0.036802	0.25330050000000004	0.327386	0.00012148532928034558	0.10771718920425472	0.06251651273639373	0.06912923995478677	0.00012157451378324398	-1.5620003058640644e-05	0.007765825592045541	28.0	0.07105928971418245	0.02216364100455173	0.0714931077065209	4.263557382850947	0.00012148532928034558	28.0	0.07105928971418245	0.07105928971418245	True	100.0	37.349693827424176	37.35	0.07439588190962997	37.14	37.469	37.581	-4.989438766349596e-05	True	98.94275950448527	45.63561094441446	34.0374	32.058735913200394	3.7087	92.15472	99.9107	-0.06150015018990896	True	100.0	35.30065228534814	35.308	0.0844605844701305	35.077	35.428	35.496	-8.791689014744588e-05	37.349693827424176	0.07439588190962997	-4.989438766349596e-05	-4.989438766349596e-05	True	100.0	1.0140166974502192	0.031583124667202235	1.0411349576303737	1.4333562013679644	0.017783754797898718	0.050992494416096656	0.18485942090260998	0.8380245338778803	0.0	True	100.0	8.209986591138598	19.38356116791494	33.09220509614474	305.84513616044313	7.0302264441887985	30.314677598531077	47.92746538784558	217.24238671494894		True	100.0	27.226264193716005	12.311798753440568	39.408120990476064	51.720402163943	9.684558169528083	28.445667291738353	8.424557079058474	37.877335534404914		1.0140166974502192	0.0	False	channel_map_unconfirmed	EmotiBit value_* channel mapping has not been explicitly confirmed for this dataset; verify PPG/EDA/temperature/IMU column indices before interpreting features.	0.0	0.0	0.0	0.0	0.0	0.0	0.0	0.0	0.0		0.0	0.0	0.0		0.0		0.0	0.0	0.0	0.0	0.0	0.0	0.0	0.0	0.0		0.0	0.0	0.0	0.0
ses-20260317_grp-10_run01	T0	T0	P4	C:\Users\amodica\Downloads\affectai_physio\bids_release_no_video\sub-01\ses-20260317_grp-10_run01\physio\sub-01_ses-20260317_grp-10_run01_task-T0_run-01_acq-P4_emotibit.tsv.gz	True	24.517615921298162	394.03206399991177	100.0	True	True	True	True	100.0	100.0	100.0	True	100.0	6269.184556231977	6348.0	1075.5813567814075	4370.0	8210.0	12769.0	1.4423222949364147	True	100.0	101289.57107764605	102172.0	8222.977852007974	85613.0	112065.0	152009.0	12.936750236156707	True	100.0	137169.03951724875	139100.0	9289.449337941216	92885.0	147795.0	170508.0	12.473631639315167	6269.184556231977	1075.5813567814075	73.55284776389449	0.0	357.0	213.0	0.598314606741573	3.9160000669317583	0.68848946193143	77.46884783082625	27.10273020444113	0.9798141621275233	device_hr	167.51457014382237	117.53868360230219	65.56603773584906	167.51457014382237	117.53868360230219	65.56603773584906	0.03015397319235288	0.030153	6.46442355496274e-06	0.030151	0.030154	0.030268	7.098772805283569e-10	0.030153975358923227	0.03015368759089269	1.7110856399284914e-06	7.145158336313887e-10	-2.166570351614887e-09	6.050998653920567e-06	0.0	0.0			0.0	7.098772805283569e-10	0.0	0.0	0.0	True	100.0	36.00517665278223	36.033	0.15454902743621554	35.552	36.219	36.359	0.00025952846742357773	True	100.0	1.085543543735982	0.2221	1.5913558843443283	0.0027	4.984	6.9034	0.00011468570625556159	True	100.0	34.77002274911887	34.809	0.30132708116331824	33.866	35.2649	35.391	0.000606289164675727	36.00517665278223	0.15454902743621554	0.00025952846742357773	0.00025952846742357773	True	100.0	0.9765019010885476	0.08457834489374227	1.048896563060438	2.591756740128209	0.0357796345969627	0.12419872709616397	0.37495663604421375	1.5889374952625617	0.003738118124532735	True	100.0	16.551123832003853	42.993626952222584	96.97113922709168	582.4302854239295	15.468239267809897	94.7104997158029	103.92250841732948	493.70668049832		True	100.0	40.486220268832184	6.950413017902038	58.309518948453004	61.497967446087195	4.862631173887782	18.990312445778002	9.15444333268839	40.443029509440905		0.9765019010885476	0.003738118124532735	False	channel_map_unconfirmed	EmotiBit value_* channel mapping has not been explicitly confirmed for this dataset; verify PPG/EDA/temperature/IMU column indices before interpreting features.	0.0	0.0	0.0	0.0	0.0	0.0	0.0	0.0	0.0		0.0	0.0	0.0				0.0	0.0	0.0	0.0	0.0	0.0	0.0	0.0	0.0		0.0	0.0	0.0	0.0
ses-20260317_grp-10_run01	T1	T1	P1	C:\Users\amodica\Downloads\affectai_physio\bids_release_no_video\sub-01\ses-20260317_grp-10_run01\physio\sub-01_ses-20260317_grp-10_run01_task-T1_run-01_acq-P1_emotibit.tsv.gz	True	24.44449878114362	819.0067169999238	100.0	True	True	True	True	100.0	100.0	100.0	True	100.0	833.8061890939249	688.0	630.2971648221526	412.0	2699.0	3983.0	-0.04882322056748403	True	100.0	21836.42198838897	21298.0	5802.989819846561	14862.0	37530.0	50798.0	0.17099758019143532	True	100.0	115353.12010159652	116684.5	7832.934955099477	79009.0	127685.0	153915.0	-4.577766287486353	833.8061890939249	630.2971648221526	81.48166260381205	0.0	635.0	384.0	0.6056782334384858	3.283909087897925	0.6731187239683912	78.19775351591413	23.343581507150795	0.9804063860667634	device_hr	204.47021779203573	141.12183984324312	76.50130548302873	204.47021779203573	141.12183984324312	76.50130548302873	0.030221284262906902	0.030049	0.0011949708908489242	0.030047	0.03005	0.044277	-1.2755433886040242e-07	0.03022060841186329	0.0300488750309408	0.0008643468940257818	-1.2631720060328952e-07	6.758510436139835e-07	0.0006697202680288515	11.0	0.013430903277928822	0.008287841429847183	0.013989290155365644	0.8058541966757293	-1.2755433886040242e-07	11.0	0.013430903277928822	0.013430903277928822	True	100.0	37.44457671573709	37.461	0.1057276725131905	37.122	37.594	37.71	7.372291608064417e-05	True	100.0	3.954894272237197	1.6181	7.0883461334027	0.0019	16.5632	42.5066	-0.004118641683060456	True	100.0	34.67084283640887	34.745	0.33713137535446425	33.853	35.094	35.195	0.00017774679435296587	37.44457671573709	0.1057276725131905	7.372291608064417e-05	7.372291608064417e-05	True	100.0	0.9474521803368894	0.02727935001692785	0.9716471580746125	1.566985003119047	0.012308007500481125	0.04238557908232177	0.14388475265064637	0.675942606954643	0.00015550487248600455	False	0.0	1.740358490566038	8.868874270747531	5.768	256.317	1.5729824797843666	5.3709999999999996	12.324485202642736	47.740106119573475		True	100.0	31.394723570343178	5.3246885836016284	39.21734310225516	63.324560795950255	3.5194396840756355	8.984910186593208	6.434702016213619	29.44135844165801		0.9474521803368894	0.00015550487248600455	False	gyro_low_coverage;channel_map_unconfirmed	Gyroscope channels have insufficient usable samples (< 80%). EmotiBit value_* channel mapping has not been explicitly confirmed for this dataset; verify PPG/EDA/temperature/IMU column indices before interpreting features.	200.1605071785765	5.127012779904534	2914.626562993504	2.026924678229725	717.5088360984373	0.14511503242261609	5.7448543516896535	0.2527975154510109	1.5332679296900267		7.076700994529048e-05	0.18442723107694683	0.013430903277928822				0.313432209537865	1.7753785204649828	1.8859012517156066	0.37807805079373924	0.6809332596666806	2.102697722441591	0.0010417636588136991	0.04127478044016148	-0.003973320802748391		0.005316378552357115	0.0008896640811234033	-6.14890155415868	-1.3527490376922058
ses-20260317_grp-10_run01	T1	T1	P2	C:\Users\amodica\Downloads\affectai_physio\bids_release_no_video\sub-01\ses-20260317_grp-10_run01\physio\sub-01_ses-20260317_grp-10_run01_task-T1_run-01_acq-P2_emotibit.tsv.gz	True	24.445693846145286	819.006652000011	100.0	True	True	True	True	100.0	100.0	100.0	True	100.0	2771.2414632882533	2571.0	590.2686784343315	1521.0	3870.0	6692.0	-0.02160364635395336	True	100.0	69771.96828851236	69379.0	6242.3909238336355	48843.0	81087.0	97524.0	1.48469860321677	True	100.0	155658.2485102855	158937.0	13082.448171647775	85570.0	170247.5	174785.0	-0.0003337336058432319	2771.2414632882533	590.2686784343315	104.76725934062266	0.0	973.0	702.0	0.7222222222222222	16.106413634050128	0.6013077748547502	88.66084570657253	33.502482818374915	0.9980828022177315	device_hr							0.05857900911964351	0.03011	0.0533407099434744	0.030107	0.191791	0.402068	-2.6141066693989062e-05	0.058620757208006705	0.032780513714337954	0.048217998194915616	-2.6216395464052958e-05	-4.17480883631943e-05	0.019350313841594358	70.0	0.08546939127913099	0.06083243563054794	0.17722401001886395	5.12816347674786	-2.6141066693989062e-05	70.0	0.08546939127913099	0.08546939127913099	True	100.0	35.37853132286647	35.324	0.22797967554941406	34.92	35.814	36.018	0.0002153570644127065	True	100.0	16.440195419451786	15.755	9.519156940835623	0.7815	31.9228	38.6639	-0.0031874954110345383	True	100.0	33.610380589667855	33.555	0.3756994263296756	32.394	34.33	34.549	0.0002569954383263319	35.37853132286647	0.22797967554941406	0.0002153570644127065	0.0002153570644127065	True	100.0	0.9675206056695115	0.042232162713861265	1.0140360426262995	1.9976351018141425	0.020437111837871558	0.06731641659489995	0.21156621808673648	0.9961348505113791	0.000466345406497746	True	100.0	12.402600988378664	33.425665573821895	63.27555643306443	487.9829519450449	11.321251943056412	61.29216035562553	74.68128353573057	326.0604950171904		True	100.0	47.77030013683673	17.00761466138917	71.72168430816443	75.9670981412348	13.929100684017092	31.037641842782932	9.438648425708031	40.691440402883465		0.9675206056695115	0.000466345406497746	False	hrv_unreliable;channel_map_unconfirmed	Beat-detection quality is insufficient for HRV computation. EmotiBit value_* channel mapping has not been explicitly confirmed for this dataset; verify PPG/EDA/temperature/IMU column indices before interpreting features.	14.681053075669297	0.01494140568753317	5437.364613691294	0.47498466779163734	8915.205245677033	0.7381676350111186	5.062941007551956	0.21081374308830425			-0.006260409150469062	-0.11395670975631345	-0.09471671371100802		-0.03771402887262472		0.0011025225246328318	0.006983413591480357	-4.949527195653438	-0.5007432760359752	0.64660577928435	1.4341288670355503	0.001626248890908899	0.019787812157271722	-0.01384517021489333		-16.071911615815978	-0.26187583782949303	3.168910432653412	0.2627068531649971
ses-20260317_grp-10_run01	T1	T1	P3	C:\Users\amodica\Downloads\affectai_physio\bids_release_no_video\sub-01\ses-20260317_grp-10_run01\physio\sub-01_ses-20260317_grp-10_run01_task-T1_run-01_acq-P3_emotibit.tsv.gz	True	24.445693915714145	819.0065020000329	100.0	True	True	True	True	100.0	100.0	100.0	True	100.0	8213.87904855677	8411.0	656.6049180693688	6424.0	8974.0	10259.0	-0.13752896286325023	True	100.0	123063.50059594755	125376.0	5007.406140447276	107792.0	128811.0	133810.0	-1.9410426520311694	True	100.0	175567.82696792248	177980.0	7643.919462927776	152599.0	185626.2	196426.0	-4.9181508643182	8213.87904855677	656.6049180693688	66.67007431558403	0.0	858.0	714.0	0.8331388564760793	8.326223036335975	0.7424536593948955	74.99629735192	16.888135941324876	1.0	device_hr	161.30947924826478	115.58047001643988	71.10799438990182	161.30947924826478	115.58047001643988	71.10799438990182	0.11111136741462402	0.110148	0.026876614893313708	0.029998	0.162214	0.19881	-1.7871268425123494e-05	0.11111824820411514	0.10949579922798854	0.025803375916947813	-1.7887631733072067e-05	-6.880789491109152e-06	0.006528895631651491	82.0	0.10012130526406578	0.021190250799809778	0.06742954360391624	6.007278315843947	-1.7871268425123494e-05	82.0	0.10012130526406578	0.10012130526406578	True	100.0	37.35345260921387	37.35	0.08841964151537204	37.076	37.503	37.637	-1.589935227696895e-05	True	100.0	27.04681667616728	26.6352	15.608020453639696	1.7851	54.4966	67.1962	0.01208918261989868	True	100.0	35.26036518629839	35.24	0.15502328559661702	34.852	35.507	35.624	-7.97549901675883e-05	37.35345260921387	0.08841964151537204	-1.589935227696895e-05	-1.589935227696895e-05	True	100.0	0.999369790920099	0.035637272514974866	1.0400124995510862	1.627146274924292	0.02014299962427235	0.05469103552539412	0.17379259916606762	0.7715687744735307	0.0001554645799865264	True	99.98445354200135	9.696535103627717	26.05203372146162	40.546077800448224	765.8950099941898	8.650375091063012	38.09622862141699	54.55951033698779	226.01323078230325		True	100.0	37.81551108671805	11.12560603483165	49.73932046178355	57.59340239992772	7.960298156027611	34.325932148946286	8.124709681087218	36.140196223793055		0.999369790920099	0.0001554645799865264	False	channel_map_unconfirmed	EmotiBit value_* channel mapping has not been explicitly confirmed for this dataset; verify PPG/EDA/temperature/IMU column indices before interpreting features.	254.92550306339035	0.3629376267472565	59.43342379889509	0.01363026019949363	-1420.940545960475	-0.26432039302611054	4.8282612562343985	0.30227597401655365	-16.028811272323537		0.003401058999860429	0.048815172437664964	0.02906201554988333		-0.0009733902047419501		0.003758781789692023	0.05052405715490924	-18.58879426824718	-0.5798355343322543	-0.04028709904975614	-0.47699289914343035	-0.01464690653012013	-0.46375736044034727	0.0023592448263736326		1.4865485124891187	0.07669119722694508	10.589246893002041	0.8600893423507955
ses-20260317_grp-10_run01	T1	T1	P4	C:\Users\amodica\Downloads\affectai_physio\bids_release_no_video\sub-01\ses-20260317_grp-10_run01\physio\sub-01_ses-20260317_grp-10_run01_task-T1_run-01_acq-P4_emotibit.tsv.gz	True	24.44688909757919	819.0064669999992	100.0	True	True	True	True	100.0	100.0	100.0	True	100.0	6354.203233495699	6142.0	968.4448612682789	4657.0	8290.049999999985	12484.0	0.10700356417781448	True	100.0	101663.00051818842	100637.0	6242.378084941076	81754.0	113065.69999999995	147299.0	0.27833609827856715	True	100.0	140881.29992745363	141920.5	9899.461937231748	85892.0	155471.0	168184.0	0.4981005570497643	6354.203233495699	968.4448612682789	73.34066729273758	0.0	644.0	351.0	0.5458786936236392	6.276196630985069	0.6454916351134058	79.61686392372265	25.2159522562953	1.0	device_hr							0.030154279925380872	0.030154	5.682016051508896e-06	0.030152	0.030155	0.030278	-1.2605045281054663e-10	0.030154279553768797	0.030153753781505276	2.216321629137142e-06	-1.260512372597665e-10	3.7161207536707945e-10	4.9988713315792824e-06	0.0	0.0			0.0	-1.2605045281054663e-10	0.0	0.0	0.0	True	100.0	36.80669489066224	36.78	0.36312214340494164	36.028	37.339	37.595	0.0003747025761941904	True	100.0	1.1494906363353716	0.5938	1.465468827084949	0.0051	4.6434	7.6054	-0.00043718454056436553	True	100.0	35.771287387294024	35.833	0.42208884462058277	34.817	36.344	36.568	0.00042034348085114926	36.80669489066224	0.36312214340494164	0.0003747025761941904	0.0003747025761941904	True	100.0	0.9795100106004794	0.05585822833362974	1.0297492413072935	1.9062499836065572	0.027589317819827684	0.08213892825977231	0.28062810071565203	1.2288143702921515	0.0010881956679448647	True	100.0	13.104188191469055	29.58306502283859	65.75613816215183	354.91097282135416	11.947640744186367	63.254327018200314	81.93000985220829	424.3536670810936		True	100.0	42.8586040161739	9.850751495314626	59.67411499134277	64.63745044476924	7.5614520026922385	18.111791531978085	8.550937489759537	37.914512113243795		0.9795100106004794	0.0010881956679448647	False	hrv_unreliable;channel_map_unconfirmed	Beat-detection quality is insufficient for HRV computation. EmotiBit value_* channel mapping has not been explicitly confirmed for this dataset; verify PPG/EDA/temperature/IMU column indices before interpreting features.	85.01867726372257	0.07904439466869737	373.4294405423716	0.04541292063083736	3712.260410204879	0.39962114816028615	2.1480160928963983	0.079254601905177			3.0419484556981624e-07	0.04705676275439683	0.0				0.8015182378800105	5.186174582760205	0.06394709259938969	0.040184030001395456	1.0012646381751509	3.3228498225570005	0.003008109511931756	0.0355659538586492	-0.008190316777135016		-3.4469356405347984	-0.08017317646555536	2.372383747341715	0.34132989524956486
ses-20260317_grp-10_run01	T2	T2	P1	C:\Users\amodica\Downloads\affectai_physio\bids_release_no_video\sub-01\ses-20260317_grp-10_run01\physio\sub-01_ses-20260317_grp-10_run01_task-T2_run-01_acq-P1_emotibit.tsv.gz	True	24.457651552835237	1051.9524070000043	100.0	True	True	True	True	100.0	100.0	100.0	True	100.0	707.1368874919407	727.0	141.5111672650554	475.0	822.0	3659.0	-0.04917036486369556	True	100.0	22374.905343326885	22418.0	3131.3201816445844	14222.0	25651.0	45297.0	-1.1707638841337362	True	100.0	121432.00044326241	120707.0	9123.196692150375	71669.0	131731.25	146896.0	-2.627810703450086	707.1368874919407	141.5111672650554	73.3729546585057	0.0	1095.0	670.0	0.6124314442413162	0.19483168778863558	0.7116131275767804	73.56778634629434	22.341587528117543	0.9928272082527402	device_hr	197.11669986278946	145.80786072142197	77.42899850523169	197.11669986278946	145.80786072142197	77.42899850523169	0.31236283377659574	0.182911	0.38837106433452107	0.030046	1.160142	1.975483	8.956446387601201e-05	0.3123592913528714	0.18280712656634923	0.37522646328650217	8.955953553391882e-05	3.5424237243642363e-06	0.08236731298239103	61.0	0.0579874142538083	0.2165927342147825	0.7882067045344119	3.4792448552284982	8.956446387601201e-05	61.0	0.0579874142538083	0.0579874142538083	True	100.0	37.46803534010316	37.47	0.08443603345871668	37.146	37.602	37.724	4.338450235448089e-07	True	100.0	18.576786154094133	14.7278	13.157853803709392	0.0004	44.9274	78.5356	-0.004017401247259148	True	100.0	34.820732833655704	34.902	0.29027987774928854	33.746	35.1	35.23	-0.00010520315112850414	37.46803534010316	0.08443603345871668	4.338450235448089e-07	4.338450235448089e-07	True	100.0	0.9519481804019714	0.03917997545970054	0.9955954248583195	2.111603419205415	0.020105800977041344	0.06263066231833159	0.23437533764464616	1.040025530030951	0.00024177949709864604	False	0.0	3.177976466795615	10.446169581974754	12.604	294.037	2.8130115248226946	11.75	21.872446737316352	87.32115333908763		True	100.0	39.625760240662565	6.869052126936834	47.8748368143433	61.212743771211564	5.402144037358616	11.663469366896505	7.291041311018759	34.01423137329621		0.9519481804019714	0.00024177949709864604	False	gyro_low_coverage;channel_map_unconfirmed	Gyroscope channels have insufficient usable samples (< 80%). EmotiBit value_* channel mapping has not been explicitly confirmed for this dataset; verify PPG/EDA/temperature/IMU column indices before interpreting features.	73.49120557659228	1.882441024520488	3453.1099179314187	2.401403252877241	6796.389177764329	1.3745590106609917	1.1148871820698645	0.04905967886767168	-5.820249999556239		0.2822094499509534	735.4713372578526	0.0579874142538083				0.3368908339039294	1.9082555399665022	16.50779313357254	3.309417311839483	0.8308232569135114	2.5655527105823763	0.0055377637238956945	0.21940675305718405	0.003824472673811828		1.4429343547819342	0.2414664144447156	2.082135116160707	0.45806657496843367
ses-20260317_grp-10_run01	T2	T2	P2	C:\Users\amodica\Downloads\affectai_physio\bids_release_no_video\sub-01\ses-20260317_grp-10_run01\physio\sub-01_ses-20260317_grp-10_run01_task-T2_run-01_acq-P2_emotibit.tsv.gz	True	24.45824981838045	1051.9523640000261	100.0	True	True	True	True	100.0	100.0	100.0	True	100.0	2702.130914953648	2289.0	970.5233015600132	1183.0	4689.0	5882.0	-0.42314373175123443	True	100.0	68401.06602176542	67871.5	9869.544367893632	48814.0	88621.0	94174.0	-3.116681892252508	True	100.0	146738.41656590084	151537.0	14131.95050109819	93930.0	167576.65	175216.0	0.5916663119779202	2702.130914953648	970.5233015600132	91.71843681892669	0.0	1531.0	1294.0	0.8457516339869281	13.792515385898028	0.6810881198378915	105.51095220482472	38.36689190547488	0.9807738814993954	device_hr	178.9310698468492	119.47549022076684	71.46171693735499	178.9310698468492	119.47549022076684	71.46171693735499	0.03282302930270053	0.030109	0.010993263348727798	0.030107	0.04642	0.100102	1.6872838206829858e-06	0.03281757833711169	0.030108797381648802	0.010590714592967784	1.6795194866674979e-06	5.450965588826948e-06	0.0027036757632321997	26.0	0.024715948069298083	0.016614221879861116	0.05082413974199302	1.4829568841578848	1.6872838206829858e-06	26.0	0.024715948069298083	0.024715948069298083	True	100.0	36.077552035469566	36.024	0.2714029662059449	35.54	36.632	36.825	2.7851523742870026e-06	True	100.0	4.2420292664248285	1.0039	7.600709333285909	0.0001	21.598304999999968	40.7666	0.0009469272580259436	True	100.0	33.83797638049174	34.202	0.6609178252334892	32.616	34.558	34.88	0.0001330237347866938	36.077552035469566	0.2714029662059449	2.7851523742870026e-06	2.7851523742870026e-06	True	100.0	0.961966334852515	0.027191897105904757	0.9928333193441888	1.6557687036539857	0.01372891064795358	0.03817314494401258	0.13046803855052763	0.5763610510691617	0.00016122531237404273	True	100.0	5.023352894498443	14.420628196708384	18.079927544102606	349.49548503807597	4.012640020073308	16.455200491953303	29.632185229597795	107.34208661544493		True	100.0	54.46697605144334	15.226510611892603	68.01470429252781	72.40165743959182	11.265925147376546	33.30404490114811	8.124917570426664	36.89666863299894		0.961966334852515	0.00016122531237404273	False	channel_map_unconfirmed	EmotiBit value_* channel mapping has not been explicitly confirmed for this dataset; verify PPG/EDA/temperature/IMU column indices before interpreting features.	-54.429495258936186	-0.05539474354051767	4066.462346944354	0.3552285719605831	-4.626698707637843	-0.00038308475787274645	21.913047505804144	0.9124284798657107			-0.032063588021364074	-0.5836457180474902	-0.15547015692084093		-0.08193224262331154		0.7001232351277267	4.43460338148684	-17.147693348680395	-1.7348307837199224	0.8742015701082337	1.9389212832084635	-0.003928021926087544	-0.047795242448788966	-0.020553371404811307		-23.451159709696196	-0.38211335675878444	9.86558634726002	0.8178701162424751
ses-20260317_grp-10_run01	T2	T2	P3	C:\Users\amodica\Downloads\affectai_physio\bids_release_no_video\sub-01\ses-20260317_grp-10_run01\physio\sub-01_ses-20260317_grp-10_run01_task-T2_run-01_acq-P3_emotibit.tsv.gz	True	24.459446263163343	1051.952399999951	100.0	True	True	True	True	100.0	100.0	100.0	True	100.0	7893.73030901253	8018.0	788.4682716059658	6002.0	9107.0	15686.0	-0.19148545787462815	True	100.0	126010.5310422626	122355.0	6578.960387263163	116687.0	138200.0	174039.0	2.3912355492660584	True	100.0	173823.98533499858	172332.0	6548.211119884561	159379.0	184689.0	215525.0	1.8484082812305926	7893.73030901253	788.4682716059658	66.70758071771822	0.0	890.0	614.0	0.6906636670416197	3.739176519868721	0.721297993338122	70.44675723758694	16.602183389584916	0.9964143265783006	device_hr	176.3635624197582	129.66894327707587	69.49429037520392	176.3635624197582	129.66894327707587	69.49429037520392	0.12195925667781314	0.12239	0.021314474271568074	0.029996	0.156214	0.217563	1.2573870760975043e-05	0.1219480555480049	0.12278198283971009	0.01985011743973691	1.256134802048556e-05	1.1201129808229004e-05	0.007039043765902898	90.0	0.08555520192739158	0.020296751559770624	0.06191352094502223	5.133312115643495	1.2573870760975043e-05	90.0	0.08555520192739158	0.08555520192739158	True	100.0	37.35342665484872	37.357	0.09726286844705173	37.018	37.507	37.647	-5.235202380857821e-05	True	100.0	23.30578767575843	22.8129	11.482044815937238	0.4229	44.2878	60.2297	-0.004809200513535305	True	100.0	35.263386567825634	35.282	0.10781087887683016	34.945	35.416	35.518	-3.799195896777835e-05	37.35342665484872	0.09726286844705173	-5.235202380857821e-05	-5.235202380857821e-05	True	100.0	1.0120713495806897	0.05396367613504026	1.0510656497098552	2.0872723828000983	0.02305104078298462	0.08212480855271032	0.2835094638665495	1.1554447492588398	0.0014906732202570403	True	100.0	10.2860536934862	25.094875537959773	53.36612578218509	651.5434601690051	9.145966480375032	50.73315293766124	59.354182963139735	253.60075230080955		True	100.0	38.60880970005847	12.61111754467007	57.07889277132134	64.78425734698207	9.388179211546714	28.486487143007736	8.983743522158862	40.52897357838209		1.0120713495806897	0.0014906732202570403	False	channel_map_unconfirmed	EmotiBit value_* channel mapping has not been explicitly confirmed for this dataset; verify PPG/EDA/temperature/IMU column indices before interpreting features.	-65.22323648084966	-0.09285836988717576	3006.4638701139484	0.6894922454524917	-3164.782178884372	-0.5887061719386086	0.2787211419013289	0.017449491685737423	-0.9747281008301059		0.01423086634375019	0.2042546731873914	0.01449591221320913		-0.0018668894447811044		0.0037328274245425064	0.05017518885086731	-22.32982326865603	-0.696528500971293	-0.03726571752250862	-0.44122021835744757	-0.0019453478695294901	-0.06159453474056204	0.005267285985085902		2.0760671023476025	0.10710452451761328	11.382545506342467	0.9245233563585972
ses-20260317_grp-10_run01	T2	T2	P4	C:\Users\amodica\Downloads\affectai_physio\bids_release_no_video\sub-01\ses-20260317_grp-10_run01\physio\sub-01_ses-20260317_grp-10_run01_task-T2_run-01_acq-P4_emotibit.tsv.gz	True	24.459446228339765	1051.9523529999424	100.0	True	True	True	True	100.0	100.0	100.0	True	100.0	6309.487001733102	5964.0	990.5840898610331	4929.0	8306.0	12091.0	-0.09393966148210568	True	100.0	99807.15102172423	98570.0	6369.032380137245	82530.0	112675.0	147079.0	-0.2917994021663444	True	100.0	140206.3396880416	142501.0	10508.196440663703	82730.0	152335.0	165372.0	0.328981854400296	6309.487001733102	990.5840898610331	69.88413208097076	0.0	667.0	348.0	0.5225225225225225	0.8932983869202644	0.6564607269376735	70.77743046789102	25.546838311063	0.9897626052960381	device_hr	215.42294730319918	147.03096576463977	76.94524495677233	215.42294730319918	147.03096576463977	76.94524495677233	0.03368673769698924	0.030154	0.007047083989622848	0.030151	0.052623	0.06595	-5.232412421466469e-07	0.033686738046201065	0.030156599262531975	0.00684499441682078	-5.232386643910349e-07	-3.49211828494679e-10	0.0015263770759611074	47.0	0.044678829669391476	0.007457253860171627	0.014882393407201547	2.6807297801634884	-5.232412421466469e-07	47.0	0.044678829669391476	0.044678829669391476	True	100.0	37.10489754544355	37.044	0.22974012929088056	36.581	37.505	37.708	1.139687789308924e-05	True	100.0	10.171929922211921	6.4887	11.199554294666536	0.0002	32.8404	51.4372	0.0015691836580312422	True	100.0	36.19884394018782	36.168	0.16755351044263556	35.731	36.515	36.726	4.420576111290081e-06	37.10489754544355	0.22974012929088056	1.139687789308924e-05	1.139687789308924e-05	True	100.0	0.9716316868184318	0.06772314581249245	1.0388091731721434	2.0952715814423675	0.035995480048627355	0.10409920425266517	0.2923516993291883	1.2642215305574191	0.0017734069565918343	True	99.98790858893233	14.214216867972914	36.817636947283916	75.32538810614143	618.0438380487261	13.190618369231691	73.15964135270971	91.70929800758275	419.0763282379121		True	100.0	51.32315479169875	5.78312402001101	60.83584469702052	64.22616289332565	4.208372896061619	10.8690891796764	8.492263588739599	39.120011884130534		0.9716316868184318	0.0017734069565918343	False	channel_map_unconfirmed	EmotiBit value_* channel mapping has not been explicitly confirmed for this dataset; verify PPG/EDA/temperature/IMU column indices before interpreting features.	40.302445501125476	0.03747038310679479	-1482.4200559218152	-0.18027776343333116	3037.300170792849	0.32696234839103966	-6.691417362935226	-0.24689089669050213	47.90837715937681		0.003532762687277837	546.4930720026434	0.044678829669391476				1.099720892661317	7.115676564934622	9.08638637847594	5.709839306133411	1.4288211910689483	4.74176162843635	-0.0048702142701158024	-0.05758228393135814	0.0002158454516646563		-2.3369069640309394	-0.05435472951904867	10.836934522866564	1.559178497012205
ses-20260317_grp-10_run01	T3	T3	P1	C:\Users\amodica\Downloads\affectai_physio\bids_release_no_video\sub-01\ses-20260317_grp-10_run01\physio\sub-01_ses-20260317_grp-10_run01_task-T3_run-01_acq-P1_emotibit.tsv.gz	True	24.46303636961265	799.7185430000536	100.0	True	True	True	True	100.0	100.0	100.0	True	100.0	701.9207365469073	637.0	347.80702983069216	470.0	836.0	4202.0	0.03768612472467606	True	100.0	19746.5391819673	18604.0	3719.5708602611294	15062.0	24080.1	50172.0	-0.21834413100516517	True	100.0	114320.25419334356	112256.0	6264.284532549477	86098.0	126827.0	153700.0	-0.6916608708315501	701.9207365469073	347.80702983069216	63.81661661638083	1.0	137.0	69.0	0.5073529411764706	8.499066205346054	0.614072797499325	72.31568282172688	21.58851849616439	0.9946028890417482	device_hr							0.09140212826075453	0.103576	0.049127775288390116	0.030046	0.172922	0.203355	-2.956594513332127e-05	0.09138681230117732	0.096825615440126	0.04262260111987011	-2.963790332922828e-05	1.531595957722561e-05	0.020940845481814244	128.0	0.16005631121147007	0.05951831827876147	0.13369004872525872	9.603378672688205	-2.956594513332127e-05	128.0	0.16005631121147007	0.16005631121147007	True	100.0	37.41863394888619	37.423	0.10215397525798119	37.113	37.582	37.785	-8.073463698848506e-06	True	100.0	26.891849642838242	27.6328	12.080461170561948	0.655	45.4827	53.0191	-0.002001602288942751	True	100.0	34.69841092121276	34.752	0.24824676868201007	33.953	35.018	35.252	-0.00010178111072586833	37.41863394888619	0.10215397525798119	-8.073463698848506e-06	-8.073463698848506e-06	True	100.0	0.9564975287980317	0.0633301612211041	1.0266541756828658	2.5946410156320274	0.02830723532310437	0.10445944617147762	0.3776429852751617	1.839835861153785	0.0014286470183607599	False	0.0	4.5304542039261335	12.315041651170004	20.111	200.592	4.048404518757606	18.982	32.28349162732995	154.5366702022985		True	100.0	37.28720629015407	9.682839134053111	49.040799340956916	65.1536645170477	8.135098522827104	20.008011217232287	8.297903187155205	36.97739976580095		0.9564975287980317	0.0014286470183607599	False	gyro_low_coverage;hrv_unreliable;channel_map_unconfirmed	Gyroscope channels have insufficient usable samples (< 80%). Beat-detection quality is insufficient for HRV computation. EmotiBit value_* channel mapping has not been explicitly confirmed for this dataset; verify PPG/EDA/temperature/IMU column indices before interpreting features.	68.27505463155887	1.7488318878627858	824.7437565718319	0.5735532279285896	-315.35707215452567	-0.06378047133084629	-0.13721634249759518	-0.0060380904961436915			0.06123697089925932	159.59081768780544	0.16005631121147007				0.28748944268696164	1.6284305373702186	24.82285662231665	4.976388471220545	0.7085013444705694	2.187826989232861	0.010087112119956054	0.3996523918876052	0.012025907019874854		2.7954120919124525	0.4677954561775694	-0.2564188343477909	-0.05641175555584116
ses-20260317_grp-10_run01	T3	T3	P2	C:\Users\amodica\Downloads\affectai_physio\bids_release_no_video\sub-01\ses-20260317_grp-10_run01\physio\sub-01_ses-20260317_grp-10_run01_task-T3_run-01_acq-P2_emotibit.tsv.gz	True	24.4648318006581	799.7184899999993	100.0	True	True	True	True	100.0	100.0	100.0	True	100.0	3148.6525697348225	3029.0	860.4119228880975	1318.0	4858.0	6636.0	-0.08196290375578967	True	100.0	70286.86439422009	68820.0	8077.589054710548	48768.0	85993.0	96156.0	-0.33167445244224003	True	100.0	151493.42290795533	151560.0	10119.843178827374	100703.0	166385.0	172907.0	0.2659648752126846	3148.6525697348225	860.4119228880975	91.74311925246786	0.0	1038.0	765.0	0.7377049180327869	9.371569314085036	0.6712575244201556	101.1146885665529	43.026905829557826	0.9925369184353994	device_hr	195.16312447816313	133.50901075611952	76.30890052356021	195.16312447816313	133.50901075611952	76.30890052356021	0.03229615614248664	0.030109	0.007231670310639571	0.030108	0.046055	0.14805	2.470176976448235e-06	0.03229617794767942	0.03010962544657982	0.005336207329614691	2.470206254229179e-06	-2.1805192785328123e-08	0.004776718564796046	23.0	0.028760120326841537	0.02834604080971128	0.09943947700440652	1.7256072196104921	2.470176976448235e-06	23.0	0.028760120326841537	0.028760120326841537	True	100.0	35.785762663420314	35.732	0.1884553041749303	35.342	36.123	36.556	-0.00014893305545260187	True	100.0	3.78347291060181	1.4524	5.031229387433926	0.0041	15.7527	21.7491	0.0020812901668325156	True	100.0	33.68077240247711	33.971	0.6651552963558911	32.277	34.458	34.728	-0.0004805527818268549	35.785762663420314	0.1884553041749303	-0.00014893305545260187	-0.00014893305545260187	True	100.0	0.985130771829796	0.04745685580712235	1.0218680932298245	2.407546053557439	0.022712730105821095	0.0616385736558682	0.24189987310499303	1.058161980838666	0.0006880855343248823	True	100.0	12.79029262894309	29.579125810561905	56.97962215045351	366.6381285054788	10.975795761595803	53.27205987855571	76.3704594438562	321.9634840338525		True	100.0	31.947175455905	11.593594435399256	48.52215962338115	64.06246951218786	9.579961037559142	18.187666993021473	9.16327144695132	40.719627554693474		0.985130771829796	0.0006880855343248823	False	channel_map_unconfirmed	EmotiBit value_* channel mapping has not been explicitly confirmed for this dataset; verify PPG/EDA/temperature/IMU column indices before interpreting features.	392.0921595222385	0.3990454902742498	5952.260719399019	0.5199637657724807	4750.379643346852	0.39332538176108056	17.516783867532325	0.7293742448262995			-0.032584988410796344	-0.5931366429083533	-0.15142598466329749		-0.07020042369346138		0.4083338630784752	2.5863999923571144	-17.606249704503416	-1.7812228940741364	0.7169975920936054	1.5902532537746332	0.019236415051193445	0.2340641520127892	-0.011569551946943792		-15.68421997525155	-0.2555587875856135	-12.654214248278318	-1.049051046121648
ses-20260317_grp-10_run01	T3	T3	P3	C:\Users\amodica\Downloads\affectai_physio\bids_release_no_video\sub-01\ses-20260317_grp-10_run01\physio\sub-01_ses-20260317_grp-10_run01_task-T3_run-01_acq-P3_emotibit.tsv.gz	True	24.463634828958135	799.7184439999983	99.98412446420066	True	True	True	True	100.0	99.98412446420066	100.0	True	100.0	7585.206434883844	7686.0	631.4801848688257	5772.0	8518.0	12518.0	0.18035708578771473	True	100.0	126984.62115679738	127097.0	4739.186950315176	112927.0	133323.80000000002	157885.0	-1.8430805172799243	True	100.0	176565.6691009155	177455.0	5667.905341821684	158636.0	183899.6	200107.0	-1.80235925482798	7585.206434883844	631.4801848688257	66.71900407897674	0.0	681.0	461.0	0.6779411764705883	0.28627261409477	0.7559248858453235	67.00527669307151	17.87017939416654	0.9486161824628248	device_hr	168.58328790294624	127.96309573012968	66.08695652173913	168.58328790294624	127.96309573012968	66.08695652173913	0.6905540282629407	0.639456	0.4725442910078641	0.029998	1.507605	2.214047	0.0003453231345721117	0.6905818034861516	0.6358079425929369	0.4647609910484274	0.0003453363535822791	-2.640770904410864e-05	0.07521758832283598	70.0	0.08753080602952826	0.22287215734958954	0.8862470809713754	5.251848361771695	0.0003453231345721117	70.0	0.08753080602952826	0.08753080602952826	True	100.0	37.16913737630312	37.172	0.11686077881019975	36.819	37.364	37.556	-6.942323371605161e-06	True	100.0	13.846433693178811	13.305	6.435612879386613	1.569	26.0441	38.5035	-0.0025200112652548406	True	100.0	35.172283484150924	35.164	0.1191614694710442	34.835	35.422	35.638	4.2606360834654445e-05	37.16913737630312	0.11686077881019975	-6.942323371605161e-06	-6.942323371605161e-06	True	100.0	1.020357133492014	0.04850481604037309	1.0660361157109077	1.9293527412062315	0.024053998837153374	0.07779813118577317	0.28754840148716876	1.399550134322756	0.0013758797692755465	True	100.0	12.86964448923713	31.31225812110405	52.90939056134053	444.09988777976514	11.166810378541905	48.807406041623274	76.33299996333572	338.23325528374085		True	100.0	27.01735871204433	9.067864343613188	42.02380277890139	59.270566050949775	7.751061627981452	17.508501434638866	8.76152849246453	38.90240913531262		1.020357133492014	0.0013758797692755465	False	channel_map_unconfirmed	EmotiBit value_* channel mapping has not been explicitly confirmed for this dataset; verify PPG/EDA/temperature/IMU column indices before interpreting features.	-373.7471106095354	-0.5321040370548523	3980.5539846487227	0.9128867744937473	-423.0984129674616	-0.07870388322875957	-3.1627594026140997	-0.19800630667421737	-8.755002617642077		0.582864614281897	8.365816839740653	0.01647151631534581		0.2007085163450378		-0.18055645112105623	-2.4269683547858394	-31.78917725123565	-0.9915917251792279	-0.12836880119721883	-1.51986636136311	0.006340436041794906	0.20075391870200815	0.006270244039254656		4.659657898098532	0.2403922508218733	-0.20890548167167466	-0.016967909064733163
ses-20260317_grp-10_run01	T3	T3	P4	C:\Users\amodica\Downloads\affectai_physio\bids_release_no_video\sub-01\ses-20260317_grp-10_run01\physio\sub-01_ses-20260317_grp-10_run01_task-T3_run-01_acq-P4_emotibit.tsv.gz	True	24.46183953875885	799.7184959999286	100.0	True	True	True	True	100.0	100.0	100.0	True	100.0	6480.887477506087	6080.0	1199.3619556256394	3403.0	9011.0	14725.0	0.03318711267568081	True	100.0	101739.2949613634	99546.5	7702.162108142553	81200.0	116036.0	158622.0	-1.4377599688261609	True	100.0	134812.94596168096	135466.5	10657.195453705906	85572.0	150271.7	178297.0	-4.342213966027448	6480.887477506087	1199.3619556256394	69.89097011073957	2.0	575.0	318.0	0.554006968641115	5.216719214804769	0.6412217908810368	75.10768932554434	20.69456942853169	0.9966126812744787	device_hr							0.030171903937758017	0.030154	0.0002802129336202104	0.030152	0.030166	0.038196	-9.677084923878183e-09	0.030171906471828408	0.030154319358923626	7.589020977311723e-05	-9.674330652817044e-09	-2.5340703865088863e-09	0.00026156249792096294	3.0	0.0037513200144870325	0.006162217226774298	0.007888568962572163	0.22507920086922195	-9.677084923878183e-09	3.0	0.0037513200144870325	0.0037513200144870325	True	100.0	37.10000476341696	36.933	0.3634164342566252	36.479	37.678	37.79	-0.00031022259434867463	True	100.0	4.314448089340531	3.571	3.8343452550936425	0.0165	11.9608	19.8479	0.001158267461256267	True	100.0	36.012373928231185	35.873	0.41803747352168635	35.111	36.699	36.853	-0.0003561101533220783	37.10000476341696	0.3634164342566252	-0.00031022259434867463	-0.00031022259434867463	True	100.0	0.9877544218863951	0.09490015629219149	1.0783742159101486	3.913511338938473	0.0422371713819034	0.14107597895998777	0.44399347665737743	2.3179733713261936	0.0035460992907801418	True	99.98941462898274	22.287759780891058	47.72760174999225	112.42694432560951	669.5702020468055	20.54766475995	108.01691113752386	150.9010860594862	827.7806255587976		True	100.0	46.792189019121686	7.489786412773117	57.463031594234565	64.45928947793328	6.395214911292984	12.611301805336375	9.37361989904513	41.6733660410036		0.9877544218863951	0.0035460992907801418	False	hrv_unreliable;channel_map_unconfirmed	Beat-detection quality is insufficient for HRV computation. EmotiBit value_* channel mapping has not been explicitly confirmed for this dataset; verify PPG/EDA/temperature/IMU column indices before interpreting features.	211.70292127410994	0.19682650683683683	449.72388371734996	0.05469112185526945	-2356.093555567786	-0.25363113246602387	-2.3611585052819066	-0.08711884328520529			1.793111290518054e-05	2.7738146723716484	0.0037513200144870325				1.0948281106347295	7.084018119017797	3.228904545604549	2.0290273077005176	1.2423511791123119	4.122932377388814	0.011252520797847443	0.13304257504665343	0.0064575367849407025		5.736635948887205	0.13342991404893897	6.305968750289502	0.907279716190584
ses-20260317_grp-10_run01	T4	T4	P1	C:\Users\amodica\Downloads\affectai_physio\bids_release_no_video\sub-01\ses-20260317_grp-10_run01\physio\sub-01_ses-20260317_grp-10_run01_task-T4_run-01_acq-P1_emotibit.tsv.gz	True	24.45824981838045	459.65638699999545	100.0	True	True	True	True	100.0	100.0	100.0	True	100.0	955.5963294291248	771.0	600.3013449148875	533.0	2754.5999999999985	3935.0	-0.35472694388293424	True	100.0	23795.97768145347	21325.0	6231.029639535699	15894.0	42316.49999999996	51312.0	-3.6651326053928375	True	100.0	122309.8603707461	120855.0	10060.919626126593	67984.0	148835.0	160966.0	-5.758595081594575	955.5963294291248	600.3013449148875	63.80412996099248	0.0	287.0	119.0	0.4160839160839161	6.303653862672547	0.5703126045743784	70.10778382366503	16.904787889990754	1.0	device_hr							0.03559348685788066	0.030092	0.012114262557942915	0.030047	0.0603353	0.115628	1.6409640566675633e-06	0.03556368644525089	0.031067218875764253	0.009169866855096012	1.7386483426876677e-06	2.9800412629773628e-05	0.007392201659900513	72.0	0.15663874588998306	0.02066672108833379	0.056248031025530415	9.398324753398983	1.6409640566675633e-06	72.0	0.15663874588998306	0.15663874588998306	True	100.0	37.44288139813704	37.416	0.130074450505672	37.159	37.707	37.916	-0.0001692215905014935	True	100.0	17.96614786498202	19.1452	5.695773084219921	5.6711	25.7786	28.0563	-0.0003896513182430374	True	100.0	34.550173568200684	34.583	0.3239723473318579	33.705	35.011	35.216	0.00012748602319544283	37.44288139813704	0.130074450505672	-0.0001692215905014935	-0.0001692215905014935	True	100.0	0.9586120928261237	0.05884400793040704	1.0331258393825993	2.0393359213234095	0.028911582690341466	0.1134601729421767	0.3672055091088226	1.8233111248133724	0.0007378031909988011	False	0.0	5.00252623812598	14.30164337673216	22.4	210.846	4.6123188232039105	21.392999999999997	34.02951959442941	163.45448353623655		True	100.0	32.37234392342372	10.018119322593867	45.69463863518345	58.881236400062114	8.960075136105027	16.031856389761668	8.717310439773836	37.666983608954745		0.9586120928261237	0.0007378031909988011	False	gyro_low_coverage;hrv_unreliable;channel_map_unconfirmed	Gyroscope channels have insufficient usable samples (< 80%). Beat-detection quality is insufficient for HRV computation. EmotiBit value_* channel mapping has not been explicitly confirmed for this dataset; verify PPG/EDA/temperature/IMU column indices before interpreting features.	321.9506475137764	8.246607223217223	4874.182256058004	3.3896624790403465	7674.249105248018	1.55210479885228	-2.3451153405594454	-0.10319484102588529			0.00541384504333289	14.109123044670694	0.15663874588998306				0.3117368919378123	1.7657757088811397	15.89715484446043	3.186998954103356	0.5602639914584913	1.7300753077951756	0.012201676148048013	0.48343163034323194	0.01263025438711195		3.267484126112299	0.5467938812133964	-5.171281201078138	-1.137674039302682
ses-20260317_grp-10_run01	T4	T4	P2	C:\Users\amodica\Downloads\affectai_physio\bids_release_no_video\sub-01\ses-20260317_grp-10_run01\physio\sub-01_ses-20260317_grp-10_run01_task-T4_run-01_acq-P2_emotibit.tsv.gz	True	24.45824981838045	459.6563239999814	100.0	True	True	True	True	100.0	100.0	100.0	True	100.0	3748.8070143054915	3752.0	1158.5744638657538	1774.0	5927.0	7831.0	0.07615440511354259	True	100.0	76504.60655283803	73292.0	11957.120346253081	55423.0	98660.89999999998	105992.0	-2.3067282387141783	True	100.0	158668.38818643286	160766.0	11880.971280687581	106011.0	171306.0	175588.0	-3.6053206052818383	3748.8070143054915	1158.5744638657538	104.82107065020193	0.0	682.0	585.0	0.8590308370044053	7.125776677327778	0.7446656549487556	111.94684732752971	41.22879129946891	0.9859713890170743	device_hr	191.53336961959303	124.01053704733977	80.82191780821918	191.53336961959303	124.01053704733977	80.82191780821918	0.030177954499307803	0.03011	0.0005243956736778533	0.030108	0.030161699999999993	0.041242	-3.853736610921353e-08	0.03016692635943746	0.03010978932842256	0.00018834417511483622	-1.047110455647705e-07	1.1028139870340021e-05	0.0004566185947316042	3.0	0.006526615306613559	0.0030988233683625368	0.00399704934860038	0.39159691839681354	-3.853736610921353e-08	3.0	0.006526615306613559	0.006526615306613559	True	100.0	35.616897554222426	35.62	0.09213481939833656	35.285	35.762	35.896	5.593185221061855e-05	True	100.0	2.669624873096447	0.1214	5.028176370215747	0.0	15.3324	21.5191	-0.0062403760711455415	True	100.0	32.74475283802492	32.444	0.649170060058138	31.878	33.894	34.042	-2.9056583757158177e-05	35.616897554222426	0.09213481939833656	5.593185221061855e-05	5.593185221061855e-05	True	100.0	1.0007697597803913	0.03241097778309366	1.0324790554776402	1.496873074111496	0.02029266049321399	0.0678608784209656	0.14209172077559676	0.692967743759487	0.0	True	100.0	8.91298806871719	19.061988910549157	36.6467042043221	265.27791453681175	7.404563104374694	33.78207944704585	43.74139190601594	207.7810143964419		True	100.0	35.05803367484472	12.388753209859372	50.33885179461288	59.472682804797024	9.114147759419662	28.370039370059054	8.593010465592847	38.093953520655354		1.0007697597803913	0.0	False	channel_map_unconfirmed	EmotiBit value_* channel mapping has not been explicitly confirmed for this dataset; verify PPG/EDA/temperature/IMU column indices before interpreting features.	992.2466040929075	1.0098430253889235	12170.00287801696	1.0631188424411862	11925.344921824377	0.9874033648191628	28.348942628509135	1.1804101014009833			-0.034714239999038304	-0.6318948932730725	-0.17365948968352546		-0.09544764113481012		0.23946875388058686	1.5168028890307492	-18.72009774200878	-1.8939108121840686	-0.21902197235858267	-0.4857762536891513	0.03487540300178871	0.4243556612806351	-0.013989621559550896		-19.56152453547745	-0.31873561461781724	-9.543356029338597	-0.7911567980170016
ses-20260317_grp-10_run01	T4	T4	P3	C:\Users\amodica\Downloads\affectai_physio\bids_release_no_video\sub-01\ses-20260317_grp-10_run01\physio\sub-01_ses-20260317_grp-10_run01_task-T4_run-01_acq-P3_emotibit.tsv.gz	True	24.46004451203884	459.65624500007834	100.0	True	True	True	True	100.0	100.0	100.0	True	100.0	8174.211235125911	8306.0	647.8523643081292	5844.0	9043.0	11995.0	0.005583086631171058	True	100.0	129909.78756572271	128717.0	3511.229323317231	117129.0	136245.0	151512.0	2.404008066646085	True	100.0	174390.18300894753	173014.0	8638.424864357865	158378.0	187553.0	197579.0	9.884783433157686	8174.211235125911	647.8523643081292	69.88584146296812	0.0	433.0	320.0	0.7407407407407407	1.9169336131387666	0.7845171453406838	67.96890784982935	17.073140367436064	1.0	device_hr	138.91472223633718	107.0799051289953	61.442006269592476	138.91472223633718	107.0799051289953	61.442006269592476	0.29268353906466194	0.299431	0.10142896006236066	0.029995	0.46229	0.509521	-0.00012350576653095724	0.2924615541153062	0.2998098635436585	0.09486260264554643	-0.0001242220432915664	0.00022198494935564132	0.03344214124708271	50.0	0.10877694047209449	0.0959210875461362	0.2557285578447839	6.52661642832567	-0.00012350576653095724	50.0	0.10877694047209449	0.10877694047209449	True	100.0	37.74632755280878	37.744	0.19087575466331355	37.354	38.051	38.219	0.0003404211187543173	True	100.0	13.712521215755004	11.5145	10.238291182945964	0.3331	28.6077	32.4495	0.014535412147907573	True	100.0	35.74184724656397	35.739	0.10888437333181893	35.419	35.916	36.038	0.00013477625562814932	37.74632755280878	0.19087575466331355	0.0003404211187543173	0.0003404211187543173	True	100.0	1.0222883957973443	0.04962151435819062	1.0678712469207137	1.6280254912009209	0.023846885799262658	0.08948599340464147	0.2798423527304765	1.4379969146768683	0.0010146665436767826	True	100.0	14.152074544538308	31.4326335694584	71.48664951583618	329.2947370092635	12.98106835235778	68.21555703777935	69.81063166287412	335.445423442317		True	100.0	20.73266386621084	8.257273710419538	36.932370625238775	54.59853477887479	6.591986542333342	19.439514940702875	8.393720117582482	37.836922289629506		1.0222883957973443	0.0010146665436767826	False	channel_map_unconfirmed	EmotiBit value_* channel mapping has not been explicitly confirmed for this dataset; verify PPG/EDA/temperature/IMU column indices before interpreting features.	215.25768963253176	0.3064625315063194	6905.7203935740545	1.5837345354334744	-2598.584504935425	-0.48338326301457946	-2.199128245856258	-0.13767764361242427	-38.42356828425113		0.1847443649110515	2.6516235179660126	0.037717650757912044		0.07375744654158446		0.3966337253846035	5.331393555713228	-31.923089728659455	-0.995768823046916	0.44119496121582813	5.223678760734326	0.008271698347125156	0.2619024695715105	0.00606313100136394		5.94208795339971	0.3065529549459405	-6.493600327505167	-0.5274290505837347
ses-20260317_grp-10_run01	T4	T4	P4	C:\Users\amodica\Downloads\affectai_physio\bids_release_no_video\sub-01\ses-20260317_grp-10_run01\physio\sub-01_ses-20260317_grp-10_run01_task-T4_run-01_acq-P4_emotibit.tsv.gz	True	24.46303636961265	459.6563770000357	100.0	True	True	True	True	100.0	100.0	100.0	True	100.0	8263.88053505535	6410.0	5025.614784520262	546.0	21794.0	41430.0	5.260009455279234	True	100.0	101600.95415129152	96350.5	18016.810941221454	2099.0	144031.0	262143.0	14.18243610007267	True	100.0	128793.69022140221	127469.5	16629.733196575256	1870.0	156763.0	261998.0	10.396557834351109	8263.88053505535	5025.614784520262	73.38910910883794	2.0	430.0	249.0	0.5804195804195804	17.55867217012407	0.5254961668809829	90.94778127896201	30.918854373093474	0.9953874538745388	device_hr							0.030157616051660518	0.030154	0.00010751896340377209	0.030152	0.030156	0.035474	5.320410180159951e-09	0.03015761763742993	0.0301539452507561	1.9413188892241206e-05	5.3161395324945645e-09	-1.5857694131447497e-09	0.00010455535771134933	1.0	0.002175538184690348	0.005318439381234889	0.005318439381234889	0.13053229108142086	5.320410180159951e-09	1.0	0.002175538184690348	0.002175538184690348	True	100.0	37.46751282287823	37.603	0.3911610704631864	35.894	37.76	37.889	-0.00022092259462315795	True	100.0	2.002073108856089	1.4701	1.5936936899836354	0.1261	5.3113	6.8608	0.0007462288109414745	True	100.0	35.483517527675275	36.376	2.439732053120013	25.188	36.648	36.883	-0.00244455331861355	37.46751282287823	0.3911610704631864	-0.00022092259462315795	-0.00022092259462315795	True	100.0	0.975278961963411	0.07010721260555404	1.053289134093768	1.6257407542409705	0.044526452615617225	0.1132708318748566	0.47292331765973944	2.318401289406527	0.0017527675276752766	True	100.0	22.787842561199195	43.83044161534877	94.49812957937316	624.2443292133298	19.40376067885322	85.64833956901816	159.05685649281068	778.3202732174697		True	100.0	41.793311528605514	6.948188382955156	50.73460357586329	62.03224967708329	5.557498721149726	13.981556542626517	10.140568635267789	43.82239688626051		0.975278961963411	0.0017527675276752766	False	hrv_unreliable;channel_map_unconfirmed	Beat-detection quality is insufficient for HRV computation. EmotiBit value_* channel mapping has not been explicitly confirmed for this dataset; verify PPG/EDA/temperature/IMU column indices before interpreting features.	1994.6959788233735	1.8545282197827824	311.38307364546927	0.03786743431023987	-8375.349295846536	-0.9015980378555712	13.478933448135763	0.49732751447775053			3.642278506701957e-06	0.5634343844789963	0.002175538184690348				1.4623361700959947	9.461956470088564	0.9165295651201069	0.5759425494553886	0.7134947785564023	2.3678415355229574	-0.0012229391251366017	-0.014459246355234408	0.008746818018654526		6.236718729195342	0.14506147006685444	1.3070912597733297	0.1880595090402083
ses-20260318_grp-11_run01	T1	T1	P1	C:\Users\amodica\Downloads\affectai_physio\bids_release_no_video\sub-01\ses-20260318_grp-11_run01\physio\sub-01_ses-20260318_grp-11_run01_task-T1_run-01_acq-P1_emotibit.tsv.gz	True	12.499999999993605	456.71999999999997	67.3015873015873	True	True	True	True	87.73809523809524	87.73809523809524	67.3015873015873	True	87.73809523809524	12124.305291723202	12250.5	846.6961315492711	9946.0	13368.95	13912.0	0.32848794573700274	True	87.77777777777777	133791.30922242315	133704.5	857.166962644879	131914.0	135020.0	136526.0	0.5447137315901956	True	87.77777777777777	167309.28074141048	167384.5	870.0724621305164	165059.0	168702.85	174216.0	-0.6158083851554261	12124.305291723202	846.6961315492711	49.99999999997442	0.0	320.0	193.0	0.6050156739811913	3.869047619045638	0.6641649293623644	46.13095238092878		0.05952380952380952	ppg_fft_proxy	208.7262960594837	147.5604732449411	86.97916666666666	208.7262960594837	147.5604732449411	86.97916666666666	0.2576028875223881	0.2589459865	0.021711191053308015	0.135814995	0.280438006	0.326139987	2.2476431581384013e-05	0.257728533876522	0.258782346619516	0.014801981054893658	2.2081621451908e-05	-4.49800271251486e-06	0.014957090223420991	47.0	0.10290768961289193	0.04646856987838922	0.1323607646961997	6.1744613767735155	2.2476431581384013e-05	47.0	0.10290768961289193	0.10290768961289193	True	67.3015873015873	35.584813678272404	35.5929985	0.14258195398699386	35.1870003	35.8050003	35.9230003	0.000246522232214541	True	27.142857142857142	31.17716487638889	30.81340025	8.972408402620056	10.6927996	44.86419984999996	52.646801	-0.00661128640571298	True	67.26190476190477	32.978767264365786	32.9749985	0.23211922505931176	32.3699989	33.419650454999996	33.8699989	0.0003342968222772411	35.584813678272404	0.14258195398699386	0.000246522232214541	0.000246522232214541	True	87.36111111111111	0.9250764328562538	0.3443798770519095	1.0673036212059888	1.2335513991544902	0.13469883398531873	1.051296349622437	3.2386196942082126	13.21974751742077	0.0	True	82.1626984126984	3.3903674960440258	7.118052143461894	14.671705546110251	84.47964501777813	2.761866243187624	13.410586020999094	25.49338372124186	98.72948380123154		True	86.07142857142858	43.47370744877735	16.95793859208843	63.94215809867041	75.34586916347837	9.28932188103811	46.54030511288038	151.32145385368062	636.0399937440567		0.9250764328562538	0.0	False	temp_low_coverage;hr_low_coverage;channel_map_unconfirmed	Temperature channel has insufficient usable samples (< 80%). Device HR channel has insufficient usable samples (< 50%). EmotiBit value_* channel mapping has not been explicitly confirmed for this dataset; verify PPG/EDA/temperature/IMU column indices before interpreting features.																														
ses-20260318_grp-11_run01	T1	T1	P2	C:\Users\amodica\Downloads\affectai_physio\bids_release_no_video\sub-01\ses-20260318_grp-11_run01\physio\sub-01_ses-20260318_grp-11_run01_task-T1_run-01_acq-P2_emotibit.tsv.gz	True	12.499999999993605	460.48	67.30465666929756	True	True	True	True	87.94396211523284	87.86503551696921	67.30465666929756	True	87.94396211523284	9457.083015481265	9335.0	2826.354521450794	6024.0	12959.2	16178.0	1.4974778969303015	True	87.98342541436463	138736.01412872842	141431.0	17207.98512054717	117442.0	159334.5	175090.0	8.514152107556011	True	88.06235201262825	180540.4461124804	179290.0	7074.110969999096	159000.0	193080.7	213696.0	1.930325487389052	9457.083015481265	2826.354521450794	49.99999999997442	2.0	105.0	51.0	0.49038461538461536	10.339384372528258	0.5695149890067261	39.66061562744616		0.0633385951065509	ppg_fft_proxy							0.22273850657410735	0.232791007	0.13770094059469828	0.0301070008	0.42835060939999997	0.530731976	-0.00010756800856949122	0.22310618967577694	0.2535148359320899	0.1320575865845874	-0.00010278990276653737	0.0001096488979799226	0.030463616459762446	61.0	0.13247046560111186	0.07448170015596482	0.26184326657726287	7.948227936066711	-0.00010756800856949122	61.0	0.13247046560111186	0.13247046560111186	True	67.30465666929756	35.37845971835239	35.3950005	0.20314954331947896	34.8759995	35.664501200000004	35.7980003	0.000323295140172452	True	27.249408050513026	13.28624909982621	12.1960001	6.498603319914318	3.79959989	26.3771992	31.5573006	0.0008246483396527203	True	67.34411996842937	32.62185817670671	32.7900009	0.37614157224355277	31.7880001	33.0340004	33.3899994	-0.0004587683623157533	35.37845971835239	0.20314954331947896	0.000323295140172452	0.000323295140172452	True	87.29281767955801	0.863926307046462	0.31528087996905474	1.0400276608857393	1.7020366892931549	0.13239432951253552	0.9752066714296093	2.97936433291213	12.410855411405388	0.0003946329913180742	True	66.67324388318863	5.804229088393651	22.158956285425305	24.763517447409832	444.012234181071	5.177132457586778	23.74424957386818	49.74176134005987	250.02228572049734		True	65.76558800315706	27.089087479507434	15.35109387034518	45.880278987817846	61.90315016216864	12.636387137570466	27.386127875258307	96.11533951923101	544.7189642372444		0.863926307046462	0.0003946329913180742	False	temp_low_coverage;gyro_low_coverage;mag_low_coverage;hr_low_coverage;hrv_unreliable;channel_map_unconfirmed	Temperature channel has insufficient usable samples (< 80%). Gyroscope channels have insufficient usable samples (< 80%). Magnetometer channels have insufficient usable samples (< 80%). Device HR channel has insufficient usable samples (< 50%). Beat-detection quality is insufficient for HRV computation. EmotiBit value_* channel mapping has not been explicitly confirmed for this dataset; verify PPG/EDA/temperature/IMU column indices before interpreting features.																														
ses-20260318_grp-11_run01	T1	T1	P3	C:\Users\amodica\Downloads\affectai_physio\bids_release_no_video\sub-01\ses-20260318_grp-11_run01\physio\sub-01_ses-20260318_grp-11_run01_task-T1_run-01_acq-P3_emotibit.tsv.gz	True	12.499999999993605	418.44000000000005	0.0	True	True	False	True	80.34749941300775	80.2066212725992	0.0	True	80.34749941300775	11563.829339567505	11447.0	429.9336384489942	10890.0	12342.8	13847.0	-0.6745074936692478	True	80.27706034280348	140761.94676806085	140340.0	1292.6194022500788	137066.0	143615.5	145639.0	-0.8806495487933041	True	80.32401972293965	172642.657410114	172092.0	2513.98223496534	165216.0	177834.0	182111.0	-1.6608280729341363	11563.829339567505	429.9336384489942	74.99999999996163	0.0	389.0	377.0	0.9716494845360825	1.0389762855125042	0.8862221453845738	73.96102371444913		0.06996947640291148	ppg_fft_proxy	138.07182836210123	108.20944422572657	78.72340425531915	138.07182836210123	108.20944422572657	78.72340425531915	1.3242635234341333	1.31737697	0.12745297970753874	0.466684014	1.49104404	2.67424011	0.00012626197110476425	1.3106413665133545	1.3008448026298784	0.09438400292771473	0.0001186008329023511	7.546483167954347e-05	0.0850962884236099	95.0	0.2270337443839021	0.19846871784908232	0.8273106400761723	13.622024663034125	0.00012626197110476425	95.0	0.2270337443839021	0.2270337443839021	False	0.0								True	10.636299600845268	9.722387424701987	7.49030018	5.333331197336775	2.99309993	19.94092062	21.5408993	0.021804142939306756	False	0.0												False	0.0	0.6960451354315161	0.29565906063691005	1.007546261631737	2.244927200376262	0.20367548414565687	0.6812943842099396	2.522976103012538	12.044189545420815	0.002113172106128199	True	31.697581591922987	6.638684706991238	20.49577878786867	33.40169906999996	384.583008	6.3468452111207725	32.44831246910145	73.19165430078978	376.2016144757884		True	69.71119981216248	38.942273406363455	19.476825304925725	56.868268832451726	59.54829972383762	15.541004844395053	43.18564576337837	131.43221586580478	690.674489176712		0.6960451354315161	0.002113172106128199	False	temp_low_coverage;accel_low_coverage;gyro_low_coverage;mag_low_coverage;hr_low_coverage;channel_map_unconfirmed	Temperature channel has insufficient usable samples (< 80%). Accelerometer channels have insufficient usable samples (< 80%). Gyroscope channels have insufficient usable samples (< 80%). Magnetometer channels have insufficient usable samples (< 80%). Device HR channel has insufficient usable samples (< 50%). EmotiBit value_* channel mapping has not been explicitly confirmed for this dataset; verify PPG/EDA/temperature/IMU column indices before interpreting features.																														
ses-20260318_grp-11_run01	T1	T1	P4	C:\Users\amodica\Downloads\affectai_physio\bids_release_no_video\sub-01\ses-20260318_grp-11_run01\physio\sub-01_ses-20260318_grp-11_run01_task-T1_run-01_acq-P4_emotibit.tsv.gz	True	12.499999999993605	354.84	67.64327936263172	True	True	True	True	88.02364430737599	87.99794397327165	67.64327936263172	True	88.02364430737599	9246.122627737226	9601.0	1886.1201090700322	5969.0	12151.599999999999	14694.0	-0.37510337477524053	True	88.10074530968902	136022.2852975496	132699.0	15184.175244804364	97521.0	163311.69999999998	180110.0	0.36646990068902957	True	88.02364430737599	153525.18569343066	155292.0	15641.842663865993	93589.0	179576.2	199487.0	-3.25770773809718	9246.122627737226	1886.1201090700322	49.99999999997442	1.0	138.0	66.0	0.48175182481751827	12.027756360826537	0.5327189610946867	37.972243639147884		0.06245181187355436	ppg_fft_proxy							0.11890609000671729	0.0301520005	0.17401319427967002	0.03015	0.359025209	1.76288998	6.792601186672317e-05	0.12282481122417493	0.07174151830650255	0.10945008600236059	8.162710090647931e-05	-0.0010792347892224902	0.12887005449537797	33.0	0.09299966181941158	0.3644114031499874	1.1676548073364883	5.579979709164695	6.792601186672317e-05	33.0	0.09299966181941158	0.09299966181941158	True	67.64327936263172	37.124229824012154	37.137001049999995	0.3315928493867322	36.4389992	37.6119995	37.7260017	0.0005748059033172363	True	27.345155487021334	12.097596154532892	11.5225501	9.20493777356731	0.153300002	28.455935215	37.2205009	0.0022723322957465177	True	67.56617836031869	34.656880953252184	34.4090004	0.6331841475263726	33.9000015	35.9259987	36.0769997	0.0007925286943326981	37.124229824012154	0.3315928493867322	0.0005748059033172363	0.0005748059033172363	True	87.40683628887176	0.8465978199967564	0.3104465665769071	1.0173971518190439	1.9059325436856371	0.13399672422212103	0.9465907153772427	3.0185832639197003	12.407914710009214	0.0015420200462606013	True	82.18966846569006	8.472478403975424	29.56669908395673	35.16975863936359	631.197845216244	7.849064898410699	33.75746826107704	80.65067405239729	394.70847346632587		True	86.12181958365458	43.820576752582014	16.824877658514644	60.440052945046304	69.2098258919931	11.028080345344492	50.882216932834204	141.23559748292553	679.1538853599587		0.8465978199967564	0.0015420200462606013	False	temp_low_coverage;hr_low_coverage;hrv_unreliable;channel_map_unconfirmed	Temperature channel has insufficient usable samples (< 80%). Device HR channel has insufficient usable samples (< 50%). Beat-detection quality is insufficient for HRV computation. EmotiBit value_* channel mapping has not been explicitly confirmed for this dataset; verify PPG/EDA/temperature/IMU column indices before interpreting features.																														
ses-20260318_grp-11_run01	T2	T2	P1	C:\Users\amodica\Downloads\affectai_physio\bids_release_no_video\sub-01\ses-20260318_grp-11_run01\physio\sub-01_ses-20260318_grp-11_run01_task-T2_run-01_acq-P1_emotibit.tsv.gz	True	12.500000000011369	856.6800000000001	55.61051809424629	True	True	True	True	72.61997743643148	72.5505510717695	55.61051809424629	True	72.61997743643148	12140.040989483748	11786.5	3151.2946552070466	5845.0	16806.0	17568.0	-0.6870415001148182	True	72.63733402759698	138622.48602150538	138907.0	8408.60518631448	115147.0	149564.0	150157.0	-1.4573279151601781	True	72.55922936735224	174662.01411314437	175511.0	6262.457923466853	153069.0	183473.0	188771.0	2.9488831047072557	12140.040989483748	3151.2946552070466	75.00000000006821	0.0	833.0	571.0	0.6862980769230769	127.35615725083181	0.4575010468805766	202.35615725090003		0.04877202117504122	ppg_fft_proxy							0.19346887825857653	0.200940996	0.04162707011936989	0.095269002	0.25992245075	1.18624496	-1.5514025898722055e-05	0.19342927064548213	0.19915428369918264	0.03645898345939931	-1.560366381417909e-05	2.1048762258919222e-05	0.01856255113533635	139.0	0.16225428398001587	0.057391189706055314	0.11570692839505534	9.735257038800953	-1.5514025898722055e-05	139.0	0.16225428398001587	0.16225428398001587	True	55.61051809424629	36.02542259725344	36.0180016	0.11799088341898738	35.6100006	36.2330017	36.3909988	5.3864808988508485e-05	True	22.33793282999219	27.437726503360523	28.3310995	11.65320424580787	4.84700012	46.061710775	53.8632011	0.0017120781115892408	True	55.584483207498046	33.44825745526932	33.4799995	0.23732587543270262	32.2770004	33.7109985	34.2789993	0.00014934369035139104	36.02542259725344	0.11799088341898738	5.3864808988508485e-05	5.3864808988508485e-05	True	71.56122537533628	0.768966147499931	0.4659747652542233	1.0724985524755954	1.6873727654935058	0.2946912168022721	1.050029507000637	7.024297391983426	13.358413458935084	0.00034713182330990195	True	57.82348346784691	6.10662610827345	15.952344667960594	33.77962698899852	236.58526635414134	5.760359583492201	32.863044746027384	62.231007428217694	308.5341664997676		True	68.57589169487113	40.02927069632405	25.249555841265366	70.60878081208354	80.95060222135473	19.63751473708844	46.9148164229596	354.80260603429286	846.0385629516553		0.768966147499931	0.00034713182330990195	False	ppg_low_coverage;eda_low_coverage;temp_low_coverage;accel_low_coverage;gyro_low_coverage;mag_low_coverage;hr_low_coverage;ppg_hr_mismatch;hrv_unreliable;eda_phasic_detection_limited;channel_map_unconfirmed	PPG channel has insufficient usable samples (< 80%). EDA channel has insufficient usable samples (< 80%). Temperature channel has insufficient usable samples (< 80%). Accelerometer channels have insufficient usable samples (< 80%). Gyroscope channels have insufficient usable samples (< 80%). Magnetometer channels have insufficient usable samples (< 80%). Device HR channel has insufficient usable samples (< 50%). PPG-derived HR disagrees with device HR by more than 20 bpm. Beat-detection quality is insufficient for HRV computation. EDA phasic peak detection is limited: scipy not available or EDA coverage is low; eda_phasic_rate_hz should be treated as unreliable. EmotiBit value_* channel mapping has not been explicitly confirmed for this dataset; verify PPG/EDA/temperature/IMU column indices before interpreting features.																														
ses-20260318_grp-11_run01	T2	T2	P2	C:\Users\amodica\Downloads\affectai_physio\bids_release_no_video\sub-01\ses-20260318_grp-11_run01\physio\sub-01_ses-20260318_grp-11_run01_task-T2_run-01_acq-P2_emotibit.tsv.gz	True	12.500000000011369	856.72	55.20985951908989	True	True	True	True	72.1278979574248	72.06756873222443	55.20985951908989	True	72.1278979574248	7612.556816823993	6663.0	1731.411853649573	5716.0	10987.199999999999	16903.0	0.42958349677640656	True	72.13651641816772	126902.3853046595	123898.5	9201.339404112672	93734.0	146938.44999999995	182365.0	-2.112564161155629	True	72.17099026113935	177298.4716981132	180037.0	13525.182679958412	101202.0	193159.05	221471.0	-4.728085154388982	7612.556816823993	1731.411853649573	50.000000000045475	1.0	186.0	92.0	0.4972972972972973	13.673187968641244	0.526155727746937	36.32681203140423		0.05455485650262863	ppg_fft_proxy							0.2791800347150562	0.134694003	0.325489266789819	0.0301060006	1.0959823175	1.40078998	8.272083289169053e-05	0.2807323378680471	0.13251015916703188	0.3204059610723084	8.307929486979412e-05	-0.0005059411173231351	0.05262849593836175	60.0	0.07003455037818657	0.1640344989915614	0.5928420268750995	4.202073022691194	8.272083289169053e-05	60.0	0.07003455037818657	0.07003455037818657	True	55.20985951908989	35.497567282969094	35.5110016	0.11236254461059617	35.0909996	35.6549988	35.8079987	1.4453393978724494e-05	True	22.14082564853917	15.72088696270144	13.9819002	9.943441804933528	1.56159997	36.59042051999998	49.026001	-0.0010922507883547301	True	55.184004136861155	32.784609547524596	32.7719994	0.22403835852969958	32.2540016	33.269001	33.5169983	3.8713747456006364e-05	35.497567282969094	0.11236254461059617	1.4453393978724494e-05	1.4453393978724494e-05	True	71.23157804016202	0.7047209278731656	0.43309247973630016	1.0224094548678946	1.8062123121837048	0.2788319817764288	0.9576648864984036	6.576740054239184	12.751644600401216	8.618460742911317e-05	True	57.140394725502034	3.788403228364473	15.933533127749346	12.539212983222086	358.95597663027445	3.3665159813269683	11.647355360257523	40.844956987348866	144.08917980023034		True	67.637679910368	26.03179613971422	17.528400952005725	43.829214001622255	66.58077800686922	14.634580517757763	35.14256678161116	238.64849615376397	537.6453291906532		0.7047209278731656	8.618460742911317e-05	False	ppg_low_coverage;eda_low_coverage;temp_low_coverage;accel_low_coverage;gyro_low_coverage;mag_low_coverage;hr_low_coverage;hrv_unreliable;eda_phasic_detection_limited;channel_map_unconfirmed	PPG channel has insufficient usable samples (< 80%). EDA channel has insufficient usable samples (< 80%). Temperature channel has insufficient usable samples (< 80%). Accelerometer channels have insufficient usable samples (< 80%). Gyroscope channels have insufficient usable samples (< 80%). Magnetometer channels have insufficient usable samples (< 80%). Device HR channel has insufficient usable samples (< 50%). Beat-detection quality is insufficient for HRV computation. EDA phasic peak detection is limited: scipy not available or EDA coverage is low; eda_phasic_rate_hz should be treated as unreliable. EmotiBit value_* channel mapping has not been explicitly confirmed for this dataset; verify PPG/EDA/temperature/IMU column indices before interpreting features.																														
ses-20260318_grp-11_run01	T2	T2	P3	C:\Users\amodica\Downloads\affectai_physio\bids_release_no_video\sub-01\ses-20260318_grp-11_run01\physio\sub-01_ses-20260318_grp-11_run01_task-T2_run-01_acq-P3_emotibit.tsv.gz	True	12.500000000011369	856.6400000000001	0.0	True	True	False	True	72.45446660884649	72.35039028620989	0.0	True	72.45446660884649	11398.874670816376	11370.0	419.28807324141997	9940.0	12121.0	13133.0	0.06587179718066116	True	72.41110147441458	142218.40795304827	141558.0	2662.14342451896	137897.0	146468.0	147799.0	1.6453865144700612	True	72.41977450130095	174091.8833532934	172843.5	4615.264290735651	165101.0	181477.55	183365.0	2.177401181216342	11398.874670816376	419.28807324141997	62.50000000005684	0.0	931.0	852.0	0.9161290322580645	3.8269731136201415	0.8197283794623926	58.6730268864367		0.057155247181266265	ppg_fft_proxy	162.68025345694767	128.81931473488015	82.13866039952997	162.68025345694767	128.81931473488015	82.13866039952997	1.7931952398707742	1.82282996	0.22907485629266777	0.616805971	2.08972597	2.4744401	0.00016987263266874538	1.7938831657889025	1.853679866372108	0.1926861523322635	0.0001656935833726679	0.0005633285484345962	0.11091590517279128	323.0	0.37705453866268207	0.24768203358593704	0.5057153110093249	22.623272319760925	0.00016987263266874538	323.0	0.37705453866268207	0.37705453866268207	False	0.0								True	22.315698178664352	23.78818964157404	24.4090996	8.978027307880193	3.41680002	36.87974090000001	51.5741005	0.0008839072871345879	True	30.693842150910665	34.44981910257135	34.4459991	0.08119888318345597	34.2200012	34.5849991	34.7169991	-0.00011084023884812078					True	68.6990459670425	0.732250364930745	0.45359774421457966	1.0520245731314786	6.369975949246904	0.2972659673173441	0.9894410024662731	6.918602363755403	12.981224466732334	0.003295750216825672	True	57.823070251517784	16.01055099916665	44.50741455381579	82.90850811923538	659.0847683685491	15.487216040358023	81.14216503996624	183.85021168662752	912.4451069218634		True	68.73373807458803	28.844061792146068	18.166281072944802	48.945375343671124	57.39337940912697	14.672446476048881	34.935654406229126	257.947263507438	596.0809508788603		0.732250364930745	0.003295750216825672	False	ppg_low_coverage;eda_low_coverage;temp_low_coverage;accel_low_coverage;gyro_low_coverage;mag_low_coverage;hr_low_coverage;eda_phasic_detection_limited;channel_map_unconfirmed	PPG channel has insufficient usable samples (< 80%). EDA channel has insufficient usable samples (< 80%). Temperature channel has insufficient usable samples (< 80%). Accelerometer channels have insufficient usable samples (< 80%). Gyroscope channels have insufficient usable samples (< 80%). Magnetometer channels have insufficient usable samples (< 80%). Device HR channel has insufficient usable samples (< 50%). EDA phasic peak detection is limited: scipy not available or EDA coverage is low; eda_phasic_rate_hz should be treated as unreliable. EmotiBit value_* channel mapping has not been explicitly confirmed for this dataset; verify PPG/EDA/temperature/IMU column indices before interpreting features.																														
ses-20260318_grp-11_run01	T2	T2	P4	C:\Users\amodica\Downloads\affectai_physio\bids_release_no_video\sub-01\ses-20260318_grp-11_run01\physio\sub-01_ses-20260318_grp-11_run01_task-T2_run-01_acq-P4_emotibit.tsv.gz	True	12.500000000011369	856.6000000000001	55.09059534081104	True	True	True	True	72.10526315789474	71.89818809318378	55.09059534081104	True	72.10526315789474	9876.530214191696	9691.0	2480.666090476021	4149.0	14999.8	16257.0	0.6764030560540192	True	72.02761000862813	138043.91914230955	134870.0	16124.71018599917	58536.0	163539.2	202176.0	1.7945491678348668	True	71.99309749784297	160846.90160594438	163366.5	18575.969571372716	55009.0	181764.25	203151.0	-2.7396543485841356	9876.530214191696	2480.666090476021	68.18181818188019	0.0	482.0	245.0	0.5093555093555093	129.51015765954207	0.37526222932943165	197.69197584142228		0.055565142364106986	ppg_fft_proxy							1.3059031664156007	1.39610696	1.3095740353991492	0.0301510002	3.48697901	18.4635067	-9.94801102733886e-06	1.30839621952264	1.3575456470783798	1.220438813166012	-1.708855960640485e-05	1.1225568555055094e-05	0.43623730713595676	100.0	0.11674060238150827	1.429240654665924	4.655241116566476	7.004436142890496	-9.94801102733886e-06	100.0	0.11674060238150827	0.11674060238150827	True	55.09059534081104	37.142989981628816	37.137001	0.21375529774355892	36.355999	37.5379982	37.7599983	-0.0001640870478814355	True	22.200172562553927	10.123193546851146	8.46000004	7.413185154867432	0.2412	25.730999760000007	41.0306015	-0.0030591231173000026	True	55.1251078515962	35.413914538957584	35.8269997	0.8474140576040217	33.5480003	36.2410011	36.3520012	-0.00023835628926162405	37.142989981628816	0.21375529774355892	-0.0001640870478814355	-0.0001640870478814355	True	70.88869715271787	0.7225642633841967	0.4444184087564941	1.0479219502408537	1.7728335960190973	0.2963613698583126	0.9731194461871133	6.818357823362494	12.953534458196355	0.0009490940465918896	True	56.93701466781709	8.116382608572136	25.289440519742296	35.174352973459314	393.5211139750443	7.5943732550283185	33.80288914981759	92.90485873415757	417.27176908869257		True	67.86022433132011	29.336007338292795	18.354898454125635	50.91168824543142	71.42828571371429	14.006973568728732	35.369478367654786	254.3508952782999	622.6204702711799		0.7225642633841967	0.0009490940465918896	False	ppg_low_coverage;eda_low_coverage;temp_low_coverage;accel_low_coverage;gyro_low_coverage;mag_low_coverage;hr_low_coverage;ppg_hr_mismatch;hrv_unreliable;eda_phasic_detection_limited;channel_map_unconfirmed	PPG channel has insufficient usable samples (< 80%). EDA channel has insufficient usable samples (< 80%). Temperature channel has insufficient usable samples (< 80%). Accelerometer channels have insufficient usable samples (< 80%). Gyroscope channels have insufficient usable samples (< 80%). Magnetometer channels have insufficient usable samples (< 80%). Device HR channel has insufficient usable samples (< 50%). PPG-derived HR disagrees with device HR by more than 20 bpm. Beat-detection quality is insufficient for HRV computation. EDA phasic peak detection is limited: scipy not available or EDA coverage is low; eda_phasic_rate_hz should be treated as unreliable. EmotiBit value_* channel mapping has not been explicitly confirmed for this dataset; verify PPG/EDA/temperature/IMU column indices before interpreting features.																														
ses-20260318_grp-11_run01	T3	T3	P1	C:\Users\amodica\Downloads\affectai_physio\bids_release_no_video\sub-01\ses-20260318_grp-11_run01\physio\sub-01_ses-20260318_grp-11_run01_task-T3_run-01_acq-P1_emotibit.tsv.gz	True	12.500000000011369	607.1599999999999	55.21532267902891	True	True	True	True	72.11174820056118	72.06294985970477	55.21532267902891	True	72.11174820056118	9862.13128066317	8992.0	1908.2326142411187	7933.0	14147.0	15423.0	-0.47682884403887765	True	72.1483469562035	133446.19496110923	132545.0	2908.324030767917	128777.0	139470.44999999998	143547.0	-0.4923678048376506	True	72.1483469562035	176060.92830571526	175781.5	3527.0453202128806	166981.0	182672.35	187559.0	0.13348934008417643	9862.13128066317	1908.2326142411187	68.18181818188019	0.0	422.0	229.0	0.5439429928741093	140.43108897946604	0.3837768454571767	208.61290716134624		0.03928266438941076	ppg_fft_proxy							0.23990744743744707	0.250203013	0.031888241261069435	0.114274003	0.27142669269999997	0.28758499	3.464357160812149e-05	0.23991399791680493	0.2483236840887234	0.029158548515789796	3.459972748156944e-05	-6.087549109415509e-06	0.011450939028336559	141.0	0.23222873707095334	0.026601278872850097	0.10031275400767742	13.933724224257201	3.464357160812149e-05	141.0	0.23222873707095334	0.23222873707095334	True	55.21532267902891	36.01361511354397	36.0040016	0.1005548146863376	35.7299995	36.1920013	36.3650017	1.6491328555349651e-06	True	22.23984384530926	28.790307042616565	30.3761005	10.771221679539241	3.11730003	43.69874873999999	51.3788986	-0.007250961920391754	True	55.23972184945711	33.535347623454065	33.5270004	0.09442387898920745	33.0909996	33.6769981	34.1800003	3.2548705225203658e-06	36.01361511354397	0.1005548146863376	1.6491328555349651e-06	1.6491328555349651e-06	True	70.94058802000733	0.7663419565455695	0.47139071896074314	1.0850179821236092	2.190152708813703	0.3044571847169827	1.0512021915759122	7.221966785072404	13.457758294444309	0.0013419543735512993	True	56.56947663779432	8.970152674544492	22.81950207229086	45.077646928212594	315.897339951792	8.504834114923378	43.734646878212594	88.81993241102016	429.3775348900571		True	68.1590825911919	47.423320175427904	29.49086550672478	76.8570100901668	88.24397996464121	22.78012402519655	63.28506932918696	423.6897009600298	938.2497002406136		0.7663419565455695	0.0013419543735512993	False	ppg_low_coverage;eda_low_coverage;temp_low_coverage;accel_low_coverage;gyro_low_coverage;mag_low_coverage;hr_low_coverage;ppg_hr_mismatch;hrv_unreliable;eda_phasic_detection_limited;channel_map_unconfirmed	PPG channel has insufficient usable samples (< 80%). EDA channel has insufficient usable samples (< 80%). Temperature channel has insufficient usable samples (< 80%). Accelerometer channels have insufficient usable samples (< 80%). Gyroscope channels have insufficient usable samples (< 80%). Magnetometer channels have insufficient usable samples (< 80%). Device HR channel has insufficient usable samples (< 50%). PPG-derived HR disagrees with device HR by more than 20 bpm. Beat-detection quality is insufficient for HRV computation. EDA phasic peak detection is limited: scipy not available or EDA coverage is low; eda_phasic_rate_hz should be treated as unreliable. EmotiBit value_* channel mapping has not been explicitly confirmed for this dataset; verify PPG/EDA/temperature/IMU column indices before interpreting features.																														
ses-20260318_grp-11_run01	T3	T3	P2	C:\Users\amodica\Downloads\affectai_physio\bids_release_no_video\sub-01\ses-20260318_grp-11_run01\physio\sub-01_ses-20260318_grp-11_run01_task-T3_run-01_acq-P2_emotibit.tsv.gz	True	12.500000000011369	607.0799999999999	54.98662126003405	True	True	True	True	71.90464607151544	71.85599610800291	54.98662126003405	True	71.90464607151544	8692.31546008119	8245.5	1548.295840459785	5817.0	11060.0	20572.0	1.1594443798000216	True	71.95329603502798	127156.07437457742	123601.0	10029.869972277658	94240.0	148819.5	188263.0	2.4627347749687476	True	71.95329603502798	168695.45875591616	168129.5	10662.174327735394	100299.0	187559.0	206762.0	-1.216470484706697	8692.31546008119	1548.295840459785	50.000000000045475	1.0	213.0	106.0	0.5	8.495499878382816	0.5581222115879055	41.50450012166266		0.04804183896862077	ppg_fft_proxy							0.031213385370582263	0.0301070008	0.003429474615106206	0.0301050004	0.03930955137	0.0497689992	-2.005480241996426e-06	0.031225754175496417	0.0301161945583113	0.0031273284808384506	-2.0295196951935866e-06	-3.4826459875022616e-10	0.0012716091359877572	30.0	0.0494168808064835	0.006510687549126258	0.013632550081770499	2.96501284838901	-2.005480241996426e-06	30.0	0.0494168808064835	0.0494168808064835	True	54.98662126003405	35.02855985233356	35.0139999	0.14763603605993533	34.5349998	35.2719994	35.6069984	-0.00015007468355642843	True	22.184383361712477	8.337685911326753	5.895799875	7.682239949702866	0.25909999	25.890324115	30.4563007	-0.006834282245758296	True	55.02310873266845	32.50809835019894	32.599498749999995	0.6431342647802388	30.9510002	33.390549054999994	33.5769997	-0.000771694713507837	35.02855985233356	0.14763603605993533	-0.00015007468355642843	-0.00015007468355642843	True	70.45730965701776	0.708535077521105	0.4357245321702449	1.0256758073050543	1.9571760427294222	0.2862705297441762	0.9623274134019744	6.657612004246654	12.80300873415545	0.0008513743614692289	True	57.406956944782294	8.12925873629807	25.786591269509127	37.56884528527728	815.045835830575	7.554968865832912	36.240546011179596	90.12871174655557	426.1885370247404		True	69.10727316954512	24.69536292936857	18.55448585084877	54.88761068450569	62.23343153000644	15.649318200454262	29.080634883377805	231.4633740860242	666.1456297243172		0.708535077521105	0.0008513743614692289	False	ppg_low_coverage;eda_low_coverage;temp_low_coverage;accel_low_coverage;gyro_low_coverage;mag_low_coverage;hr_low_coverage;hrv_unreliable;eda_phasic_detection_limited;channel_map_unconfirmed	PPG channel has insufficient usable samples (< 80%). EDA channel has insufficient usable samples (< 80%). Temperature channel has insufficient usable samples (< 80%). Accelerometer channels have insufficient usable samples (< 80%). Gyroscope channels have insufficient usable samples (< 80%). Magnetometer channels have insufficient usable samples (< 80%). Device HR channel has insufficient usable samples (< 50%). Beat-detection quality is insufficient for HRV computation. EDA phasic peak detection is limited: scipy not available or EDA coverage is low; eda_phasic_rate_hz should be treated as unreliable. EmotiBit value_* channel mapping has not been explicitly confirmed for this dataset; verify PPG/EDA/temperature/IMU column indices before interpreting features.																														
ses-20260318_grp-11_run01	T3	T3	P3	C:\Users\amodica\Downloads\affectai_physio\bids_release_no_video\sub-01\ses-20260318_grp-11_run01\physio\sub-01_ses-20260318_grp-11_run01_task-T3_run-01_acq-P3_emotibit.tsv.gz	True	12.500000000011369	607.1599999999999	0.0	True	True	False	True	72.59485924112607	72.48470012239903	0.0	True	72.59485924112607	11324.75569044006	11319.0	508.8075448398571	9994.0	12156.5	13522.0	0.0668584856867882	True	72.50917992656059	142659.95357866306	142257.0	2124.986357275749	138224.0	146513.55	147406.0	-0.7199442039001529	True	72.55813953488372	174434.54706477732	174479.5	4131.452338616523	165483.0	181400.6	183005.0	-0.13649086613170633	11324.75569044006	508.8075448398571	62.50000000005684	0.0	658.0	588.0	0.8949771689497716	0.5354957160347595	0.8431446324183651	61.964504284022084		0.05055079559363525	ppg_fft_proxy	164.236917001794	128.80209696601858	81.09028960817717	164.236917001794	128.80209696601858	81.09028960817717	2.081667767183722	2.07407188	0.23965928731061176	0.794139981	2.36455607	6.13428402	0.00010567051271184899	2.081027589973523	2.0599096810952835	0.1592146267765375	0.00010444834140416797	-0.00029141654096520575	0.15973919053917826	204.0	0.3359905132090389	0.31555539807136956	0.5191215987986305	20.159430792542334	0.00010567051271184899	204.0	0.3359905132090389	0.3359905132090389	False	0.0								True	22.350061199510403	22.218434947864182	23.335949900000003	7.778786517789172	5.87580013	33.24974915	39.8251991	-0.008548491848230463	True	55.532435740514074	34.37006963753581	34.3720016	0.060620274530108466	34.1889992	34.4669991	34.5489998	-3.6950354165548204e-05					True	71.6156670746634	0.7278377518179957	0.44530406636339626	1.0338788917886967	2.1024844868569192	0.29014765333622267	0.9853032489813551	6.786037743394541	12.835937144501386	0.001101591187270502	True	58.090575275397796	11.780971898373364	30.764275682407256	57.97974837712694	418.91799541774526	11.1912196523589	56.053191239301455	129.86501369794547	618.189790196638		True	68.67809057527539	33.55802025961016	21.47874839083378	60.207972893961475	63.079315151640635	17.009922083490263	37.8021163428716	303.7238222165983	743.3454496936043		0.7278377518179957	0.001101591187270502	False	ppg_low_coverage;eda_low_coverage;temp_low_coverage;accel_low_coverage;gyro_low_coverage;mag_low_coverage;hr_low_coverage;eda_phasic_detection_limited;channel_map_unconfirmed	PPG channel has insufficient usable samples (< 80%). EDA channel has insufficient usable samples (< 80%). Temperature channel has insufficient usable samples (< 80%). Accelerometer channels have insufficient usable samples (< 80%). Gyroscope channels have insufficient usable samples (< 80%). Magnetometer channels have insufficient usable samples (< 80%). Device HR channel has insufficient usable samples (< 50%). EDA phasic peak detection is limited: scipy not available or EDA coverage is low; eda_phasic_rate_hz should be treated as unreliable. EmotiBit value_* channel mapping has not been explicitly confirmed for this dataset; verify PPG/EDA/temperature/IMU column indices before interpreting features.																														
ses-20260318_grp-11_run01	T3	T3	P4	C:\Users\amodica\Downloads\affectai_physio\bids_release_no_video\sub-01\ses-20260318_grp-11_run01\physio\sub-01_ses-20260318_grp-11_run01_task-T3_run-01_acq-P4_emotibit.tsv.gz	True	12.500000000011369	607.1599999999999	55.75504181013281	True	True	True	True	72.79881947860305	72.73733398917855	55.75504181013281	True	72.79881947860305	9331.97820945946	8976.0	2831.398165867983	4789.0	13926.0	16826.0	0.24291218767337103	True	72.81111657648795	134436.34774531328	136280.0	19941.444255670787	66580.0	166158.0	200025.0	3.848704536915241	True	72.84800787014265	149378.88993923026	153074.0	25367.177031343886	63079.0	174427.09999999998	211748.0	0.9066965874989791	9331.97820945946	2831.398165867983	50.000000000045475	0.0	282.0	131.0	0.46619217081850534	6.283817019189186	0.5796918893461311	43.71618298085629		0.047589768814559764	ppg_fft_proxy							0.11130437657972948	0.0302540008	0.1235328096578779	0.0301510002	0.36019279670000004	0.725938022	-1.1349935679573892e-05	0.11161814133664201	0.04181340461295378	0.10824546756395031	-1.1057059590339244e-05	-0.0001286388895810169	0.053465077711778906	90.0	0.14823110876869364	0.165167920173005	0.4855783465526631	8.893866526121618	-1.1349935679573892e-05	90.0	0.14823110876869364	0.14823110876869364	True	55.75504181013281	36.2198026183723	36.213501	0.22048890068684276	35.6310005	36.561350625	36.7010002	-0.00020892511495213055	True	22.417609444171173	17.933587017942955	15.8699999	10.740348150531137	1.26789999	39.48116872999999	50.8470993	-0.0011160067909519798	True	55.73044761436301	34.160805146182696	34.1990013	0.5192438979924887	33.125	35.012001	35.3899994	-0.00042764318470921544	36.2198026183723	0.22048890068684276	-0.00020892511495213055	-0.00020892511495213055	True	71.91342843089032	0.7282514172259003	0.44341733987402926	1.0533499803804274	2.348825084507147	0.292977695703658	0.9796854014921266	6.768169989128294	13.011689355344894	0.0015986227250368913	True	57.20609936055091	14.378970453116905	36.23529072940109	67.93668267686299	475.5339860447117	13.447504780108403	65.19333171606364	157.47087636542125	757.5074731702869		True	68.48253812100344	30.511962295800284	20.30721655516199	52.03844732503075	185.14318783039252	17.343168581961113	36.72873534441391	261.8290003148802	643.1732595523214		0.7282514172259003	0.0015986227250368913	False	ppg_low_coverage;eda_low_coverage;temp_low_coverage;accel_low_coverage;gyro_low_coverage;mag_low_coverage;hr_low_coverage;hrv_unreliable;eda_phasic_detection_limited;channel_map_unconfirmed	PPG channel has insufficient usable samples (< 80%). EDA channel has insufficient usable samples (< 80%). Temperature channel has insufficient usable samples (< 80%). Accelerometer channels have insufficient usable samples (< 80%). Gyroscope channels have insufficient usable samples (< 80%). Magnetometer channels have insufficient usable samples (< 80%). Device HR channel has insufficient usable samples (< 50%). Beat-detection quality is insufficient for HRV computation. EDA phasic peak detection is limited: scipy not available or EDA coverage is low; eda_phasic_rate_hz should be treated as unreliable. EmotiBit value_* channel mapping has not been explicitly confirmed for this dataset; verify PPG/EDA/temperature/IMU column indices before interpreting features.																														
ses-20260318_grp-11_run01	T4	T4	P1	C:\Users\amodica\Downloads\affectai_physio\bids_release_no_video\sub-01\ses-20260318_grp-11_run01\physio\sub-01_ses-20260318_grp-11_run01_task-T4_run-01_acq-P1_emotibit.tsv.gz	True	12.500000000011369	470.8000000000002	55.417518477748075	True	True	True	True	72.33841799025004	72.3541437332914	55.417518477748075	True	72.33841799025004	10782.789782608696	10319.0	1336.0171706882609	8086.0	13184.0	15052.0	0.6382856004481113	True	72.33841799025004	136823.4043478261	136632.5	2054.46673086764	132842.0	140369.2	144507.0	-0.3052759728224219	True	72.38559521937411	174290.95220508365	173400.0	2707.2560456795313	170731.0	180918.5	186962.0	-3.0752378067970323	10782.789782608696	1336.0171706882609	75.00000000006821	0.0	511.0	362.0	0.7098039215686275	108.63736436556505	0.45458536053203713	183.63736436563326		0.03994338732505111	ppg_fft_proxy							0.26693644770310804	0.265516013	0.016887877381109414	0.207204998	0.299923986	0.302670985	2.49626417661776e-05	0.26675689964354593	0.2656321014068119	0.016100494573998862	2.4696504727450568e-05	2.2021770827399392e-05	0.0037950280497253412	88.0	0.18691588785046723	0.009816381933728103	0.027599820050439112	11.214953271028033	2.49626417661776e-05	88.0	0.18691588785046723	0.18691588785046723	True	55.417518477748075	36.19115977480136	36.1899986	0.07002225300353875	35.9729996	36.3079987	36.4339981	5.932050946725284e-05	True	22.23620066048121	24.356862717715703	25.0757999	9.000672913447099	4.48019981	38.64063982999999	47.7141991	-0.0030814939896140273	True	55.38606699166536	33.74595996354344	33.7439995	0.07081800909900628	33.4790001	33.848999	34.4169998	8.298838819742799e-05	36.19115977480136	0.07002225300353875	5.932050946725284e-05	5.932050946725284e-05	True	71.23761597735493	0.7672978176373719	0.46434641762949874	1.0685919716310046	1.598315342225057	0.293537338499251	1.0507968516688657	7.032011962524777	13.30205567885832	0.00015725743041358704	True	56.97436703884259	4.101335109721724	13.110982757977265	18.8258653774563	177.73561717014687	3.8066675365564873	18.145487553142484	40.037779071598244	172.60508725704503		True	69.30334958326782	52.03906190648156	32.18058040234217	90.47651629014017	95.63472172804185	24.259405230199302	59.30430001273095	461.01959924816606	1117.5062894206403		0.7672978176373719	0.00015725743041358704	False	ppg_low_coverage;eda_low_coverage;temp_low_coverage;accel_low_coverage;gyro_low_coverage;mag_low_coverage;hr_low_coverage;ppg_hr_mismatch;hrv_unreliable;eda_phasic_detection_limited;channel_map_unconfirmed	PPG channel has insufficient usable samples (< 80%). EDA channel has insufficient usable samples (< 80%). Temperature channel has insufficient usable samples (< 80%). Accelerometer channels have insufficient usable samples (< 80%). Gyroscope channels have insufficient usable samples (< 80%). Magnetometer channels have insufficient usable samples (< 80%). Device HR channel has insufficient usable samples (< 50%). PPG-derived HR disagrees with device HR by more than 20 bpm. Beat-detection quality is insufficient for HRV computation. EDA phasic peak detection is limited: scipy not available or EDA coverage is low; eda_phasic_rate_hz should be treated as unreliable. EmotiBit value_* channel mapping has not been explicitly confirmed for this dataset; verify PPG/EDA/temperature/IMU column indices before interpreting features.																														
ses-20260318_grp-11_run01	T4	T4	P2	C:\Users\amodica\Downloads\affectai_physio\bids_release_no_video\sub-01\ses-20260318_grp-11_run01\physio\sub-01_ses-20260318_grp-11_run01_task-T4_run-01_acq-P2_emotibit.tsv.gz	True	12.500000000011369	470.84000000000015	55.13784461152882	True	True	True	True	72.11779448621553	72.05513784461152	55.13784461152882	True	72.11779448621553	10638.0977410947	10323.5	2365.4744447638177	6737.0	14168.849999999999	16361.0	1.3847163840520968	True	72.14912280701753	133512.64068606167	128031.0	13643.691646897078	79635.0	153165.75	173612.0	-1.6517505072776792	True	72.16478696741855	167731.96396787497	169889.0	8652.26332299125	82981.0	176513.1	201741.0	-7.386410133430896	10638.0977410947	2365.4744447638177	53.57142857147729	0.0	123.0	66.0	0.5409836065573771	17.387218045128584	0.48908317086704456	36.18421052634871		0.05592105263157895	ppg_fft_proxy							0.03011538561306522	0.0301070008	4.737884771713275e-05	0.0301050004	0.0301099997	0.0307299998	-1.8353769668991852e-08	0.0301154116068057	0.03010741802873134	4.07960240708093e-05	-1.8300514278356613e-08	1.3772564599579096e-08	1.8224700704418784e-05	0.0	0.0			0.0	-1.8353769668991852e-08	0.0	0.0	0.0	True	55.13784461152882	34.90260851315341	34.9249992	0.14933878928535713	34.4300003	35.1189995	35.243	0.00014098614465094566	True	22.149122807017545	1.928508064080268	0.5952000024999999	3.091957427294326	0.00620000018	8.634245112999992	17.2840004	-0.0021535370829313867	True	55.15350877192983	31.837549566231186	31.7169991	0.4221220853183861	31.132	32.5740013	32.7719994	-0.0005296660750550773	34.90260851315341	0.14933878928535713	0.00014098614465094566	0.00014098614465094566	True	69.3295739348371	0.7058541005039388	0.4213259038225339	1.0252097845003278	2.312686288570934	0.2725307827490911	0.9507142057220797	6.346659938584837	12.798369000207423	0.00015664160401002505	True	59.13220551378446	5.2678709422678525	18.61789201915971	23.365949998249487	323.09953993992144	4.802130176371373	22.335403806983663	59.54125083600536	257.2154283097702		True	70.42606516290726	39.337286435878454	28.330043541081928	68.2934843158555	72.58787777583802	25.034880696326844	54.945427471264615	377.99581343248707	850.8268037628555		0.7058541005039388	0.00015664160401002505	False	ppg_low_coverage;eda_low_coverage;temp_low_coverage;accel_low_coverage;gyro_low_coverage;mag_low_coverage;hr_low_coverage;hrv_unreliable;eda_phasic_detection_limited;channel_map_unconfirmed	PPG channel has insufficient usable samples (< 80%). EDA channel has insufficient usable samples (< 80%). Temperature channel has insufficient usable samples (< 80%). Accelerometer channels have insufficient usable samples (< 80%). Gyroscope channels have insufficient usable samples (< 80%). Magnetometer channels have insufficient usable samples (< 80%). Device HR channel has insufficient usable samples (< 50%). Beat-detection quality is insufficient for HRV computation. EDA phasic peak detection is limited: scipy not available or EDA coverage is low; eda_phasic_rate_hz should be treated as unreliable. EmotiBit value_* channel mapping has not been explicitly confirmed for this dataset; verify PPG/EDA/temperature/IMU column indices before interpreting features.																														
ses-20260318_grp-11_run01	T4	T4	P3	C:\Users\amodica\Downloads\affectai_physio\bids_release_no_video\sub-01\ses-20260318_grp-11_run01\physio\sub-01_ses-20260318_grp-11_run01_task-T4_run-01_acq-P3_emotibit.tsv.gz	True	12.500000000011369	470.9200000000001	0.7008254166017754	True	True	True	True	71.63993147484815	71.62435757670144	0.7008254166017754	True	71.63993147484815	11228.47347826087	11258.0	604.1456836911808	9690.0	12203.0	13510.0	0.6182222831563076	True	71.67107927114156	141703.16384180792	141126.5	2123.757923701282	137747.0	145210.75	146366.0	1.9762611484071628	True	71.62435757670144	171164.18917155903	169984.0	4628.395150662057	162818.0	178816.0	180277.0	4.7783106176249825	11228.47347826087	604.1456836911808	57.69230769236016	0.0	509.0	450.0	0.8858267716535433	0.5750362392635111	0.820759635407096	57.11727145309665		0.055131599439339665	ppg_fft_proxy	191.73106629252948	134.6184246944957	86.19153674832963	191.73106629252948	134.6184246944957	86.19153674832963	2.401459143774734	2.4115119	0.18083187884634444	1.182567	2.6774441919999994	2.95130491	1.5311829416074836e-05	2.3997813279217777	2.395813189367324	0.13142361462333949	1.978118393178226e-05	0.0007650462979699259	0.11229942197440035	197.0	0.4183300772955066	0.24831495030299452	0.5178098528832826	25.099804637730394	1.5311829416074836e-05	197.0	0.4183300772955066	0.4183300772955066	True	0.7008254166017754	36.304155477777776	36.2999992	0.04894006235701855	36.1959991	36.3916016	36.4080009	0.0014737947454010229	True	22.02149197944245	21.440064911315414	21.4289503	4.626406123128886	10.6375999	29.560590529999995	34.0284004	0.003094860949985492	True	54.89799096713908	34.494847950836885	34.5040016	0.0808555649570759	34.243	34.6100006	34.7029991	3.8807022363828206e-05	36.304155477777776	0.04894006235701855	0.0014737947454010229	0.0014737947454010229	True	70.28500233608472	0.731670620371371	0.4548836532550408	1.0405388126955186	1.921350071104691	0.29839649459900075	1.0072705896291225	7.05506124981208	12.94493475587224	0.002024606759071796	True	56.40865908736957	10.707026178843416	30.211835908685366	52.451439777563785	609.4549869571306	10.1683864682499	50.80343977756378	118.7922610644898	551.8271800823192		True	68.74318641956081	28.1320491722614	17.97962700023681	47.07440918375928	53.96295025292817	14.36520526537511	33.60059523282288	263.1539006108532	582.1565511102804		0.731670620371371	0.002024606759071796	False	ppg_low_coverage;eda_low_coverage;temp_low_coverage;accel_low_coverage;gyro_low_coverage;mag_low_coverage;hr_low_coverage;eda_phasic_detection_limited;channel_map_unconfirmed	PPG channel has insufficient usable samples (< 80%). EDA channel has insufficient usable samples (< 80%). Temperature channel has insufficient usable samples (< 80%). Accelerometer channels have insufficient usable samples (< 80%). Gyroscope channels have insufficient usable samples (< 80%). Magnetometer channels have insufficient usable samples (< 80%). Device HR channel has insufficient usable samples (< 50%). EDA phasic peak detection is limited: scipy not available or EDA coverage is low; eda_phasic_rate_hz should be treated as unreliable. EmotiBit value_* channel mapping has not been explicitly confirmed for this dataset; verify PPG/EDA/temperature/IMU column indices before interpreting features.																														
ses-20260318_grp-11_run01	T4	T4	P4	C:\Users\amodica\Downloads\affectai_physio\bids_release_no_video\sub-01\ses-20260318_grp-11_run01\physio\sub-01_ses-20260318_grp-11_run01_task-T4_run-01_acq-P4_emotibit.tsv.gz	True	12.500000000011369	470.8000000000002	55.155123785647135	True	True	True	True	72.17173299905986	72.09338765277342	55.155123785647135	True	72.17173299905986	8357.207338254451	7412.0	2422.801250510903	5581.0	14106.75	19573.0	0.7416917576477361	True	72.15606392980257	136820.4516829533	135923.0	12332.394681343869	91693.0	159113.6	192537.0	11.09568750570278	True	72.14039486054529	164390.10056472634	170100.5	15700.56304680277	85823.0	183032.85	211532.0	20.47063165086043	8357.207338254451	2422.801250510903	93.75000000008527	1.0	211.0	104.0	0.49523809523809526	109.08610153566804	0.3554314145142238	202.8361015357533		0.049044186775305545	ppg_fft_proxy							0.08364755866322537	0.0301939994	0.09487365310596162	0.0301510002	0.282521009	0.657491028	6.122283628025494e-05	0.08329739766667583	0.038893209387990096	0.0834202717303556	6.0788712849451635e-05	0.00013765466646425213	0.03872398191993956	61.0	0.12956669498725568	0.10305624163929483	0.3604597995136487	7.774001699235341	6.122283628025494e-05	61.0	0.12956669498725568	0.12956669498725568	True	55.155123785647135	36.713604548607954	36.7099991	0.20307119197805887	36.1769981	37.007	37.1930008	0.000325948636818257	True	22.140394860545285	16.00221513410474	14.7680998	9.056545908919196	1.86140001	32.25080033999999	37.3566017	0.010101405542401855	True	55.123785647132564	34.74662023976692	34.777500149999995	0.48267705391916366	33.887001	35.541900475	36.0229988	0.0006617203116048612	36.713604548607954	0.20307119197805887	0.000325948636818257	0.000325948636818257	True	70.96521466624883	0.7263600404042728	0.4511144150186663	1.0693317199569508	1.9893481152543415	0.3041420838509729	0.9652727664967817	6.942467144677911	13.254356236081206	0.0023503603885929175	True	56.753368849890315	9.961625540693687	30.319541994796378	46.53646883412002	536.4162695100316	9.52270763265778	45.43588807732139	105.38882259511033	482.55588400923614		True	69.05358821685992	33.822522351555904	20.932623172867583	56.46149116960781	70.63993204979744	15.804180843201015	44.0	300.7908941676711	687.0453041836896		0.7263600404042728	0.0023503603885929175	False	ppg_low_coverage;eda_low_coverage;temp_low_coverage;accel_low_coverage;gyro_low_coverage;mag_low_coverage;hr_low_coverage;ppg_hr_mismatch;hrv_unreliable;eda_phasic_detection_limited;channel_map_unconfirmed	PPG channel has insufficient usable samples (< 80%). EDA channel has insufficient usable samples (< 80%). Temperature channel has insufficient usable samples (< 80%). Accelerometer channels have insufficient usable samples (< 80%). Gyroscope channels have insufficient usable samples (< 80%). Magnetometer channels have insufficient usable samples (< 80%). Device HR channel has insufficient usable samples (< 50%). PPG-derived HR disagrees with device HR by more than 20 bpm. Beat-detection quality is insufficient for HRV computation. EDA phasic peak detection is limited: scipy not available or EDA coverage is low; eda_phasic_rate_hz should be treated as unreliable. EmotiBit value_* channel mapping has not been explicitly confirmed for this dataset; verify PPG/EDA/temperature/IMU column indices before interpreting features.																														
ses-20260318_grp-12_run01	T0	T0	P1	C:\Users\amodica\Downloads\affectai_physio\bids_release_no_video\sub-01\ses-20260318_grp-12_run01\physio\sub-01_ses-20260318_grp-12_run01_task-T0_run-01_acq-P1_emotibit.tsv.gz	True	21.6811569064951	670.5315189999983	0.0	False	False	False	True	0.0	0.0	0.0	False	0.0								False	0.0								False	0.0											0.0	0.0	0.0	0.0		0.0			0.0	ppg_fft_proxy																				0.0						0.0			False	0.0								False	0.0								False	0.0												False	0.0	0.0	0.0	0.0	0.0	0.0	0.0	0.0	0.0	0.0	False	0.0	0.0	0.0	0.0	0.0	0.0	0.0	0.0	0.0		False	0.0	41.0	0.0	41.0	41.0	0.0	0.0	0.0	0.0		0.0	0.0	False	ppg_low_coverage;eda_low_coverage;temp_low_coverage;accel_low_coverage;gyro_low_coverage;mag_low_coverage;hr_low_coverage;hrv_unreliable;eda_phasic_detection_limited;channel_map_unconfirmed	PPG channel has insufficient usable samples (< 80%). EDA channel has insufficient usable samples (< 80%). Temperature channel has insufficient usable samples (< 80%). Accelerometer channels have insufficient usable samples (< 80%). Gyroscope channels have insufficient usable samples (< 80%). Magnetometer channels have insufficient usable samples (< 80%). Device HR channel has insufficient usable samples (< 50%). Beat-detection quality is insufficient for HRV computation. EDA phasic peak detection is limited: scipy not available or EDA coverage is low; eda_phasic_rate_hz should be treated as unreliable. EmotiBit value_* channel mapping has not been explicitly confirmed for this dataset; verify PPG/EDA/temperature/IMU column indices before interpreting features.																							0.0		0.0		0.0		0.0	
ses-20260318_grp-12_run01	T0	T0	P2	C:\Users\amodica\Downloads\affectai_physio\bids_release_no_video\sub-01\ses-20260318_grp-12_run01\physio\sub-01_ses-20260318_grp-12_run01_task-T0_run-01_acq-P2_emotibit.tsv.gz	True	12.500000000011369	1459.1200000000008	62.95257521672616	True	True	True	True	82.28582355940847	82.19020907700153	62.95257521672616	True	82.28582355940847	5895.669068092029	8478.0	4661.434156468722	308.0	11499.0	18861.0	1.8508552990364688	True	82.25395206527281	77254.71559206447	119755.0	63191.667581763664	1739.0	141773.85	183286.0	26.148846196746515	True	82.33044365119837	106790.70656550015	175275.5	88431.70445835251	1182.0	191363.25	210527.0	38.65836143493656	5895.669068092029	4661.434156468722	57.69230769236016	1.0	131.0	63.0	0.4846153846153846	10.984633036529814	0.5380976124040735	46.707674655830346		0.034229984701682814	ppg_fft_proxy							0.031289930983271284	0.0301140007	0.004566268755738894	0.0301120002	0.037737049509999995	0.0910089985	7.140661697607468e-07	0.031373926166488306	0.030114638409789514	0.003728514403587575	7.185099509601941e-07	-9.305676070000725e-07	0.002020266421263466	29.0	0.019874993146554075	0.011629924354367265	0.03161951255662876	1.1924995887932446	7.140661697607468e-07	29.0	0.019874993146554075	0.019874993146554075	True	62.95257521672616	35.43706511310246	35.5110016	0.4431482707733084	33.8419991	36.2010002	36.4449997	0.00013910934881723825	True	25.33783783783784	9.028834984790624	0.368999988	20.3275072590656	0.0	65.26858823999996	88.430603	0.006078399442581009	True	62.9398266190719	32.85933915994531	33.4580002	1.5270992350893984	25.3889999	34.6360016	34.8139992	0.0006467203108434855	35.43706511310246	0.4431482707733084	0.00013910934881723825	0.00013910934881723825	True	81.6101478837328	0.8378773034544216	0.3880561160398294	1.0619645335075798	2.602780653759744	0.20021174028149252	1.0062211886305126	4.5483309483482275	13.193997204162265	0.0007649158592554819	True	73.38092809790922	9.241306139429543	30.057121348679892	46.53041851724568	751.4553059246708	8.618874886427465	45.59777171290976	89.07771702990945	448.69602747356174		True	79.1305456399796	48.86142567793066	27.1640274104664	83.4445923951936	129.48358969382954	20.946690364026995	45.639894828976104	262.18041697276135	988.4330928335482		0.8378773034544216	0.0007649158592554819	False	temp_low_coverage;gyro_low_coverage;mag_low_coverage;hr_low_coverage;hrv_unreliable;channel_map_unconfirmed	Temperature channel has insufficient usable samples (< 80%). Gyroscope channels have insufficient usable samples (< 80%). Magnetometer channels have insufficient usable samples (< 80%). Device HR channel has insufficient usable samples (< 50%). Beat-detection quality is insufficient for HRV computation. EmotiBit value_* channel mapping has not been explicitly confirmed for this dataset; verify PPG/EDA/temperature/IMU column indices before interpreting features.	0.0	0.0	0.0	0.0	0.0	0.0	0.0				0.0	0.0	0.0		0.0		0.0	0.0	0.0	0.0	0.0	0.0	0.0	0.0	0.0		0.0	0.0	0.0	0.0
ses-20260318_grp-12_run01	T0	T0	P3	C:\Users\amodica\Downloads\affectai_physio\bids_release_no_video\sub-01\ses-20260318_grp-12_run01\physio\sub-01_ses-20260318_grp-12_run01_task-T0_run-01_acq-P3_emotibit.tsv.gz	True	21.69009196598339	670.5317079999986	0.0	False	False	True	True	0.0	0.0	100.0	False	0.0								False	0.0								False	0.0											0.0	0.0	0.0	0.0		0.0			0.0	ppg_fft_proxy																				0.0						0.0			True	100.0	35.574000000000005	35.574	7.105427357601002e-15	35.574	35.574	35.574	-1.6060085808108735e-17	False	0.0								False	0.0								35.574000000000005	7.105427357601002e-15	-1.6060085808108735e-17	-1.6060085808108735e-17	False	0.0	0.089	0.0	0.089	0.089	0.0	0.0	0.0	0.0	0.0	False	0.0	0.0	0.0	0.0	0.0	0.0	0.0	0.0	0.0		False	0.0	0.0	0.0	0.0	0.0	0.0	0.0	0.0	0.0		0.089	0.0	False	ppg_low_coverage;eda_low_coverage;accel_low_coverage;gyro_low_coverage;mag_low_coverage;hr_low_coverage;hrv_unreliable;eda_phasic_detection_limited;channel_map_unconfirmed	PPG channel has insufficient usable samples (< 80%). EDA channel has insufficient usable samples (< 80%). Accelerometer channels have insufficient usable samples (< 80%). Gyroscope channels have insufficient usable samples (< 80%). Magnetometer channels have insufficient usable samples (< 80%). Device HR channel has insufficient usable samples (< 50%). Beat-detection quality is insufficient for HRV computation. EDA phasic peak detection is limited: scipy not available or EDA coverage is low; eda_phasic_rate_hz should be treated as unreliable. EmotiBit value_* channel mapping has not been explicitly confirmed for this dataset; verify PPG/EDA/temperature/IMU column indices before interpreting features.																	0.0						0.0		0.0		0.0		0.0	
ses-20260318_grp-12_run01	T0	T0	P4	C:\Users\amodica\Downloads\affectai_physio\bids_release_no_video\sub-01\ses-20260318_grp-12_run01\physio\sub-01_ses-20260318_grp-12_run01_task-T0_run-01_acq-P4_emotibit.tsv.gz	True	21.677631935538983	670.5311529999999	0.0	False	False	False	True	0.0	0.0	0.0	False	0.0								False	0.0								False	0.0											0.0	0.0	0.0	0.0		0.0			0.0	ppg_fft_proxy																				0.0						0.0			False	0.0								False	0.0								False	0.0												False	0.0	0.0	0.0	0.0	0.0	0.0	0.0	0.0	0.0	0.0	False	0.0	0.12199999999999994	5.551115123125783e-17	0.122	0.122	0.0	0.0	0.0	0.0		False	0.0	22.0	0.0	22.0	22.0	0.0	0.0	0.0	0.0		0.0	0.0	False	ppg_low_coverage;eda_low_coverage;temp_low_coverage;accel_low_coverage;gyro_low_coverage;mag_low_coverage;hr_low_coverage;hrv_unreliable;eda_phasic_detection_limited;channel_map_unconfirmed	PPG channel has insufficient usable samples (< 80%). EDA channel has insufficient usable samples (< 80%). Temperature channel has insufficient usable samples (< 80%). Accelerometer channels have insufficient usable samples (< 80%). Gyroscope channels have insufficient usable samples (< 80%). Magnetometer channels have insufficient usable samples (< 80%). Device HR channel has insufficient usable samples (< 50%). Beat-detection quality is insufficient for HRV computation. EDA phasic peak detection is limited: scipy not available or EDA coverage is low; eda_phasic_rate_hz should be treated as unreliable. EmotiBit value_* channel mapping has not been explicitly confirmed for this dataset; verify PPG/EDA/temperature/IMU column indices before interpreting features.																							0.0		0.0		0.0		0.0	
ses-20260318_grp-12_run01	T1	T1	P1	C:\Users\amodica\Downloads\affectai_physio\bids_release_no_video\sub-01\ses-20260318_grp-12_run01\physio\sub-01_ses-20260318_grp-12_run01_task-T1_run-01_acq-P1_emotibit.tsv.gz	True	24.33030826566329	779.3505059999989	0.0	False	False	False	True	0.0	0.0	0.0	False	0.0								False	0.0								False	0.0											0.0	0.0	0.0	0.0		0.0			0.0	ppg_fft_proxy																				0.0						0.0			False	0.0								False	0.0								False	0.0												False	0.0	0.0	0.0	0.0	0.0	0.0	0.0	0.0	0.0	0.0	False	0.0	0.0	0.0	0.0	0.0	0.0	0.0	0.0	0.0		False	0.0	41.0	0.0	41.0	41.0	0.0	0.0	0.0	0.0		0.0	0.0	False	ppg_low_coverage;eda_low_coverage;temp_low_coverage;accel_low_coverage;gyro_low_coverage;mag_low_coverage;hr_low_coverage;hrv_unreliable;eda_phasic_detection_limited;channel_map_unconfirmed	PPG channel has insufficient usable samples (< 80%). EDA channel has insufficient usable samples (< 80%). Temperature channel has insufficient usable samples (< 80%). Accelerometer channels have insufficient usable samples (< 80%). Gyroscope channels have insufficient usable samples (< 80%). Magnetometer channels have insufficient usable samples (< 80%). Device HR channel has insufficient usable samples (< 50%). Beat-detection quality is insufficient for HRV computation. EDA phasic peak detection is limited: scipy not available or EDA coverage is low; eda_phasic_rate_hz should be treated as unreliable. EmotiBit value_* channel mapping has not been explicitly confirmed for this dataset; verify PPG/EDA/temperature/IMU column indices before interpreting features.																							0.0		0.0		0.0		0.0	
ses-20260318_grp-12_run01	T1	T1	P2	C:\Users\amodica\Downloads\affectai_physio\bids_release_no_video\sub-01\ses-20260318_grp-12_run01\physio\sub-01_ses-20260318_grp-12_run01_task-T1_run-01_acq-P2_emotibit.tsv.gz	True	12.500000000011369	646.6399999999994	55.579893935900394	True	True	True	True	72.60779340557988	72.60779340557988	55.579893935900394	True	72.60779340557988	9454.302159415687	9336.5	904.3537434181718	6195.0	10780.0	15980.0	-0.2119586424719101	True	72.63085081853816	125810.04126984127	124727.0	4370.292490797635	105433.0	134701.55	157501.0	-0.5025185292927723	True	72.6423795250173	185407.91414061261	185815.0	3057.6514509636445	152526.0	189270.0	195947.0	1.2487319989094685	9454.302159415687	904.3537434181718	50.000000000045475	1.0	191.0	75.0	0.39473684210526316	1.9252939820169672	0.6008427092580682	48.07470601802851		0.0724002766889555	ppg_fft_proxy							0.043457172105827245	0.03605350105	0.01882130536537965	0.0301120002	0.08719714694999987	0.124989003	1.81659693637113e-05	0.043590205278849596	0.03601310203310055	0.018829135894396578	1.8466660583373533e-05	-1.8422859129744838e-05	0.0025582041518787024	41.0	0.06340467648150445	0.010332897830051037	0.0398262811225155	3.804280588890267	1.81659693637113e-05	41.0	0.06340467648150445	0.06340467648150445	True	55.579893935900394	37.11922091097283	37.2299995	0.3468645234595761	36.1069984	37.4700012	37.5670013	0.000395427358257666	True	22.25040350472677	45.57638748876166	44.59354975	28.60175316971011	4.09100008	93.14077986	99.8340988	0.01457669726259771	True	55.614480055337786	35.26555434239221	35.3790016	0.3432850332600074	34.5410004	35.6689987	35.7809982	0.00042362640572471665	37.11922091097283	0.3468645234595761	0.000395427358257666	0.000395427358257666	True	71.1090615632926	0.7647717552736805	0.4671392481668415	1.0830269499498966	3.7764136960084236	0.29930087619231505	1.0335542986941602	7.088562448175579	13.47262073522581	0.001152870647913304	True	57.58588886326954	6.1455281792394185	21.339281148768755	25.166512672012413	434.686533421858	5.5612396066455405	23.878925225032468	69.3699674553929	281.72830805959273		True	69.12612404888172	73.89064911602492	43.40762614793173	109.20164833920778	124.8559169603107	30.907281122989552	97.12878049270464	626.9552352439523	1359.9747240310624		0.7647717552736805	0.001152870647913304	False	ppg_low_coverage;eda_low_coverage;temp_low_coverage;accel_low_coverage;gyro_low_coverage;mag_low_coverage;hr_low_coverage;hrv_unreliable;eda_phasic_detection_limited;channel_map_unconfirmed	PPG channel has insufficient usable samples (< 80%). EDA channel has insufficient usable samples (< 80%). Temperature channel has insufficient usable samples (< 80%). Accelerometer channels have insufficient usable samples (< 80%). Gyroscope channels have insufficient usable samples (< 80%). Magnetometer channels have insufficient usable samples (< 80%). Device HR channel has insufficient usable samples (< 50%). Beat-detection quality is insufficient for HRV computation. EDA phasic peak detection is limited: scipy not available or EDA coverage is low; eda_phasic_rate_hz should be treated as unreliable. EmotiBit value_* channel mapping has not been explicitly confirmed for this dataset; verify PPG/EDA/temperature/IMU column indices before interpreting features.	3558.633091323658	0.7634202204455264	48555.3256777768	0.7683817746216475	78617.20757511246	0.889016083729764	1.367031362198162				0.01221627911236129	2.6753307275240537	0.04352968333495038		-0.0012970265243162273		1.6821557978703652	3.7959209339459856	36.54755250397103	1.7979357743272562	2.4062151824469	1.575677026847595	-0.07310554818074111	-0.1883891147671995	0.09908913591082252		-3.0957779601901247	-0.10299648872815598	25.029223438094256	0.9214106236857353
ses-20260318_grp-12_run01	T1	T1	P3	C:\Users\amodica\Downloads\affectai_physio\bids_release_no_video\sub-01\ses-20260318_grp-12_run01\physio\sub-01_ses-20260318_grp-12_run01_task-T1_run-01_acq-P3_emotibit.tsv.gz	True	24.33090024309019	779.3504540000013	0.0	False	False	True	True	0.0	0.0	100.0	False	0.0								False	0.0								False	0.0											0.0	0.0	0.0	0.0		0.0			0.0	ppg_fft_proxy																				0.0						0.0			True	100.0	35.574000000000005	35.574	7.105427357601002e-15	35.574	35.574	35.574	-1.3629410374884671e-17	False	0.0								False	0.0								35.574000000000005	7.105427357601002e-15	-1.3629410374884671e-17	-1.3629410374884671e-17	False	0.0	0.08899999999999998	1.3877787807814457e-17	0.089	0.089	0.0	0.0	0.0	0.0	0.0	False	0.0	0.0	0.0	0.0	0.0	0.0	0.0	0.0	0.0		False	0.0	0.0	0.0	0.0	0.0	0.0	0.0	0.0	0.0		0.08899999999999998	0.0	False	ppg_low_coverage;eda_low_coverage;accel_low_coverage;gyro_low_coverage;mag_low_coverage;hr_low_coverage;hrv_unreliable;eda_phasic_detection_limited;channel_map_unconfirmed	PPG channel has insufficient usable samples (< 80%). EDA channel has insufficient usable samples (< 80%). Accelerometer channels have insufficient usable samples (< 80%). Gyroscope channels have insufficient usable samples (< 80%). Magnetometer channels have insufficient usable samples (< 80%). Device HR channel has insufficient usable samples (< 50%). Beat-detection quality is insufficient for HRV computation. EDA phasic peak detection is limited: scipy not available or EDA coverage is low; eda_phasic_rate_hz should be treated as unreliable. EmotiBit value_* channel mapping has not been explicitly confirmed for this dataset; verify PPG/EDA/temperature/IMU column indices before interpreting features.																	0.0						-1.3877787807814457e-17		0.0		0.0		0.0	
ses-20260318_grp-12_run01	T1	T1	P4	C:\Users\amodica\Downloads\affectai_physio\bids_release_no_video\sub-01\ses-20260318_grp-12_run01\physio\sub-01_ses-20260318_grp-12_run01_task-T1_run-01_acq-P4_emotibit.tsv.gz	True	24.33090024416702	779.3512750000009	0.0	False	False	False	True	0.0	0.0	0.0	False	0.0								False	0.0								False	0.0											0.0	0.0	0.0	0.0		0.0			0.0	ppg_fft_proxy																				0.0						0.0			False	0.0								False	0.0								False	0.0												False	0.0	0.0	0.0	0.0	0.0	0.0	0.0	0.0	0.0	0.0	False	0.0	0.12199999999999994	5.551115123125783e-17	0.122	0.122	0.0	0.0	0.0	0.0		False	0.0	22.0	0.0	22.0	22.0	0.0	0.0	0.0	0.0		0.0	0.0	False	ppg_low_coverage;eda_low_coverage;temp_low_coverage;accel_low_coverage;gyro_low_coverage;mag_low_coverage;hr_low_coverage;hrv_unreliable;eda_phasic_detection_limited;channel_map_unconfirmed	PPG channel has insufficient usable samples (< 80%). EDA channel has insufficient usable samples (< 80%). Temperature channel has insufficient usable samples (< 80%). Accelerometer channels have insufficient usable samples (< 80%). Gyroscope channels have insufficient usable samples (< 80%). Magnetometer channels have insufficient usable samples (< 80%). Device HR channel has insufficient usable samples (< 50%). Beat-detection quality is insufficient for HRV computation. EDA phasic peak detection is limited: scipy not available or EDA coverage is low; eda_phasic_rate_hz should be treated as unreliable. EmotiBit value_* channel mapping has not been explicitly confirmed for this dataset; verify PPG/EDA/temperature/IMU column indices before interpreting features.																							0.0		0.0		0.0		0.0	
ses-20260318_grp-12_run01	T2	T2	P1	C:\Users\amodica\Downloads\affectai_physio\bids_release_no_video\sub-01\ses-20260318_grp-12_run01\physio\sub-01_ses-20260318_grp-12_run01_task-T2_run-01_acq-P1_emotibit.tsv.gz	True	24.458249767238325	882.1214319999999	0.0	False	False	False	True	0.0	0.0	0.0	False	0.0								False	0.0								False	0.0											0.0	0.0	0.0	0.0		0.0			0.0	ppg_fft_proxy																				0.0						0.0			False	0.0								False	0.0								False	0.0												False	0.0	0.0	0.0	0.0	0.0	0.0	0.0	0.0	0.0	0.0	False	0.0	0.0	0.0	0.0	0.0	0.0	0.0	0.0	0.0		False	0.0	41.0	0.0	41.0	41.0	0.0	0.0	0.0	0.0		0.0	0.0	False	ppg_low_coverage;eda_low_coverage;temp_low_coverage;accel_low_coverage;gyro_low_coverage;mag_low_coverage;hr_low_coverage;hrv_unreliable;eda_phasic_detection_limited;channel_map_unconfirmed	PPG channel has insufficient usable samples (< 80%). EDA channel has insufficient usable samples (< 80%). Temperature channel has insufficient usable samples (< 80%). Accelerometer channels have insufficient usable samples (< 80%). Gyroscope channels have insufficient usable samples (< 80%). Magnetometer channels have insufficient usable samples (< 80%). Device HR channel has insufficient usable samples (< 50%). Beat-detection quality is insufficient for HRV computation. EDA phasic peak detection is limited: scipy not available or EDA coverage is low; eda_phasic_rate_hz should be treated as unreliable. EmotiBit value_* channel mapping has not been explicitly confirmed for this dataset; verify PPG/EDA/temperature/IMU column indices before interpreting features.																							0.0		0.0		0.0		0.0	
ses-20260318_grp-12_run01	T2	T2	P2	C:\Users\amodica\Downloads\affectai_physio\bids_release_no_video\sub-01\ses-20260318_grp-12_run01\physio\sub-01_ses-20260318_grp-12_run01_task-T2_run-01_acq-P2_emotibit.tsv.gz	True	12.500000000011369	826.0	55.66926281470748	True	True	True	True	72.57743162470567	72.47781199058142	55.66926281470748	True	72.57743162470567	8150.182056401298	8061.5	1246.8916036479593	5834.0	10150.0	15283.0	-0.7137931716612578	True	72.51403731208114	119075.4288747346	118655.0	4977.838578500323	102092.0	128612.7	157746.0	-1.851599730234248	True	72.63176960695526	179966.29438902743	179880.0	4955.537020605029	142846.0	187430.05	209454.0	-0.348850155758534	8150.182056401298	1246.8916036479593	50.000000000045475	0.0	316.0	139.0	0.44126984126984126	2.2504980981726703	0.6068189754416932	47.749501901872804		0.07435247237819236	ppg_fft_proxy							0.06643727775479195	0.0697730035	0.02239784367058978	0.0301079992	0.10456699709999999	0.156877995	1.029692921207828e-05	0.06650745770496287	0.0693175740488697	0.02085253075229111	1.0332513382296744e-05	1.1850882122806322e-05	0.0070700551054204185	117.0	0.14164648910411623	0.02120477710169815	0.05517293119791778	8.498789346246975	1.029692921207828e-05	117.0	0.14164648910411623	0.14164648910411623	True	55.66926281470748	37.7090878601757	37.7130013	0.12536042744197542	37.2610016	37.90870055	38.0589981	7.815411320910204e-05	True	22.495924651331283	29.217127412797907	30.9700003	9.684462940512368	4.09919977	42.642709005	49.6081009	0.002297791094565557	True	55.642093823582684	35.69153936982422	35.7669983	0.2727251700459654	34.8860016	36.031851005	36.1520004	0.00010092996400084823	37.7090878601757	0.12536042744197542	7.815411320910204e-05	7.815411320910204e-05	True	71.30048904184024	0.7554878233219389	0.45768929807054737	1.0690553887542837	1.7688060677055584	0.2977929851624582	1.0246689727695868	6.879217468549947	13.308397166956178	0.0003622532149972831	True	57.64354283644268	6.43499936059233	20.62528990323094	24.423548853508212	636.1296606045361	5.707535218894279	22.57273787976094	77.48122089728176	294.80951626749214		True	68.51113928636117	53.362940238059466	33.583948184227395	99.68174283850291	122.5969004502153	27.29966875614703	64.97691897897283	453.2292873543697	1206.0394894043254		0.7554878233219389	0.0003622532149972831	False	ppg_low_coverage;eda_low_coverage;temp_low_coverage;accel_low_coverage;gyro_low_coverage;mag_low_coverage;hr_low_coverage;hrv_unreliable;eda_phasic_detection_limited;channel_map_unconfirmed	PPG channel has insufficient usable samples (< 80%). EDA channel has insufficient usable samples (< 80%). Temperature channel has insufficient usable samples (< 80%). Accelerometer channels have insufficient usable samples (< 80%). Gyroscope channels have insufficient usable samples (< 80%). Magnetometer channels have insufficient usable samples (< 80%). Device HR channel has insufficient usable samples (< 50%). Beat-detection quality is insufficient for HRV computation. EDA phasic peak detection is limited: scipy not available or EDA coverage is low; eda_phasic_rate_hz should be treated as unreliable. EmotiBit value_* channel mapping has not been explicitly confirmed for this dataset; verify PPG/EDA/temperature/IMU column indices before interpreting features.	2254.5129883092686	0.4836522221773007	41820.71328267013	0.6618074009292179	73175.58782352728	0.827481368494823	1.041827246042459				0.035133531538474566	7.694144479410829	0.12177149595756215		0.009574852747330886		2.272022747073237	5.127003526626612	20.188292428007284	0.9931514066489273	2.8322002098789127	1.8546274824851916	-0.0823894801324827	-0.21231331430433217	0.0975812448809657		-2.8063067788372136	-0.09336578663946028	4.501514560128804	0.1657160218589072
ses-20260318_grp-12_run01	T2	T2	P3	C:\Users\amodica\Downloads\affectai_physio\bids_release_no_video\sub-01\ses-20260318_grp-12_run01\physio\sub-01_ses-20260318_grp-12_run01_task-T2_run-01_acq-P3_emotibit.tsv.gz	True	24.459446238133896	943.1057520000013	0.0	False	False	True	True	0.0	0.0	100.0	False	0.0								False	0.0								False	0.0											0.0	0.0	0.0	0.0		0.0			0.0	ppg_fft_proxy																				0.0						0.0			True	100.0	35.574000000000005	35.574	7.105427357601002e-15	35.574	35.574	35.574	-1.2112424343488693e-17	False	0.0								False	0.0								35.574000000000005	7.105427357601002e-15	-1.2112424343488693e-17	-1.2112424343488693e-17	False	0.0	0.08899999999999998	1.3877787807814457e-17	0.089	0.089	0.0	0.0	0.0	0.0	0.0	False	0.0	0.0	0.0	0.0	0.0	0.0	0.0	0.0	0.0		False	0.0	0.0	0.0	0.0	0.0	0.0	0.0	0.0	0.0		0.08899999999999998	0.0	False	ppg_low_coverage;eda_low_coverage;accel_low_coverage;gyro_low_coverage;mag_low_coverage;hr_low_coverage;hrv_unreliable;eda_phasic_detection_limited;channel_map_unconfirmed	PPG channel has insufficient usable samples (< 80%). EDA channel has insufficient usable samples (< 80%). Accelerometer channels have insufficient usable samples (< 80%). Gyroscope channels have insufficient usable samples (< 80%). Magnetometer channels have insufficient usable samples (< 80%). Device HR channel has insufficient usable samples (< 50%). Beat-detection quality is insufficient for HRV computation. EDA phasic peak detection is limited: scipy not available or EDA coverage is low; eda_phasic_rate_hz should be treated as unreliable. EmotiBit value_* channel mapping has not been explicitly confirmed for this dataset; verify PPG/EDA/temperature/IMU column indices before interpreting features.																	0.0						-1.3877787807814457e-17		0.0		0.0		0.0	
ses-20260318_grp-12_run01	T2	T2	P4	C:\Users\amodica\Downloads\affectai_physio\bids_release_no_video\sub-01\ses-20260318_grp-12_run01\physio\sub-01_ses-20260318_grp-12_run01_task-T2_run-01_acq-P4_emotibit.tsv.gz	True	24.455259103137543	943.1049460000013	0.0	False	False	False	True	0.0	0.0	0.0	False	0.0								False	0.0								False	0.0											0.0	0.0	0.0	0.0		0.0			0.0	ppg_fft_proxy																				0.0						0.0			False	0.0								False	0.0								False	0.0												False	0.0	0.0	0.0	0.0	0.0	0.0	0.0	0.0	0.0	0.0	False	0.0	0.12199999999999997	2.7755575615628914e-17	0.122	0.122	0.0	0.0	0.0	0.0		False	0.0	22.0	0.0	22.0	22.0	0.0	0.0	0.0	0.0		0.0	0.0	False	ppg_low_coverage;eda_low_coverage;temp_low_coverage;accel_low_coverage;gyro_low_coverage;mag_low_coverage;hr_low_coverage;hrv_unreliable;eda_phasic_detection_limited;channel_map_unconfirmed	PPG channel has insufficient usable samples (< 80%). EDA channel has insufficient usable samples (< 80%). Temperature channel has insufficient usable samples (< 80%). Accelerometer channels have insufficient usable samples (< 80%). Gyroscope channels have insufficient usable samples (< 80%). Magnetometer channels have insufficient usable samples (< 80%). Device HR channel has insufficient usable samples (< 50%). Beat-detection quality is insufficient for HRV computation. EDA phasic peak detection is limited: scipy not available or EDA coverage is low; eda_phasic_rate_hz should be treated as unreliable. EmotiBit value_* channel mapping has not been explicitly confirmed for this dataset; verify PPG/EDA/temperature/IMU column indices before interpreting features.																							0.0		0.0		2.7755575615628914e-17		0.0	
ses-20260318_grp-12_run01	T3	T3	P1	C:\Users\amodica\Downloads\affectai_physio\bids_release_no_video\sub-01\ses-20260318_grp-12_run01\physio\sub-01_ses-20260318_grp-12_run01_task-T3_run-01_acq-P1_emotibit.tsv.gz	True	24.386080425407055	719.0576270000001	0.0	False	False	False	True	0.0	0.0	0.0	False	0.0								False	0.0								False	0.0											0.0	0.0	0.0	0.0		0.0			0.0	ppg_fft_proxy																				0.0						0.0			False	0.0								False	0.0								False	0.0												False	0.0	0.0	0.0	0.0	0.0	0.0	0.0	0.0	0.0	0.0	False	0.0	0.0	0.0	0.0	0.0	0.0	0.0	0.0	0.0		False	0.0	41.0	0.0	41.0	41.0	0.0	0.0	0.0	0.0		0.0	0.0	False	ppg_low_coverage;eda_low_coverage;temp_low_coverage;accel_low_coverage;gyro_low_coverage;mag_low_coverage;hr_low_coverage;hrv_unreliable;eda_phasic_detection_limited;channel_map_unconfirmed	PPG channel has insufficient usable samples (< 80%). EDA channel has insufficient usable samples (< 80%). Temperature channel has insufficient usable samples (< 80%). Accelerometer channels have insufficient usable samples (< 80%). Gyroscope channels have insufficient usable samples (< 80%). Magnetometer channels have insufficient usable samples (< 80%). Device HR channel has insufficient usable samples (< 50%). Beat-detection quality is insufficient for HRV computation. EDA phasic peak detection is limited: scipy not available or EDA coverage is low; eda_phasic_rate_hz should be treated as unreliable. EmotiBit value_* channel mapping has not been explicitly confirmed for this dataset; verify PPG/EDA/temperature/IMU column indices before interpreting features.																							0.0		0.0		0.0		0.0	
ses-20260318_grp-12_run01	T3	T3	P3	C:\Users\amodica\Downloads\affectai_physio\bids_release_no_video\sub-01\ses-20260318_grp-12_run01\physio\sub-01_ses-20260318_grp-12_run01_task-T3_run-01_acq-P3_emotibit.tsv.gz	True	24.384891121172345	719.0576519999995	0.0	False	False	True	True	0.0	0.0	100.0	False	0.0								False	0.0								False	0.0											0.0	0.0	0.0	0.0		0.0			0.0	ppg_fft_proxy																				0.0						0.0			True	100.0	35.574001300000006	35.5740013	7.105427357601002e-15	35.5740013	35.5740013	35.5740013	-1.4809150102141087e-17	False	0.0								False	0.0								35.574001300000006	7.105427357601002e-15	-1.4809150102141087e-17	-1.4809150102141087e-17	False	0.0	0.08900000150000002	2.7755575615628914e-17	0.0890000015	0.0890000015	0.0	0.0	0.0	0.0	0.0	False	0.0	0.0	0.0	0.0	0.0	0.0	0.0	0.0	0.0		False	0.0	0.0	0.0	0.0	0.0	0.0	0.0	0.0	0.0		0.08900000150000002	0.0	False	ppg_low_coverage;eda_low_coverage;accel_low_coverage;gyro_low_coverage;mag_low_coverage;hr_low_coverage;hrv_unreliable;eda_phasic_detection_limited;channel_map_unconfirmed	PPG channel has insufficient usable samples (< 80%). EDA channel has insufficient usable samples (< 80%). Accelerometer channels have insufficient usable samples (< 80%). Gyroscope channels have insufficient usable samples (< 80%). Magnetometer channels have insufficient usable samples (< 80%). Device HR channel has insufficient usable samples (< 50%). Beat-detection quality is insufficient for HRV computation. EDA phasic peak detection is limited: scipy not available or EDA coverage is low; eda_phasic_rate_hz should be treated as unreliable. EmotiBit value_* channel mapping has not been explicitly confirmed for this dataset; verify PPG/EDA/temperature/IMU column indices before interpreting features.																	1.300000000981072e-06						1.5000000269660418e-09		0.0		0.0		0.0	
ses-20260318_grp-12_run01	T3	T3	P4	C:\Users\amodica\Downloads\affectai_physio\bids_release_no_video\sub-01\ses-20260318_grp-12_run01\physio\sub-01_ses-20260318_grp-12_run01_task-T3_run-01_acq-P4_emotibit.tsv.gz	True	24.38667511994742	719.0575340000014	0.0	False	False	False	True	0.0	0.0	0.0	False	0.0								False	0.0								False	0.0											0.0	0.0	0.0	0.0		0.0			0.0	ppg_fft_proxy																				0.0						0.0			False	0.0								False	0.0								False	0.0												False	0.0	0.0	0.0	0.0	0.0	0.0	0.0	0.0	0.0	0.0	False	0.0	0.12200000099999998	1.3877787807814457e-17	0.122000001	0.122000001	0.0	0.0	0.0	0.0		False	0.0	22.0	0.0	22.0	22.0	0.0	0.0	0.0	0.0		0.0	0.0	False	ppg_low_coverage;eda_low_coverage;temp_low_coverage;accel_low_coverage;gyro_low_coverage;mag_low_coverage;hr_low_coverage;hrv_unreliable;eda_phasic_detection_limited;channel_map_unconfirmed	PPG channel has insufficient usable samples (< 80%). EDA channel has insufficient usable samples (< 80%). Temperature channel has insufficient usable samples (< 80%). Accelerometer channels have insufficient usable samples (< 80%). Gyroscope channels have insufficient usable samples (< 80%). Magnetometer channels have insufficient usable samples (< 80%). Device HR channel has insufficient usable samples (< 50%). Beat-detection quality is insufficient for HRV computation. EDA phasic peak detection is limited: scipy not available or EDA coverage is low; eda_phasic_rate_hz should be treated as unreliable. EmotiBit value_* channel mapping has not been explicitly confirmed for this dataset; verify PPG/EDA/temperature/IMU column indices before interpreting features.																							0.0		0.0		1.0000000411070076e-09		0.0	
ses-20260318_grp-12_run01	T4	T4	P1	C:\Users\amodica\Downloads\affectai_physio\bids_release_no_video\sub-01\ses-20260318_grp-12_run01\physio\sub-01_ses-20260318_grp-12_run01_task-T4_run-01_acq-P1_emotibit.tsv.gz	True	24.403933913809595	388.56407600000057	0.0	False	False	False	True	0.0	0.0	0.0	False	0.0								False	0.0								False	0.0											0.0	0.0	0.0	0.0		0.0			0.0	ppg_fft_proxy																				0.0						0.0			False	0.0								False	0.0								False	0.0												False	0.0	0.0	0.0	0.0	0.0	0.0	0.0	0.0	0.0	0.0	False	0.0	0.0	0.0	0.0	0.0	0.0	0.0	0.0	0.0		False	0.0	41.0	0.0	41.0	41.0	0.0	0.0	0.0	0.0		0.0	0.0	False	ppg_low_coverage;eda_low_coverage;temp_low_coverage;accel_low_coverage;gyro_low_coverage;mag_low_coverage;hr_low_coverage;hrv_unreliable;eda_phasic_detection_limited;channel_map_unconfirmed	PPG channel has insufficient usable samples (< 80%). EDA channel has insufficient usable samples (< 80%). Temperature channel has insufficient usable samples (< 80%). Accelerometer channels have insufficient usable samples (< 80%). Gyroscope channels have insufficient usable samples (< 80%). Magnetometer channels have insufficient usable samples (< 80%). Device HR channel has insufficient usable samples (< 50%). Beat-detection quality is insufficient for HRV computation. EDA phasic peak detection is limited: scipy not available or EDA coverage is low; eda_phasic_rate_hz should be treated as unreliable. EmotiBit value_* channel mapping has not been explicitly confirmed for this dataset; verify PPG/EDA/temperature/IMU column indices before interpreting features.																							0.0		0.0		0.0		0.0	
ses-20260318_grp-12_run01	T4	T4	P3	C:\Users\amodica\Downloads\affectai_physio\bids_release_no_video\sub-01\ses-20260318_grp-12_run01\physio\sub-01_ses-20260318_grp-12_run01_task-T4_run-01_acq-P3_emotibit.tsv.gz	True	24.396789383010127	388.56401299999925	0.0	False	False	True	True	0.0	0.0	100.0	False	0.0								False	0.0								False	0.0											0.0	0.0	0.0	0.0		0.0			0.0	ppg_fft_proxy																				0.0						0.0			True	100.0	35.574001300000006	35.5740013	7.105427357601002e-15	35.5740013	35.5740013	35.5740013	-2.7450788520654377e-17	False	0.0								False	0.0								35.574001300000006	7.105427357601002e-15	-2.7450788520654377e-17	-2.7450788520654377e-17	False	0.0	0.08900000150000002	2.7755575615628914e-17	0.0890000015	0.0890000015	0.0	0.0	0.0	0.0	0.0	False	0.0	0.0	0.0	0.0	0.0	0.0	0.0	0.0	0.0		False	0.0	0.0	0.0	0.0	0.0	0.0	0.0	0.0	0.0		0.08900000150000002	0.0	False	ppg_low_coverage;eda_low_coverage;accel_low_coverage;gyro_low_coverage;mag_low_coverage;hr_low_coverage;hrv_unreliable;eda_phasic_detection_limited;channel_map_unconfirmed	PPG channel has insufficient usable samples (< 80%). EDA channel has insufficient usable samples (< 80%). Accelerometer channels have insufficient usable samples (< 80%). Gyroscope channels have insufficient usable samples (< 80%). Magnetometer channels have insufficient usable samples (< 80%). Device HR channel has insufficient usable samples (< 50%). Beat-detection quality is insufficient for HRV computation. EDA phasic peak detection is limited: scipy not available or EDA coverage is low; eda_phasic_rate_hz should be treated as unreliable. EmotiBit value_* channel mapping has not been explicitly confirmed for this dataset; verify PPG/EDA/temperature/IMU column indices before interpreting features.																	1.300000000981072e-06						1.5000000269660418e-09		0.0		0.0		0.0	
ses-20260318_grp-12_run01	T4	T4	P4	C:\Users\amodica\Downloads\affectai_physio\bids_release_no_video\sub-01\ses-20260318_grp-12_run01\physio\sub-01_ses-20260318_grp-12_run01_task-T4_run-01_acq-P4_emotibit.tsv.gz	True	24.400361124881034	388.5640460000013	0.0	False	False	False	True	0.0	0.0	0.0	False	0.0								False	0.0								False	0.0											0.0	0.0	0.0	0.0		0.0			0.0	ppg_fft_proxy																				0.0						0.0			False	0.0								False	0.0								False	0.0												False	0.0	0.0	0.0	0.0	0.0	0.0	0.0	0.0	0.0	0.0	False	0.0	0.122000001	0.0	0.122000001	0.122000001	0.0	0.0	0.0	0.0		False	0.0	22.0	0.0	22.0	22.0	0.0	0.0	0.0	0.0		0.0	0.0	False	ppg_low_coverage;eda_low_coverage;temp_low_coverage;accel_low_coverage;gyro_low_coverage;mag_low_coverage;hr_low_coverage;hrv_unreliable;eda_phasic_detection_limited;channel_map_unconfirmed	PPG channel has insufficient usable samples (< 80%). EDA channel has insufficient usable samples (< 80%). Temperature channel has insufficient usable samples (< 80%). Accelerometer channels have insufficient usable samples (< 80%). Gyroscope channels have insufficient usable samples (< 80%). Magnetometer channels have insufficient usable samples (< 80%). Device HR channel has insufficient usable samples (< 50%). Beat-detection quality is insufficient for HRV computation. EDA phasic peak detection is limited: scipy not available or EDA coverage is low; eda_phasic_rate_hz should be treated as unreliable. EmotiBit value_* channel mapping has not been explicitly confirmed for this dataset; verify PPG/EDA/temperature/IMU column indices before interpreting features.																							0.0		0.0		1.0000000549847954e-09		0.0	
ses-20260318_grp-13_run01	T0	T0	P1	C:\Users\amodica\Downloads\affectai_physio\bids_release_no_video\sub-01\ses-20260318_grp-13_run01\physio\sub-01_ses-20260318_grp-13_run01_task-T0_run-01_acq-P1_emotibit.tsv.gz	True	24.39917042842167	830.1218879999979	100.0	True	True	True	True	100.0	100.0	100.0	True	100.0	520.5197433366238	490.0	127.99276129863836	464.0	819.7499999999927	1338.0	-0.05148751750504017	True	100.0	2068.308489634748	2066.0	68.77318199637543	1622.0	2066.0	4085.0	-0.0036625094457113394	True	100.0	1718.0158495119008	1720.0	80.73061897953501	1200.0	1720.0	3397.0	0.003677397869824221	520.5197433366238	127.99276129863836	86.1147191591353	2.0	64.0	49.0	0.7777777777777778	1.4153553333154036	0.7705717572890329	84.6993638258199	12.519191439796018	1.0	device_hr	189.57870073338626	135.558318725617	77.08333333333334	189.57870073338626	135.558318725617	77.08333333333334	0.030048984589228906	0.030049	1.2317986532512286e-07	0.030048	0.030049	0.030049	2.577892592923525e-11	0.030048984425261806	0.03004899999996425	7.25237793649976e-08	2.6078989716823662e-11	1.6396711288286286e-10	9.053114400593815e-08	0.0	0.0			0.0	2.577892592923525e-11	0.0	0.0	0.0	True	100.0	36.07730657014369	36.075	0.01636551260733948	35.968	36.075	36.249	-3.965683555369252e-06	True	100.0	0.0	0.0	0.0	0.0	0.0	0.0	0.0	True	100.0	25.49533640451903	25.573	0.31904833265590044	23.943	25.573	26.107	0.000131063788714984	36.07730657014369	0.01636551260733948	-3.965683555369252e-06	-3.965683555369252e-06	True	100.0	1.0687192856280494	0.015576637408538237	1.0698794324595646	1.3009942351909174	0.0018240643174651466	0.015548364910097145	0.006575077415322525	0.0	0.0	True	100.0	130.0053468581773	31.969032575911537	137.89112872480231	202.66277633793533	8.10562823331726	135.36796574442621	2.404369749158219	0.0		True	100.0	66.1756124226926	8.2176712949968	98.84331034521254	101.15334893121434	2.055284664972752	34.65608420168769	0.30662187783946554	0.0		1.0687192856280494	0.0	False	channel_map_unconfirmed	EmotiBit value_* channel mapping has not been explicitly confirmed for this dataset; verify PPG/EDA/temperature/IMU column indices before interpreting features.	0.0	0.0	0.0	0.0	0.0	0.0	0.0	0.0	0.0		0.0	0.0	0.0				0.0	0.0	0.0		0.0	0.0	0.0	0.0	0.0		0.0	0.0	0.0	0.0
ses-20260318_grp-13_run01	T0	T0	P2	C:\Users\amodica\Downloads\affectai_physio\bids_release_no_video\sub-01\ses-20260318_grp-13_run01\physio\sub-01_ses-20260318_grp-13_run01_task-T0_run-01_acq-P2_emotibit.tsv.gz	True	24.398575123227495	830.3074390000002	100.0	True	True	True	True	100.0	100.0	100.0	True	100.0	7078.628325379847	7113.0	433.49586932910944	4242.0	7605.0	14946.0	-0.16607109622625635	True	100.0	85202.30124513192	83687.0	5131.578168428008	40612.0	94659.0	173207.0	-2.959310350125614	True	100.0	145706.44161044376	144447.0	5861.800563671384	41003.0	154054.5	206173.0	-2.6290433010359555	7078.628325379847	433.49586932910944	68.08904685551859	2.0	151.0	62.0	0.41333333333333333	7.304523274995191	0.5677107799645326	75.39357013051378	18.582554476414288	0.9960506829027481	device_hr							0.03587446733585651	0.030112	0.008376554141476093	0.030108	0.053215	0.064016	7.140673355592338e-06	0.03587339988922613	0.030111731960209123	0.008241761907166587	7.140011790818883e-06	1.0674466303793879e-06	0.001400969066712841	22.0	0.026496209676859218	0.01201025311307915	0.024818945350372885	1.589772580611553	7.140673355592338e-06	22.0	0.026496209676859218	0.026496209676859218	True	100.0	36.17242614228511	35.93	0.7062293215802342	34.359	37.195	37.388	0.0007000359045150943	True	100.0	22.573415747901926	2.2788	26.283168930575375	0.0	66.7196	78.3448	0.021691467469390817	True	100.0	34.34937244254293	34.319	0.7372490187031054	31.369	35.325	35.471	0.0007297659814702091	36.17242614228511	0.7062293215802342	0.0007000359045150943	0.0007000359045150943	True	100.0	1.0340244135318148	0.0640295626068186	1.0620419012449556	2.1536016344718907	0.020878044975500408	0.09936603599982552	0.20598247088013566	0.6555348216037583	0.002907136196588229	True	100.0	11.32960777324413	38.58176089608569	54.28094656507014	822.9599110977399	10.494156870905364	53.07125858877212	63.0450100819692	205.33183041145892		True	100.0	40.258873228333165	3.2802962081918414	45.28796749689701	62.112800613078136	1.9080084931022312	5.964115971437629	7.806321681537505	35.09608059335732		1.0340244135318148	0.002907136196588229	False	hrv_unreliable;channel_map_unconfirmed	Beat-detection quality is insufficient for HRV computation. EmotiBit value_* channel mapping has not been explicitly confirmed for this dataset; verify PPG/EDA/temperature/IMU column indices before interpreting features.	0.0	0.0	0.0	0.0	0.0	0.0	0.0	0.0			0.0	0.0	0.0		0.0		0.0	0.0	0.0	0.0	0.0	0.0	0.0	0.0	0.0		0.0	0.0	0.0	0.0
ses-20260318_grp-13_run01	T0	T0	P3	C:\Users\amodica\Downloads\affectai_physio\bids_release_no_video\sub-01\ses-20260318_grp-13_run01\physio\sub-01_ses-20260318_grp-13_run01_task-T0_run-01_acq-P3_emotibit.tsv.gz	True	24.39619419291452	829.9891520000019	100.0	True	True	True	True	100.0	100.0	100.0	True	100.0	11575.81841628711	12222.0	2651.0388214022582	254.0	13208.0	15350.0	1.0542153018161229	True	100.0	136452.76315645064	144437.0	31563.980381337526	1270.0	149285.9	160104.0	14.445500178150171	True	100.0	166294.14668276353	175668.0	39327.993686473914	1330.0	184989.0	192291.0	17.26879068785546	11575.81841628711	2651.0388214022582	69.70341197975577	2.0	290.0	134.0	0.46366782006920415	0.2261990378610932	0.6656328785407218	69.47721294189468	21.17474540712207	0.9888053558689568	device_hr	176.3583886625232	139.5950237631677	76.69172932330827	176.3583886625232	139.5950237631677	76.69172932330827	0.10322423986171322	0.090094	0.050809875142932795	0.030008	0.185531	0.404481	4.753436916260163e-05	0.1031353851221244	0.09213357270199068	0.048386461248768685	4.737846989803753e-05	8.885473958883466e-05	0.013881685466265857	110.0	0.13253185265727394	0.03230765896657449	0.08570134630680826	7.9519111594364364	4.753436916260163e-05	110.0	0.13253185265727394	0.13253185265727394	True	100.0	37.129694013060416	37.274	0.518794234459305	35.939	37.676899999999996	37.804	0.0004969450796760989	True	100.0	38.24592991274763	44.028	16.41106150966332	0.0	57.056559999999976	63.3351	0.012139043266324744	True	100.0	35.18341222630741	35.722	1.5364340400136725	27.845	36.119	36.441	0.0011059842245070884	37.129694013060416	0.518794234459305	0.0004969450796760989	0.0004969450796760989	True	100.0	1.0168340664132387	0.09401531497523426	1.0938205955289269	3.232975873711401	0.04144524905015685	0.15481889774826807	0.3890448690479886	1.8440107964657118	0.00400592657630467	True	99.98353728804258	23.118155612897887	56.57713324998719	131.37479034046066	699.3593582029199	22.33035514666076	129.35964344755186	140.61813704052136	710.7318857644124		True	100.0	32.02267558158541	13.842466541102311	59.135437767890075	63.631753079732135	10.050018308347463	29.38648820660304	9.962299242017801	42.35076195693083		1.0168340664132387	0.00400592657630467	False	channel_map_unconfirmed	EmotiBit value_* channel mapping has not been explicitly confirmed for this dataset; verify PPG/EDA/temperature/IMU column indices before interpreting features.	0.0	0.0	0.0	0.0	0.0	0.0	0.0	0.0	0.0		0.0	0.0	0.0		0.0		0.0	0.0	0.0	0.0	0.0	0.0	0.0	0.0	0.0		0.0	0.0	0.0	0.0
ses-20260318_grp-13_run01	T0	T0	P4	C:\Users\amodica\Downloads\affectai_physio\bids_release_no_video\sub-01\ses-20260318_grp-13_run01\physio\sub-01_ses-20260318_grp-13_run01_task-T0_run-01_acq-P4_emotibit.tsv.gz	True	24.403338376150977	830.1582170000001	100.0	True	True	True	True	100.0	100.0	100.0	True	100.0	14536.0	14536.0	0.0	14536.0	14536.0	14536.0	0.0	True	100.0	82691.0	82691.0	0.0	82691.0	82691.0	82691.0	0.0	True	100.0	103571.0	103571.0	0.0	103571.0	103571.0	103571.0	0.0	14536.0	0.0		0.0	0.0	0.0	0.0		0.0	36.00295809825017		0.0	ppg_fft_proxy							0.030148999999999992	0.030149	6.938893903907228e-18	0.030149	0.030149	0.030149	1.2448639693013984e-20	0.03014900000001559	0.030149000000015594	2.095962168269186e-17	-6.224322244216892e-21	-1.5588228946665704e-14	2.0671114474892167e-17	0.0	0.0			0.0	1.2448639693013984e-20	0.0	0.0	0.0	True	100.0	34.040000000000006	34.04	7.105427357601002e-15	34.04	34.04	34.04	-1.274740704564632e-17	True	100.0	0.0	0.0	0.0	0.0	0.0	0.0	0.0	True	100.0	30.108	30.108	0.0	30.108	30.108	30.108	0.0	34.040000000000006	7.105427357601002e-15	-1.274740704564632e-17	-1.274740704564632e-17	True	100.0	1.045677770634912	0.0	1.045677770634912	1.045677770634912	0.0	0.0	0.0	0.0	0.0	True	100.0	1.8381740940400606	6.661338147750939e-16	1.8381740940400613	1.8381740940400613	0.0	0.0	0.0	0.0		True	100.0	73.62744053679988	1.4210854715202004e-14	73.62744053679987	73.62744053679987	0.0	0.0	0.0	0.0		1.045677770634912	0.0	False	hr_low_coverage;hrv_unreliable;channel_map_unconfirmed	Device HR channel has insufficient usable samples (< 50%). Beat-detection quality is insufficient for HRV computation. EmotiBit value_* channel mapping has not been explicitly confirmed for this dataset; verify PPG/EDA/temperature/IMU column indices before interpreting features.	0.0		0.0		0.0		0.0				0.0		0.0				0.0		0.0		0.0		0.0		0.0		0.0		0.0	
ses-20260318_grp-13_run01	T1	T1	P1	C:\Users\amodica\Downloads\affectai_physio\bids_release_no_video\sub-01\ses-20260318_grp-13_run01\physio\sub-01_ses-20260318_grp-13_run01_task-T1_run-01_acq-P1_emotibit.tsv.gz	True	24.411082631430073	803.1794730000001	100.0	True	True	True	True	100.0	100.0	100.0	True	100.0	490.0	490.0	0.0	490.0	490.0	490.0	0.0	True	100.0	2066.0	2066.0	0.0	2066.0	2066.0	2066.0	0.0	True	100.0	1720.0	1720.0	0.0	1720.0	1720.0	1720.0	0.0	490.0	0.0		0.0	0.0	0.0	0.0		0.0	81.75	0.0	1.0	device_hr							0.030048999999999992	0.030049	6.938893903907228e-18	0.030049	0.030049	0.030049	1.2963145542495788e-20	0.030048999999988033	0.030048999999988047	2.1805411165111615e-17	1.296316828353805e-20	1.1959180760825989e-14	2.067093843130577e-17	0.0	0.0			0.0	1.2963145542495788e-20	0.0	0.0	0.0	True	100.0	36.074999999999996	36.075	7.105427357601002e-15	36.075	36.075	36.075	1.3274261035515687e-17	True	100.0	0.0	0.0	0.0	0.0	0.0	0.0	0.0	True	100.0	25.572999999999997	25.573	3.552713678800501e-15	25.573	25.573	25.573	6.637130517757843e-18	36.074999999999996	7.105427357601002e-15	1.3274261035515687e-17	1.3274261035515687e-17	True	100.0	1.0698794324595648	2.220446049250313e-16	1.0698794324595646	1.0698794324595646	0.0	0.0	0.0	0.0	0.0	True	100.0	137.8911287248023	2.842170943040401e-14	137.89112872480231	137.89112872480231	0.0	0.0	0.0	0.0		True	100.0	64.18722614352485	0.0	64.18722614352485	64.18722614352485	0.0	0.0	0.0	0.0		1.0698794324595648	0.0	False	hrv_unreliable;channel_map_unconfirmed	Beat-detection quality is insufficient for HRV computation. EmotiBit value_* channel mapping has not been explicitly confirmed for this dataset; verify PPG/EDA/temperature/IMU column indices before interpreting features.	-30.519743336623833	-0.23844897966857534	-2.3084896347481845	-0.03356671260128475	1.9841504880992034	0.024577421964300558	-2.9493638258199013	-0.23558740514538828			1.557472622745748e-08	0.12643889637603764	0.0				-0.0023065701436948416	-0.14094090414622323	0.0		0.07766359548096702	0.24342266525720618	0.0011601468315154406	0.07447992792587657	-0.0018240643174651466		7.8857818666249955	0.24666939319793124	-1.9883862791677416	-0.24196468899630233
ses-20260318_grp-13_run01	T1	T1	P2	C:\Users\amodica\Downloads\affectai_physio\bids_release_no_video\sub-01\ses-20260318_grp-13_run01\physio\sub-01_ses-20260318_grp-13_run01_task-T1_run-01_acq-P2_emotibit.tsv.gz	True	24.412870464745858	803.1754559999972	100.0	True	True	True	True	100.0	100.0	100.0	True	100.0	6573.639579296983	6610.0	326.6492101948835	4273.0	7017.0	8754.0	-0.22766891992623398	True	100.0	81507.0577359535	81630.0	1546.7766694099055	67908.0	83287.8	103285.0	-1.1808156251150501	True	100.0	142453.48369775809	142686.0	2960.898057782014	107447.0	146159.6	152501.0	-1.2430641207290738	6573.639579296983	326.6492101948835	81.3762348824862	0.0	815.0	615.0	0.7555282555282555	5.52046927324956	0.7591314815230396	75.85576560923664	22.54016209288706	0.987655687794077	device_hr	131.81269193365068	95.29840223872316	58.63192182410424	131.81269193365068	95.29840223872316	58.63192182410424	0.07472867229449211	0.074104	0.011076683477432658	0.030106	0.094595	0.10347	9.887680121163051e-06	0.07472767829159888	0.07357990300516384	0.010093468887929039	9.872467156814507e-06	9.940028932362616e-07	0.004286225424622481	96.0	0.11952556478518728	0.014273998063616814	0.04202418390003706	7.171533887111236	9.887680121163051e-06	96.0	0.11952556478518728	0.11952556478518728	True	100.0	37.35053003044562	37.352	0.0745324535307264	37.094	37.475	37.589	-2.268133732326798e-06	True	100.0	47.815845292001114	47.3966	17.235115239941404	7.3533	75.1775	92.1557	0.002545737835229893	True	100.0	35.54503686686964	35.556	0.07898392225576886	35.244	35.656	35.761	1.0482528957140234e-05	37.35053003044562	0.0745324535307264	-2.268133732326798e-06	-2.268133732326798e-06	True	100.0	1.033699164848838	0.03544314768940176	1.051238317414277	1.7169006960217588	0.012525302089987025	0.037659213816988	0.14461375826604148	0.4330766272933114	0.0011071132023249377	True	100.0	5.461489704352451	16.230115292270575	23.281532308815045	341.1701276767941	4.6176663784284155	22.058024237734188	37.45110962562817	137.66237695617374		True	100.0	35.5363404117504	5.208049804564201	41.09744517606904	53.71219600798314	3.9317056307750593	13.10042278887238	7.82612834227286	33.88563224858921		1.033699164848838	0.0011071132023249377	False	channel_map_unconfirmed	EmotiBit value_* channel mapping has not been explicitly confirmed for this dataset; verify PPG/EDA/temperature/IMU column indices before interpreting features.	-504.98874608286405	-1.164921702401453	-3695.243509178428	-0.7200988444282859	-3252.9579126856697	-0.5549417584838924	0.4621954787228617	0.024872548029362618			0.038854278402372745	4.6384560698996395	0.09302935510832806		0.002263744950537664		1.178103888160507	1.668160542420446	25.24242954409919	0.9604028194155276	1.1956644243267078	1.621791815240393	-0.00032524868297678644	-0.005079664294663638	-0.008352742885513383		-5.868118068891678	-0.15209565174323153	-4.722532816582763	-1.4396665779112396
ses-20260318_grp-13_run01	T1	T1	P3	C:\Users\amodica\Downloads\affectai_physio\bids_release_no_video\sub-01\ses-20260318_grp-13_run01\physio\sub-01_ses-20260318_grp-13_run01_task-T1_run-01_acq-P3_emotibit.tsv.gz	True	24.412870465829954	803.1754130000008	100.0	True	True	True	True	100.0	100.0	100.0	True	100.0	11191.229797839933	11533.0	1184.25839252659	8523.0	12691.0	13363.0	0.5059824575257618	True	100.0	145096.78681805593	144958.0	2853.724797711305	138821.0	149788.0	152040.0	1.0134707617630483	True	100.0	175961.45051232347	175842.0	4471.107582639639	166799.0	183218.5	187540.0	0.6251786052392304	11191.229797839933	1184.25839252659	97.65148186331982	0.0	961.0	758.0	0.7895833333333333	21.740329679768493	0.6166143300414401	75.91115218355132	17.355628790610677	0.9993907504846303	device_hr							0.3480168587094988	0.351259	0.08164062571986123	0.097	0.455656	0.92068	7.993591807172215e-05	0.34804802115611755	0.35320478485537493	0.07548363915413805	7.988556616938955e-05	-3.116244661878468e-05	0.029345245784797476	187.0	0.232825852202724	0.07657402021177218	0.21645906734899265	13.96955113216344	7.993591807172215e-05	187.0	0.232825852202724	0.232825852202724	True	100.0	37.66056289116588	37.671	0.15000735592359127	37.276	37.9	38.041	6.28501625350047e-05	True	100.0	39.28499905289394	39.6055	9.359851441633433	14.7819	53.9068	57.7192	-0.0034930775128331386	True	100.0	36.081619939075054	36.066	0.18180740751371674	35.693	36.375	36.689	0.00010002570253010097	37.66056289116588	0.15000735592359127	6.28501625350047e-05	6.28501625350047e-05	True	100.0	1.006098386236205	0.08750014024722123	1.087699250731533	2.968512590507239	0.0401828522064972	0.14923866755205198	0.43349148038710256	2.1985198869146827	0.003600110772639158	True	99.98338410412629	20.494152244070463	51.33673070352282	120.41516146492386	655.8047909721306	19.696008769168692	118.45619311397992	129.62815008384956	667.7584531460833		True	100.0	39.51043612373694	11.679341649290112	56.588868018423526	66.7233092704491	9.244241293664063	24.032602074823433	10.04437983880993	43.99205403117754		1.006098386236205	0.003600110772639158	False	ppg_hr_mismatch;hrv_unreliable;channel_map_unconfirmed	PPG-derived HR disagrees with device HR by more than 20 bpm. Beat-detection quality is insufficient for HRV computation. EmotiBit value_* channel mapping has not been explicitly confirmed for this dataset; verify PPG/EDA/temperature/IMU column indices before interpreting features.	-384.5886184471765	-0.14507091157712643	8644.023661605286	0.27385721183365513	9667.30382955994	0.24581228085593437	6.433939241656645	0.3038496623195576			0.24491263603399316	4.820177875758042	0.10029399954545007		0.044266361245197686		0.5308688781054656	1.023274436846325	1.0390691401463101	0.06331516943827646	0.8982077127676433	0.5846054496160801	-0.010735680177033746	-0.11419075902539672	-0.001262396843659648		-2.624003368827424	-0.04637922104029578	7.487760542151527	0.540926757519564
ses-20260318_grp-13_run01	T1	T1	P4	C:\Users\amodica\Downloads\affectai_physio\bids_release_no_video\sub-01\ses-20260318_grp-13_run01\physio\sub-01_ses-20260318_grp-13_run01_task-T1_run-01_acq-P4_emotibit.tsv.gz	True	24.417043095845777	803.1754829999991	100.0	True	True	True	True	100.0	100.0	100.0	True	100.0	14536.0	14536.0	0.0	14536.0	14536.0	14536.0	0.0	True	100.0	82691.0	82691.0	0.0	82691.0	82691.0	82691.0	0.0	True	100.0	103571.0	103571.0	0.0	103571.0	103571.0	103571.0	0.0	14536.0	0.0		0.0	0.0	0.0	0.0		0.0	36.05835457185189		0.0	ppg_fft_proxy							0.03014899999999999	0.030149	1.0408340855860843e-17	0.030149	0.030149	0.030149	1.944595271551537e-20	0.030148999999965915	0.030148999999965637	2.4641472834186207e-15	2.3825205945771773e-19	3.407788911708095e-14	2.464140081189873e-15	0.0	0.0			0.0	1.944595271551537e-20	0.0	0.0	0.0	True	100.0	34.040000000000006	34.04	7.105427357601002e-15	34.04	34.04	34.04	-1.3275103720458492e-17	True	100.0	0.0	0.0	0.0	0.0	0.0	0.0	0.0	True	100.0	30.108	30.108	0.0	30.108	30.108	30.108	0.0	34.040000000000006	7.105427357601002e-15	-1.3275103720458492e-17	-1.3275103720458492e-17	True	100.0	1.045677770634912	0.0	1.045677770634912	1.045677770634912	0.0	0.0	0.0	0.0	0.0	True	100.0	1.8381740940400606	6.661338147750939e-16	1.8381740940400613	1.8381740940400613	0.0	0.0	0.0	0.0		True	100.0	73.62744053679988	1.4210854715202004e-14	73.62744053679987	73.62744053679987	0.0	0.0	0.0	0.0		1.045677770634912	0.0	False	hr_low_coverage;hrv_unreliable;channel_map_unconfirmed	Device HR channel has insufficient usable samples (< 50%). Beat-detection quality is insufficient for HRV computation. EmotiBit value_* channel mapping has not been explicitly confirmed for this dataset; verify PPG/EDA/temperature/IMU column indices before interpreting features.	0.0		0.0		0.0		0.05539647360172495				-4.967554145807185e-14		0.0				0.0		0.0		0.0		0.0		0.0		0.0		0.0	
ses-20260318_grp-13_run01	T2	T2	P1	C:\Users\amodica\Downloads\affectai_physio\bids_release_no_video\sub-01\ses-20260318_grp-13_run01\physio\sub-01_ses-20260318_grp-13_run01_task-T2_run-01_acq-P1_emotibit.tsv.gz	True	24.45047556197294	917.8453239999981	100.0	True	True	True	True	100.0	100.0	100.0	True	100.0	490.0	490.0	0.0	490.0	490.0	490.0	0.0	True	100.0	2066.0	2066.0	0.0	2066.0	2066.0	2066.0	0.0	True	100.0	1720.0	1720.0	0.0	1720.0	1720.0	1720.0	0.0	490.0	0.0		0.0	0.0	0.0	0.0		0.0	81.75	0.0	1.0	device_hr							0.030048999999999996	0.030049	3.469446951953614e-18	0.030049	0.030049	0.030049	5.829384783549058e-21	0.030049000000017062	0.03004900000001706	2.09594877060689e-17	5.8246708454479274e-21	-1.7066206828839128e-14	2.067080025944445e-17	0.0	0.0			0.0	5.829384783549058e-21	0.0	0.0	0.0	True	100.0	36.074999999999996	36.075	7.105427357601002e-15	36.075	36.075	36.075	1.1938580036708471e-17	True	100.0	0.0	0.0	0.0	0.0	0.0	0.0	0.0	True	100.0	25.572999999999997	25.573	3.552713678800501e-15	25.573	25.573	25.573	5.9692900183542354e-18	36.074999999999996	7.105427357601002e-15	1.1938580036708471e-17	1.1938580036708471e-17	True	100.0	1.0698794324595648	2.220446049250313e-16	1.0698794324595646	1.0698794324595646	0.0	0.0	0.0	0.0	0.0	True	100.0	137.8911287248023	2.842170943040401e-14	137.89112872480231	137.89112872480231	0.0	0.0	0.0	0.0		True	100.0	64.18722614352487	1.4210854715202004e-14	64.18722614352485	64.18722614352485	0.0	0.0	0.0	0.0		1.0698794324595648	0.0	False	hrv_unreliable;channel_map_unconfirmed	Beat-detection quality is insufficient for HRV computation. EmotiBit value_* channel mapping has not been explicitly confirmed for this dataset; verify PPG/EDA/temperature/IMU column indices before interpreting features.	-30.519743336623833	-0.23844897966857534	-2.3084896347481845	-0.03356671260128475	1.9841504880992034	0.024577421964300558	-2.9493638258199013	-0.23558740514538828			1.5574755256320127e-08	0.12643913203843726	0.0				-0.0023065701436948416	-0.14094090414622323	0.0		0.07766359548096702	0.24342266525720618	0.0011601468315154406	0.07447992792587657	-0.0018240643174651466		7.8857818666249955	0.24666939319793124	-1.9883862791677274	-0.24196468899630058
ses-20260318_grp-13_run01	T2	T2	P2	C:\Users\amodica\Downloads\affectai_physio\bids_release_no_video\sub-01\ses-20260318_grp-13_run01\physio\sub-01_ses-20260318_grp-13_run01_task-T2_run-01_acq-P2_emotibit.tsv.gz	True	24.449877750632126	917.7924999999996	100.0	True	True	True	True	100.0	100.0	100.0	True	100.0	6355.607843137255	6367.0	241.79659006494896	3873.0	6731.0	7344.0	0.13702169851644547	True	100.0	80419.53540714532	80419.0	1523.3620652051777	65395.0	82841.6	86595.0	1.2362422181643573	True	100.0	140169.45953118088	140391.0	3027.754690471183	101119.0	144043.6	149598.0	1.966298982615584	6355.607843137255	241.79659006494896	79.29690081286094	0.0	938.0	708.0	0.7556029882604055	5.881627826473391	0.7337716852730211	73.41527298638755	15.443089634708866	1.0	device_hr	164.47984764961095	119.28737919424299	64.07355021216408	164.47984764961095	119.28737919424299	64.07355021216408	0.10366609956263209	0.111183	0.016161561948067487	0.039106	0.123109	0.130131	1.2720336396399226e-05	0.10367603719398075	0.1122173217244014	0.015654875638427136	1.2737096117269851e-05	-9.937631348664998e-06	0.0035769219203457808	177.0	0.1928540492540526	0.008854718560260107	0.028093425317966665	11.571242955243157	1.2720336396399226e-05	177.0	0.1928540492540526	0.1928540492540526	True	100.0	37.713382967221975	37.7	0.1645842339030652	37.262	38.017	38.172	9.970967596861416e-05	True	100.0	35.51135697577276	34.6576	8.457117166167281	17.6171	49.1183	63.5188	0.004010504345602444	True	100.0	35.92794250331711	35.905	0.15224628302786997	35.585	36.2226	36.326	9.47089327166425e-05	37.713382967221975	0.1645842339030652	9.970967596861416e-05	9.970967596861416e-05	True	100.0	1.0297446501794867	0.042773768956571714	1.0625671739870124	2.2887265017908978	0.018719846540181093	0.060270357899128095	0.19508312287455157	0.7364106191398478	0.000835421888053467	True	100.0	7.521178344536328	22.547705579211534	30.88792610390021	414.2839740129951	6.574394270818444	29.323919710051385	51.4171739881619	202.11332689701405		True	100.0	26.40987066418555	4.779725368567973	37.416573867739416	49.49747468305833	3.276021715298377	12.921676439907635	7.674630027390979	32.48528744023446		1.0297446501794867	0.000835421888053467	False	channel_map_unconfirmed	EmotiBit value_* channel mapping has not been explicitly confirmed for this dataset; verify PPG/EDA/temperature/IMU column indices before interpreting features.	-723.0204822425922	-1.6678832104249557	-4782.765837986604	-0.9320263047755037	-5536.982079262874	-0.9445872508147789	-1.9782971441262305	-0.10645991360537452			0.06780263730475461	8.094335231361212	0.16635783957719338		-0.003155534552819044		1.5409568249368633	2.181949655515395	12.937941227870837	0.49225195264867966	1.578570060774183	2.141162647528572	-0.004279763352328159	-0.06684042773505376	-0.0021581984353193154		-3.808429428707801	-0.09871061714796395	-13.849002564147614	-4.221875612806758
ses-20260318_grp-13_run01	T2	T2	P3	C:\Users\amodica\Downloads\affectai_physio\bids_release_no_video\sub-01\ses-20260318_grp-13_run01\physio\sub-01_ses-20260318_grp-13_run01_task-T2_run-01_acq-P3_emotibit.tsv.gz	True	24.452867097525022	917.8403279999984	99.94102904319622	True	True	True	True	100.0	99.94102904319622	100.0	True	100.0	11074.26050420168	11390.0	1049.3003012582296	8126.0	12349.599999999999	13405.0	0.05408919418719674	True	100.0	144958.20089439285	145232.0	2950.780083790001	137626.0	149653.0	152068.0	-0.9352350687264448	True	100.0	173733.73099415205	174000.0	4926.741850569056	161937.0	181451.6	186162.0	-1.640991902633157	11074.26050420168	1049.3003012582296	91.69825161571885	0.0	1155.0	978.0	0.8474870017331022	17.24658527996982	0.6888219981510174	74.45166633574902	20.05296581656591	0.9900240798073615	device_hr	116.56042461378786	82.57401716184673	53.53121801432958	116.56042461378786	82.57401716184673	53.53121801432958	1.8804340862467426	0.672148	2.281985816063981	0.263483	6.698194	29.402493	0.0016142566157130386	1.877877510730251	0.661601721079105	2.15370278550947	0.0016120306430992735	0.0017175911420770943	0.7073234007312326	94.0	0.10241432756046884	3.0094534391566468	10.553829638856206	6.144859653628131	0.0016142566157130386	94.0	0.10241432756046884	0.10241432756046884	True	100.0	37.11665457762052	37.086	0.26265207179373	36.625	37.558	37.769	-0.00024384190543647562	True	100.0	33.499281438891344	35.7072	11.881753552031093	5.502	51.2637	60.0384	-0.004475773564484118	True	100.0	35.471789277114354	35.429	0.2939142360991415	35.017	35.977	36.151	-0.00027213025531870795	37.11665457762052	0.26265207179373	-0.00024384190543647562	-0.00024384190543647562	True	100.0	1.00919867657332	0.10979207224282059	1.1515246415079445	3.3670001485001455	0.05393710415217909	0.21223312971959785	0.6206167352083266	3.48030902562245	0.007223942208462332	True	99.95577178239718	32.41888507304944	66.49919665997089	161.37736280532036	797.4982779536266	31.11244789711651	156.80080416372076	204.8317776264838	1169.5187128425755		True	100.0	38.927429408484166	13.388358505645108	56.64803615307419	65.97726881282674	10.960629021327673	29.54367283561467	11.182201245783299	48.098539766015634		1.00919867657332	0.007223942208462332	False	channel_map_unconfirmed	EmotiBit value_* channel mapping has not been explicitly confirmed for this dataset; verify PPG/EDA/temperature/IMU column indices before interpreting features.	-501.55791208542905	-0.18919297146321368	8505.437737942208	0.26946657662260876	7439.58431138852	0.18916765423371237	4.974453393854347	0.23492388211577753	-59.79796404873534		1.7747421256081266	34.929078660705535	-0.030117525096805098		2.9771457801900723		-0.013039435439893055	-0.025134117871381027	-4.746648473856283	-0.2892347013056599	0.2883770508069432	0.18769243800689092	-0.007635389839918627	-0.0812143196236694	0.012491855102022241		9.300729460151551	0.1643902567324522	6.904753826898755	0.4988095009221465
ses-20260318_grp-13_run01	T2	T2	P4	C:\Users\amodica\Downloads\affectai_physio\bids_release_no_video\sub-01\ses-20260318_grp-13_run01\physio\sub-01_ses-20260318_grp-13_run01_task-T2_run-01_acq-P4_emotibit.tsv.gz	True	24.45585717766388	917.8237350000018	100.0	True	True	True	True	100.0	100.0	100.0	True	100.0	14536.0	14536.0	0.0	14536.0	14536.0	14536.0	0.0	True	100.0	82691.0	82691.0	0.0	82691.0	82691.0	82691.0	0.0	True	100.0	103571.0	103571.0	0.0	103571.0	103571.0	103571.0	0.0	14536.0	0.0		0.0	0.0	0.0	0.0		0.0	36.05640433113409		0.0	ppg_fft_proxy							0.03014899999999999	0.030149	1.0408340855860843e-17	0.030149	0.030149	0.030149	1.7526051393127867e-20	0.03014899999997558	0.030148999999975615	6.112652993910464e-16	-8.623602567039673e-20	2.4418978234250374e-14	6.112644640045357e-16	0.0	0.0			0.0	1.7526051393127867e-20	0.0	0.0	0.0	True	100.0	34.040000000000006	34.04	7.105427357601002e-15	34.04	34.04	34.04	-1.1964451084375292e-17	True	100.0	0.0	0.0	0.0	0.0	0.0	0.0	0.0	True	100.0	30.108	30.108	0.0	30.108	30.108	30.108	0.0	34.040000000000006	7.105427357601002e-15	-1.1964451084375292e-17	-1.1964451084375292e-17	True	100.0	1.045677770634912	0.0	1.045677770634912	1.045677770634912	0.0	0.0	0.0	0.0	0.0	True	100.0	1.8381740940400606	6.661338147750939e-16	1.8381740940400613	1.8381740940400613	0.0	0.0	0.0	0.0		True	100.0	73.62744053679988	1.4210854715202004e-14	73.62744053679987	73.62744053679987	0.0	0.0	0.0	0.0		1.045677770634912	0.0	False	hr_low_coverage;hrv_unreliable;channel_map_unconfirmed	Device HR channel has insufficient usable samples (< 50%). Beat-detection quality is insufficient for HRV computation. EmotiBit value_* channel mapping has not been explicitly confirmed for this dataset; verify PPG/EDA/temperature/IMU column indices before interpreting features.	0.0		0.0		0.0		0.05344623288392114				-4.000966224992908e-14		0.0				0.0		0.0		0.0		0.0		0.0		0.0		0.0	
ses-20260318_grp-13_run01	T3	T3	P1	C:\Users\amodica\Downloads\affectai_physio\bids_release_no_video\sub-01\ses-20260318_grp-13_run01\physio\sub-01_ses-20260318_grp-13_run01_task-T3_run-01_acq-P1_emotibit.tsv.gz	True	13.32445036651746	841.8094519999977	100.0	True	True	True	True	100.0	100.0	100.0	True	100.0	490.0	490.0	0.0	490.0	490.0	490.0	0.0	True	100.0	2066.0	2066.0	0.0	2066.0	2066.0	2066.0	0.0	True	100.0	1720.0	1720.0	0.0	1720.0	1720.0	1720.0	0.0	490.0	0.0		0.0	0.0	0.0	0.0		0.0	81.75	0.0	1.0	device_hr							0.030049	0.030049	0.0	0.030049	0.030049	0.030049	0.0	0.030049000000002598	0.030049000000002598	0.0	0.0	-2.598615767013257e-15	0.0	0.0	0.0			0.0	0.0	0.0	0.0	0.0	True	100.0	36.07499999999999	36.075	1.4210854715202004e-14	36.075	36.075	36.075	2.543875459320286e-17	True	100.0	0.0	0.0	0.0	0.0	0.0	0.0	0.0	True	100.0	25.572999999999997	25.573	3.552713678800501e-15	25.573	25.573	25.573	6.359688648300715e-18	36.07499999999999	1.4210854715202004e-14	2.543875459320286e-17	2.543875459320286e-17	True	100.0	1.0698794324595648	2.220446049250313e-16	1.0698794324595646	1.0698794324595646	0.0	0.0	0.0	0.0	0.0	True	100.0	137.8911287248023	2.842170943040401e-14	137.89112872480231	137.89112872480231	0.0	0.0	0.0	0.0		True	100.0	64.18722614352487	1.4210854715202004e-14	64.18722614352485	64.18722614352485	0.0	0.0	0.0	0.0		1.0698794324595648	0.0	False	hrv_unreliable;channel_map_unconfirmed	Beat-detection quality is insufficient for HRV computation. EmotiBit value_* channel mapping has not been explicitly confirmed for this dataset; verify PPG/EDA/temperature/IMU column indices before interpreting features.	-30.519743336623833	-0.23844897966857534	-2.3084896347481845	-0.03356671260128475	1.9841504880992034	0.024577421964300558	-2.9493638258199013	-0.23558740514538828			1.5574740792195785e-08	0.12643901461564008	0.0				-0.002306570143701947	-0.14094090414665741	0.0		0.07766359548096702	0.24342266525720618	0.0011601468315154406	0.07447992792587657	-0.0018240643174651466		7.8857818666249955	0.24666939319793124	-1.9883862791677274	-0.24196468899630058
ses-20260318_grp-13_run01	T3	T3	P2	C:\Users\amodica\Downloads\affectai_physio\bids_release_no_video\sub-01\ses-20260318_grp-13_run01\physio\sub-01_ses-20260318_grp-13_run01_task-T3_run-01_acq-P2_emotibit.tsv.gz	True	12.943810916671529	841.8324030000003	100.0	True	True	True	True	100.0	100.0	100.0	True	100.0	6526.525608375779	6509.0	282.32152346151844	4129.0	7033.0	7513.0	-0.16075697193707666	True	100.0	82093.74235993209	81934.0	1799.5493279683594	67991.0	84801.0	90732.0	-1.0240620214933391	True	100.0	140360.8694114318	140317.0	2776.775115632129	108033.0	144584.3	151818.0	-1.1932426127068938	6526.525608375779	282.32152346151844	70.60260500002651	2.0	364.0	182.0	0.5013774104683195	2.9902604638177763	0.637095687218067	73.59286546384429	18.870132858393486	0.995897000565931	device_hr							0.14179158347481607	0.142705	0.013313445177914728	0.074913	0.15966924999999998	0.167541	1.0844017666146362e-05	0.14178086428646813	0.14232987655567422	0.012124843439136094	1.082703663442945e-05	1.071918834794322e-05	0.005197840884168994	120.0	0.14254618802075258	0.011731249652781519	0.04834240902222343	8.552771281245155	1.0844017666146362e-05	120.0	0.14254618802075258	0.14254618802075258	True	100.0	37.82894199207696	37.805	0.1527247479753552	37.485	38.082	38.197	-0.00013156648063254026	True	100.0	43.0173849745331	42.0865	6.6737005609517235	29.1118	55.1912	59.8199	-0.0021935688254982686	True	100.0	36.010586304470856	35.985	0.15468514965139943	35.712	36.266	36.342	-0.00013202280063700375	37.82894199207696	0.1527247479753552	-0.00013156648063254026	-0.00013156648063254026	True	100.0	1.0300920090983339	0.04091570235184925	1.0594338186847065	1.4770088015986904	0.017079509967104167	0.0526849633335747	0.11468918033501672	0.46766618293863543	0.0	True	100.0	6.30172068532939	15.940868689308244	26.793908785393743	279.6932808095325	5.221959944941623	24.888971705879356	21.505537962020114	85.39867227340595		True	100.0	24.798745658582064	3.696462901586067	32.03123475609393	43.18564576337837	2.7215746244638983	7.495546463323336	2.9754094668507394	15.815167315633758		1.0300920090983339	0.0	False	hrv_unreliable;channel_map_unconfirmed	Beat-detection quality is insufficient for HRV computation. EmotiBit value_* channel mapping has not been explicitly confirmed for this dataset; verify PPG/EDA/temperature/IMU column indices before interpreting features.	-552.1027170040688	-1.2736054852345393	-3108.5588851998327	-0.6057705413755977	-5345.572199011949	-0.9119334820330174	-1.800704666669489	-0.09690296718650897			0.105907464397242	12.643321180585037	0.11604997834389337		-0.0002790034602976315		1.6565158497918517	2.3455778444390973	20.443969226631175	0.777835019842245	1.6612138619279264	2.2532601872433378	-0.003932404433480974	-0.06141545051038982	-0.0037985350083962408		-5.027887087914739	-0.13031771933522202	-15.460127569751101	-4.713027906181986
ses-20260318_grp-13_run01	T3	T3	P3	C:\Users\amodica\Downloads\affectai_physio\bids_release_no_video\sub-01\ses-20260318_grp-13_run01\physio\sub-01_ses-20260318_grp-13_run01_task-T3_run-01_acq-P3_emotibit.tsv.gz	True	13.430209914274988	841.8095050000011	99.98622968879096	True	True	True	True	100.0	99.98622968879096	100.0	True	100.0	10609.582759570367	10858.5	909.3770475846915	8006.0	11742.9	12465.0	-0.1924024674931131	True	100.0	141204.30873037732	141293.0	2581.912494158001	132874.0	144752.0	147223.0	-0.25836728444768753	True	100.0	170040.4282566786	170666.5	4306.230240773176	158145.0	176204.0	179669.0	0.8711181459741468	10609.582759570367	909.3770475846915	73.25569044149994	0.0	570.0	301.0	0.5289982425307557	6.503566929676694	0.6261946413743251	79.75925737117663	21.12498755340724	0.9994491875516387	device_hr							4.3137875904145435	3.400796	3.4925087342157863	0.950516	7.800155	47.599064	-0.0009748832074090518	4.306826313757578	3.7556329676743	2.228264009382457	-0.0009519151791634637	0.007651775680593892	2.4460103476941475	91.0	0.10810046626879069	7.04816151633581	24.47248719505457	6.486027976127441	-0.0009748832074090518	91.0	0.10810046626879069	0.10810046626879069	True	100.0	36.86982387771964	36.857	0.0905935078253079	36.625	37.046	37.149	-2.0106736171644715e-05	True	100.0	24.123572844946295	22.8255	10.751300898501627	5.9594	45.19866	54.4697	0.0027875847631607525	True	100.0	35.17840980446158	35.16	0.10304870625538755	34.94	35.362	35.474	-5.20539877612105e-05	36.86982387771964	0.0905935078253079	-2.0106736171644715e-05	-2.0106736171644715e-05	True	100.0	1.0159407028441516	0.09455168396262958	1.1257222220944478	2.5681357051370943	0.04812282587127505	0.1737796763855286	0.29244965646951415	1.5887923299872744	0.006334343156155329	True	100.0	28.162367217621636	60.39203866688921	146.00218696510743	675.3399094300587	26.45240032085586	140.92290827615955	86.89706219033367	385.37497833527357		True	100.0	34.13205765088322	13.531358234269268	57.0701322935211	67.91906948714772	11.284167907964582	24.324117350467525	6.353673800110373	28.180054008374658		1.0159407028441516	0.006334343156155329	False	hrv_unreliable;channel_map_unconfirmed	Beat-detection quality is insufficient for HRV computation. EmotiBit value_* channel mapping has not been explicitly confirmed for this dataset; verify PPG/EDA/temperature/IMU column indices before interpreting features.	-966.2356567167426	-0.3644743520600937	4751.545573926676	0.15053695752314142	3746.2815739150683	0.09525737833922425	10.282044429281953	0.4855805456732251			4.203690928635454	82.73373860514495	-0.024431386388483245		7.015853857369236		-0.2598701353407762	-0.5009117643946385	-14.122357067801332	-0.860538915138772	-0.00500242184583044	-0.0032558650196177147	-0.0008933635690870911	-0.009502319588275836	0.006677576821118206		5.044211604723749	0.08915636609645454	2.1093820692978085	0.15238484146119763
ses-20260318_grp-13_run01	T3	T3	P4	C:\Users\amodica\Downloads\affectai_physio\bids_release_no_video\sub-01\ses-20260318_grp-13_run01\physio\sub-01_ses-20260318_grp-13_run01_task-T3_run-01_acq-P4_emotibit.tsv.gz	True	10.978093214762565	841.7580789999993	100.0	True	True	True	True	100.0	100.0	100.0	True	100.0	14536.0	14536.0	0.0	14536.0	14536.0	14536.0	0.0	True	100.0	82691.0	82691.0	0.0	82691.0	82691.0	82691.0	0.0	True	100.0	103571.0	103571.0	0.0	103571.0	103571.0	103571.0	0.0	14536.0	0.0		0.0	0.0	0.0	0.0		0.0	36.0575767886573		0.0	ppg_fft_proxy							0.030148999999999995	0.030149	3.469446951953614e-18	0.030149	0.030149	0.030149	6.257446683618542e-21	0.030148999999991617	0.03014899999999162	3.469446951953614e-18	6.257446683618542e-21	8.378714388967978e-15	0.0	0.0	0.0			0.0	6.257446683618542e-21	0.0	0.0	0.0	True	100.0	34.04000000000001	34.04	1.4210854715202004e-14	34.04	34.04	34.04	-2.5630501616101548e-17	True	100.0	0.0	0.0	0.0	0.0	0.0	0.0	0.0	True	100.0	30.108	30.108	0.0	30.108	30.108	30.108	0.0	34.04000000000001	1.4210854715202004e-14	-2.5630501616101548e-17	-2.5630501616101548e-17	True	100.0	1.045677770634912	0.0	1.045677770634912	1.045677770634912	0.0	0.0	0.0	0.0	0.0	True	100.0	1.8381740940400606	6.661338147750939e-16	1.8381740940400613	1.8381740940400613	0.0	0.0	0.0	0.0		True	100.0	73.62744053679988	1.4210854715202004e-14	73.62744053679987	73.62744053679987	0.0	0.0	0.0	0.0		1.045677770634912	0.0	False	hr_low_coverage;hrv_unreliable;channel_map_unconfirmed	Device HR channel has insufficient usable samples (< 50%). Beat-detection quality is insufficient for HRV computation. EmotiBit value_* channel mapping has not been explicitly confirmed for this dataset; verify PPG/EDA/temperature/IMU column indices before interpreting features.	0.0		0.0		0.0		0.054618690407131965				-2.3973878437999474e-14		0.0				7.105427357601002e-15		0.0		0.0		0.0		0.0		0.0		0.0	
ses-20260318_grp-13_run01	T4	T4	P1	C:\Users\amodica\Downloads\affectai_physio\bids_release_no_video\sub-01\ses-20260318_grp-13_run01\physio\sub-01_ses-20260318_grp-13_run01_task-T4_run-01_acq-P1_emotibit.tsv.gz	True	13.333688898361642	295.12990499999796	100.0	True	True	True	True	100.0	100.0	100.0	True	100.0	490.0	490.0	0.0	490.0	490.0	490.0	0.0	True	100.0	2066.0	2066.0	0.0	2066.0	2066.0	2066.0	0.0	True	100.0	1720.0	1720.0	0.0	1720.0	1720.0	1720.0	0.0	490.0	0.0		0.0	0.0	0.0	0.0		0.0	81.75	0.0	1.0	device_hr							0.030049	0.030049	0.0	0.030049	0.030049	0.030049	0.0	0.030048999999992672	0.03004899999999278	5.276668671274661e-16	-5.728184953694063e-19	7.329110005553508e-15	5.276643246223446e-16	0.0	0.0			0.0	0.0	0.0	0.0	0.0	True	100.0	36.07499999999999	36.075	1.4210854715202004e-14	36.075	36.075	36.075	7.371994181083476e-17	True	100.0	0.0	0.0	0.0	0.0	0.0	0.0	0.0	True	100.0	25.573000000000004	25.573	3.552713678800501e-15	25.573	25.573	25.573	-1.842998545270869e-17	36.07499999999999	1.4210854715202004e-14	7.371994181083476e-17	7.371994181083476e-17	True	100.0	1.0698794324595648	2.220446049250313e-16	1.0698794324595646	1.0698794324595646	0.0	0.0	0.0	0.0	0.0	True	100.0	137.8911287248023	2.842170943040401e-14	137.89112872480231	137.89112872480231	0.0	0.0	0.0	0.0		True	100.0	64.18722614352485	0.0	64.18722614352485	64.18722614352485	0.0	0.0	0.0	0.0		1.0698794324595648	0.0	False	hrv_unreliable;channel_map_unconfirmed	Beat-detection quality is insufficient for HRV computation. EmotiBit value_* channel mapping has not been explicitly confirmed for this dataset; verify PPG/EDA/temperature/IMU column indices before interpreting features.	-30.519743336623833	-0.23844897966857534	-2.3084896347481845	-0.03356671260128475	1.9841504880992034	0.024577421964300558	-2.9493638258199013	-0.23558740514538828			1.5574730866108055e-08	0.12643893403357656	0.0				-0.002306570143701947	-0.14094090414665741	0.0		0.07766359548097412	0.24342266525722847	0.0011601468315154406	0.07447992792587657	-0.0018240643174651466		7.8857818666249955	0.24666939319793124	-1.9883862791677416	-0.24196468899630233
ses-20260318_grp-13_run01	T4	T4	P2	C:\Users\amodica\Downloads\affectai_physio\bids_release_no_video\sub-01\ses-20260318_grp-13_run01\physio\sub-01_ses-20260318_grp-13_run01_task-T4_run-01_acq-P2_emotibit.tsv.gz	True	13.855884940737665	295.109414999999	100.0	True	True	True	True	100.0	100.0	100.0	True	100.0	6312.992706333973	6296.0	176.88493159536586	4437.0	6576.0	6764.0	0.22239442959274197	True	100.0	80084.25105566219	79963.0	1046.060963092765	68522.0	81896.0	83367.0	1.3726264323820812	True	100.0	137976.13474088293	137778.0	2297.265169334278	109352.0	141052.2	145010.0	3.788425726295105	6312.992706333973	176.88493159536586	63.950238188019995	0.0	140.0	77.0	0.5539568345323741	2.7306911630679878	0.6574067780029282	61.21954702495201	12.04266398916959	1.0	device_hr	205.30356626901224	137.2111144858559	86.8421052631579	205.30356626901224	137.2111144858559	86.8421052631579	0.15580887831094048	0.154869	0.01081177389761804	0.082691	0.173531	0.18025	3.0165997296576692e-06	0.1558124590878077	0.15400385029218208	0.008743276963382467	2.98722333117228e-06	-3.5807768671945496e-06	0.006020084125788063	47.0	0.1592629635350677	0.01215336274356211	0.04336893623422165	9.555777812104061	3.0165997296576692e-06	47.0	0.1592629635350677	0.1592629635350677	True	100.0	37.74218080614203	37.74	0.07094787316369586	37.504	37.861	37.956	-9.350959018379826e-05	True	100.0	40.041707408829176	39.4092	5.104433112667794	28.0744	49.9062	54.3273	0.0059278796213003675	True	100.0	35.94654932821497	35.946	0.05643180421021558	35.788	36.0388	36.099	-9.451781792487985e-05	37.74218080614203	0.07094787316369586	-9.350959018379826e-05	-9.350959018379826e-05	True	100.0	1.0284651436753822	0.03836470445654525	1.0639125903945306	1.2655864253380722	0.019494252678585334	0.07045556420517007	0.1143988491991065	0.5238131608544142	0.0	True	100.0	8.227221985403766	20.005956973855092	37.02359819842852	185.04539769742993	7.160636611164553	34.71175715718023	26.375258386221738	116.45598321097322		True	100.0	26.679947976462795	3.630584488420197	33.77869150810907	39.87480407475377	2.767592128996517	8.068771243744187	3.6443059943208187	18.89048066642894		1.0284651436753822	0.0	False	channel_map_unconfirmed	EmotiBit value_* channel mapping has not been explicitly confirmed for this dataset; verify PPG/EDA/temperature/IMU column indices before interpreting features.	-765.6356190458746	-1.7661889609947012	-5118.050189469737	-0.9973637780592525	-7730.3068695608235	-1.3187597881561413	-14.174023105561773	-0.7627596692129709			0.11993905919858155	14.318424637728926	0.13276675385820846		0.00014310963048295988		1.5697546638569193	2.222726550555124	17.46829166092725	0.6646189318749262	1.5971768856720416	2.166400829507559	-0.005559269856432625	-0.08682348637253709	-0.0013837922969150741		-3.1023857878403636	-0.0804106841104579	-13.57892525187037	-4.139542404115791
ses-20260318_grp-13_run01	T4	T4	P3	C:\Users\amodica\Downloads\affectai_physio\bids_release_no_video\sub-01\ses-20260318_grp-13_run01\physio\sub-01_ses-20260318_grp-13_run01_task-T4_run-01_acq-P3_emotibit.tsv.gz	True	13.510409770910327	295.10943399999815	100.0	True	True	True	True	100.0	100.0	100.0	True	100.0	9684.19615535504	9612.0	953.7134011015528	7821.0	11186.6	12064.0	0.6480227704471943	True	100.0	139142.61828167908	139325.0	2099.50606005077	134138.0	141939.0	144107.0	2.893456598442321	True	100.0	168447.4087877599	168212.0	3774.7891976737615	160941.0	173672.6	176399.0	5.702227999863988	9684.19615535504	953.7134011015528	73.69314420496542	0.0	166.0	94.0	0.5696969696969697	0.38467062437941024	0.6892356236435385	74.07781482934483	13.965218301766932	1.0	device_hr	202.19468698718293	131.86163065938536	83.87096774193549	202.19468698718293	131.86163065938536	83.87096774193549	1.891654831306395	1.881802	0.5562194917047433	0.833037	2.383279	15.266257	-0.000209139507711631	1.8906317118448528	1.8665229724147048	0.25326936433393193	-0.00020366425779187107	0.001023119461541842	0.4742182012252212	21.0	0.0711600429554554	1.3705011667162303	2.2975578040318427	4.2696025773273245	-0.000209139507711631	21.0	0.0711600429554554	0.0711600429554554	True	100.0	36.96998391526089	36.974	0.083351798415793	36.695	37.093	37.186	0.0001576076487278109	True	100.0	22.026866535896428	21.4341	6.81360172176094	8.0472	36.5921	40.9018	0.0028055660854615773	True	100.0	35.258608081600634	35.274	0.08962999981489432	34.969	35.385	35.473	0.00020123190737853335	36.96998391526089	0.083351798415793	0.0001576076487278109	0.0001576076487278109	True	100.0	1.0182070224850792	0.08891589096726354	1.0971622487125594	2.3780128258695323	0.03971465778335491	0.14711406109332414	0.24743030286255327	1.2678115323665664	0.0051000392310710085	True	100.0	17.54417197110896	44.213171127547106	83.64440262205237	428.78205587570943	16.73392236066391	81.57752454146802	71.8064459686736	366.12988377604637		True	100.0	34.3686146459359	12.978887650775272	60.81118318204309	64.69157595854347	9.525545497627505	32.35068424052767	5.569752268912778	23.052157592428212		1.0182070224850792	0.0051000392310710085	False	channel_map_unconfirmed	EmotiBit value_* channel mapping has not been explicitly confirmed for this dataset; verify PPG/EDA/temperature/IMU column indices before interpreting features.	-1891.6222609320685	-0.7135400076606577	2689.855125228438	0.08521913563280624	2153.2621049963636	0.05475138452681698	4.6006018874501535	0.21726834486060706	25.836298324659737		1.7874963267227284	35.18009681571424	-0.06137180970181853		1.3381935077496558		-0.15971009779952539	-0.307848636687294	-16.2190633768512	-0.9883006877587373	0.0751958552932237	0.04894180507257868	0.0013729560718405143	0.014603536372793961	-0.0017305912668019383		-5.573983641788928	-0.0985200790778877	2.345939064350489	0.16947406427783035
ses-20260318_grp-13_run01	T4	T4	P4	C:\Users\amodica\Downloads\affectai_physio\bids_release_no_video\sub-01\ses-20260318_grp-13_run01\physio\sub-01_ses-20260318_grp-13_run01_task-T4_run-01_acq-P4_emotibit.tsv.gz	True	12.912806275630352	295.14892399999735	100.0	True	True	True	True	100.0	100.0	100.0	True	100.0	14536.0	14536.0	0.0	14536.0	14536.0	14536.0	0.0	True	100.0	82691.0	82691.0	0.0	82691.0	82691.0	82691.0	0.0	True	100.0	103571.0	103571.0	0.0	103571.0	103571.0	103571.0	0.0	14536.0	0.0		0.0	0.0	0.0	0.0		0.0	36.17473134464045		0.0	ppg_fft_proxy							0.030149000000000002	0.030149	3.469446951953614e-18	0.030149	0.030149	0.030149	-1.7572306333757725e-20	0.030148999999999093	0.030148999999999187	4.35975782659964e-16	-4.644488750012877e-19	9.085443409471188e-16	4.3596533187612523e-16	0.0	0.0			0.0	-1.7572306333757725e-20	0.0	0.0	0.0	True	100.0	34.04	34.04	0.0	34.04	34.04	34.04	0.0	True	100.0	0.0	0.0	0.0	0.0	0.0	0.0	0.0	True	100.0	30.107999999999993	30.108	7.105427357601002e-15	30.108	30.108	30.108	3.598808337153582e-17	34.04	0.0	0.0	0.0	True	100.0	1.0456777706349119	2.220446049250313e-16	1.045677770634912	1.045677770634912	0.0	0.0	0.0	0.0	0.0	True	100.0	1.8381740940400613	0.0	1.8381740940400613	1.8381740940400613	0.0	0.0	0.0	0.0		True	100.0	73.62744053679988	1.4210854715202004e-14	73.62744053679987	73.62744053679987	0.0	0.0	0.0	0.0		1.0456777706349119	0.0	False	hr_low_coverage;hrv_unreliable;channel_map_unconfirmed	Device HR channel has insufficient usable samples (< 50%). Beat-detection quality is insufficient for HRV computation. EmotiBit value_* channel mapping has not been explicitly confirmed for this dataset; verify PPG/EDA/temperature/IMU column indices before interpreting features.	0.0		0.0		0.0		0.17177324639028058				-1.6497220256539435e-14		0.0				-7.105427357601002e-15		0.0		-7.105427357601002e-15		-2.220446049250313e-16		0.0		6.661338147750939e-16		0.0	
ses-20260319_grp-14_run01	T0	T0	P1	C:\Users\amodica\Downloads\affectai_physio\bids_release_no_video\sub-01\ses-20260319_grp-14_run01\physio\sub-01_ses-20260319_grp-14_run01_task-T0_run-01_acq-P1_emotibit.tsv.gz	True	24.491795249734164	471.40285899999435	100.0	True	True	True	True	100.0	100.0	100.0	True	100.0	8239.421926030542	7741.0	1238.8558060920147	5251.0	10582.0	16109.0	-0.1435130371760467	True	100.0	127884.61329331803	127109.0	4536.0513476068445	101987.0	133331.0	179683.0	-0.29520798545440846	True	100.0	175839.4671197811	175368.0	4427.247197395303	113454.0	183114.0	223246.0	2.4602831340864717	8239.421926030542	1238.8558060920147	56.519527499386534	2.0	131.0	55.0	0.4230769230769231	4.996223258258794	0.5910592009450841	61.51575075764533	16.845850818675906	0.9611616206196487	device_hr							0.46693802877570834	0.413504	0.23785122511353296	0.03005	0.91414	1.128668	0.00036818512154020844	0.46629226252214007	0.4555545213161003	0.2211774216669088	0.00036613641461070577	0.0006457662535683033	0.08179451598910192	63.0	0.13364365276367735	0.24126868417863098	0.7721600818965098	8.01861916582064	0.00036818512154020844	63.0	0.13364365276367735	0.13364365276367735	True	100.0	35.840288904581165	35.88	0.15833929592623744	35.414	36.042	36.135	0.00019894435185035405	True	100.0	24.96359623091182	25.8804	7.623123425683875	8.8106	35.8762	47.0463	0.0013261792522482484	True	100.0	32.98326701385824	33.079	0.2638573105193593	31.518	33.266	33.362	0.00016313470330415856	35.840288904581165	0.15833929592623744	0.00019894435185035405	0.00019894435185035405	True	100.0	1.0142896271862087	0.05498494780756856	1.0480900639094133	1.8276785822457953	0.0213647788174387	0.09101377231353225	0.22769239541157654	0.9001521670101966	0.0016771118368788065	True	99.95586547797687	11.166153297948107	33.30376462885223	50.53604888591905	763.9495800391542	10.36835653449143	48.92281610668352	74.74355390782632	304.57248430212		True	100.0	54.809455365318975	4.946759473127108	63.25345840347388	82.55906976220118	3.022085566025972	11.600078647005425	8.372923441646961	38.48622447415814		1.0142896271862087	0.0016771118368788065	False	hrv_unreliable;channel_map_unconfirmed	Beat-detection quality is insufficient for HRV computation. EmotiBit value_* channel mapping has not been explicitly confirmed for this dataset; verify PPG/EDA/temperature/IMU column indices before interpreting features.	0.0	0.0	0.0	0.0	0.0	0.0	0.0	0.0			0.0	0.0	0.0		0.0		0.0	0.0	0.0	0.0	0.0	0.0	0.0	0.0	0.0		0.0	0.0	0.0	0.0
ses-20260319_grp-14_run01	T0	T0	P2	C:\Users\amodica\Downloads\affectai_physio\bids_release_no_video\sub-01\ses-20260319_grp-14_run01\physio\sub-01_ses-20260319_grp-14_run01_task-T0_run-01_acq-P2_emotibit.tsv.gz	True	24.496594967334442	471.3131549999962	100.0	True	True	True	True	100.0	100.0	100.0	True	100.0	9846.888378664782	9969.0	845.4007195560024	7753.0	10879.0	19662.0	-0.6798106993020038	True	100.0	127642.80757682798	127418.0	3933.1719062428156	120301.0	131128.0	187482.0	-3.7645333743793787	True	100.0	176138.82779936417	175247.0	3361.856271322871	164471.0	180839.4	213462.0	-2.451351784788546	9846.888378664782	845.4007195560024	66.80889536545757	0.0	116.0	52.0	0.45217391304347826	3.78044027406699	0.6180611173358249	70.58933563952456	22.367461165557465	0.9955845990815966	device_hr							0.034353179441893325	0.030112	0.00892443583033327	0.03011	0.056481900000000015	0.070872	8.862224882256894e-06	0.03435238040118646	0.030113951216488306	0.008396134050245467	8.859738962396797e-06	7.990407068582561e-07	0.002302798914412133	20.0	0.042434631386429604	0.009394291238631749	0.026428108460220753	2.5460778831857764	8.862224882256894e-06	20.0	0.042434631386429604	0.042434631386429604	True	100.0	34.51826351112681	34.417	0.30122326573154884	33.875	35.013	35.172	0.0004740826137697686	True	100.0	14.364869189332394	5.3487	15.616852508832617	0.0	43.5043	48.7937	0.021844097161033357	True	100.0	32.76020293182621	32.734	0.25998839736879714	31.779	33.19	33.304	0.00030587995964939706	34.51826351112681	0.30122326573154884	0.0004740826137697686	0.0004740826137697686	True	100.0	1.003168426926392	0.08347312208304974	1.0518269819699437	3.1301555871873203	0.0369075686601531	0.07824624509716566	0.23885935991682325	0.5684097804700873	0.00282585658777817	True	100.0	13.18689977749959	42.93728610696975	66.43416555905091	655.206882067794	12.184002861272749	64.7633738305581	80.56696426968563	256.58699693942117		True	100.0	40.31138373130618	22.622076063410013	84.59905436823747	91.40021881811882	15.994679057777361	51.553631084520866	9.286279586755724	42.37390190261896		1.003168426926392	0.00282585658777817	False	hrv_unreliable;channel_map_unconfirmed	Beat-detection quality is insufficient for HRV computation. EmotiBit value_* channel mapping has not been explicitly confirmed for this dataset; verify PPG/EDA/temperature/IMU column indices before interpreting features.	0.0	0.0	0.0	0.0	0.0	0.0	0.0	0.0			0.0	0.0	0.0		0.0		0.0	0.0	0.0	0.0	0.0	0.0	0.0	0.0	0.0		0.0	0.0	0.0	0.0
ses-20260319_grp-14_run01	T0	T0	P3	C:\Users\amodica\Downloads\affectai_physio\bids_release_no_video\sub-01\ses-20260319_grp-14_run01\physio\sub-01_ses-20260319_grp-14_run01_task-T0_run-01_acq-P3_emotibit.tsv.gz	True	24.49719506976934	471.3547680000047	100.0	True	True	True	True	100.0	100.0	100.0	True	100.0	5825.79639766908	5820.0	113.22280329836687	5534.0	6027.0	6108.0	0.13135699340061488	True	100.0	98909.7651421508	98779.5	648.0034772732283	96209.0	100045.0	101977.0	-0.10629179787226019	True	100.0	157363.3702984284	157384.0	1689.8617715368548	150847.0	159752.0	161996.0	-2.238450840468954	5825.79639766908	113.22280329836687	58.79326816744642	1.0	248.0	140.0	0.5668016194331984	1.0765179616474683	0.6677765950701379	57.71675020579895	15.541337048985648	0.9653010771675791	device_hr	222.2683096300003	145.1623232667653	78.41726618705036	222.2683096300003	145.1623232667653	78.41726618705036	0.04829369812820061	0.05159	0.014702572821073547	0.030008	0.06958	0.070986	2.6430321372549187e-05	0.04829653349316395	0.05151423941152199	0.014692127423141995	2.6439325797135325e-05	-2.8353649633542517e-06	0.0006052879368585575	14.0	0.029701619566516957	0.003661329936512319	0.005592194701802167	1.7820971739910174	2.6430321372549187e-05	14.0	0.029701619566516957	0.029701619566516957	True	100.0	35.51491179586792	35.514	0.16396990375726378	35.031	35.764	35.942	0.00028188622019373685	True	98.4372240861734	48.28128767602476	61.0436	34.69689792670654	0.0	89.3735	99.9715	0.041931807467565724	True	100.0	33.58583383365707	33.569500000000005	0.18513361771384912	33.129	33.872	33.981	0.0003259456358989018	35.51491179586792	0.16396990375726378	0.00028188622019373685	0.00028188622019373685	True	100.0	1.0209538652064405	0.04984717700177724	1.0666536457538593	2.1234043420884303	0.020373451263941536	0.0864989539411315	0.2663409971486968	1.3274677769518244	0.0009712166696097474	True	100.0	12.014009382344538	32.24245098093652	60.66595736028215	442.48776719927525	11.406836529684293	59.3187712455615	71.8951211657067	317.5252615639972		True	100.0	30.26867799431592	5.217252435540229	38.95188983618152	50.695167422546305	4.106256404625464	9.896679355203293	8.01887804443656	36.9097786462519		1.0209538652064405	0.0009712166696097474	False	channel_map_unconfirmed	EmotiBit value_* channel mapping has not been explicitly confirmed for this dataset; verify PPG/EDA/temperature/IMU column indices before interpreting features.	0.0	0.0	0.0	0.0	0.0	0.0	0.0	0.0	0.0		0.0	0.0	0.0		0.0		0.0	0.0	0.0	0.0	0.0	0.0	0.0	0.0	0.0		0.0	0.0	0.0	0.0
ses-20260319_grp-14_run01	T0	T0	P4	C:\Users\amodica\Downloads\affectai_physio\bids_release_no_video\sub-01\ses-20260319_grp-14_run01\physio\sub-01_ses-20260319_grp-14_run01_task-T0_run-01_acq-P4_emotibit.tsv.gz	True	24.49959575608753	471.359666999997	100.0	True	True	True	True	100.0	100.0	100.0	True	100.0	12656.450533933457	12592.0	522.1096166243482	11204.0	13555.0	14236.0	0.3902391798900712	True	100.0	151485.85994175271	151805.0	1318.3445714344796	148914.0	153205.0	154673.0	1.8917808730051633	True	100.0	188972.24031418233	189172.0	1024.2057659191632	185149.0	190584.0	191613.0	1.3235259131709884	12656.450533933457	522.1096166243482	97.99838302435012	0.0	706.0	667.0	0.9460992907801419	12.742492988166205	0.7697972368973237	85.25589003618391	19.324161946170037	1.0	device_hr	121.82632429960643	87.09461975969981	56.15615615615616	121.82632429960643	87.09461975969981	56.15615615615616	0.3278235538787398	0.158574	0.2631264284432995	0.068919	0.7698775	2.041418	0.000372248187717855	0.3284733135027128	0.15776121662944112	0.24179566501241895	0.00037431896050239285	-0.0006497596239730303	0.09496728964212146	106.0	0.22488135371158235	0.24955368672829548	0.6281113429907197	13.49288122269494	0.000372248187717855	106.0	0.22488135371158235	0.22488135371158235	True	100.0	34.76056711675933	34.853	0.34906244584014684	33.607	35.131	35.281	0.000559258982433824	True	100.0	47.1733007413291	48.4098	10.299769539264652	13.2416	61.2692	68.2746	-0.011652852345546852	True	100.0	33.90736545759421	34.01	0.3761576073285664	32.866	34.299	34.741	0.0006295485202350726	34.76056711675933	0.34906244584014684	0.000559258982433824	0.000559258982433824	True	100.0	1.045803664243604	0.05453986382465315	1.091562183295116	2.4905792498934862	0.025140095448442028	0.0907430263429202	0.25446317391111983	1.2678213348353573	0.0009707881034330597	True	100.0	13.018752840760357	32.74173928804636	57.49710870991689	334.40033970826045	11.88400296865664	54.95104488510809	70.3165213006327	363.5617635236101		True	100.0	41.13593173815257	10.776091597999867	51.82663407939975	70.19971509913698	8.777890734507517	23.384200156972387	8.568953432225122	39.12039218437672		1.045803664243604	0.0009707881034330597	False	channel_map_unconfirmed	EmotiBit value_* channel mapping has not been explicitly confirmed for this dataset; verify PPG/EDA/temperature/IMU column indices before interpreting features.	0.0	0.0	0.0	0.0	0.0	0.0	0.0	0.0	0.0		0.0	0.0	0.0		0.0		0.0	0.0	0.0	0.0	0.0	0.0	0.0	0.0	0.0		0.0	0.0	0.0	0.0
ses-20260319_grp-14_run01	T1	T1	P1	C:\Users\amodica\Downloads\affectai_physio\bids_release_no_video\sub-01\ses-20260319_grp-14_run01\physio\sub-01_ses-20260319_grp-14_run01_task-T1_run-01_acq-P1_emotibit.tsv.gz	True	24.56308414205339	857.0611399999907	100.0	True	True	True	True	100.0	100.0	100.0	True	100.0	9476.016644955855	8906.0	1573.4963283367126	6511.0	13269.200000000004	17344.0	0.23965891476938359	True	100.0	122639.73170261012	118770.0	10761.161531142843	104149.0	147145.0	174560.0	-1.21384807774993	True	100.0	180015.2305688233	181909.0	7714.033220013558	140031.0	190722.0	221460.0	-3.324564957455548	9476.016644955855	1573.4963283367126	58.951401940928136	2.0	309.0	159.0	0.5162337662337663	0.3644020255494098	0.64382751159716	59.315803966477546	16.65011669568083	0.9268586867371061	device_hr							0.3711030760360882	0.348964	0.19498577034440856	0.030049	0.7531768000000001	1.088982	-0.000125795114090358	0.3714012288964669	0.34170852257000595	0.1823274502993597	-0.00012631920442000011	-0.0002981528603786729	0.059933656821508696	112.0	0.13067912517886554	0.15284003347567007	0.4158729359558315	7.840747510731933	-0.000125795114090358	112.0	0.13067912517886554	0.13067912517886554	True	100.0	35.86167322815651	35.861	0.11354638726443453	35.519	36.046	36.161	6.852502383048213e-05	True	100.0	17.798679408500988	17.1427	9.914883866867234	2.0866	36.4563	45.5989	0.004327120188088679	True	100.0	32.46901384667342	32.575	0.4896167101374845	31.549	33.151	33.313	0.000104189488287335	35.86167322815651	0.11354638726443453	6.852502383048213e-05	6.852502383048213e-05	True	100.0	0.9799273231938704	0.04246093619151846	1.0218463681004106	1.6948867218784858	0.027091551767830985	0.053190122145366114	0.15229915500790892	0.6048374606306066	0.0002894774931249095	True	100.0	7.863455709002596	22.80423335620844	32.76158938452163	412.40876890046843	7.056668737958481	31.096640736664884	47.96608451417561	218.16274687930334		True	100.0	43.41391803139796	12.851396300200241	68.38859554048467	84.85870609430714	10.72603434381413	27.18179998441164	7.759790336613748	34.82935366390285		0.9799273231938704	0.0002894774931249095	False	hrv_unreliable;channel_map_unconfirmed	Beat-detection quality is insufficient for HRV computation. EmotiBit value_* channel mapping has not been explicitly confirmed for this dataset; verify PPG/EDA/temperature/IMU column indices before interpreting features.	1236.594718925313	0.9981748584818483	-5244.8815907079115	-1.1562659213447917	4175.7634490421915	0.9431963617253927	-2.1999467911677826	-0.1305927978852124			-0.0948910336256732	-0.39895120817804947	-0.0029645275848118047		-0.08842865070296091		0.021384323575347253	0.13505379981801338	-7.164916822410831	-0.9398925377845448	-0.514253167184819	-1.9489820697883906	-0.034362303992338306	-0.6249401947710571	0.005726772950392284		-3.3026975889455104	-0.09916889654223254	-11.395537333921013	-2.3036368345431786
ses-20260319_grp-14_run01	T1	T1	P2	C:\Users\amodica\Downloads\affectai_physio\bids_release_no_video\sub-01\ses-20260319_grp-14_run01\physio\sub-01_ses-20260319_grp-14_run01_task-T1_run-01_acq-P2_emotibit.tsv.gz	True	24.56157587798987	857.0613859999867	100.0	True	True	True	True	100.0	100.0	100.0	True	100.0	10121.10820067535	10061.0	735.9757553810626	8122.0	10863.0	21072.0	0.06346736130868301	True	100.0	125767.62807525326	124870.5	4926.961243108975	116510.0	129416.0	195810.0	-0.12015796415302564	True	100.0	174705.39064158226	173864.0	4804.262994431256	163101.0	181883.0	222247.0	-0.41828088445949774	10121.10820067535	735.9757553810626	56.68055971843817	2.0	258.0	131.0	0.5097276264591439	0.6260663981579739	0.6512108568861924	57.30662611659614	20.345880408591093	0.8208393632416787	device_hr	219.62929457382822	155.1670232330061	78.46153846153847	219.62929457382822	155.1670232330061	78.46153846153847	0.03633208118668596	0.03219	0.008539393088399416	0.030108	0.05325165	0.089752	9.582260997631052e-07	0.03633211358933291	0.033340345078844646	0.007510347557635361	9.587789708850245e-07	-3.2402646944274105e-08	0.0034176473456622547	79.0	0.09217542791036584	0.010616930832197108	0.036206717564527174	5.53052567462195	9.582260997631052e-07	79.0	0.09217542791036584	0.09217542791036584	True	100.0	34.96501022672455	34.973	0.09019519697175929	34.5	35.097	35.227	2.0180524384436996e-05	True	100.0	34.137714717800286	27.4347	22.724016785978055	5.9017	82.5629	93.2303	0.009192838280291415	True	100.0	33.20807409551375	33.222	0.10463052956841082	32.706	33.349	33.461	4.102389127998776e-05	34.96501022672455	0.09019519697175929	2.0180524384436996e-05	2.0180524384436996e-05	True	100.0	1.0206773718009647	0.060612090863852136	1.0638989613680427	3.0869614510064745	0.03163694566581267	0.0851496657763821	0.23116115488497768	0.8455466205483999	0.0017848528702363725	True	100.0	16.070793795106052	40.951601132772915	90.28434995058667	658.9427503038485	14.879957256370615	88.06262517015143	92.10101901762987	418.24799048079274		True	100.0	41.243608698136875	11.322495085264398	56.894639466297704	67.17886572427373	10.054762557392213	17.565557142500396	9.38933215360022	41.50116812867125		1.0206773718009647	0.0017848528702363725	False	channel_map_unconfirmed	EmotiBit value_* channel mapping has not been explicitly confirmed for this dataset; verify PPG/EDA/temperature/IMU column indices before interpreting features.	274.21982201056744	0.32436667685187853	-1875.1795015747193	-0.47676011785764916	-1433.437157781911	-0.4263826416403762	-13.282709522928421	-0.5938407325093203			0.0019797331881464472	0.22183286717324258	0.04974079652393624		0.0012226395935653594		0.44674671559774026	1.483108266928765	19.77284552846789	1.2661223199287255	0.44787116368754454	1.7226582732929927	0.017508944874572663	0.20975548101762054	-0.005270622994340432		2.883894017606462	0.06716526075779011	0.9322249668306952	0.04120863903992078
ses-20260319_grp-14_run01	T1	T1	P3	C:\Users\amodica\Downloads\affectai_physio\bids_release_no_video\sub-01\ses-20260319_grp-14_run01\physio\sub-01_ses-20260319_grp-14_run01_task-T1_run-01_acq-P3_emotibit.tsv.gz	True	24.561575869211122	857.0610049999959	100.0	True	True	True	True	100.0	100.0	100.0	True	100.0	6064.683136308806	6077.0	140.2724425029685	5538.0	6265.0	6649.0	0.06579744293121041	True	100.0	100773.84545235224	100859.0	1563.3262296040775	95456.0	104011.0	105611.0	0.9003289215499659	True	100.0	155956.6371531966	156126.0	2828.50567099933	148160.0	161064.8	164012.0	0.9839654675606977	6064.683136308806	140.2724425029685	61.40393967302781	1.0	462.0	249.0	0.5401301518438177	4.198669739079008	0.6343293048642975	65.60260941210682	18.01162560120024	0.9955609167671894	device_hr							0.07807490735826297	0.077783	0.01627590146718935	0.040792	0.114206	0.162134	6.619898840287075e-06	0.07806868194179833	0.0778323008539979	0.01380538122486808	6.607313136574574e-06	6.225416464626866e-06	0.007776166866000936	133.0	0.15518148559331624	0.022137410619831092	0.06800605403984374	9.310889135598973	6.619898840287075e-06	133.0	0.15518148559331624	0.15518148559331624	True	100.0	35.919812207478884	35.927	0.07318526521908184	35.643	36.029	36.139	3.0487845242708475e-05	True	100.0	43.69149538238842	42.5933	9.49635137903451	21.3909	61.1904	76.4846	-0.004979120872043599	True	100.0	34.01608	34.011	0.09222193437689932	33.78	34.137	34.825	5.128507830282371e-05	35.919812207478884	0.07318526521908184	3.0487845242708475e-05	3.0487845242708475e-05	True	100.0	1.0080785641055958	0.034293069593769064	1.0417470902287176	1.7941039546247035	0.019526735779338597	0.050031800992087705	0.15925704342305008	0.6916056399162527	0.00019300361881785283	True	100.0	7.324625425376071	24.900219518927805	32.62348450119944	472.8008529074371	6.796440175895029	31.63079875031954	40.184202466586434	139.83656301347506		True	100.0	38.947919295585606	10.449644543474232	54.74486277268398	57.01754116059373	8.252653348761276	18.789985860569686	7.938078464735969	37.074158616309155		1.0080785641055958	0.00019300361881785283	False	hrv_unreliable;channel_map_unconfirmed	Beat-detection quality is insufficient for HRV computation. EmotiBit value_* channel mapping has not been explicitly confirmed for this dataset; verify PPG/EDA/temperature/IMU column indices before interpreting features.	238.886738639726	2.109881858429235	1864.0803102014324	2.876651708792374	-1406.7331452317885	-0.8324545645839581	7.885859206307863	0.5074118900743201			0.029772148448634385	2.0249618084503727	0.12547986602679928		0.018476080683318772		0.4049004116109671	2.469358109829532	-4.589792293636343	-0.13228249693479183	0.43024616634293267	2.3239764428302836	-0.012875301100844672	-0.25829549184672224	-0.000846715484602939		-4.6893839569684665	-0.14544129910412468	8.679241301269688	1.663565527737586
ses-20260319_grp-14_run01	T1	T1	P4	C:\Users\amodica\Downloads\affectai_physio\bids_release_no_video\sub-01\ses-20260319_grp-14_run01\physio\sub-01_ses-20260319_grp-14_run01_task-T1_run-01_acq-P4_emotibit.tsv.gz	True	24.566402987411745	857.0613120000053	100.0	True	True	True	True	100.0	100.0	100.0	True	100.0	12661.852684385703	12586.0	595.1601456438551	11228.0	13794.0	14410.0	-0.2159959725732905	True	100.0	151675.3760069461	151529.0	833.7235244087035	149430.0	153050.0	154186.0	-0.36090775793560514	True	100.0	187727.60788191596	187619.0	1333.1937605530068	184927.0	189824.0	191889.0	-1.0436083238384584	12661.852684385703	595.1601456438551	92.12401120279405	0.0	1272.0	1228.0	0.966168371361133	5.504285188612386	0.857793463735885	86.61972601418167	13.691604803795354	1.0	device_hr	110.44654938366644	78.06526572192375	51.83374083129584	110.44654938366644	78.06526572192375	51.83374083129584	1.0289296130432684	1.233972	0.5882743245249021	0.170009	1.95734	3.421638	0.00042257857045938796	1.0287637978509387	1.2308311131311012	0.5814628751007397	0.00042298837002991514	0.0001658151923295662	0.08341200266091148	176.0	0.20535286978395184	0.20560222388743893	0.6161990019638458	12.32117218703711	0.00042257857045938796	176.0	0.20535286978395184	0.20535286978395184	True	100.0	35.03102498673484	35.07	0.1460426433311948	34.628	35.225	35.357	-0.00011713028881672595	True	100.0	28.01506765713183	25.4191	15.95359337651523	2.6809	57.6638	75.4835	-0.0075746731273440065	True	100.0	34.216793208238876	34.292	0.19879023127542972	33.503	34.452	35.025	-0.00016324237799956052	35.03102498673484	0.1460426433311948	-0.00011713028881672595	-0.00011713028881672595	True	100.0	1.0043287710209379	0.0367022083848502	1.0550137439863048	1.467957424450723	0.026401306311922394	0.05427027541996088	0.13691913511569548	0.5907863005816231	0.0	True	100.0	9.470151700661795	24.632228128916193	46.68928557165835	320.59601747682393	8.563863837010873	45.0102316713919	48.64014718613193	217.73510119643942		True	100.0	37.85685424820853	13.72009859158798	61.204574992397426	70.78135347674555	9.294388553516336	29.29568841387119	7.683123816112049	34.54026716155392		1.0043287710209379	0.0	False	channel_map_unconfirmed	EmotiBit value_* channel mapping has not been explicitly confirmed for this dataset; verify PPG/EDA/temperature/IMU column indices before interpreting features.	5.402150452246133	0.01034677447079646	189.5160651933984	0.14375305917722828	-1244.6324322663713	-1.215217169910568	1.363835977997752	0.0705767205738026	-11.37977491593999		0.7002904843482259	2.6614220718582433	-0.019528483927630513		-0.04395146284085655		0.2704578699755089	0.7748122812941186	-19.15823308419727	-1.8600642481525917	0.3094277506446659	0.8226013368231224	-0.041474893222666065	-0.7604509860165538	0.0012612108634803658		-3.5486011400985618	-0.10838157096297313	-3.2790774899440436	-0.3042919095595538
ses-20260319_grp-14_run01	T2	T2	P1	C:\Users\amodica\Downloads\affectai_physio\bids_release_no_video\sub-01\ses-20260319_grp-14_run01\physio\sub-01_ses-20260319_grp-14_run01_task-T2_run-01_acq-P1_emotibit.tsv.gz	True	24.551927321534453	945.6773839999951	100.0	True	True	True	True	100.0	100.0	100.0	True	100.0	9543.02363859219	9544.0	1038.5387518788366	6444.0	11047.0	16577.0	-0.13345389016954334	True	100.0	123307.86779898441	122987.5	7717.40409626591	86583.0	137453.0	172824.0	3.006007337510062	True	100.0	180799.56067238664	180100.0	5789.11517037162	101308.0	190606.0	218228.0	0.18658925609675822	9543.02363859219	1038.5387518788366	64.04850605617683	1.0	199.0	80.0	0.40404040404040403	0.04629026682243875	0.6218913393988578	64.09479632299927	22.64485998392113	0.9714585886884959	device_hr							0.212575140518298	0.20244	0.12174164540818809	0.030048	0.437636	0.769765	-4.272473008249102e-05	0.212720215297911	0.19920150421544203	0.10349914812137005	-4.249506820139342e-05	-0.0001450747796129835	0.05692310656057333	112.0	0.1184336242940125	0.14891083992426715	0.3692614776912349	7.10601745764075	-4.272473008249102e-05	112.0	0.1184336242940125	0.1184336242940125	True	100.0	36.20244204167397	36.203	0.08089956945007719	35.859	36.33	36.456	2.2536789478451508e-05	True	100.0	23.7790766153038	21.2091	9.69607943080043	9.6794	41.5083	64.1511	0.003024872631476948	True	100.0	33.18460488530906	33.313	0.2947699909446267	32.328	33.497	33.61	-3.02035680729567e-05	36.20244204167397	0.08089956945007719	2.2536789478451508e-05	2.2536789478451508e-05	True	100.0	0.980638061738611	0.04725996186268347	1.025908865348185	1.6274830260251565	0.030526767785056648	0.0668010009280644	0.20349177181553277	0.9721628431931041	0.00013132551216949747	True	100.0	13.188757257512773	28.695404510178946	58.188350448209576	432.6887214176029	11.823092397599321	54.92016272824129	78.89248349473685	431.31670908757593		True	100.0	45.590789460361165	11.008308592717347	61.91122676865643	84.40379138403677	9.08161329410164	17.851302040867935	8.738554523295004	41.44922746537497		0.980638061738611	0.00013132551216949747	False	hrv_unreliable;channel_map_unconfirmed	Beat-detection quality is insufficient for HRV computation. EmotiBit value_* channel mapping has not been explicitly confirmed for this dataset; verify PPG/EDA/temperature/IMU column indices before interpreting features.	1303.601712561649	1.0522626653975784	-4576.74549433362	-1.0089712711802181	4960.09355260554	1.1203561336091032	2.579045565353944	0.1530967828882067			-0.2535720472242291	-1.066095190820195	-0.015210028469664849		-0.09235784425436383		0.36215313709280395	2.287196838752608	-1.1845196156080178	-0.1553850763608427	0.20133787145081783	0.763055876884812	-0.03365156544759773	-0.6120141382214	0.009161988967617947		2.022603959564666	0.060731991776461595	-9.21866590495781	-1.8635767425195233
ses-20260319_grp-14_run01	T2	T2	P2	C:\Users\amodica\Downloads\affectai_physio\bids_release_no_video\sub-01\ses-20260319_grp-14_run01\physio\sub-01_ses-20260319_grp-14_run01_task-T2_run-01_acq-P2_emotibit.tsv.gz	True	24.551324543380375	945.6783609999984	100.0	True	True	True	True	100.0	100.0	100.0	True	100.0	10423.980741454021	10574.0	769.1627737926214	7761.0	11322.0	21243.0	-0.11171184220763168	True	100.0	125996.83744036416	126166.0	3612.2786665365998	115736.0	130490.0	193399.0	0.4063450174854509	True	100.0	174028.89666039305	173450.0	4341.876179976251	125737.0	182541.0	220700.0	0.8298576623678073	10423.980741454021	769.1627737926214	64.04693359142706	1.0	277.0	149.0	0.5398550724637681	0.010545959451192743	0.6747225929108217	64.03638763197587	15.478873175645697	0.9866503260821989	device_hr	211.67096472026034	149.514427390138	79.05405405405406	211.67096472026034	149.514427390138	79.05405405405406	0.045991706876176305	0.04223	0.015878878398806844	0.030107	0.07427560000000001	0.149376	-5.255897429987944e-06	0.04601591007238989	0.04279075196113637	0.014360070700586891	-5.326162513593605e-06	-2.4203196213593647e-05	0.0054793105989494745	99.0	0.10468675617713555	0.014714326758693032	0.040658331310733896	6.281205370628133	-5.255897429987944e-06	99.0	0.10468675617713555	0.10468675617713555	True	100.0	35.05093946688843	35.05	0.08180859478295029	34.774	35.19	35.414	-8.549169793777429e-06	True	99.41348973607037	51.41639367762954	49.8712	16.696093264647466	11.7758	79.8328	99.9677	0.0008843035618109027	True	100.0	33.357421455771	33.381	0.13765537277777568	32.78	33.558	33.702	-3.768609466977946e-05	35.05093946688843	0.08180859478295029	-8.549169793777429e-06	-8.549169793777429e-06	True	100.0	1.015129829340552	0.05937100996475301	1.0517989351582364	2.6766622872525403	0.028103872919609654	0.06915378639091467	0.18915846636818417	0.6087869000092149	0.0014443909484833895	True	100.0	12.576638347043598	34.63882195388431	63.002495379151455	534.8763614088773	11.366634975327102	60.79185610509519	64.2476823156748	221.2885514075127		True	100.0	43.751741186628905	16.29966130073919	72.20803279414278	74.89325737341113	12.309677650411532	30.90532918679098	7.9302239926356455	37.80372443252338		1.015129829340552	0.0014443909484833895	False	channel_map_unconfirmed	EmotiBit value_* channel mapping has not been explicitly confirmed for this dataset; verify PPG/EDA/temperature/IMU column indices before interpreting features.	577.0923627892389	0.6826258239906906	-1645.9701364638167	-0.4184841587654222	-2109.931138971122	-0.6276089662039228	-6.552948007548693	-0.29296789470408247			0.011663529671203432	1.3069206718435078	0.062252124790705944		0.005320035520061283		0.5326759557616185	1.7683758738488051	37.05152448829715	2.372534700404032	0.5972185239447896	2.2970968319698777	0.011961402414159883	0.14329645418388867	-0.008803695740543446		-0.6102614304559921	-0.014212855207840722	3.440357455322726	0.15207965200361598
ses-20260319_grp-14_run01	T2	T2	P3	C:\Users\amodica\Downloads\affectai_physio\bids_release_no_video\sub-01\ses-20260319_grp-14_run01\physio\sub-01_ses-20260319_grp-14_run01_task-T2_run-01_acq-P3_emotibit.tsv.gz	True	24.549516377721712	945.6783670000004	100.0	True	True	True	True	100.0	100.0	100.0	True	100.0	6252.0966202609225	6257.0	118.47884551202533	5810.0	6435.0	6714.0	-0.008106735322871636	True	100.0	103950.79725943437	104095.0	978.7112019645571	100580.0	105500.0	106423.0	-0.17513953429386078	True	100.0	160782.9790736363	161058.5	1767.4803092647985	153107.0	163125.0	164826.0	-0.6054530692362244	6252.0966202609225	118.47884551202533	81.83172125907238	0.0	1119.0	897.0	0.8023255813953488	10.94243573241097	0.6818275971745146	70.88928552666141	19.09518949793811	1.0	device_hr	194.5174170892729	140.77477778734124	73.88392857142857	194.5174170892729	140.77477778734124	73.88392857142857	0.11661830251291481	0.124342	0.02469294513054852	0.054593	0.139923	0.227726	1.695116566265269e-07	0.11660177526563942	0.12131930766347526	0.01665453529153543	1.2318326797009584e-07	1.6527247275376945e-05	0.016670143622757306	236.0	0.24955630607123733	0.039998969390733684	0.10365425977741705	14.97337836427424	1.695116566265269e-07	236.0	0.24955630607123733	0.24955630607123733	True	100.0	35.834480518343405	35.85	0.21468891957356773	35.366	36.133	36.258	-0.0001860153885731377	True	100.0	40.01300955695648	39.6122	5.834811361358055	26.1968	49.5051	63.427	-0.0005878663669327567	True	100.0	33.918114306978374	33.954	0.2681637338147338	33.348	34.278	34.403	-0.00023585824657137416	35.834480518343405	0.21468891957356773	-0.0001860153885731377	-0.0001860153885731377	True	100.0	0.9962012834020236	0.06636628820980747	1.051538396826288	2.4047993679307216	0.0246176947890699	0.08322988764921224	0.254638883921646	1.0738994196742073	0.0024954032046230626	True	99.91244199282025	16.134483126591277	40.97340218351798	77.5451540587805	685.1863904602893	15.132485874237743	74.64441242883954	87.57815066086957	367.01922426393594		True	100.0	35.3214928780768	8.512714167411648	55.235857918565905	60.83584469702052	6.232729581980524	21.887741631391414	8.034871430836228	38.38871385414724		0.9962012834020236	0.0024954032046230626	False	channel_map_unconfirmed	EmotiBit value_* channel mapping has not been explicitly confirmed for this dataset; verify PPG/EDA/temperature/IMU column indices before interpreting features.	426.3002225918426	3.765144566050429	5041.032117283568	7.779328806221876	3419.6087752078893	2.023602659581976	13.172535320862458	0.8475805704067272	-27.750892540727392		0.06830524177247546	4.645801969745862	0.21985468650472037		0.03633763945422137		0.31956872247548773	1.9489474296976343	-8.268278119068277	-0.23830021163661733	0.3322804733213047	1.7948143477371703	-0.024752581804416862	-0.49656938051946936	0.004244243525128363		4.120473744246739	0.1277965421016841	5.052814883760885	0.9684819636751356
ses-20260319_grp-14_run01	T2	T2	P4	C:\Users\amodica\Downloads\affectai_physio\bids_release_no_video\sub-01\ses-20260319_grp-14_run01\physio\sub-01_ses-20260319_grp-14_run01_task-T2_run-01_acq-P4_emotibit.tsv.gz	True	24.55916302141095	945.6773390000017	100.0	True	True	True	True	100.0	100.0	100.0	True	100.0	12583.123807439824	12474.0	733.163455546701	9909.0	13935.0	14576.0	-0.05951403766873039	True	100.0	151716.86376367614	151291.5	1247.398880206807	149011.0	154632.0	155687.0	0.20986722139101763	True	100.0	186411.08739606128	186737.0	1515.3255043069348	181027.0	188289.0	189311.0	-0.9030715130507633	12583.123807439824	733.163455546701	92.09686133029106	0.0	1426.0	1387.0	0.9733333333333334	2.700348846716807	0.8766747684084386	89.39651248357426	14.191934727384734	0.9991247264770241	device_hr	128.48261468659007	93.93970512000314	56.421356421356414	128.48261468659007	93.93970512000314	56.421356421356414	0.6653886449015317	0.557263	0.3027568436407033	0.265931	1.338214	2.470227	-0.00023896802606610004	0.665441038278156	0.5565905817243995	0.29848560975743815	-0.00023888253683249563	-5.239337662427322e-05	0.048483202500283	202.0	0.21360351112315237	0.13859039980971388	0.3222757237241182	12.816210667389143	-0.00023896802606610004	202.0	0.21360351112315237	0.21360351112315237	True	100.0	34.80821803063457	34.805	0.08319832091266116	34.538	34.95	35.074	3.479140042540831e-05	True	100.0	22.89894963676149	24.0974	12.567048684401774	0.8125	44.6487	51.7186	0.0010391689397023288	True	100.0	33.94876809628009	33.939	0.14934699936947074	33.359	34.182	34.719	8.391707095509904e-05	34.80821803063457	0.08319832091266116	3.479140042540831e-05	3.479140042540831e-05	True	100.0	1.0054903023218331	0.03805516654049604	1.051116073514243	1.9425462671452642	0.02776676740160129	0.0594341342847399	0.12313191439643328	0.5037269437503773	0.000350109409190372	True	100.0	6.210747155411397	17.181352923918187	28.52450644621218	358.9511911625312	5.461282819770103	27.203520072326803	30.0361375614556	121.10606054804745		True	100.0	32.91472433493311	11.298262035322923	59.0	64.62197768561404	8.49862588102819	25.33993464058633	7.109539450751515	34.2635467539685		1.0054903023218331	0.000350109409190372	False	channel_map_unconfirmed	EmotiBit value_* channel mapping has not been explicitly confirmed for this dataset; verify PPG/EDA/temperature/IMU column indices before interpreting features.	-73.32672649363303	-0.14044316396185202	231.00382192342659	0.1752226443137497	-2561.15291812105	-2.500623413130826	4.140622447390342	0.21427177328179012	6.656290386983642		0.33696772477544323	1.2806304815863665	-0.011277842588429982		-0.1109632869185816		0.04765091387523768	0.1365111441895397	-24.27435110456761	-2.35678584962792	0.04140263868588079	0.11006726403838586	-0.04031336192177082	-0.7391540626390112	0.002626671953159264		-6.8080056853489594	-0.20793048363910482	-8.22120740321946	-0.7629117967729027
ses-20260319_grp-14_run01	T3	T3	P1	C:\Users\amodica\Downloads\affectai_physio\bids_release_no_video\sub-01\ses-20260319_grp-14_run01\physio\sub-01_ses-20260319_grp-14_run01_task-T3_run-01_acq-P1_emotibit.tsv.gz	True	24.55675064762455	812.7041349999927	100.0	True	True	True	True	100.0	100.0	100.0	True	100.0	8717.155345239913	8549.0	806.8159644207947	6351.0	9946.0	16208.0	-0.0938676965029625	True	100.0	121609.6520124154	121537.0	5246.748842126913	95109.0	130227.0	180357.0	-0.3674001351929779	True	100.0	176731.63338930442	177138.0	4863.3755609160535	116626.0	185704.0	214662.0	-0.09985272660300887	8717.155345239913	806.8159644207947	58.93620155429892	2.0	162.0	71.0	0.4409937888198758	0.1166373439098578	0.6447511773941175	59.052838898208776	15.578554234803796	0.9402635729914008	device_hr							0.1068083956139012	0.110835	0.026164182691371222	0.030048	0.140225	0.191593	-4.943472395667448e-06	0.10686943600284547	0.11016860990564123	0.021866278478929507	-4.815719963742173e-06	-6.104038894429265e-05	0.012021487776154399	99.0	0.12181554853292446	0.033969052670597376	0.09835349305308182	7.308932911975468	-4.943472395667448e-06	99.0	0.12181554853292446	0.12181554853292446	True	100.0	36.312212639291715	36.304	0.08339714334471122	36.071	36.476	36.621	3.381181860693582e-05	True	100.0	44.76348715717703	41.404	14.823593491376437	19.4394	74.2596	90.3829	0.0011232973943901049	True	100.0	33.5095931918791	33.547	0.1704011639836203	32.767	33.75	33.995	3.820013350875502e-05	36.312212639291715	0.08339714334471122	3.381181860693582e-05	3.381181860693582e-05	True	100.0	0.9914158151656602	0.04506938026234148	1.0304683401250132	1.656168469691414	0.029361777160812376	0.07915204730121905	0.18338652781580547	0.8354857182223265	5.0882816872742075e-05	True	100.0	9.982480446469506	26.649846203899457	45.60750118377323	367.3993961154536	9.108037369956467	43.62446991826076	61.15285421227084	289.82806223180665		True	100.0	54.87726671401703	6.7334017633234	63.63961030678928	83.5344240418284	4.9875170674569445	15.604889545827177	7.940650093428461	36.256650172267435		0.9914158151656602	5.0882816872742075e-05	False	hrv_unreliable;channel_map_unconfirmed	Beat-detection quality is insufficient for HRV computation. EmotiBit value_* channel mapping has not been explicitly confirmed for this dataset; verify PPG/EDA/temperature/IMU column indices before interpreting features.	477.7334192093713	0.38562471666205206	-6274.961280902629	-1.3833532295028381	892.1662695233244	0.20151715721864719	-2.462911859436552	-0.14620287725129805			-0.3594228265192946	-1.5111245542154854	-0.011828104230752881		-0.2072996315080336		0.4719237347105505	2.9804587165171985	19.799890926265213	2.5973462346884344	0.5263261780208595	1.994737902030737	-0.0228738120205485	-0.4160013409597157	0.007996998343373675		-1.183672851478601	-0.03554171321680383	0.06781134869805783	0.013708236486216437
ses-20260319_grp-14_run01	T3	T3	P2	C:\Users\amodica\Downloads\affectai_physio\bids_release_no_video\sub-01\ses-20260319_grp-14_run01\physio\sub-01_ses-20260319_grp-14_run01_task-T3_run-01_acq-P2_emotibit.tsv.gz	True	24.554941682659273	812.7031229999993	100.0	True	True	True	True	100.0	100.0	100.0	True	100.0	10348.554984479162	10365.0	594.9670029811471	7668.0	11231.5	16414.0	0.26875018926713695	True	100.0	124172.75212457382	124702.0	5888.713891331412	111404.0	133181.0	178218.0	4.30546254253704	True	100.0	172113.0217291741	173127.0	4534.946330064464	160552.0	177772.0	206720.0	-0.07041832868720285	10348.554984479162	594.9670029811471	61.38735420664818	2.0	340.0	182.0	0.5368731563421829	1.4440942861434323	0.6610340668539653	62.831448492791615	17.53656705657968	0.9706885145794107	device_hr	208.9113792322104	153.84374784887808	77.34806629834254	208.9113792322104	153.84374784887808	77.34806629834254	0.05906080316523333	0.055412	0.020029058057693866	0.030106	0.089882	0.215831	4.467866457706361e-06	0.05906095080395666	0.0551488007016948	0.017349273438160853	4.459380486202611e-06	-1.4763872332784314e-07	0.008400197801649176	121.0	0.1488858558256089	0.021132847535470258	0.06629134667316583	8.933151349536534	4.467866457706361e-06	121.0	0.1488858558256089	0.1488858558256089	True	100.0	34.96509984224721	34.981	0.11371629550460191	34.428	35.113	35.277	1.799658461504683e-06	True	99.11963767747189	51.31177008419756	48.6396	14.058813233245539	21.8922	84.3122	99.9739	0.0033288213962912186	True	100.0	33.239381609078414	33.252	0.12293425175109414	32.712	33.421	33.53	3.513496479266462e-05	34.96509984224721	0.11371629550460191	1.799658461504683e-06	1.799658461504683e-06	True	100.0	1.004193423750911	0.07172544955683414	1.0592317971058083	3.1429414566612595	0.03199685974351308	0.08761628697429807	0.2537764744409584	1.1285753702187507	0.0023917357895272507	True	100.0	15.114696565345387	36.378084101144566	77.13048803059168	523.5896206438779	13.909890357678165	74.71773338081893	90.22978743085963	444.1077672937862		True	100.0	39.47685101782639	16.35568138631014	61.91122676865643	69.34695379034324	13.576431411107679	28.677554975017728	8.785147209369848	40.1192632767549		1.004193423750911	0.0023917357895272507	False	channel_map_unconfirmed	EmotiBit value_* channel mapping has not been explicitly confirmed for this dataset; verify PPG/EDA/temperature/IMU column indices before interpreting features.	501.6666058143801	0.593406882925119	-3470.0554522541643	-0.8822536962461308	-4025.8060701900686	-1.1974949983825267	-7.757887146732948	-0.34683807381228093			0.0247085704027702	2.768642284231371	0.10645122443917929		0.01173855629683851		0.44683633112040155	1.4834057722441119	36.946900894865166	2.365835297091309	0.4791786772522073	1.8430771607568537	0.0010249968245188423	0.012279363691453212	-0.004910708916640021		1.9277967878457964	0.04489796544297356	-0.8345327134797884	-0.036890191295466467
ses-20260319_grp-14_run01	T3	T3	P3	C:\Users\amodica\Downloads\affectai_physio\bids_release_no_video\sub-01\ses-20260319_grp-14_run01\physio\sub-01_ses-20260319_grp-14_run01_task-T3_run-01_acq-P3_emotibit.tsv.gz	True	24.554941682659273	812.7031529999949	100.0	True	True	True	True	100.0	100.0	100.0	True	100.0	6025.541448272353	6008.0	155.958254676335	5295.0	6326.0	6662.0	-0.08572450649572429	True	100.0	103999.48796498906	104055.0	870.360593761314	98218.0	105250.0	106503.0	-0.11402003497678614	True	100.0	161164.46409851915	161479.0	1494.98189888441	153244.0	163293.0	165323.0	-0.12202092458269381	6025.541448272353	155.958254676335	81.84980560886424	0.0	956.0	763.0	0.7989528795811518	11.489947210931433	0.6782020133220282	70.35985839793281	21.82548357191445	0.9846827133479212	device_hr	189.71949960167711	135.76785347561116	78.21522309711287	189.71949960167711	135.76785347561116	78.21522309711287	0.13338908228588878	0.145865	0.03477104169180457	0.059133	0.167057	0.275973	1.419709684387102e-05	0.13340092357050143	0.14303143513303254	0.026257637640853457	1.4189277193874497e-05	-1.1841284612691415e-05	0.020939188431253038	185.0	0.22763539099989336	0.0586105410882893	0.1368244737947725	13.658123459993602	1.419709684387102e-05	185.0	0.22763539099989336	0.22763539099989336	True	100.0	35.57849636150833	35.577	0.0854952222693249	35.323	35.722	35.878	-4.405160458128121e-05	True	100.0	42.229939865655695	41.9256	9.979474843594101	21.5945	60.7407	71.2804	0.002707417627697029	True	100.0	33.60156307567045	33.596	0.10310971871909753	33.335	33.776	33.915	-6.574419842253354e-05	35.57849636150833	0.0854952222693249	-4.405160458128121e-05	-4.405160458128121e-05	True	100.0	1.0007669999494813	0.055078923633302	1.044888989318961	2.3682867225063777	0.022799467948736468	0.07263428069255251	0.2342043800366001	1.038221572083839	0.0024935117805709632	True	100.0	14.018478949911126	34.018747671917524	73.85596077501124	466.3750393503066	13.254650780828257	71.95582525352863	77.29558244325116	357.40990917402934		True	100.0	33.19804994940327	7.5816394043009785	48.67237409455183	74.17546764261078	5.448970311695521	17.59827800888239	8.042098446856333	38.96950021078938		1.0007669999494813	0.0024935117805709632	False	channel_map_unconfirmed	EmotiBit value_* channel mapping has not been explicitly confirmed for this dataset; verify PPG/EDA/temperature/IMU column indices before interpreting features.	199.74505060327283	1.7641768688318102	5089.722822838259	7.854468380718575	3801.093800090748	2.249351908016607	12.643108192133859	0.8135148315928873	-32.548810028323174		0.08510439007733747	5.788401194337587	0.1979337714333764		0.054949211151776985		0.06358456564041148	0.3877819293871161	-6.051347810369066	-0.17440601817349455	0.015729242013378553	0.08496156563898827	-0.02018686525695923	-0.40497509530458453	0.002426016684794932		2.004469567566588	0.06216864743786813	2.929371955087351	0.5614779026470519
ses-20260319_grp-14_run01	T3	T3	P4	C:\Users\amodica\Downloads\affectai_physio\bids_release_no_video\sub-01\ses-20260319_grp-14_run01\physio\sub-01_ses-20260319_grp-14_run01_task-T3_run-01_acq-P4_emotibit.tsv.gz	True	24.5621791508526	812.7047149999999	100.0	True	True	True	True	100.0	100.0	100.0	True	100.0	12381.98753117207	12235.0	867.9438236071006	9861.0	14014.0	15166.0	-0.13052924223223605	True	100.0	153240.33121278437	153196.0	1006.5498747893998	149993.0	154838.6	156556.0	0.38406565735872317	True	100.0	185982.8894600234	185892.0	1165.1389865386977	182127.0	187864.0	189825.0	-0.23511982279482468	12381.98753117207	867.9438236071006	86.69004406183271	0.0	1106.0	1036.0	0.9375565610859729	0.06741229726954145	0.8827492900161821	86.75745635910225	15.948909519438022	1.0	device_hr	137.3988171682673	96.65610543303221	60.96618357487923	137.3988171682673	96.65610543303221	60.96618357487923	0.39031810107384596	0.395218	0.0560223062288878	0.163272	0.4519165999999998	1.368569	-1.6479327983236364e-05	0.3900779918289118	0.39157950392946095	0.04219618863160096	-1.6424075062966457e-05	0.00024010924493423933	0.0339954477005055	201.0	0.24732230081869286	0.09776926409313927	0.2828064686406914	14.839338049121572	-1.6479327983236364e-05	201.0	0.24732230081869286	0.24732230081869286	True	100.0	34.767054608377016	34.771	0.0852980424086067	34.457	34.902	35.02	-2.650076840082144e-05	True	100.0	34.38706927579012	34.6614	9.819346797080211	10.2946	48.5002	53.089	-0.0028484346194947367	True	100.0	33.89029207593262	33.897	0.14332427487039368	33.301	34.07	34.836	-5.0560313130247775e-05	34.767054608377016	0.0852980424086067	-2.650076840082144e-05	-2.650076840082144e-05	True	100.0	0.9994690013251777	0.06131644628917018	1.0639482127348836	3.163682348150649	0.03722023390705495	0.0809441936347225	0.21935469171547017	1.0177131217969424	0.0008142908036032368	True	100.0	12.590596612390353	28.63290108925587	56.97486386388151	361.6979593721812	11.264415596203698	53.87323783871342	68.07336144168414	347.05441554262046		True	100.0	40.72160604313582	14.741348955638594	63.57672530100933	66.60330322138685	12.092995639703332	25.433062510042653	7.844486432680907	36.35503497565162		0.9994690013251777	0.0008142908036032368	False	channel_map_unconfirmed	EmotiBit value_* channel mapping has not been explicitly confirmed for this dataset; verify PPG/EDA/temperature/IMU column indices before interpreting features.	-274.46300276138754	-0.5256808034602061	1754.4712710316526	1.3308138927007733	-2989.3508541589254	-2.918701450070594	1.501566322918336	0.07770408502584195	15.572492868660873		0.06160467832619898	0.23412577250663377	0.022440947107110504		-0.1517844226351562		0.006487491617683361	0.018585475736494175	-12.786231465538982	-1.2414094720076474	-0.017073381661589337	-0.04538890435539183	-0.04633466291842625	-0.8495558967179162	0.012080138458612923		-0.42815622837000333	-0.013076771047600343	-0.41432569501674976	-0.03844860553093777
ses-20260319_grp-14_run01	T4	T4	P1	C:\Users\amodica\Downloads\affectai_physio\bids_release_no_video\sub-01\ses-20260319_grp-14_run01\physio\sub-01_ses-20260319_grp-14_run01_task-T4_run-01_acq-P1_emotibit.tsv.gz	True	24.563385820606864	488.0888100000011	100.0	True	True	True	True	100.0	100.0	100.0	True	100.0	9455.688273174039	9300.0	1423.4975414377525	7070.0	12139.0	17595.0	0.13350117342229847	True	100.0	124323.2269954245	121810.0	9866.97324747232	109802.0	149357.0	175991.0	-1.2313107946387272	True	100.0	178270.17852906286	177092.0	8533.403345246981	124558.0	199895.54999999996	215748.0	-1.9436111239993061	9455.688273174039	1423.4975414377525	61.40846455151716	2.0	126.0	64.0	0.512	1.107305570934642	0.6474900048797099	60.30115898058252	15.633089943982258	0.9774614472123369	device_hr							0.08589897771564141	0.098726	0.03316839602508023	0.030049	0.1226398	0.128847	-1.2966113513578119e-05	0.08606726014669618	0.09475211206895101	0.02964005697170242	-1.2773441628894163e-05	-0.00016828243105476476	0.011983043936552612	59.0	0.12087964073587318	0.030408453626509728	0.07643028711911033	7.252778444152391	-1.2966113513578119e-05	59.0	0.12087964073587318	0.12087964073587318	True	100.0	36.81905177088629	36.825	0.12047976432550496	36.411	37.009	37.18	0.00017157656884211818	True	100.0	39.9891999576343	42.0218	12.562085179763043	15.9495	58.8081	76.6344	-0.012792629096888787	True	100.0	34.01547330960853	34.095	0.2437151282252577	33.312	34.315	34.413	3.5749488734090843e-06	36.81905177088629	0.12047976432550496	0.00017157656884211818	0.00017157656884211818	True	100.0	0.9647631445929957	0.03443443874016802	1.0133140924420714	1.4903466039817717	0.023908075552342367	0.057213739317993895	0.13834242951914147	0.6011630389648809	0.0	True	100.0	7.935403209005494	18.63047221032695	33.981579252873466	258.73727999265975	7.0994227086720585	32.061482296797536	47.933543495390815	243.198355166735		True	100.0	49.27299321718749	13.259246770836022	68.0617173366756	103.46496991735899	8.69724603007344	23.10969466710211	7.659238893471025	34.188753978492414		0.9647631445929957	0.0	False	hrv_unreliable;channel_map_unconfirmed	Beat-detection quality is insufficient for HRV computation. EmotiBit value_* channel mapping has not been explicitly confirmed for this dataset; verify PPG/EDA/temperature/IMU column indices before interpreting features.	1216.2663471434971	0.9817658690886906	-3561.386297893536	-0.7851291850504453	2430.7114092817646	0.5490344904869628	-1.2145917770628074	-0.07210035219570317			-0.3802250023754439	-1.5985833253284778	-0.012764012027804167		-0.21086023055212125		0.9787628663051251	6.181427425072567	15.02560372672248	1.9710560734328557	1.0322062957502922	3.9119867238795303	-0.04952648259321302	-0.9007280095371083	0.002543296734903666		-3.230750088942613	-0.09700855518729255	-5.536462148131484	-1.1192098945194102
ses-20260319_grp-14_run01	T4	T4	P2	C:\Users\amodica\Downloads\affectai_physio\bids_release_no_video\sub-01\ses-20260319_grp-14_run01\physio\sub-01_ses-20260319_grp-14_run01_task-T4_run-01_acq-P2_emotibit.tsv.gz	True	24.56036938605058	488.08884599999874	100.0	True	True	True	True	100.0	100.0	100.0	True	100.0	10596.255423728813	10572.0	842.6060538869006	7951.0	11743.05	20102.0	-0.09562566526038849	True	100.0	128670.8013559322	127368.0	4554.914047919056	119269.0	134887.0	189622.0	-1.96897830609036	True	100.0	171379.7711864407	169299.0	4644.844518864331	164256.0	177526.59999999998	212492.0	-1.5014309147178895	10596.255423728813	842.6060538869006	58.9448865265214	2.0	117.0	54.0	0.46551724137931033	4.1428338634453965	0.6095716788365059	54.802052663076005	15.160268895960423	0.8496610169491525	device_hr							0.0573425570338983	0.060059	0.017756208257948217	0.030108	0.092157	0.100991	-9.164181609597573e-06	0.057337024027032966	0.05942159084544643	0.01675968198390563	-9.183938117874929e-06	5.533006865333828e-06	0.004787784470381552	59.0	0.12087963182014644	0.014828423723392761	0.035490344830027304	7.2527779092087865	-9.164181609597573e-06	59.0	0.12087963182014644	0.12087963182014644	True	100.0	35.01421483050847	35.014	0.0913395436691203	34.713	35.167	35.341	-8.586528029836192e-05	True	99.29661016949153	45.52311560979773	39.4678	18.411425988303478	13.874	86.6711	99.8678	-0.021130450978919583	True	100.0	33.34750906779661	33.354	0.13411775405095835	32.76	33.552	33.668	-0.0001291698892143823	35.01421483050847	0.0913395436691203	-8.586528029836192e-05	-8.586528029836192e-05	True	100.0	0.9970002702929068	0.17194036269592583	1.045830292160253	8.667574862670643	0.04273965722303252	0.09112836767944732	0.2482158014038581	0.7428156492204623	0.002627118644067797	True	100.0	13.944920300861492	40.92033696485918	81.08120417211377	699.000273421978	13.006951658744764	79.5784360601443	69.62058986875711	274.8913499544149		True	100.0	44.13888528698757	13.949976934375533	61.72519744804386	68.68769904429759	12.03974514072649	20.58088813056186	8.95959050226993	39.591048906006215		0.9970002702929068	0.002627118644067797	False	hrv_unreliable;channel_map_unconfirmed	Beat-detection quality is insufficient for HRV computation. EmotiBit value_* channel mapping has not been explicitly confirmed for this dataset; verify PPG/EDA/temperature/IMU column indices before interpreting features.	749.3670450640311	0.8864045507999954	1027.9937791042175	0.26136507724784763	-4759.056612923479	-1.4156038298004983	-15.787282976448559	-0.705814703760774			0.022984643625846506	2.575473011719574	0.07844500043371683		0.005434132484761012		0.4959513193816605	1.6464575476173673	31.158246420465332	1.9951681302517763	0.587306135970401	2.258970561433552	-0.0061681566334852445	-0.07389392512895795	0.005832088562879423		0.7580205233619015	0.017654132156220664	3.827501555681394	0.16919320512197247
ses-20260319_grp-14_run01	T4	T4	P3	C:\Users\amodica\Downloads\affectai_physio\bids_release_no_video\sub-01\ses-20260319_grp-14_run01\physio\sub-01_ses-20260319_grp-14_run01_task-T4_run-01_acq-P3_emotibit.tsv.gz	True	24.562782470910037	488.0888080000004	100.0	True	True	True	True	100.0	100.0	100.0	True	100.0	5862.0792507204615	5917.0	210.82638339309915	4530.0	6101.0	6255.0	-0.1672680213720963	True	100.0	102770.79691473131	103283.0	1770.4372313407841	87474.0	104954.15	105879.0	0.772367814659057	True	100.0	158800.65189015088	160624.5	4851.75033856827	137705.0	163304.05	164659.0	4.968368603689069	5862.0792507204615	210.82638339309915	81.87594156970012	0.0	567.0	456.0	0.8056537102473498	15.751337544116964	0.6617775721118734	66.12460402558315	29.347310374165573	0.9011696897779284	device_hr	154.45580481884542	116.29900733486517	68.79120879120879	154.45580481884542	116.29900733486517	68.79120879120879	0.14558347152059672	0.165183	0.04133021048477178	0.074329	0.19020805	0.308725	-1.8617155406019922e-06	0.1455993039380777	0.15847090890785728	0.03338149477617059	-1.845855565149584e-06	-1.5832417481018312e-05	0.02173101827147591	106.0	0.21717359272044587	0.05477229909922162	0.1431223799759064	13.030415563226752	-1.8617155406019922e-06	106.0	0.21717359272044587	0.21717359272044587	True	100.0	35.775758433632824	35.811	0.14104837396651385	35.304	35.936	36.051	0.00013404540733702756	True	100.0	38.338874097304625	37.583	7.0789026198632925	25.917	51.1709	66.601	0.0022404324460614054	True	100.0	33.82270308526869	33.865	0.15163653862571805	33.357	34.0	34.074	0.00014369500455383406	35.775758433632824	0.14104837396651385	0.00013404540733702756	0.00013404540733702756	True	100.0	1.0026825809916533	0.04074209969131917	1.0367743245277634	1.5819310983731245	0.023815854886878072	0.06372812488914548	0.16935453826178115	0.6889256441252484	0.00025428038650618747	True	100.0	10.488817696142757	27.429502096272923	50.96249052980045	469.49476754805266	9.737378849747824	49.425162328018786	53.20595811286522	246.09099846429524		True	100.0	29.443027967507252	9.862778689464792	41.19465984809196	55.54277630799526	8.293165445091516	16.797485636677376	7.713796527485933	35.52907174447256		1.0026825809916533	0.00025428038650618747	False	channel_map_unconfirmed	EmotiBit value_* channel mapping has not been explicitly confirmed for this dataset; verify PPG/EDA/temperature/IMU column indices before interpreting features.	36.28285305138161	0.3204553499330727	3861.031772580507	5.958350391617601	1437.2815917224798	0.8505320470178668	8.4078538197842	0.5409993872009207	-67.81250481115487		0.09730277044491376	6.618077776526799	0.1874719731539289		0.051110969162709304		0.2608466377649066	1.5908202163188208	-9.942413578720135	-0.28655050372867374	0.23686925161162264	1.279450239976072	-0.018271284214787187	-0.36654601752343463	0.003442403622936536		-1.5251916862017811	-0.04730383825669944	-0.8256500268086668	-0.15825380063734132
ses-20260319_grp-14_run01	T4	T4	P4	C:\Users\amodica\Downloads\affectai_physio\bids_release_no_video\sub-01\ses-20260319_grp-14_run01\physio\sub-01_ses-20260319_grp-14_run01_task-T4_run-01_acq-P4_emotibit.tsv.gz	True	24.566402987411745	488.08875300000363	100.0	True	True	True	True	100.0	100.0	100.0	True	100.0	11938.061604948733	12089.0	1059.007416208792	9221.0	13470.0	14095.0	0.7737911820069895	True	100.0	152551.8911109228	152513.0	938.096317214254	148311.0	153948.0	156119.0	0.31541166555758066	True	100.0	184564.99347512922	184622.0	1187.7369952028703	178841.0	186465.0	187534.0	-0.13465384112786108	11938.061604948733	1059.007416208792	86.70495172027675	0.0	678.0	640.0	0.9453471196454948	4.918392954070498	0.8338151282919057	81.78655876620626	15.193255111304195	1.0	device_hr	142.70968503838074	100.45633456217779	63.22378716744914	142.70968503838074	100.45633456217779	63.22378716744914	0.8272029378018811	0.408384	0.6015288307651813	0.224638	1.908352	2.921672	0.0009123320429824136	0.8272657701363625	0.427633646022354	0.5973039667941706	0.0009129074903129762	-6.283233448116898e-05	0.06760559846593553	106.0	0.21717361719252565	0.1479595945233514	0.5982010043986461	13.030417031551538	0.0009123320429824136	106.0	0.21717361719252565	0.21717361719252565	True	100.0	34.46801906618083	34.537	0.23014025461519913	33.88	34.745	34.896	-0.0003539628895775303	True	100.0	39.22946605372426	37.5184	10.387254612713276	13.266	61.1912	70.8019	0.0006183546790320659	True	100.0	33.502742987882385	33.563	0.2458358695620842	32.763	33.816	34.418	-0.0003885571539600342	34.46801906618083	0.23014025461519913	-0.0003539628895775303	-0.0003539628895775303	True	100.0	1.007775849218682	0.06029824265374316	1.0696027299890367	2.4624745683965954	0.032775912910557765	0.095816687336167	0.24860036574863914	1.1935549067566762	0.0013558173036183373	True	100.0	16.93848445024073	34.55378344658684	87.2987497619525	407.8357649998343	15.849753858772345	84.64447358943389	88.18836399683029	514.8431283194107		True	100.0	48.43187863616108	8.08738766041558	62.465990746965666	66.03786792439622	6.785705882223434	16.392276913407535	7.862219820777336	37.1784839027764		1.007775849218682	0.0013558173036183373	False	channel_map_unconfirmed	EmotiBit value_* channel mapping has not been explicitly confirmed for this dataset; verify PPG/EDA/temperature/IMU column indices before interpreting features.	-718.3889289847248	-1.3759350644207675	1066.0311691700772	0.8086134628749885	-4407.246839053114	-4.303087314781785	-3.4693312699776584	-0.17953333653702197	20.883360738774314		0.4987924566336497	1.895638000274584	-0.007707736519056707		-0.10159409220494409		-0.2925480505785032	-0.8380966043894496	-7.943834687604841	-0.7712633430603912	-0.4046224697118248	-1.0756727016247605	-0.03802781502492203	-0.6972480743109716	0.007635817462115738		3.9197316094803725	0.11971665814685117	7.295946898008509	0.677049450782573
ses-20260319_grp-15_run01	T0	T0	P1	C:\Users\amodica\Downloads\affectai_physio\bids_release_no_video\sub-01\ses-20260319_grp-15_run01\physio\sub-01_ses-20260319_grp-15_run01_task-T0_run-01_acq-P1_emotibit.tsv.gz	True	24.50019600555617	913.1821659999987	100.0	True	True	True	True	100.0	100.0	100.0	True	100.0	6508.790135486266	6789.0	938.8900863150684	3970.0	7508.0	14114.0	-0.1878666233342814	True	100.0	108311.31352078693	106760.0	4984.1301595665545	90661.0	113597.0	151150.0	1.2015720818714242	True	100.0	162479.54482182628	163625.5	4580.321370334709	128856.0	167490.0	190329.0	-0.4481529905244015	6508.790135486266	938.8900863150684	66.81871637878956	0.0	655.0	458.0	0.7003058103975535	3.8435516241800087	0.7369480332033098	70.66226800296957	13.637712175118725	1.0	device_hr	157.10816207086708	117.05710597033035	63.67614879649891	157.10816207086708	117.05710597033035	63.67614879649891	0.42614260152190053	0.278224	0.2967233098349813	0.030047	0.964032	4.666369	0.00016897246023905643	0.4262312131151865	0.28383501799175853	0.28628663344866734	0.0001690724708112062	-8.861159328608097e-05	0.07435384286436755	79.0	0.08651066889100867	0.32456019702395716	1.309563106002575	5.19064013346052	0.00016897246023905643	79.0	0.08651066889100867	0.08651066889100867	True	100.0	38.570960838901264	38.702	0.341859256493623	37.435	38.931	39.182	0.0002445752601299827	True	100.0	12.395608811247214	10.1279	7.573700070666683	0.9768	28.8527	39.5856	0.003766720105573981	True	100.0	36.270167919450635	36.436	0.3733685488609869	35.082	36.611	36.73	0.0002810485623117407	38.570960838901264	0.341859256493623	0.0002445752601299827	0.0002445752601299827	True	100.0	1.0017340903252507	0.07092061435471293	1.0407968101411533	4.1259666746109325	0.024076455578972186	0.08733085339174984	0.2708296663178104	0.9992023348112391	0.0012991833704528583	True	100.0	9.713940915201423	33.34310105729067	43.541315207512966	571.6708475906394	8.995733077805356	42.08808914113513	65.17104521175139	200.61726260983443		True	100.0	56.021901401321216	6.802729013380852	61.53048025166064	84.4748483277715	3.9932985559993304	15.489332309344423	8.373510910912955	37.97480309087102		1.0017340903252507	0.0012991833704528583	False	channel_map_unconfirmed	EmotiBit value_* channel mapping has not been explicitly confirmed for this dataset; verify PPG/EDA/temperature/IMU column indices before interpreting features.	0.0	0.0	0.0	0.0	0.0	0.0	0.0	0.0	0.0		0.0	0.0	0.0		0.0		0.0	0.0	0.0	0.0	0.0	0.0	0.0	0.0	0.0		0.0	0.0	0.0	0.0
ses-20260319_grp-15_run01	T0	T0	P2	C:\Users\amodica\Downloads\affectai_physio\bids_release_no_video\sub-01\ses-20260319_grp-15_run01\physio\sub-01_ses-20260319_grp-15_run01_task-T0_run-01_acq-P2_emotibit.tsv.gz	True	24.4965949760668	917.7608690000052	100.0	True	True	True	True	100.0	100.0	100.0	True	100.0	12477.852627181583	12345.0	991.4433130893528	10589.0	14586.0	15946.0	0.25402733836122904	True	100.0	143994.82389528406	144868.5	2945.651267686234	137350.0	147589.7	149105.0	2.43079434229417	True	100.0	170925.19197920535	170930.0	3048.297036187678	165262.0	176026.0	177849.0	2.603835869731128	12477.852627181583	991.4433130893528	91.8622311602505	0.0	1191.0	1044.0	0.8773109243697479	17.8980861546805	0.6822231944422092	73.96414500557	18.279136366162103	1.0	device_hr	134.58047063832737	98.87502493511776	59.63566634707574	134.58047063832737	98.87502493511776	59.63566634707574	0.11721361553100629	0.119537	0.02672534622283212	0.040981	0.15030054999999998	0.409324	2.3346954868438686e-05	0.11720691160570416	0.1203725377072373	0.02571632795328004	2.3350179475348386e-05	6.7039253021369305e-06	0.0069268794883166045	174.0	0.1895918706902277	0.018218166406792947	0.043712419573305954	11.375512241413663	2.3346954868438686e-05	174.0	0.1895918706902277	0.1895918706902277	True	100.0	35.128472521351654	35.17	0.33522186827774636	33.954	35.571	35.762	0.000276623135607026	True	78.65298923134051	49.604626001770434	43.3089	18.744516059535233	20.9323	94.973	99.9148	-0.010481376554360423	True	100.0	33.441052311548454	33.4945	0.3502491165617519	32.431	33.955	34.126	0.00030655610478710286	35.128472521351654	0.33522186827774636	0.000276623135607026	0.000276623135607026	True	100.0	0.9710863041769875	0.07394824827704571	1.0251365762667919	3.6521397837432232	0.021293686703980408	0.09141452434395639	0.25128610550073766	0.9024816644275864	0.0020887486075009285	True	100.0	10.244972417364881	29.983240075176827	52.80169877949004	462.3107628792564	9.338630158742644	51.3548249080002	59.12225149375048	236.86899767205702		True	100.0	33.523641544728555	5.940710037206356	42.80186911806539	62.40192304729078	3.9035281710197824	12.579893371236484	9.170248014378368	40.301989735004405		0.9710863041769875	0.0020887486075009285	False	channel_map_unconfirmed	EmotiBit value_* channel mapping has not been explicitly confirmed for this dataset; verify PPG/EDA/temperature/IMU column indices before interpreting features.	0.0	0.0	0.0	0.0	0.0	0.0	0.0	0.0	0.0		0.0	0.0	0.0		0.0		0.0	0.0	0.0	0.0	0.0	0.0	0.0	0.0	0.0		0.0	0.0	0.0	0.0
ses-20260319_grp-15_run01	T0	T0	P3	C:\Users\amodica\Downloads\affectai_physio\bids_release_no_video\sub-01\ses-20260319_grp-15_run01\physio\sub-01_ses-20260319_grp-15_run01_task-T0_run-01_acq-P3_emotibit.tsv.gz	True	24.498395354115452	913.1313410000002	100.0	True	True	True	True	100.0	100.0	100.0	True	100.0	7903.161335252333	7875.0	1880.4998373449355	296.0	10782.0	15992.0	0.14007923046745038	True	100.0	107791.41863596268	107981.0	13257.747853416435	2836.0	127027.0	164142.0	3.9796019883959617	True	100.0	150922.80523701193	151420.0	16004.406033431433	4350.0	169932.0	195565.0	4.997147437999533	7903.161335252333	1880.4998373449355	66.81380551122396	2.0	324.0	164.0	0.5077399380804953	3.6024405090365264	0.6434284847177364	70.41624602026049	25.075775463238315	0.962440224708668	device_hr							0.030011197687914947	0.030011	1.2548479712303871e-06	0.030008	0.030013	0.030014	-7.470535651903771e-10	0.030011198593812297	0.030011567354068597	1.1688795686513187e-06	-7.445588383058789e-10	-9.058973509107876e-10	3.9337530949570435e-07	0.0	0.0			0.0	-7.470535651903771e-10	0.0	0.0	0.0	True	100.0	35.92276377733414	35.954	0.19667818739470078	35.319	36.247	36.474	9.18740364201e-05	True	100.0	0.0	0.0	0.0	0.0	0.0	0.0	0.0	True	100.0	32.7949762291657	32.823	0.37491625236467013	30.994	33.342	33.565	0.00016259434790602393	35.92276377733414	0.19667818739470078	9.18740364201e-05	9.18740364201e-05	True	100.0	1.0383540801714564	0.06962919686286145	1.0800262495587598	3.3280860866269673	0.022315515743879386	0.09244570305644761	0.2917474223443261	1.2555999855858295	0.0027392172338548677	True	100.0	16.652302414320495	45.385416206534444	79.72835047583891	772.3820293734183	15.873189088282954	77.2414047586991	99.42836823874097	439.28768904976965		True	100.0	28.623267602012717	6.610724659731286	45.727453460694704	61.0	4.611869509021192	18.635019092406573	8.621725350337577	38.39030156387275		1.0383540801714564	0.0027392172338548677	False	hrv_unreliable;channel_map_unconfirmed	Beat-detection quality is insufficient for HRV computation. EmotiBit value_* channel mapping has not been explicitly confirmed for this dataset; verify PPG/EDA/temperature/IMU column indices before interpreting features.	0.0	0.0	0.0	0.0	0.0	0.0	0.0	0.0			0.0	0.0	0.0				0.0	0.0	0.0		0.0	0.0	0.0	0.0	0.0		0.0	0.0	0.0	0.0
ses-20260319_grp-15_run01	T0	T0	P4	C:\Users\amodica\Downloads\affectai_physio\bids_release_no_video\sub-01\ses-20260319_grp-15_run01\physio\sub-01_ses-20260319_grp-15_run01_task-T0_run-01_acq-P4_emotibit.tsv.gz	True	24.503798085175198	918.072788000005	100.0	True	True	True	True	100.0	100.0	100.0	True	100.0	14053.363758451422	14001.0	473.33039678590717	12416.0	14905.0	16800.0	-0.03486566912964708	True	100.0	156379.2675743262	156425.5	2277.869803503535	145629.0	159428.35	160762.0	1.3565193380803162	True	100.0	181121.14846716681	180864.0	2759.59012912159	164268.0	185661.35	188132.0	0.7180596128916397	14053.363758451422	473.33039678590717	77.38041500581642	0.0	1146.0	1098.0	0.9589519650655022	1.9084823730851213	0.8886434178725838	79.28889737890154	14.692133050024674	1.0	device_hr	113.77881663414885	104.45343800455463	50.4102096627165	113.77881663414885	104.45343800455463	50.4102096627165	0.050236226914883775	0.042439	0.016771725039240657	0.030143	0.079829	0.126332	1.008995160531493e-05	0.050272962407144746	0.04418993634859872	0.014549705291862319	1.0139683457357196e-05	-3.673549226098116e-05	0.007088219278702572	155.0	0.16883192926092824	0.019781937141870515	0.05099955701511318	10.129915755655695	1.008995160531493e-05	155.0	0.16883192926092824	0.16883192926092824	True	100.0	37.291855469111795	37.452	0.6093884671348492	35.656	38.04	38.207	0.0005411824138330486	True	100.0	44.356282217282576	44.8152	20.507380474873415	2.9081	83.4242	99.0701	0.004682386886350223	True	100.0	35.96581981105862	36.026	0.617908626841814	34.425	36.736	36.939	0.0005367014807822163	37.291855469111795	0.6093884671348492	0.0005411824138330486	0.0005411824138330486	True	100.0	1.0422554435932645	0.05152173753724603	1.0799108527857506	1.7834783430140104	0.019990435840478576	0.08316072227350402	0.23682961349072887	1.0356522105004184	0.0017134389182180236	True	100.0	12.698110366830061	33.188720565021626	68.28999114072282	440.90889989883397	11.710444458730832	66.33913543104053	72.26669458176019	327.0501013583666		True	100.0	64.45341418133253	11.024336545836807	72.61542535852834	89.66604708583958	6.649320000661878	26.891577309166422	8.572582182100895	38.097845385842426		1.0422554435932645	0.0017134389182180236	False	channel_map_unconfirmed	EmotiBit value_* channel mapping has not been explicitly confirmed for this dataset; verify PPG/EDA/temperature/IMU column indices before interpreting features.	0.0	0.0	0.0	0.0	0.0	0.0	0.0	0.0	0.0		0.0	0.0	0.0		0.0		0.0	0.0	0.0	0.0	0.0	0.0	0.0	0.0	0.0		0.0	0.0	0.0	0.0
ses-20260319_grp-15_run01	T1	T1	P1	C:\Users\amodica\Downloads\affectai_physio\bids_release_no_video\sub-01\ses-20260319_grp-15_run01\physio\sub-01_ses-20260319_grp-15_run01_task-T1_run-01_acq-P1_emotibit.tsv.gz	True	24.521223116603814	900.969008	100.0	True	True	True	True	100.0	100.0	100.0	True	100.0	5785.8348906746405	5622.0	1107.6428302646682	3683.0	7683.0	11807.0	0.36982928241010804	True	100.0	105575.43683423659	105411.0	7236.573820799171	88798.0	118331.0	152275.0	-0.09580088479827269	True	100.0	156564.24743038684	156979.0	6952.077090089602	102879.0	165064.85	184955.0	0.828321766504722	5785.8348906746405	1107.6428302646682	63.96840813027082	0.0	607.0	411.0	0.6782178217821783	2.7904741230913572	0.7510977037703601	66.75888225336217	16.707717678825023	0.9935526069893478	device_hr	138.42702556739627	111.73173982997088	56.58536585365853	138.42702556739627	111.73173982997088	56.58536585365853	0.2534717015511119	0.242137	0.12115331763919669	0.030047	0.4683979499999998	0.71635	-3.886097885944922e-05	0.25343237398306884	0.2413987060456796	0.11444349642321029	-3.88208117833578e-05	3.932756804311477e-05	0.033115225414573575	110.0	0.12209077007452403	0.10315358265618102	0.3100957465710898	7.325446204471442	-3.886097885944922e-05	110.0	0.12209077007452403	0.12209077007452403	True	100.0	38.82447327602318	38.792	0.135514812560054	38.506	39.077	39.37	-1.233534772697767e-05	True	100.0	18.0951306438049	15.558	11.94236158362068	1.7732	45.507	61.7756	-0.005052881703186305	True	100.0	36.45166651093254	36.47	0.16944917682364752	35.847	36.69785	36.862	2.426965243095358e-05	38.82447327602318	0.135514812560054	-1.233534772697767e-05	-1.233534772697767e-05	True	100.0	0.9760662140612881	0.047727581091083014	1.016037892994154	1.8765183185889767	0.030087811539695045	0.06692188311410055	0.20112155019005984	0.9097979773948932	0.0005606428704914969	True	100.0	6.695659147050195	20.450753065986056	32.472950019978164	463.1201648762446	6.165456427431185	31.465234562539703	43.751500760856864	168.59109222369923		True	100.0	50.98880761835664	9.130144632731643	63.25345840347388	78.9746794865291	8.134196268774557	15.40794698025092	7.926109095326894	35.45085613583244		0.9760662140612881	0.0005606428704914969	False	channel_map_unconfirmed	EmotiBit value_* channel mapping has not been explicitly confirmed for this dataset; verify PPG/EDA/temperature/IMU column indices before interpreting features.	-722.9552448116256	-0.7700105213050674	-2735.876686550342	-0.5489175842045562	-5915.297391439439	-1.2914590294364379	-3.903385749607395	-0.28621998319695535	-18.68113650347081		-0.1727988391321177	-0.5823568065084521	0.03558010118351536		-0.22140661436777614		0.2535124371219126	0.7415696147067518	5.699521832557686	0.7525412650855052	0.18149859148190473	0.48611108791994295	-0.025667876263962608	-0.361924054063935	0.006011355960722858		-3.018281768151228	-0.09052192724861333	-5.033093782964578	-0.7398639241787477
ses-20260319_grp-15_run01	T1	T1	P2	C:\Users\amodica\Downloads\affectai_physio\bids_release_no_video\sub-01\ses-20260319_grp-15_run01\physio\sub-01_ses-20260319_grp-15_run01_task-T1_run-01_acq-P2_emotibit.tsv.gz	True	24.521223116603814	900.9690950000077	100.0	True	True	True	True	100.0	100.0	100.0	True	100.0	12774.28295098818	12762.0	752.0946229331873	10923.0	14070.899999999998	15927.0	-0.1631147545735261	True	100.0	148369.49044526467	148062.0	1001.9306265241393	146196.0	150407.0	151715.0	0.6147006453840989	True	100.0	175660.80460683082	175536.0	651.6227800517705	171899.0	176785.0	178525.0	-0.05560747143099568	12774.28295098818	752.0946229331873	81.73741038867938	0.0	1094.0	952.0	0.8709972552607502	9.64887202425237	0.7694714261789158	72.08853836442701	16.89797732711413	0.9992524412465542	device_hr	123.65813352429088	89.78213325548533	53.83806519453207	123.65813352429088	89.78213325548533	53.83806519453207	0.19092117595664157	0.197741	0.022996520059787803	0.113208	0.215402	0.322938	1.411588470119022e-05	0.1909216583439735	0.1972883784013058	0.019561568074989235	1.4118408600092106e-05	-4.823873318939164e-07	0.011151238995002987	235.0	0.2608302563363708	0.03064512239387855	0.0707067258335533	15.649815380182249	1.411588470119022e-05	235.0	0.2608302563363708	0.2608302563363708	True	100.0	35.60124926412185	35.603	0.0719125776760266	35.361	35.719	35.854	-1.0271956690756167e-05	True	100.0	34.56143257954492	34.7409	11.342533358186035	6.5013	51.4754	58.1801	-0.0048262964563535364	True	100.0	34.05267803578938	34.055	0.07038875647441507	33.832	34.165	34.281	-3.5720485741982746e-05	35.60124926412185	0.0719125776760266	-1.0271956690756167e-05	-1.0271956690756167e-05	True	100.0	0.9679496004525937	0.037953468415540585	0.9943128280375346	1.9963782206786367	0.01584964147841175	0.04496804708448576	0.15446459560313522	0.535289825901939	0.00042050179881325046	True	100.0	7.736011816974799	25.46585547216878	36.872830607372684	776.6765180549752	6.812063046911007	35.43390948375263	43.78130206147481	142.95942774758632		True	100.0	38.10885926756387	12.032814302127823	52.1344415909483	63.686733312362634	10.298066266995319	22.09466080667679	8.381474770405047	37.23491858259615		0.9679496004525937	0.00042050179881325046	False	channel_map_unconfirmed	EmotiBit value_* channel mapping has not been explicitly confirmed for this dataset; verify PPG/EDA/temperature/IMU column indices before interpreting features.	296.4303238065968	0.29898867629952064	4374.666549980611	1.4851271085517357	4735.612627625465	1.553527287992909	-1.8756066411429941	-0.10260914977444295	-10.922337114036495		0.07371474673826935	2.7582335556533604	0.0712383856461431		0.012426955987085604		0.47277674277019344	1.41033980032137	-15.043193422225514	-0.8025383730604837	0.6116257242409233	1.7462591490451012	-0.0031367037243937856	-0.04241755278153695	-0.005444045225568659		-2.5089606003900817	-0.08367876834189292	4.585217722835317	0.7718299149627466
ses-20260319_grp-15_run01	T1	T1	P3	C:\Users\amodica\Downloads\affectai_physio\bids_release_no_video\sub-01\ses-20260319_grp-15_run01\physio\sub-01_ses-20260319_grp-15_run01_task-T1_run-01_acq-P3_emotibit.tsv.gz	True	24.52182442631043	900.9690709999995	100.0	True	True	True	True	100.0	100.0	100.0	True	100.0	6557.570434051301	6234.0	1183.1414842447662	4103.0	9140.0	15797.0	-0.3481231992087386	True	100.0	96659.03321964211	94805.0	9677.255365925943	79245.0	111049.0	141304.0	1.4019529919189604	True	100.0	144175.5124982479	142720.0	7468.475781213717	123702.0	155049.0	183137.0	-0.715930618974096	6557.570434051301	1183.1414842447662	66.87770298084664	2.0	507.0	265.0	0.5237154150197628	3.3579716167412528	0.6484006582193881	70.23567459758789	22.68764340919405	0.995608092323506	device_hr							0.030126004672242204	0.030008	0.000527361578810083	0.030004	0.030848	0.033952	1.3507020653696342e-07	0.030126006375075762	0.030007909032169575	0.0005059731449765764	1.350722624231722e-07	-1.7028335514076247e-09	0.0001138634068164848	1.0	0.001109916013976023	0.0021881171519485196	0.0021881171519485196	0.06659496083856138	1.3507020653696342e-07	1.0	0.001109916013976023	0.001109916013976023	True	100.0	35.965922300612064	35.98	0.1902704466344999	35.436	36.238	36.437	-0.00016816228596043805	True	100.0	4.663501770779797	0.0	13.195439348346333	0.0	38.26554999999982	64.4719	0.005664778857923024	True	100.0	32.72779806569172	32.735	0.2745599096913358	31.704	33.161	33.74	-0.00020206093801398512	35.965922300612064	0.1902704466344999	-0.00016816228596043805	-0.00016816228596043805	True	100.0	1.0300963719897813	0.047174448848020405	1.0660484041470526	1.8611085406284074	0.019750594028682424	0.07390347422872418	0.25779270010405875	1.2703505302078049	0.0009344484418072232	True	100.0	13.333382933249048	33.069270978028364	61.032523337971206	569.5182334060956	12.338345989065125	58.27282335427733	91.26510960327104	416.23085792754256		True	100.0	42.057670090975286	9.111052892172765	54.85161741159798	60.481402100149765	7.406810358467192	15.631022912810337	8.748315832022804	38.86934223262076		1.0300963719897813	0.0009344484418072232	False	hrv_unreliable;channel_map_unconfirmed	Beat-detection quality is insufficient for HRV computation. EmotiBit value_* channel mapping has not been explicitly confirmed for this dataset; verify PPG/EDA/temperature/IMU column indices before interpreting features.	-1345.5909012010316	-0.7155495972288207	-11132.385416320569	-0.8396890285895598	-6747.292738764023	-0.42158970002820945	-0.18057142267259962	-0.007201030450177767			0.00011480778126346514	91.49138692147329	0.001109916013976023				0.04315852327792413	0.2194372637333294	4.663501770779797		-0.06717816347397587	-0.17918178539945936	-0.008257708181675039	-0.1185954822649908	-0.002564921715196962		-3.318919481071447	-0.07312744397821783	13.434402488962569	2.032213286812138
ses-20260319_grp-15_run01	T1	T1	P4	C:\Users\amodica\Downloads\affectai_physio\bids_release_no_video\sub-01\ses-20260319_grp-15_run01\physio\sub-01_ses-20260319_grp-15_run01_task-T1_run-01_acq-P4_emotibit.tsv.gz	True	24.529042382448814	900.9699760000076	100.0	True	True	True	True	100.0	100.0	100.0	True	100.0	13288.510323243647	13338.0	622.1295674516813	11805.0	14207.649999999998	15867.0	-0.21481086637983834	True	100.0	157912.2140321375	157875.0	1381.0862840720627	145688.0	160064.0	161244.0	0.024918316730112692	True	100.0	180264.73136210762	180275.0	2397.2907743737687	163981.0	183748.94999999998	186601.0	-0.41023021265728377	13288.510323243647	622.1295674516813	79.55365097010426	0.0	1156.0	1110.0	0.961038961038961	0.017846597906952866	0.9124450052408823	79.5358043721973	13.641833159993308	1.0	device_hr	107.68816979344878	107.86185803260757	50.3155996393147	107.68816979344878	107.86185803260757	50.3155996393147	0.10717192040358745	0.09145249999999999	0.10080737031897648	0.033129	0.352402	0.827099	5.6091224357751516e-05	0.10707115421740714	0.0896825879796566	0.09837978783852208	5.60667576530372e-05	0.00010076618618030374	0.018676768856379554	191.0	0.21199374572721433	0.04624860027992515	0.13655865393252115	12.71962474363286	5.6091224357751516e-05	191.0	0.21199374572721433	0.21199374572721433	True	100.0	38.340967395366214	38.336	0.2036257093876763	37.717	38.723	38.912	9.000805441710524e-05	True	100.0	44.5045142049701	44.0491	6.6101346649808255	27.2856	55.4171	64.2816	0.00034990757057415546	True	100.0	37.125757613976084	37.144	0.21382561570180514	36.398	37.43	37.648	8.628123915920197e-05	38.340967395366214	0.2036257093876763	9.000805441710524e-05	9.000805441710524e-05	True	100.0	1.0426580058536747	0.0628195737910251	1.0992984126250707	2.1611573288402677	0.026368153368936453	0.11151366894920689	0.33521448926421016	1.6447123681010514	0.002055306427503737	True	100.0	16.5712708837986	36.514404778350276	81.12160157905119	463.401777970262	15.24720910881238	77.92636183843703	96.68480730502867	509.95909075142924		True	100.0	64.54381951719141	12.53253708649197	74.20916385460761	80.77747210701756	7.2322879295572395	38.16048397273326	9.069650698670214	40.02362611343525		1.0426580058536747	0.002055306427503737	False	channel_map_unconfirmed	EmotiBit value_* channel mapping has not been explicitly confirmed for this dataset; verify PPG/EDA/temperature/IMU column indices before interpreting features.	-764.853435207775	-1.6158975641569182	1532.9464578113111	0.6729736947447673	-856.4171050591976	-0.3103421395886081	0.2469069932957666	0.016805387785087608	-6.0906468407000744		0.05679819181026239	3.3865444179040716	0.043161816466286085		0.02646666313805464		1.0491119262544188	1.7215815244863586	0.14823198768752377	0.007228226338763472	1.1599378029174616	1.8771995607926806	0.0004025622604102441	0.007813444958435735	0.006377717528457876		3.8731605169685395	0.1167011096248933	0.09040533585887545	0.008200523948356403
ses-20260319_grp-15_run01	T2	T2	P1	C:\Users\amodica\Downloads\affectai_physio\bids_release_no_video\sub-01\ses-20260319_grp-15_run01\physio\sub-01_ses-20260319_grp-15_run01_task-T2_run-01_acq-P1_emotibit.tsv.gz	True	24.520621845135892	1035.3724389999988	100.0	True	True	True	True	100.0	100.0	100.0	True	100.0	5006.300709277678	4962.0	915.8192932744013	3471.0	6346.9000000000015	12162.0	-0.10277173554584139	True	100.0	100314.52164519811	100323.5	6105.722844478898	86448.0	107222.0	159815.0	-1.9382982852536677	True	100.0	150862.09705690527	151014.0	7551.934619938653	116523.0	161050.0	197015.0	-0.7730080372017974	5006.300709277678	915.8192932744013	66.87442321400698	0.0	627.0	393.0	0.6277955271565495	3.5822722785485865	0.708176979088384	70.45669549255557	16.42694295429472	0.9993070275558454	device_hr	160.67776348312483	123.05419919484747	66.83673469387756	160.67776348312483	123.05419919484747	66.83673469387756	0.23993653725745964	0.205283	0.1453002259256007	0.030046	0.603648	0.941943	1.778879001575547e-05	0.23958295220907333	0.1977892346367782	0.13635609366618825	1.7799606380992436e-05	0.000353585048386276	0.04549808685523687	158.0	0.15260209181596746	0.12416733306516031	0.3672294327508927	9.156125508958047	1.778879001575547e-05	158.0	0.15260209181596746	0.15260209181596746	True	100.0	38.72759514104027	38.727	0.1535261334111446	38.306	38.97	39.152	-0.00011264415660379542	True	100.0	26.194566957443342	26.2591	10.465323138958054	6.6148	47.222390000000026	59.3799	0.004354533456438086	True	100.0	36.422674343714334	36.399	0.1733514846025899	35.857	36.683	36.826	-9.691917027455575e-05	38.72759514104027	0.1535261334111446	-0.00011264415660379542	-0.00011264415660379542	True	100.0	0.9862144754591502	0.07508370130797536	1.052638586012819	2.201930516614909	0.03765590601847999	0.1147912172033747	0.360342617741531	1.772746661644474	0.0029757052013696396	True	99.98777107451492	14.382390643199262	37.825318562728086	66.6930669124693	578.3300537902211	13.201642442776727	63.93807907220576	90.14650426670472	419.7462476136244		True	100.0	53.82039321680476	9.840394122848927	76.68767828015137	84.15461959987698	6.971549025595425	22.226683063390965	8.99330014902719	40.2644509186411		0.9862144754591502	0.0029757052013696396	False	channel_map_unconfirmed	EmotiBit value_* channel mapping has not been explicitly confirmed for this dataset; verify PPG/EDA/temperature/IMU column indices before interpreting features.	-1502.4894262085882	-1.6002825550171904	-7996.791875588824	-1.6044508509152309	-11617.447764921002	-2.5363826739677116	-0.20557251041400093	-0.01507382673679365	3.5696014122577537		-0.1866482609061132	-0.6290313390273085	0.06609142292495879		-0.20039286395879685		0.15663430213900398	0.4581835921179037	13.798958146196128	1.821957301905865	0.15250642426369865	0.4084608216973306	-0.01551961486610054	-0.2188308012742025	0.013579450439507805		4.668449727997839	0.14001246374704115	-2.201508184516456	-0.3236213261157584
ses-20260319_grp-15_run01	T2	T2	P2	C:\Users\amodica\Downloads\affectai_physio\bids_release_no_video\sub-01\ses-20260319_grp-15_run01\physio\sub-01_ses-20260319_grp-15_run01_task-T2_run-01_acq-P2_emotibit.tsv.gz	True	24.52182442631043	1035.3723200000095	100.0	True	True	True	True	100.0	100.0	100.0	True	100.0	11522.316570217621	11389.0	1419.8683837286956	8973.0	14001.149999999998	15214.0	-0.030536724871891217	True	100.0	148374.638601353	148374.0	1778.5977091609427	142948.0	151806.0	152773.0	0.13689498939648342	True	100.0	175171.53574048413	175039.5	1292.987017863041	171192.0	178069.3	179081.0	-0.04074233307382464	11522.316570217621	1419.8683837286956	70.06235550374409	2.0	853.0	484.0	0.568075117370892	0.17740314402216484	0.6906020510200037	70.23975864776625	19.754336179898306	0.9861031868937974	device_hr	202.28094673219712	145.43400320455424	75.98343685300208	202.28094673219712	145.43400320455424	75.98343685300208	0.24673308949384629	0.252415	0.02633539145842144	0.157155	0.280259	0.306509	1.8186844536686988e-05	0.24671976292820932	0.2507757117056658	0.024018723958144535	1.8174319124873905e-05	1.33265656369537e-05	0.010258021675847336	328.0	0.3167942523323368	0.025316376492943934	0.07541532695650346	19.00765513994021	1.8186844536686988e-05	328.0	0.3167942523323368	0.3167942523323368	True	100.0	35.5964053712609	35.598	0.0695771588993928	35.356	35.71	35.842	-6.560468570579477e-06	True	100.0	39.97573380878637	42.2185	9.374402219162215	18.1025	52.9813	61.4842	-0.0036153672857207435	True	100.0	34.01458366615046	34.014	0.05880040545517878	33.802	34.108	34.295	-1.7257500931908758e-05	35.5964053712609	0.0695771588993928	-6.560468570579477e-06	-6.560468570579477e-06	True	100.0	0.9723990768415262	0.04527013070695681	1.0181168891635184	1.6882399118608706	0.02328381225423292	0.06804978030473596	0.2295861356444027	0.9612702712176977	0.0007743092346564512	True	100.0	11.131468315629224	27.582898106812678	50.085643631683524	378.2290381091859	9.847177298205702	47.586193792425064	67.16025125440927	322.6285884762079		True	100.0	40.87384840733233	13.251955251518162	58.83026432033091	66.30987860040162	11.710511841044987	21.34522660681275	9.322223273455114	40.2481557452094		0.9723990768415262	0.0007743092346564512	False	channel_map_unconfirmed	EmotiBit value_* channel mapping has not been explicitly confirmed for this dataset; verify PPG/EDA/temperature/IMU column indices before interpreting features.	-955.5360569639615	-0.9637828450186388	4379.814706068952	1.486874822595423	4246.343761278782	1.3930216481099327	-3.724386357803752	-0.20375067416742107	67.70047609386975		0.12951285132250517	4.8460682321061626	0.12720238164210912		0.007098210086150986		0.46793284990924633	1.3958899886613094	-9.628892192984061	-0.5136911597184658	0.5735313546020038	1.637495506718531	0.001312772664538664	0.017752586371219854	0.0019901255502525125		0.8864958982643429	0.029566380952880215	7.350206862603777	1.2372606669185695
ses-20260319_grp-15_run01	T2	T2	P3	C:\Users\amodica\Downloads\affectai_physio\bids_release_no_video\sub-01\ses-20260319_grp-15_run01\physio\sub-01_ses-20260319_grp-15_run01_task-T2_run-01_acq-P3_emotibit.tsv.gz	True	24.52242576550842	1035.3722070000076	100.0	True	True	True	True	100.0	100.0	100.0	True	100.0	7232.279752200848	6951.0	1558.400646307723	3257.0	9590.25	16801.0	-0.32391148991008356	True	100.0	104226.87919791327	99766.0	14449.493375499553	61818.0	128152.0	179005.0	-7.275857200241475	True	100.0	149204.6687316596	148829.5	8571.893356512093	110333.0	162241.75	194165.0	-3.419877321268472	7232.279752200848	1558.400646307723	70.06407361573834	1.0	362.0	169.0	0.46814404432132967	1.6842638604403106	0.6521183127936351	71.74833747617865	27.298230542517985	0.9837789370720574	device_hr	177.4449994957406	134.32480966708033	70.83333333333334	177.4449994957406	134.32480966708033	70.83333333333334	0.030003358615911305	0.030003	1.2030138661272473e-06	0.03	0.030005	0.030006	-8.206659454895022e-10	0.03000335956598333	0.030003327113729498	1.1125879603803444e-06	-8.20076642989661e-10	-9.500720151904048e-10	4.02706761277659e-07	0.0	0.0			0.0	-8.206659454895022e-10	0.0	0.0	0.0	True	100.0	35.885362610042385	35.896	0.11751371328353932	35.467	36.065	36.207	3.531093415073549e-05	True	100.0	0.027733522171503096	0.0	0.11504841073904767	0.0	0.1629	1.0124	-3.793223952280896e-05	True	100.0	32.71112235083143	32.688	0.27211976270614674	31.799	33.229	33.481	0.00014877522143579797	35.885362610042385	0.11751371328353932	3.531093415073549e-05	3.531093415073549e-05	True	100.0	1.0295205617487764	0.07359740346154825	1.0834430072687906	2.26466355117046	0.028921582604005066	0.10030217160522006	0.41642711408179434	1.8181797174707686	0.0041571568307792635	True	99.98777306814478	16.899375803067255	40.576564217029876	68.83192701791808	761.6555517935913	14.713834384061876	63.50856544170084	105.33796183774633	451.9715245185833		True	100.0	41.84630069818001	9.19188119974977	54.444926156510576	68.85491994040804	7.224386353328387	17.850660739035092	9.366205147026395	40.77465688327383		1.0295205617487764	0.0041571568307792635	False	channel_map_unconfirmed	EmotiBit value_* channel mapping has not been explicitly confirmed for this dataset; verify PPG/EDA/temperature/IMU column indices before interpreting features.	-670.881583051485	-0.35675705454922985	-3564.539438049411	-0.2688646274963551	-1718.1365053523332	-0.10735396876106093	1.3320914559181602	0.053122642522901754			-7.839027828967365e-06	-6.246994065170416	0.0				-0.03740116729175469	-0.1901642870884136	0.027733522171503096		-0.08385387833426705	-0.22366029161281817	-0.008833518422679987	-0.12686514882654884	0.00660606686012568		0.24707338874675955	0.005443893862786406	13.223033096167292	2.0002395768673242
ses-20260319_grp-15_run01	T2	T2	P4	C:\Users\amodica\Downloads\affectai_physio\bids_release_no_video\sub-01\ses-20260319_grp-15_run01\physio\sub-01_ses-20260319_grp-15_run01_task-T2_run-01_acq-P4_emotibit.tsv.gz	True	24.52783910198677	1035.3706000000093	100.0	True	True	True	True	100.0	100.0	100.0	True	100.0	12325.090668404546	12161.0	983.5018288883189	10177.0	14211.0	15365.0	0.06403064539013818	True	100.0	157198.88778461164	156920.0	2119.516365983267	147959.0	160570.0	162461.0	1.0318788446981706	True	100.0	176685.70697731254	175997.0	3651.6851224878105	160017.0	182298.0	184685.0	1.5029856291120405	12325.090668404546	983.5018288883189	86.56884388936507	0.0	1432.0	1372.0	0.9587700908455625	2.6061246518594743	0.8842835712162103	83.9627192375056	15.126054833162566	1.0	device_hr	109.74482790513004	120.44702012753632	47.55652808169219	109.74482790513004	120.44702012753632	47.55652808169219	0.22041367671377948	0.153828	0.20069416275170981	0.052491	0.52732	2.78225	-9.127074259061557e-05	0.22056393430628166	0.15152069067076862	0.17938997481536959	-9.125360859919742e-05	-0.0001502575925021701	0.0834862531100741	61.0	0.058916102118410016	0.46276059347693654	1.5626140211050656	3.534966127104601	-9.127074259061557e-05	61.0	0.058916102118410016	0.058916102118410016	True	100.0	38.568338031037435	38.49	0.5923028815581728	37.44	39.384	39.581	0.00048788410939330226	True	100.0	36.73803898415543	39.2456	10.678479780363672	11.5071	51.843	61.1016	0.002942439537569296	True	100.0	37.4364104924443	37.551	0.5409535843100334	36.243	38.231	38.502	0.00042706471651606464	38.568338031037435	0.5923028815581728	0.00048788410939330226	0.00048788410939330226	True	100.0	1.0403727779982208	0.03861906697330365	1.08045083182901	2.036084723188109	0.01901214832589156	0.06271899937908199	0.24897475101806213	1.2183381970623426	0.0006109730764530977	True	100.0	10.033319132208762	21.621279780607065	42.45342201754766	429.367772062599	8.676539031795102	39.529614739357115	69.64120646942457	369.0586039204549		True	100.0	68.2445797373212	8.456653035582386	76.56369897020389	79.11384202527394	6.627543903076003	21.007552667878933	7.707194927822618	34.66043364291363		1.0403727779982208	0.0006109730764530977	False	channel_map_unconfirmed	EmotiBit value_* channel mapping has not been explicitly confirmed for this dataset; verify PPG/EDA/temperature/IMU column indices before interpreting features.	-1728.273090046876	-3.6513038287473303	819.620210285444	0.35981872582217234	-4435.441489854275	-1.6072827058799952	4.673821858604057	0.3181173109915587	-4.033988729018816		0.17029097189913692	10.15345598027088	-0.10991582714251823		0.44297865633506606		1.27648256192564	2.0946943218785465	-7.618243233127146	-0.37148787688712204	1.47059068138568	2.379948454356431	-0.0018826655950436866	-0.03654118989451147	-0.0009782875145870167		-2.6647912346212994	-0.08029207481501367	3.7911655559886697	0.3438905860888611
ses-20260319_grp-15_run01	T3	T3	P1	C:\Users\amodica\Downloads\affectai_physio\bids_release_no_video\sub-01\ses-20260319_grp-15_run01\physio\sub-01_ses-20260319_grp-15_run01_task-T3_run-01_acq-P1_emotibit.tsv.gz	True	24.520621845135892	877.8364579999907	100.0	True	True	True	True	100.0	100.0	100.0	True	100.0	4944.497110661659	4685.0	1121.4992465094858	3105.0	7085.75	11750.0	-0.1320035700971381	True	100.0	96618.58277954349	97377.5	10147.571108480883	76600.0	120055.0	151969.0	-4.873440345424908	True	100.0	146082.18419531928	147364.0	9802.139254051379	90138.0	159602.75	185363.0	-5.437907049321992	4944.497110661659	1121.4992465094858	63.96683959600668	2.0	418.0	207.0	0.49640287769784175	6.935261516717077	0.596109406552204	70.90210111272376	17.411790800487903	0.9953770586535683	device_hr							0.3746983531253009	0.249183	0.36723937768992326	0.030045	1.125816	18.366356	8.508129486770892e-05	0.37621127698396617	0.24483564314552106	0.30707630213197623	8.660903161113427e-05	-0.0015129238586652127	0.20190909715484429	65.0	0.07404568289188176	0.6264060712792009	0.9837691578269965	4.4427409735129055	8.508129486770892e-05	65.0	0.07404568289188176	0.07404568289188176	True	100.0	38.84696735047674	38.874	0.17205904741719755	38.323	39.086	39.344	6.598173110214083e-05	True	100.0	30.505191067128962	28.721	15.264241279104297	6.6339	57.9074	68.7042	0.0036653576455266818	True	100.0	36.46433063661755	36.477	0.23944347533323662	35.722	36.784	36.938	-3.249748107281911e-05	38.84696735047674	0.17205904741719755	6.598173110214083e-05	6.598173110214083e-05	True	100.0	0.9856742914714032	0.059223760614788866	1.0327090587382295	3.417183050408626	0.030590390072839924	0.08577226809863447	0.2932630864098736	1.3360267249793536	0.0011557353366079169	True	100.0	9.4659255466883	29.26943676012975	41.95682022031698	774.5749735609845	8.654391282049588	40.151591709685285	66.15169165519659	245.25939989631496		True	100.0	52.1024746422939	7.78868354810575	61.78996682310163	83.92258337301111	5.937944956734752	16.600924097454076	8.330699750581974	36.88019425097223		0.9856742914714032	0.0011557353366079169	False	hrv_unreliable;channel_map_unconfirmed	Beat-detection quality is insufficient for HRV computation. EmotiBit value_* channel mapping has not been explicitly confirmed for this dataset; verify PPG/EDA/temperature/IMU column indices before interpreting features.	-1564.2930248246075	-1.66610878911727	-11692.730741243446	-2.3459922527906665	-16397.360626506998	-3.5799585445483166	0.23983310975418703	0.017586022250253214			-0.050019936131220355	-0.16857434004439448	-0.012464985999126904		0.30184587425524373		0.2760065115754742	0.8073688406346334	18.109582255881747	2.39111426210566	0.19416271716691114	0.5200296537006979	-0.016059798853847562	-0.22644754279092522	0.006513934493867737		-0.24801536851312278	-0.007438281403009836	-3.919426759027317	-0.5761550623753895
ses-20260319_grp-15_run01	T3	T3	P2	C:\Users\amodica\Downloads\affectai_physio\bids_release_no_video\sub-01\ses-20260319_grp-15_run01\physio\sub-01_ses-20260319_grp-15_run01_task-T3_run-01_acq-P2_emotibit.tsv.gz	True	24.51761591255081	877.837492000006	100.0	True	True	True	True	100.0	100.0	100.0	True	100.0	12859.996339818917	12808.0	1438.2994389352007	9517.0	14831.849999999999	15563.0	-0.09425001002027215	True	100.0	150889.66162589096	151023.0	1945.2867478921771	145385.0	153596.0	155116.0	0.3898549580252215	True	100.0	175318.00009632055	174878.5	2234.214152496133	169003.0	178560.85	179360.0	-0.4674797415237862	12859.996339818917	1438.2994389352007	81.72538637516936	0.0	1059.0	874.0	0.8260869565217391	1.7143095929839802	0.8243612721496064	80.01107678218538	19.480702082305562	0.9991812752841457	device_hr	133.39562179387406	98.12995100994955	57.61741122565864	133.39562179387406	98.12995100994955	57.61741122565864	0.28174590026006546	0.28804	0.031911678789245314	0.187887	0.316748	0.366778	2.0573801264980728e-05	0.2817486862110528	0.2858259129629089	0.026172099477343815	2.0564096030805827e-05	-2.7859509873048474e-06	0.017246060357307646	301.0	0.3428880661205547	0.039318154807908	0.10412115960015642	20.573283967233284	2.0573801264980728e-05	301.0	0.3428880661205547	0.3428880661205547	True	100.0	35.575083172799076	35.577	0.07037751743658141	35.324	35.689	35.792	-8.574927693338872e-06	True	100.0	42.75631734251589	43.6484	8.02511661890426	21.443	54.9487	59.3322	0.00043747304262869844	True	100.0	33.99589515507609	33.994	0.05846606052009477	33.808	34.096	34.236	-1.9308852922858618e-05	35.575083172799076	0.07037751743658141	-8.574927693338872e-06	-8.574927693338872e-06	True	100.0	0.9881455554397616	0.047987864232685966	1.0329480625858594	2.0905133340880657	0.03117463906160272	0.08048918301470036	0.28849063900239497	1.4440057059577835	0.0002408013870159892	True	100.0	14.588117349378557	28.763676446003174	57.801543465551156	406.22946284458493	11.953729714991399	52.293632961961656	95.36769725562205	465.4488117515847		True	100.0	36.59084044481846	11.47965890318844	62.63385665915839	66.91786009728644	8.362843891500924	29.01838403121517	9.576198371378164	43.64526855296609		0.9881455554397616	0.0002408013870159892	False	channel_map_unconfirmed	EmotiBit value_* channel mapping has not been explicitly confirmed for this dataset; verify PPG/EDA/temperature/IMU column indices before interpreting features.	382.14371263733483	0.38544181759274676	6894.8377306069015	2.3406836397245	4392.808117115201	1.4410695758865488	6.046931776615381	0.3308105840169405	-1.1848488444533132		0.16454177460534863	6.156768680690712	0.15329619543032702		0.02109998840111505		0.44661065144742196	1.3322837610265479	-6.848308659254542	-0.36534998489709447	0.5548428435276378	1.5841377388023028	0.017059251262774078	0.23069175619768456	0.009880952357622312		4.343144932013676	0.14485242159033282	3.067198900089906	0.5163017351259698
ses-20260319_grp-15_run01	T3	T3	P3	C:\Users\amodica\Downloads\affectai_physio\bids_release_no_video\sub-01\ses-20260319_grp-15_run01\physio\sub-01_ses-20260319_grp-15_run01_task-T3_run-01_acq-P3_emotibit.tsv.gz	True	24.520621845135892	877.8376319999952	100.0	True	True	True	True	100.0	100.0	100.0	True	100.0	6206.05239333526	5906.0	1946.9216997679332	2956.0	10003.0	16930.0	-0.4027032968472592	True	100.0	90645.58109409612	88318.0	13965.535711048406	44603.0	118670.0	160813.0	-1.539457329111554	True	100.0	131813.27766541461	130528.0	12929.038826268326	61953.0	159131.0	191176.0	0.9080869488238261	6206.05239333526	1946.9216997679332	73.56186553540768	2.0	446.0	227.0	0.5101123595505618	7.918393172988232	0.5789302369520934	81.48025870839591	29.899117418460893	0.9939805451218338	device_hr							0.030002116295868242	0.030002	7.640351182107462e-07	0.03	0.030003	0.030004	5.803746363379515e-11	0.030002116027345385	0.030002058621821148	6.374354253517552e-07	5.905823896482403e-11	2.6852286443160466e-10	3.795265224155579e-07	0.0	0.0			0.0	5.803746363379515e-11	0.0	0.0	0.0	True	100.0	35.80740315900992	35.807	0.08983854147455698	35.524	35.956	36.124	1.4965311244124161e-06	True	100.0	0.0	0.0	0.0	0.0	0.0	0.0	0.0	True	100.0	32.9150059231436	32.957	0.21860941469958	32.122	33.238	33.575	-0.00010255391223544016	35.80740315900992	0.08983854147455698	1.4965311244124161e-06	1.4965311244124161e-06	True	100.0	1.0340578914930756	0.06245738989811676	1.0906988583352444	2.31969265205544	0.025854677999236856	0.099607802575335	0.3434420959332698	1.7311565718765736	0.002167003756139844	True	100.0	16.32482471884375	40.38270575830336	77.09921322555762	581.1863632656913	15.252234355054423	73.98334641197268	97.55036680646893	438.8111719040686		True	100.0	43.3870221081054	10.838819939718508	57.9396237474839	62.72160712226688	9.4315038497924	18.61512558680755	8.978465505847632	40.99442450388806		1.0340578914930756	0.002167003756139844	False	hrv_unreliable;channel_map_unconfirmed	Beat-detection quality is insufficient for HRV computation. EmotiBit value_* channel mapping has not been explicitly confirmed for this dataset; verify PPG/EDA/temperature/IMU column indices before interpreting features.	-1697.108941917073	-0.9024775797445477	-17145.837541866553	-1.2932692438744928	-19109.52757159731	-1.1940166683899185	11.06401268813542	0.44122315197611844			-9.082566466912106e-06	-7.237981552463752	0.0				-0.11536061832421751	-0.5865450554143441	0.0		0.12002969397790508	0.3201506822413121	-0.0042961886783807746	-0.06170096557112895	0.0035391622553574698		-0.32747769547674466	-0.007215482920471609	14.763754506092681	2.2333034978789756
ses-20260319_grp-15_run01	T3	T3	P4	C:\Users\amodica\Downloads\affectai_physio\bids_release_no_video\sub-01\ses-20260319_grp-15_run01\physio\sub-01_ses-20260319_grp-15_run01_task-T3_run-01_acq-P4_emotibit.tsv.gz	True	24.529644075709527	877.8374229999899	100.0	True	True	True	True	100.0	100.0	100.0	True	100.0	12278.41099186679	12302.0	542.7175030211768	10671.0	13081.099999999999	13781.0	0.010725572016106315	True	100.0	159586.21040473555	160226.0	1458.5141693118298	149362.0	161333.0	161818.0	-0.05738582404866061	True	100.0	179693.53241253187	180573.0	2448.7318134391335	162866.0	182697.1	183997.0	-0.3436773966718678	12278.41099186679	542.7175030211768	77.46203392329325	0.0	1105.0	1072.0	0.9710144927536232	2.038978637465206	0.9058195776546297	79.50101256075845	13.072968424805271	1.0	device_hr	93.2946496082511	99.07041782691867	41.17647058823529	93.2946496082511	99.07041782691867	41.17647058823529	0.155366097694788	0.159669	0.03742506050262812	0.054976	0.193443	0.27455	1.8751217631056128e-05	0.155379492075053	0.15738420962630056	0.03273472815788004	1.8923580680284416e-05	-1.3394380265004968e-05	0.016021640815053213	132.0	0.15036952918786822	0.04360348718690984	0.12507445507973797	9.022171751272094	1.8751217631056128e-05	132.0	0.15036952918786822	0.15036952918786822	True	100.0	39.544393089176566	39.439	0.2958946799816549	38.942	40.008	40.163	0.00022329346542785915	True	100.0	35.91829555320276	35.8315	8.525250370495108	8.3544	49.5137	60.5033	-0.0017934210333408035	True	100.0	38.49760108763655	38.349	0.36609830054013787	37.919	39.146	39.355	0.00029322270746374887	39.544393089176566	0.2958946799816549	0.00022329346542785915	0.00022329346542785915	True	100.0	1.0364837774001774	0.029684003277753213	1.0564440354320714	1.649023347318042	0.011547520062706684	0.030396501956728494	0.13545729917447727	0.5319389699114079	0.0005293806246691371	True	100.0	6.386541274457762	19.072403094900913	27.416404760653794	379.45796849848864	5.640092730195299	26.15300735682553	36.47343389930693	148.2253911018987		True	100.0	49.93284686830837	15.219665908126084	74.14849964766651	79.47955712005447	11.84161976145592	27.109430177528125	7.688689665261242	35.202886032626864		1.0364837774001774	0.0005293806246691371	False	channel_map_unconfirmed	EmotiBit value_* channel mapping has not been explicitly confirmed for this dataset; verify PPG/EDA/temperature/IMU column indices before interpreting features.	-1774.9527665846326	-3.749923475519922	3206.94283040936	1.407869240584708	-1427.616054634942	-0.5173290191066776	0.21211518185691602	0.01443733058601452	-20.484167025897747		0.10510652966790826	6.266888434075293	-0.01846240007306002		0.023821550045039323		2.2525376200647713	3.696390301994862	-8.437986664079816	-0.4114609700843277	2.531781276577931	4.097339261175378	-0.0057716661930871105	-0.1120239042581719	-0.008442915777771893		-6.3115690923723	-0.19017211223936759	-14.520567313024166	-1.317137521396484
ses-20260319_grp-15_run01	T4	T4	P1	C:\Users\amodica\Downloads\affectai_physio\bids_release_no_video\sub-01\ses-20260319_grp-15_run01\physio\sub-01_ses-20260319_grp-15_run01_task-T4_run-01_acq-P1_emotibit.tsv.gz	True	24.51641374411237	418.04029699999955	99.94973864093285	True	True	True	True	100.0	99.94973864093285	100.0	True	100.0	4689.019199839164	4494.0	1131.3932021797566	3481.0	7149.0	11157.0	0.04364518376672591	True	100.0	89430.31865701648	88387.0	7002.913658576336	76739.0	99106.0	133082.0	-1.868259592475792	True	100.0	141249.1613389626	139723.0	10462.195703276637	114722.0	156918.0	162822.0	5.5847760879082635	4689.019199839164	1131.3932021797566	70.04689641174963	2.0	236.0	116.0	0.49361702127659574	8.038110624840641	0.5820753279044159	78.08500703659027	21.668805165024807	1.0	device_hr							0.8467356643870061	0.874772	0.3896634431407613	0.030047	1.500067	5.235929	-0.0003297801744288953	0.8489749852630569	0.8528379547151657	0.3305405795468318	-0.0003417344499856232	-0.0022021243362375913	0.17108563366011512	97.0	0.23203504709020936	0.41985589998225964	1.2131488937874566	13.922102825412562	-0.0003297801744288953	97.0	0.23203504709020936	0.23203504709020936	True	100.0	38.579650482509045	38.582	0.14781765687197396	38.176	38.816	39.04	-0.000261878208875255	True	100.0	18.79664342581423	15.0162	11.251000201326248	3.4001	39.5789	46.0361	0.009965999295973233	True	100.0	36.14676347004423	36.147	0.18975044200675414	35.57	36.439	36.921	-3.9135130800256975e-05	38.579650482509045	0.14781765687197396	-0.000261878208875255	-0.000261878208875255	True	100.0	0.9827774864004883	0.11208298119282559	1.0756323721420809	5.839717287677546	0.04812632201842284	0.13762445096726794	0.43061897457081405	2.036403250110823	0.0030156815440289505	True	100.0	14.561549640673928	38.62257760795224	67.0845209427563	569.9334200079865	13.381662794934183	64.28861882461054	97.47383629719657	398.72538949289395		True	100.0	48.59546928908186	9.373298890196509	68.62215385719105	83.66600265340756	7.100537142110364	22.698303844370912	8.806864980103866	38.46953942903091		0.9827774864004883	0.0030156815440289505	False	hrv_unreliable;channel_map_unconfirmed	Beat-detection quality is insufficient for HRV computation. EmotiBit value_* channel mapping has not been explicitly confirmed for this dataset; verify PPG/EDA/temperature/IMU column indices before interpreting features.	-1819.7709356471023	-1.9382150926625419	-18880.99486377045	-3.7882226706158972	-21230.38348286366	-4.635129670238016	7.422739033620701	0.5442803703661594			0.4227437721478704	1.4247069850460137	0.1455243781992007		0.09529570295830248		0.008689643607780795	0.02541877524952404	6.401034614567017	0.845166108354164	-0.12340444940640793	-0.33051645561167514	-0.018956603924762394	-0.26729328414937314	0.024049866439450653		4.847608725472504	0.1453856591545958	-7.426432112239354	-1.091684248723077
ses-20260319_grp-15_run01	T4	T4	P2	C:\Users\amodica\Downloads\affectai_physio\bids_release_no_video\sub-01\ses-20260319_grp-15_run01\physio\sub-01_ses-20260319_grp-15_run01_task-T4_run-01_acq-P2_emotibit.tsv.gz	True	24.518818198892287	418.0402949999989	100.0	True	True	True	True	100.0	100.0	100.0	True	100.0	12357.02220659164	12523.5	975.4713832929323	10227.0	13704.0	14752.0	-0.33504723019444566	True	100.0	150445.8835409968	150802.0	1179.177477274893	147484.0	151904.0	153071.0	-0.7976747442026316	True	100.0	174238.50150723473	174271.0	969.8614331725981	171161.0	175682.0	176874.0	0.24479994910642286	12357.02220659164	975.4713832929323	81.72939399630762	0.0	495.0	381.0	0.771255060728745	4.894959711741706	0.7351397039209877	76.83443428456592	15.412505306296637	1.0	device_hr	186.61908487963976	133.1979043460668	75.0	186.61908487963976	133.1979043460668	75.0	0.330315477692926	0.332929	0.021423596239373018	0.219969	0.356437	0.377778	2.4189189546067988e-05	0.33032932365136586	0.3309168707803174	0.014190650498710317	2.4127312012845832e-05	-1.384595843981142e-05	0.015393111296370936	147.0	0.3516407431489359	0.03926979350913861	0.10678278584063414	21.098444588936154	2.4189189546067988e-05	147.0	0.3516407431489359	0.3516407431489359	True	100.0	35.55215132636656	35.554	0.07332391090647154	35.301	35.672	35.809	2.7350229464290404e-05	True	100.0	39.95966012861736	42.2882	10.081291081688686	16.7022	53.6891	63.4582	-0.014549136647464142	True	100.0	33.968617765273315	33.961	0.09323663946332655	33.757	34.147	34.336	5.658765113910627e-05	35.55215132636656	0.07332391090647154	2.7350229464290404e-05	2.7350229464290404e-05	True	100.0	0.9643759735986865	0.04636418547869838	1.0173382178638788	1.788205245490573	0.02536628511685524	0.0808530290664808	0.331602119608544	1.6160620790737479	0.00020096463022508038	True	100.0	15.25974672892566	30.348009324217237	61.067771978055006	450.85458073862355	12.537502300264437	55.358926751870314	97.24591143380451	456.7098304072646		True	100.0	44.48764193003384	9.97210926000708	61.47357155721473	65.06919393998976	8.366433679142183	19.714299156295823	9.562495222782864	43.39963385579575		0.9643759735986865	0.00020096463022508038	False	channel_map_unconfirmed	EmotiBit value_* channel mapping has not been explicitly confirmed for this dataset; verify PPG/EDA/temperature/IMU column indices before interpreting features.	-120.83042058994215	-0.12187325184879473	6451.059645712725	2.19002830256276	3313.3095280293783	1.0869378832494407	2.8702892789959122	0.15702543169978878	52.03861424131239		0.21312241204566168	7.974542603440099	0.1620488724587082		0.021051627102345663		0.42367880501490873	1.2638757942362873	-9.644965873153076	-0.5145486734637107	0.5275654537248613	1.5062577713364398	-0.006710330578300949	-0.09074360427255589	0.004072598412874832		5.014774311560778	0.16725258174190846	10.964000385305283	1.8455707005792779
ses-20260319_grp-15_run01	T4	T4	P3	C:\Users\amodica\Downloads\affectai_physio\bids_release_no_video\sub-01\ses-20260319_grp-15_run01\physio\sub-01_ses-20260319_grp-15_run01_task-T4_run-01_acq-P3_emotibit.tsv.gz	True	24.52002059440508	418.03939200000605	100.0	True	True	True	True	100.0	100.0	100.0	True	100.0	6650.552115790531	6057.0	2111.0257053429623	3424.0	11063.0	16921.0	-1.5903925139111326	True	100.0	97838.78791838375	99383.0	12264.974712637164	69169.0	118561.0	147036.0	-10.030239437004926	True	100.0	139061.75012564077	138427.0	10906.210140041168	112607.0	156966.0	178057.0	-0.32267321652875586	6650.552115790531	2111.0257053429623	66.87278343928658	1.0	233.0	111.0	0.47844827586206895	5.781887633412964	0.5989584344033816	72.65467107269954	23.47975356156311	0.9885415619660267	device_hr							0.030051731932857578	0.030001	0.0005860020745753952	0.029999	0.030002	0.041532	1.0631324341376104e-07	0.030051738895550708	0.030001160770619015	0.00022366853938490835	1.0633200934340282e-07	-6.962693139243236e-09	0.0005102350803059203	3.0	0.007176357198414346	0.00936113518967766	0.011271915337952543	0.43058143190486076	1.0631324341376104e-07	3.0	0.007176357198414346	0.007176357198414346	True	100.0	35.93724836667002	35.931	0.08312387732415386	35.699	36.085	36.235	3.116129485085183e-05	True	100.0	0.26970557845009546	0.0	0.6140901186491561	0.0	1.79	3.1303	0.0006946493347029664	True	100.0	33.111119006935375	33.215	0.3809320484810046	32.376	33.616	33.852	0.0007100036029989258	35.93724836667002	0.08312387732415386	3.116129485085183e-05	3.116129485085183e-05	True	100.0	1.0364610672462646	0.06477929745950264	1.1019738641082357	1.9458722979681888	0.02686490274887769	0.10882929583684764	0.3632350239779866	1.8600844729206667	0.002010252286661976	True	100.0	19.62293838783393	43.806269165135404	84.06890653505612	682.0971482369648	17.404461299179488	78.2724439068664	125.2586970871011	586.969390913577		True	100.0	35.755163949698506	7.637995918883836	55.11805511808268	58.974570791146924	5.200019844490632	22.163541011514518	8.850527737871015	38.84298484521474		1.0364610672462646	0.002010252286661976	False	hrv_unreliable;channel_map_unconfirmed	Beat-detection quality is insufficient for HRV computation. EmotiBit value_* channel mapping has not been explicitly confirmed for this dataset; verify PPG/EDA/temperature/IMU column indices before interpreting features.	-1252.6092194618013	-0.6661044019181366	-9952.630717578926	-0.7507029721502961	-11861.055111371155	-0.7411118592339337	2.238425052439055	0.08926643388239935			4.054030173841067e-05	32.30694288700218	0.007176357198414346				0.01448458933587915	0.07364614006133258	0.26970557845009546		0.31614277776967725	0.8432357247137272	-0.0018930129251917283	-0.02718705673024093	0.004549387004998302		2.970635973513435	0.06545353599920788	7.131896347685789	1.0788373007166945
ses-20260319_grp-15_run01	T4	T4	P4	C:\Users\amodica\Downloads\affectai_physio\bids_release_no_video\sub-01\ses-20260319_grp-15_run01\physio\sub-01_ses-20260319_grp-15_run01_task-T4_run-01_acq-P4_emotibit.tsv.gz	True	24.526635922066014	418.0384880000056	100.0	True	True	True	True	100.0	100.0	100.0	True	100.0	11432.200120554551	11211.0	731.3745547508031	10247.0	12566.0	13815.0	0.6137748372743866	True	100.0	157403.70162748644	157836.0	1562.1391364789731	154093.0	159333.0	161975.0	1.5870379925198839	True	100.0	175060.3358448865	175762.5	3023.8244384398017	169053.0	178948.7	183970.0	2.5186532570362283	11432.200120554551	731.3745547508031	77.45253449073479	0.0	543.0	518.0	0.955719557195572	3.8627689048850584	0.8860184095601259	81.31530339561985	14.448782472655205	1.0	device_hr	86.46258640387852	104.49256768329585	44.87427466150871	86.46258640387852	104.49256768329585	44.87427466150871	0.16922464908579465	0.186702	0.0409384737600833	0.063585	0.193303	0.20695	3.528746153317525e-05	0.16917203866980618	0.18618021635026155	0.0365288962817418	3.54671044774171e-05	5.2610415988496016e-05	0.016388895115240023	53.0	0.12678258466957065	0.035061301516222054	0.12492887245673426	7.606955080174239	3.528746153317525e-05	53.0	0.12678258466957065	0.12678258466957065	True	100.0	39.64875205947357	39.644	0.10711923285055741	39.29	39.834	40.041	-0.00014948472289771794	True	100.0	37.51548766325095	39.157	7.680757739204833	14.3319	46.1078	49.1775	-0.0069035704128560076	True	100.0	38.486099457504515	38.476	0.10513555241621952	38.176	38.666	38.823	2.212804002883464e-05	39.64875205947357	0.10711923285055741	-0.00014948472289771794	-0.00014948472289771794	True	100.0	1.0391361757048352	0.032174908499461724	1.0671625930475637	1.6569625825588217	0.013655451871124132	0.04755261070667093	0.19067175510244866	0.8437257017536334	0.0007032348804500703	True	100.0	9.169716865978895	21.179250186376645	47.14067433700901	408.42104846469414	8.106753167724026	45.03453162711111	59.17603319667619	287.5547432613304		True	100.0	64.61819260745878	9.894248643373079	74.63243262818116	79.8373346248483	7.9973082211379	16.17127094577304	7.743989742312008	34.35600491600718		1.0391361757048352	0.0007032348804500703	False	channel_map_unconfirmed	EmotiBit value_* channel mapping has not been explicitly confirmed for this dataset; verify PPG/EDA/temperature/IMU column indices before interpreting features.	-2621.1636378968706	-5.537704013297192	1024.4340531602502	0.4497333656140459	-6060.812622280326	-2.196272757436465	2.0264060167183118	0.13792456206451986	-27.316230230270335		0.11889907626266144	7.089257424890661	-0.04204934459135759		0.01527936437435154		2.356896590361778	3.8676422634697314	-6.840794554031625	-0.33357719979952	2.5202796464458928	4.078725457074886	-0.0031192678884293112	-0.06054275413701516	-0.0063349839693544446		-3.528393500851166	-0.10631303168010107	0.16477842612624727	0.014946788447643466
ses-20260320_grp-16_run01	T0	T0	P1	C:\Users\amodica\Downloads\affectai_physio\bids_release_no_video\sub-01\ses-20260320_grp-16_run01\physio\sub-01_ses-20260320_grp-16_run01_task-T0_run-01_acq-P1_emotibit.tsv.gz	True	24.55976619330547	1361.9324940000079	100.0	True	True	True	True	100.0	100.0	100.0	True	100.0	8605.44298752662	9991.0	3350.8927451129107	420.0	10748.0	18490.0	1.3325462792184706	True	100.0	111327.59248554913	131881.5	47109.995501325466	1616.0	138623.0	180666.0	19.424891175238646	True	100.0	152273.3742926681	181740.0	65976.69243582236	1365.0	190254.0	226740.0	27.228498175833213	8605.44298752662	3350.8927451129107	66.98118052719674	0.0	103.0	44.0	0.43137254901960786	1.2493525315056218	0.6358698085396605	68.23053305870236	29.86896679065386	0.7385153635533922	device_hr							0.04392683602068757	0.038487999999999994	0.014007251897651148	0.030039	0.06551	0.229783	8.070400413681232e-06	0.043928127028919975	0.038812943581106665	0.013547666482363096	8.071826019784698e-06	-1.2910082324110331e-06	0.003400775614699724	191.0	0.14024189953720195	0.011249189030735789	0.026885938224492464	8.414513972232117	8.070400413681232e-06	191.0	0.14024189953720195	0.14024189953720195	True	100.0	34.19621213872833	34.369	0.9625080229181608	31.344	35.249	35.411	0.0005804435613879084	True	100.0	29.41388678734408	33.7241	24.040075708497845	0.0	64.1806	78.0938	0.01263787582765949	True	100.0	30.66029120778825	31.405	1.9020605188633968	21.834	32.46	32.668	0.0010998556728437276	34.19621213872833	0.9625080229181608	0.0005804435613879084	0.0005804435613879084	True	100.0	1.0096396257386278	0.05494509031793309	1.0501342771284061	3.788221482437372	0.01947213409322263	0.07700471307651657	0.19950330600516272	0.8223419894559346	0.0006388804380894433	True	100.0	9.829526427904966	32.21886515619683	58.276622780133515	643.852564530887	9.408540619684722	57.489926523627865	54.94728814839289	181.86015826609537		True	100.0	78.67379910009237	6.7460559337885275	88.88672350943429	110.7564896518484	4.089379311984595	18.299245511395185	8.771118790605664	38.97853195737998		1.0096396257386278	0.0006388804380894433	False	hrv_unreliable;channel_map_unconfirmed	Beat-detection quality is insufficient for HRV computation. EmotiBit value_* channel mapping has not been explicitly confirmed for this dataset; verify PPG/EDA/temperature/IMU column indices before interpreting features.	0.0	0.0	0.0	0.0	0.0	0.0	0.0	0.0			0.0	0.0	0.0		0.0		0.0	0.0	0.0	0.0	0.0	0.0	0.0	0.0	0.0		0.0	0.0	0.0	0.0
ses-20260320_grp-16_run01	T0	T0	P2	C:\Users\amodica\Downloads\affectai_physio\bids_release_no_video\sub-01\ses-20260320_grp-16_run01\physio\sub-01_ses-20260320_grp-16_run01_task-T0_run-01_acq-P2_emotibit.tsv.gz	True	24.560369377272696	1361.9326109999965	100.0	True	True	True	True	100.0	100.0	100.0	True	100.0	8154.270357414449	8802.0	3702.2927184039854	182.0	11270.0	18913.0	1.7832003906298484	True	100.0	108864.16115589354	132026.0	51694.71955059234	1057.0	140012.0	180100.0	24.104763566891986	True	100.0	149494.06403041826	186704.0	72960.53573370329	1139.0	190659.0	223829.0	32.539658362029066	8154.270357414449	3702.2927184039854	70.17248393506485	1.0	89.0	53.0	0.6022727272727273	5.398078809222056	0.6572409771808192	64.77440512584279	19.01084098855501	0.7263574144486692	device_hr	194.53098845407675	141.34683552018043	73.07692307692307	194.53098845407675	141.34683552018043	73.07692307692307	0.05735261009885932	0.033869	0.040382548275491426	0.030112	0.151251	0.19617	1.8196386187890386e-05	0.05731690454898707	0.03463732386124843	0.03964511416415544	1.8156912239701462e-05	3.5705549872239855e-05	0.007049751248359161	69.0	0.05066329966894388	0.026150246811067323	0.09425935740670921	3.039797980136633	1.8196386187890386e-05	69.0	0.05066329966894388	0.05066329966894388	True	100.0	33.41367875285171	33.911	1.5016516695858102	29.879	35.03	35.363	0.0009167031039745779	True	100.0	14.657525411406844	13.4792	12.017154366588288	0.0	37.32571999999999	56.9658	0.002613642405542412	True	100.0	30.7716704486692	31.473	2.4897374418821734	23.441	33.062	33.216	0.0013451715768940755	33.41367875285171	1.5016516695858102	0.0009167031039745779	0.0009167031039745779	True	100.0	0.9892339538927452	0.039265610224908994	1.01332028500371	2.5212488968763083	0.01553778431311652	0.046482599479504505	0.11864132219366831	0.34595273908801955	0.00045627376425855514	True	100.0	6.843704797108345	27.369858852071655	32.323565412625015	561.2762706341682	6.111158327273056	31.411645459997597	36.888552440741385	57.74654691376529		True	100.0	24.23111594122618	8.563823531273501	43.57751713900185	58.19793810780585	5.929925875202136	21.898033750323048	7.660168107743728	32.87009556770827		0.9892339538927452	0.00045627376425855514	False	channel_map_unconfirmed	EmotiBit value_* channel mapping has not been explicitly confirmed for this dataset; verify PPG/EDA/temperature/IMU column indices before interpreting features.	0.0	0.0	0.0	0.0	0.0	0.0	0.0	0.0	0.0		0.0	0.0	0.0		0.0		0.0	0.0	0.0	0.0	0.0	0.0	0.0	0.0	0.0		0.0	0.0	0.0	0.0
ses-20260320_grp-16_run01	T0	T0	P3	C:\Users\amodica\Downloads\affectai_physio\bids_release_no_video\sub-01\ses-20260320_grp-16_run01\physio\sub-01_ses-20260320_grp-16_run01_task-T0_run-01_acq-P3_emotibit.tsv.gz	True	24.558559896695904	1361.9324239999987	100.0	True	True	True	True	100.0	100.0	100.0	True	100.0	6147.186007604562	6618.0	2539.476415431782	110.0	9908.0	13889.0	0.9316566198520254	True	100.0	94214.85107224334	108406.0	39685.53000590795	667.0	121584.19999999997	155950.0	15.956399982219425	True	100.0	137131.5460988593	162809.0	58283.47181723933	541.0	173262.4	195494.0	23.758915745539845	6147.186007604562	2539.476415431782	73.67567969008772	1.0	255.0	126.0	0.49606299212598426	9.768826175668138	0.5690186799243558	83.44450586575586	36.273911398375276	0.8193460076045628	device_hr							0.03001445064638783	0.030013	5.113461467082615e-06	0.030008	0.030024	0.030064	-2.9765721500600356e-09	0.03001444991439637	0.030013099213726843	5.011915962382304e-06	-2.9759377737902497e-09	7.31991461803565e-10	9.512989551722558e-07	0.0	0.0			0.0	-2.9765721500600356e-09	0.0	0.0	0.0	True	100.0	35.6163904486692	36.588	2.0394653369596902	30.467	37.451	37.764	0.0011814842079377421	True	100.0	0.13155024182509503	0.0	0.5417564391873253	0.0	0.8129	4.0493	9.950904338636447e-05	True	100.0	33.17087923954373	34.644	2.8100856730323955	24.851	35.274	35.678	0.0014382778819638257	35.6163904486692	2.0394653369596902	0.0011814842079377421	0.0011814842079377421	True	100.0	1.0098510287296196	0.05456034606820676	1.0339023164690173	2.881195064552208	0.021327349167093872	0.07112727007096499	0.1832505337846522	0.5983760502178375	0.0015817490494296578	True	100.0	8.83788296387936	33.62620744917784	43.667722049587155	765.7351765806504	8.439087635591337	42.90728467543988	49.17670952722516	133.58879015596253		True	100.0	37.364571096112726	12.82623521120954	54.27706698044764	63.3798075099633	8.936529313067938	26.873564167017896	7.785576535071698	35.53336158640863		1.0098510287296196	0.0015817490494296578	False	hrv_unreliable;channel_map_unconfirmed	Beat-detection quality is insufficient for HRV computation. EmotiBit value_* channel mapping has not been explicitly confirmed for this dataset; verify PPG/EDA/temperature/IMU column indices before interpreting features.	0.0	0.0	0.0	0.0	0.0	0.0	0.0	0.0			0.0	0.0	0.0				0.0	0.0	0.0	0.0	0.0	0.0	0.0	0.0	0.0		0.0	0.0	0.0	0.0
ses-20260320_grp-16_run01	T0	T0	P4	C:\Users\amodica\Downloads\affectai_physio\bids_release_no_video\sub-01\ses-20260320_grp-16_run01\physio\sub-01_ses-20260320_grp-16_run01_task-T0_run-01_acq-P4_emotibit.tsv.gz	True	24.568213641544293	1361.9336330000078	100.0	True	True	True	True	100.0	100.0	100.0	True	100.0	12671.722257701547	11697.0	3755.5599724297344	179.0	21107.0	37324.0	-0.7893460678280483	True	100.0	152708.8384271508	155140.0	20044.78542026865	845.0	169600.89999999988	235082.0	5.267813926615053	True	100.0	181198.11641273607	186178.0	24273.97075686409	557.0	198030.0	236607.0	6.788706217800602	12671.722257701547	3755.5599724297344	70.19489611869798	2.0	308.0	139.0	0.4527687296416938	10.184674907797444	0.5593898349453281	80.37957102649543	45.818437479403286	0.9400298026335797	device_hr							0.032265378554268156	0.030145	0.004179829626233383	0.030142	0.043125	0.046967	6.590120708289467e-07	0.03226537819175534	0.03014629866666758	0.004061056330526026	6.590116676342268e-07	3.625128202322269e-10	0.0008641967126128031	44.0	0.03230700742963424	0.006665867620334846	0.012193555685020563	1.9384204457780543	6.590120708289467e-07	44.0	0.03230700742963424	0.03230700742963424	True	100.0	34.292828634856924	35.093	2.420788787959217	28.795	36.637	36.839	0.001438147446262822	True	86.66180093057203	11.79012233568446	0.1129	24.28583235940796	0.0	83.9461	99.4781	0.0042286589663057305	True	100.0	32.51980266399051	33.72	2.6704274869741846	23.063	34.669	35.292	0.0013721481252326581	34.292828634856924	2.420788787959217	0.001438147446262822	0.001438147446262822	True	100.0	1.0456824846908093	0.07038681910874643	1.0703709637317336	4.413601477251882	0.01925043632705533	0.06547893137187788	0.2275780228808021	0.7456534522889332	0.0019462944378554267	True	99.97871240458596	11.626953244113196	38.04584221125735	56.372933410797	788.4192049360544	11.013765500165778	55.258315539057996	65.70308904538258	265.02467355411693		True	100.0	73.8789846438877	27.180704747185345	138.81282361511128	142.50263155464884	14.180201782863525	70.50469818335903	8.174650319828187	35.84329088127584		1.0456824846908093	0.0019462944378554267	False	hrv_unreliable;channel_map_unconfirmed	Beat-detection quality is insufficient for HRV computation. EmotiBit value_* channel mapping has not been explicitly confirmed for this dataset; verify PPG/EDA/temperature/IMU column indices before interpreting features.	0.0	0.0	0.0	0.0	0.0	0.0	0.0	0.0			0.0	0.0	0.0		0.0		0.0	0.0	0.0	0.0	0.0	0.0	0.0	0.0	0.0		0.0	0.0	0.0	0.0
ses-20260320_grp-16_run01	T1	T1	P1	C:\Users\amodica\Downloads\affectai_physio\bids_release_no_video\sub-01\ses-20260320_grp-16_run01\physio\sub-01_ses-20260320_grp-16_run01_task-T1_run-01_acq-P1_emotibit.tsv.gz	True	24.46064282500695	602.8010620000132	100.0	True	True	True	True	100.0	100.0	100.0	True	100.0	9768.67873905429	9780.0	674.494343945019	6058.0	10503.0	18461.0	-0.05129060522122609	True	100.0	133005.9507530648	132643.0	3882.709898200192	96848.0	135554.0	184026.0	0.6496730414070996	True	100.0	185598.57443082312	185654.0	2739.988429464969	131472.0	188411.4	213002.0	0.7559258865754356	9768.67873905429	674.494343945019	56.44763728847757	0.0	65.0	31.0	0.484375	2.7309581524618665	0.613554937230513	59.17859544093944	23.451452463530078	0.9127145359019264	device_hr							0.07036517730297724	0.071524	0.006987336028533261	0.030038	0.075778	0.137484	2.9623267435674012e-06	0.07036670676344366	0.07111947922896507	0.0039896445763717495	2.9394456280204487e-06	-1.5294604664227525e-06	0.005401943227486375	59.0	0.09787640354223316	0.020590317165358318	0.06650428854993204	5.872584212533989	2.9623267435674012e-06	59.0	0.09787640354223316	0.09787640354223316	True	100.0	35.29970003502627	35.318	0.1506220497134921	34.864	35.514	35.658	0.00018641726502483923	True	100.0	45.31191207705779	46.9489	13.075496558209307	11.0271	65.1989	74.8531	-0.0010815956110016114	True	100.0	32.43509856392294	32.474	0.15999427536180988	31.79	32.639	32.82	0.00016578688486252281	35.29970003502627	0.1506220497134921	0.00018641726502483923	0.00018641726502483923	True	100.0	0.9773370057404038	0.040824361462742494	1.0129881539287615	1.7439945527437866	0.01979181794124196	0.06356665010200374	0.1969924278662111	0.7390437497921878	0.00028021015761821365	True	100.0	8.897560670351723	25.070436925913043	44.65109774686397	296.42256122130783	8.127462248274261	43.109042948875256	49.12247751089371	182.655638371047		True	100.0	68.4307445616429	7.495202958604212	80.36168241145776	95.33624704172071	6.266166372822337	12.993917369601668	8.724966720124499	40.328295189550126		0.9773370057404038	0.00028021015761821365	False	hrv_unreliable;channel_map_unconfirmed	Beat-detection quality is insufficient for HRV computation. EmotiBit value_* channel mapping has not been explicitly confirmed for this dataset; verify PPG/EDA/temperature/IMU column indices before interpreting features.	1163.2357515276708	0.34714204243755187	21678.358267515665	0.46016472803326275	33325.20013815502	0.5051056503108504	-9.051937617762924	-0.30305492925839395			0.02643857973452368	1.8874922738383195	-0.04236549599496879		0.009341128134622529		1.103487896297942	1.146471374807198	15.898025289713711	0.6613134452024197	1.7748073561346907	0.9330972061789348	-0.032302619998223925	-0.5879073054809582	0.00031968384801932953		-0.9319657575532432	-0.028926088893419424	-10.24305453844947	-1.5183767580618115
ses-20260320_grp-16_run01	T1	T1	P2	C:\Users\amodica\Downloads\affectai_physio\bids_release_no_video\sub-01\ses-20260320_grp-16_run01\physio\sub-01_ses-20260320_grp-16_run01_task-T1_run-01_acq-P2_emotibit.tsv.gz	True	24.46064282500695	602.8182859999943	100.0	True	True	True	True	100.0	100.0	100.0	True	100.0	9816.549751417968	8617.0	2421.476464207556	6562.0	13788.0	16226.0	2.220024325143368	True	100.0	132131.23842868148	125375.0	12505.261157773815	110570.0	154122.0	174627.0	9.605603185264249	True	100.0	185178.82319165324	183515.0	8139.160426122896	130897.0	200152.0	217049.0	-6.566227588688653	9816.549751417968	2421.476464207556	69.88755092859128	1.0	162.0	77.0	0.4782608695652174	0.6349165963291199	0.6735421637462267	69.25263433226216	27.154234476398642	0.9369792031370352	device_hr	167.11952717485366	125.25887083489476	64.47368421052632	167.11952717485366	125.25887083489476	64.47368421052632	0.113038890693929	0.123655	0.06728911904652003	0.030113	0.222843	0.283661	-3.131775480849977e-05	0.11300141736412142	0.12384869205340798	0.06333337007302531	-3.1221482560589915e-05	3.7473329807578625e-05	0.018897457470064546	50.0	0.08294373472273944	0.06743385970655229	0.19324599011791482	4.976624083364366	-3.131775480849977e-05	50.0	0.08294373472273944	0.08294373472273944	True	100.0	35.20634752468314	35.139	0.25163689480738544	34.703	35.663	35.848	0.0002979175091441482	True	100.0	13.67326234157272	14.977	8.610959179082013	0.044	25.8633	37.086	-0.008069456665034194	True	100.0	31.65350430642112	31.33	0.6764868573545668	30.865	32.942	33.191	-0.0001920906011499134	35.20634752468314	0.25163689480738544	0.0002979175091441482	0.0002979175091441482	True	100.0	0.9790383758300635	0.03752579712510714	1.0044247109664317	1.6692528268659603	0.019271589004002047	0.04686081138363729	0.12890236757426266	0.3980010740918026	0.00021006932287654927	True	100.0	5.443709128512945	17.761321684691588	22.780956542691527	239.23595384891462	4.673921309902755	21.755030132075248	26.489963814719474	83.85187122795323		True	100.0	26.47346182367849	16.88004580895127	53.96295025292817	56.806689746895124	13.683661848741453	37.081007236794036	7.651523751493128	34.564175589863005		0.9790383758300635	0.00021006932287654927	False	channel_map_unconfirmed	EmotiBit value_* channel mapping has not been explicitly confirmed for this dataset; verify PPG/EDA/temperature/IMU column indices before interpreting features.	1662.279394003519	0.4489864849800715	23267.077272787938	0.4500861495150782	35684.75916123498	0.4890967260914836	4.478229206419371	0.23556186752155647	-27.41146127922309		0.05568451281513435	1.3789251840981476	0.03228043505379556		0.04128361289548496		1.7926687718314298	1.1937980079800323	-0.9842630698341246	-0.08190483701954478	0.8818338577519178	0.3541874909851038	-0.010195578062681676	-0.2596566818720645	0.003733804690885528		-1.3999956685954	-0.051151000674211834	2.2423458824523124	0.2618393377985522
ses-20260320_grp-16_run01	T1	T1	P3	C:\Users\amodica\Downloads\affectai_physio\bids_release_no_video\sub-01\ses-20260320_grp-16_run01\physio\sub-01_ses-20260320_grp-16_run01_task-T1_run-01_acq-P3_emotibit.tsv.gz	True	24.464233282748328	602.8183410000056	100.0	True	True	True	True	100.0	100.0	100.0	True	100.0	7158.561546001961	6937.0	961.247322105909	5866.0	9149.0	12070.0	-0.4840716832755314	True	100.0	105688.69556084582	103712.0	7298.760452722018	96746.0	122882.14999999994	140907.0	-3.816472045212831	True	100.0	166819.93089203193	165733.5	4161.293831116236	118559.0	178580.0	182007.0	-1.4471540602615034	7158.561546001961	961.247322105909	61.16058320687082	1.0	191.0	109.0	0.5736842105263158	5.428109651854534	0.6465712371781497	66.58869285872535	21.33848279880178	0.9481165102926761	device_hr							0.030013122531858286	0.030008	1.6739956052535225e-05	0.030006	0.030053	0.030162	-6.128858551152565e-09	0.030013149682785286	0.030008019645638824	1.2932571598435934e-05	-6.009879598894219e-09	-2.7150927003901552e-08	9.935079611707115e-06	0.0	0.0			0.0	-6.128858551152565e-09	0.0	0.0	0.0	True	100.0	37.93342241982916	37.956	0.1408658380367883	37.449	38.116	38.281	0.00016276290925512174	True	100.0	3.6126602296597112	2.3235	3.8325589369944946	0.001	12.7694	17.7751	-0.0023129473525211252	True	100.0	34.98957057835037	35.001	0.2156904921779811	34.479	35.313	35.853	0.00022451719988369852	37.93342241982916	0.1408658380367883	0.00016276290925512174	0.00016276290925512174	True	100.0	1.0230650329942317	0.0216777332955809	1.0402850570877196	1.4323365526300025	0.009218502827208598	0.02407397272156571	0.10119683396963687	0.39424136787370984	0.0	True	100.0	3.6885961067777417	9.70885406108738	11.6676080415444	165.92266679691477	3.0047667559570623	10.186285831183799	20.12045716146553	69.38020699369169		True	100.0	34.472566272068484	1.9224121634713225	37.589892258425	45.73838650411709	1.5243904644288029	3.607336072221351	6.981830363675204	33.06284556885404		1.0230650329942317	0.0	False	hrv_unreliable;channel_map_unconfirmed	Beat-detection quality is insufficient for HRV computation. EmotiBit value_* channel mapping has not been explicitly confirmed for this dataset; verify PPG/EDA/temperature/IMU column indices before interpreting features.	1011.3755383973985	0.3982614417096039	11473.84448860248	0.28911909421127496	29688.38479317262	0.5093791407325063	-16.855813007030505	-0.4646814296344531			-1.3002316110836964e-06	-0.2542762118095158	0.0				2.317031971159956	1.1360977454091203	3.4811099878346163	6.425599653335987	1.8186913388066372	0.6472013847336073	0.013214004264612056	0.24219062408609024	-0.012108846339885274		-5.149286857101619	-0.15313314369109796	-2.8920048240442426	-0.22547573597564807
ses-20260320_grp-16_run01	T1	T1	P4	C:\Users\amodica\Downloads\affectai_physio\bids_release_no_video\sub-01\ses-20260320_grp-16_run01\physio\sub-01_ses-20260320_grp-16_run01_task-T1_run-01_acq-P4_emotibit.tsv.gz	True	24.46363481154038	602.7993819999974	100.0	True	True	True	True	100.0	100.0	100.0	True	100.0	12416.035454035875	12280.0	1006.3186126811117	9403.0	13803.0	20263.0	0.3869837452344698	True	100.0	154280.78293161435	155157.0	6732.7555071766255	133997.0	164123.0	195840.0	4.101533834027687	True	100.0	184721.2503503363	184280.5	7382.640937472041	161780.0	196392.0	210071.0	1.2414048101628712	12416.035454035875	1006.3186126811117	63.818177769235774	0.0	499.0	360.0	0.7228915662650602	2.0507264351508425	0.7636063813378563	61.76745133408493	16.776038134449937	0.9322449551569507	device_hr	157.56447122498912	126.64290093570325	69.63788300835655	157.56447122498912	126.64290093570325	69.63788300835655	0.03241202592488789	0.030143	0.00382051051393032	0.030141	0.04016245	0.047174	4.184861337158742e-06	0.03241559154755911	0.03014439902606006	0.0036560525684346755	4.19382089415269e-06	-3.56562267122181e-06	0.0009563325474937709	26.0	0.04313209465101958	0.005562536379512425	0.013442656948032896	2.5879256790611747	4.184861337158742e-06	26.0	0.04313209465101958	0.04313209465101958	True	100.0	36.63695788957399	36.628	0.13473442458769253	36.24	36.853	37.002	-0.00010282542195000611	True	100.0	12.106990351737668	1.7286	14.291993789669952	0.0	36.7866	41.8479	0.01840085488327745	True	100.0	34.31764349775785	34.274	0.291374487449434	33.807	34.863	35.385	0.0003357486947765435	36.63695788957399	0.13473442458769253	-0.00010282542195000611	-0.00010282542195000611	True	100.0	1.0325244568848837	0.05642718480108392	1.0791580051132457	1.8390617172895531	0.026534951613967395	0.06590686221990971	0.26758469222511394	1.1146267951682503	0.001961883408071749	True	99.9789798206278	16.150505694393985	34.95768674193457	68.84085963305219	652.1725367646203	14.386978295392803	64.09469382341875	96.87703302339344	477.78955071091264		True	100.0	48.756147967057785	21.966400085671395	70.97182539571601	74.22937423958254	20.186070389860088	44.47314347365385	8.180059900779371	36.676703901556024		1.0325244568848837	0.001961883408071749	False	channel_map_unconfirmed	EmotiBit value_* channel mapping has not been explicitly confirmed for this dataset; verify PPG/EDA/temperature/IMU column indices before interpreting features.	-255.68680366567241	-0.06808220492888328	1571.9445044635504	0.07842161796723701	3523.1339376002434	0.1451404046288548	-18.612119692410495	-0.4062146314085281			0.0001502133558037716	0.035937674315958915	0.010825087221385345		-0.001103331240822421		2.3441292547170676	0.9683328286947432	0.316868016053208	0.013047443108552062	1.7978408337673386	0.6732408359848187	-0.013158027805925565	-0.1869388043462603	0.007284515286912065		4.523552450280789	0.11889741920188901	-25.12283667682992	-0.9242893777223151
ses-20260320_grp-16_run01	T2	T2	P1	C:\Users\amodica\Downloads\affectai_physio\bids_release_no_video\sub-01\ses-20260320_grp-16_run01\physio\sub-01_ses-20260320_grp-16_run01_task-T2_run-01_acq-P1_emotibit.tsv.gz	True	24.417639304767807	665.723736999993	100.0	True	True	True	True	100.0	100.0	100.0	True	100.0	9956.947304079269	9944.0	675.222307522581	6476.0	11020.0	15291.0	0.38268822116909346	True	100.0	137753.54433148887	137572.5	2433.496083932161	101146.0	142235.0	171432.0	1.613755585155635	True	100.0	190355.1694119161	190422.0	2111.4700100167793	140361.0	192749.0	221553.0	0.4446456162696017	9956.947304079269	675.222307522581	56.34839839561801	2.0	98.0	44.0	0.4536082474226804	0.7359620056988092	0.6092654142223944	57.08436040131682	21.30907508281398	0.8208724745849955	device_hr							0.08444769649980699	0.08533	0.006005955153927551	0.030041	0.09052494999999999	0.098212	5.574750469448916e-06	0.08444781648050362	0.08521972602705476	0.004675060057216666	5.574043556301467e-06	-1.1998069663943507e-07	0.0035962835584756802	42.0	0.06308923306425597	0.014565355518507014	0.04134799953224397	3.7853539838553583	5.574750469448916e-06	42.0	0.06308923306425597	0.06308923306425597	True	100.0	35.348935851241805	35.375	0.16570490797131202	34.887	35.574	35.726	0.00012126788481662378	True	100.0	31.12802522197915	28.3175	18.849661408132203	5.2712	64.1762	75.017	-0.008880840901590373	True	100.0	32.50754909278085	32.518	0.19379190989138834	31.75	32.768	32.911	0.00014995593308716115	35.348935851241805	0.16570490797131202	0.00012126788481662378	0.00012126788481662378	True	100.0	0.9806120691783149	0.0659695526593851	1.0178202198816844	3.5387052717060232	0.02253492938344512	0.06856628465252002	0.2240284321645598	0.7624185135844982	0.001479861021747523	True	100.0	7.559464225113116	24.16367479357463	36.396048329454665	414.4852944327458	6.93362805463795	35.28001562384071	42.76155203346243	163.91654372564685		True	100.0	69.9491221794493	6.6671069687174835	78.65112840894274	97.02576977277738	5.1626406169809895	13.733128081406313	8.641710796737195	38.03188181219844		0.9806120691783149	0.001479861021747523	False	hrv_unreliable;channel_map_unconfirmed	Beat-detection quality is insufficient for HRV computation. EmotiBit value_* channel mapping has not been explicitly confirmed for this dataset; verify PPG/EDA/temperature/IMU column indices before interpreting features.	1351.5043165526495	0.40332664139242974	26425.951845939737	0.5609415064621738	38081.79511924801	0.5772007312474992	-11.146172657385542	-0.373169006330451			0.04051968945158364	2.8927651010815563	-0.07715266647294598		0.003316166487771225		1.1527237125134775	1.1976250431852142	1.7141384346350712	0.07130337089700371	1.8472578849925974	0.9711877548967014	-0.02902755656031286	-0.5283011892845827	0.003062795290222492		-2.2700622027918502	-0.07045754689951383	-8.724676920643063	-1.2933004123111915
ses-20260320_grp-16_run01	T2	T2	P2	C:\Users\amodica\Downloads\affectai_physio\bids_release_no_video\sub-01\ses-20260320_grp-16_run01\physio\sub-01_ses-20260320_grp-16_run01_task-T2_run-01_acq-P2_emotibit.tsv.gz	True	24.419428095396764	665.7237299999979	100.0	True	True	True	True	100.0	100.0	100.0	True	100.0	8579.97413626713	8184.0	1792.419304382473	6409.0	13026.9	15150.0	1.210918313823136	True	100.0	122442.4634240494	121336.0	9221.41407523791	107699.0	143743.4	163475.0	8.544364807882966	True	100.0	175511.45679727208	176502.0	6775.9849346855735	140140.0	182193.8	219180.0	-0.5296381931144406	8579.97413626713	1792.419304382473	66.59844026017299	2.0	214.0	127.0	0.596244131455399	0.23294025631133763	0.7125113788436189	66.83138051648433	21.297932307023256	0.8645049218297626	device_hr	185.48530676314093	148.19927522823627	71.42857142857143	185.48530676314093	148.19927522823627	71.42857142857143	0.21568311349160393	0.26031	0.10674024203340698	0.030111	0.333265	0.38505	9.210782126477414e-06	0.2156987793746997	0.25849772545631716	0.1043600718272617	9.234322427653607e-06	-1.5665883095747373e-05	0.018642233110316906	74.0	0.1111572213296351	0.05399785064967372	0.18033067675841077	6.669433279778106	9.210782126477414e-06	74.0	0.1111572213296351	0.1111572213296351	True	100.0	35.20655980184006	35.168	0.1718168259872984	34.754	35.547	35.767	-4.6982651131786494e-05	True	100.0	18.256251225632116	16.4381	8.845166590840396	0.8394	32.6688	39.3467	-0.0034690489054124488	True	100.0	32.07609592742714	32.035	0.5273491203818979	31.137	32.912	33.156	-0.00013154901769497012	35.20655980184006	0.1718168259872984	-4.6982651131786494e-05	-4.6982651131786494e-05	True	100.0	0.995773123501539	0.05179321723541484	1.0346237959316216	1.675074625203307	0.02361826562399931	0.08374683484876302	0.19013449379055358	0.6781744092882676	0.0011580775911986102	True	100.0	8.785330712855783	24.710906912938746	50.937255357976696	318.04560925282397	7.871998230655158	49.52322777691613	46.44341088718509	167.3622934355617		True	100.0	18.87239076398848	10.20768775192611	47.80167361086848	50.60632371551998	5.925102729502826	31.158356633775238	8.580973064245605	37.30724296681246		0.995773123501539	0.0011580775911986102	False	channel_map_unconfirmed	EmotiBit value_* channel mapping has not been explicitly confirmed for this dataset; verify PPG/EDA/temperature/IMU column indices before interpreting features.	425.70377885268135	0.11498382522173914	13578.302268155865	0.2626632349725221	26017.392766853824	0.35659541840282	2.05697539064154	0.10820012601651285	-9.045681690935822		0.15838187482571262	3.9220376521368805	0.060493921660691216		0.027847603838606395		1.7928810489883489	1.193939370428607	3.598725814225272	0.2994657224534732	1.3044254787579384	0.5239208989731176	0.00653916960879386	0.1665368135459562	0.00808048131088279		1.941625915747438	0.07094029699756652	-5.358725177237698	-0.6257397945752413
ses-20260320_grp-16_run01	T2	T2	P3	C:\Users\amodica\Downloads\affectai_physio\bids_release_no_video\sub-01\ses-20260320_grp-16_run01\physio\sub-01_ses-20260320_grp-16_run01_task-T2_run-01_acq-P3_emotibit.tsv.gz	True	24.41883179694905	665.7238200000138	100.0	True	True	True	True	100.0	100.0	100.0	True	100.0	7518.034112119457	7248.0	1082.6233585815273	5598.0	9279.399999999998	14372.0	-0.20364856428174818	True	100.0	112126.85196627406	111375.0	7410.081165343099	96746.0	126215.0	148451.0	-1.7645951983846786	True	100.0	162232.00283194953	161513.0	6636.262209453929	134255.0	172321.0	188953.0	-1.1758326086149447	7518.034112119457	1082.6233585815273	63.70130033986709	0.0	154.0	71.0	0.46405228758169936	8.789485406753883	0.5742001877074953	72.49078574662097	24.263056819388222	0.995237175773959	device_hr							0.03001003668661904	0.030008	2.136858755256364e-05	0.030005	0.030009	0.030475	-3.212550035475071e-09	0.030010035814429833	0.03000799890527097	8.648940971556601e-06	-3.210034379862741e-09	8.721892061801748e-10	1.8401331336558493e-05	0.0	0.0			0.0	-3.212550035475071e-09	0.0	0.0	0.0	True	100.0	37.76117577395894	37.755	0.09340267412024758	37.442	37.916	38.032	-2.250148124039614e-06	True	100.0	0.7219379674325803	0.0364	1.1597606958723652	0.0	3.4745	5.0419	-0.0006517662368137839	True	100.0	34.886459869987775	34.711	0.5108764107263933	34.012	35.9466	36.119	0.00025151122999942093	37.76117577395894	0.09340267412024758	-2.250148124039614e-06	-2.250148124039614e-06	True	100.0	1.0076819198499145	0.04735171419029483	1.0354559382223854	1.9236353604568617	0.023720793228212887	0.06964431065155463	0.19394602297746955	0.7465138123425096	0.0005148999163287636	True	100.0	7.1193052687946805	20.33838429968282	30.093834917131446	409.336977054358	6.219469587666339	27.99889983460502	40.09384216990658	139.49031203724115		True	100.0	39.39044602162583	7.642745322482473	53.1055551314372	66.1362230551458	6.076391040253714	14.434927687930575	7.829722274382242	34.99852314151836		1.0076819198499145	0.0005148999163287636	False	hrv_unreliable;channel_map_unconfirmed	Beat-detection quality is insufficient for HRV computation. EmotiBit value_* channel mapping has not been explicitly confirmed for this dataset; verify PPG/EDA/temperature/IMU column indices before interpreting features.	1370.8481045148947	0.5398152533272542	17912.000894030716	0.4513484106515441	25100.45673309022	0.4306616601666804	-10.953720119134886	-0.30197240101395595			-4.414099966536245e-06	-0.8632312954642489	0.0				2.144785325289739	1.0516409798300632	0.5903877256074853	1.0897659592068911	1.7155806304440446	0.6105083011909533	-0.0021691088797051172	-0.03975614225381707	0.002393444061119014		-1.7185776950846803	-0.05110828206487793	2.0258749255131008	0.15794774477101273
ses-20260320_grp-16_run01	T2	T2	P4	C:\Users\amodica\Downloads\affectai_physio\bids_release_no_video\sub-01\ses-20260320_grp-16_run01\physio\sub-01_ses-20260320_grp-16_run01_task-T2_run-01_acq-P4_emotibit.tsv.gz	True	24.417043093676845	665.7236080000002	100.0	True	True	True	True	100.0	100.0	100.0	True	100.0	11577.505182514646	11723.0	1295.050316700422	8022.0	13888.199999999999	16881.0	-0.9419213084464646	True	100.0	154909.4772420009	156539.0	4101.149833562519	139865.0	160830.0	189769.0	-2.000224005834657	True	100.0	185770.98229575742	187836.0	5720.425892047863	167722.0	193151.0	198021.0	-1.1979851718724281	11577.505182514646	1295.050316700422	69.76298026764813	0.0	606.0	444.0	0.7338842975206612	4.268331777674732	0.7501957254327204	74.03131204532286	18.25259866579271	1.0	device_hr	151.01201369819526	129.1839144645614	67.49435665914221	151.01201369819526	129.1839144645614	67.49435665914221	0.047279722461855404	0.050667	0.009836582332756123	0.030143	0.0587224	0.065604	-3.6279570132890848e-06	0.04727657527697887	0.04976396874113049	0.00919892642543066	-3.629829615234379e-06	3.1471848765317786e-06	0.00307886594090868	59.0	0.08862536838260959	0.010120679195046365	0.026085009159815518	5.317522102956575	-3.6279570132890848e-06	59.0	0.08862536838260959	0.08862536838260959	True	100.0	37.112556041975154	37.082	0.16026501431281437	36.764	37.428	37.583	0.00012495541497688388	True	94.68872722590613	43.545037673375035	36.4481	27.144100441956542	1.4242	94.91879499999999	99.992	-0.020955360983466936	True	100.0	34.4390401725359	34.216	0.4742275967185964	33.895	35.423	35.628	8.558575095635456e-05	37.112556041975154	0.16026501431281437	0.00012495541497688388	0.00012495541497688388	True	100.0	1.0394109402044562	0.047956165373957006	1.0673907438234604	2.2758442389583693	0.021955974210555628	0.053718668873522044	0.21622481285095838	0.8495562457862537	0.0009013068949977468	True	100.0	9.555168516331324	27.33172886141819	34.65477078267868	484.39011664772846	8.339431496974061	31.88421452084244	55.79568116008051	222.01932065641307		True	100.0	69.27860090248952	3.670103932837119	72.03471385380801	75.17978451685	1.7499488993344046	3.2421662510151066	7.963521550329057	35.313927761106896		1.0394109402044562	0.0009013068949977468	False	channel_map_unconfirmed	EmotiBit value_* channel mapping has not been explicitly confirmed for this dataset; verify PPG/EDA/temperature/IMU column indices before interpreting features.	-1094.2170751869016	-0.2913592335682969	2200.638814850099	0.10978609991129579	4572.8658830213535	0.1883855727118011	-6.348258981172563	-0.1385524983043407			0.015011197085223534	3.5913418554216867	0.056318360952975356		0.003454811574711519		2.8197274071182292	1.1647969542585856	31.754915337690576	1.3075489803168805	1.919237508545386	0.7187004769487454	-0.006271544486353031	-0.08910112100198195	0.002705537883500298		-2.0717847277818713	-0.05445495768704136	-4.60038374139819	-0.1692518197812577
ses-20260320_grp-16_run01	T3	T3	P1	C:\Users\amodica\Downloads\affectai_physio\bids_release_no_video\sub-01\ses-20260320_grp-16_run01\physio\sub-01_ses-20260320_grp-16_run01_task-T3_run-01_acq-P1_emotibit.tsv.gz	True	24.49719506976934	963.0838870000152	100.0	True	True	True	True	100.0	100.0	100.0	True	100.0	9961.944873641482	10201.0	1301.0344666791912	5565.0	11777.5	12642.0	-0.8454138445104036	True	100.0	136781.45650560866	134961.0	6870.079322087399	115119.0	147258.0	168699.0	-5.146907595719759	True	100.0	189300.3699969447	186559.0	6221.942281610029	162858.0	198907.0	213765.0	-4.323087841099081	9961.944873641482	1301.0344666791912	61.242987674423354	0.0	503.0	263.0	0.5239043824701195	0.03042444067322947	0.678020197401987	61.212563233750124	17.085731818280088	0.9145825149491511	device_hr	196.85596676899274	145.78256249505432	72.51908396946564	196.85596676899274	145.78256249505432	72.51908396946564	0.09831423578193883	0.098628	0.016363200144351095	0.030049	0.125545	0.137703	6.3544497200782485e-06	0.09831302181139585	0.09852277265968566	0.015294045397961663	6.346594536857604e-06	1.2139705429475112e-06	0.005258796578686043	170.0	0.176516295511439	0.014818217248354063	0.03813258680946195	10.59097773068634	6.3544497200782485e-06	170.0	0.176516295511439	0.176516295511439	True	100.0	35.05470424686831	35.056	0.09680542898966182	34.737	35.214	35.398	2.006447481949209e-05	True	100.0	42.234373903365196	39.8753	12.232119053844709	17.6919	67.4204	83.5414	-0.0030952771619791883	True	100.0	32.02805194011611	32.141	0.34452520714399487	30.563	32.298	32.622	-7.69535472349514e-05	35.05470424686831	0.09680542898966182	2.006447481949209e-05	2.006447481949209e-05	True	100.0	0.9514250049519527	0.03794753721228488	1.002339762755125	1.690799515022405	0.02182015391134432	0.06958190871953462	0.22222421116909905	1.0661894986693432	0.00013094146916328402	True	100.0	7.89136018053771	18.211928102797458	33.95962723053773	310.1791318480339	6.917633315125835	31.817132423076107	45.98021276494897	218.4608987390627		True	100.0	56.865503867765185	8.933590308169043	71.37226352022192	94.05317644821997	7.106243656757465	15.324931826610147	7.907558651842149	35.1420383486627		0.9514250049519527	0.00013094146916328402	False	channel_map_unconfirmed	EmotiBit value_* channel mapping has not been explicitly confirmed for this dataset; verify PPG/EDA/temperature/IMU column indices before interpreting features.	1356.501886114862	0.4048180557534239	25453.864020059526	0.540307078130444	37026.995704276604	0.5612132760412921	-7.017969824952239	-0.23495857336277848			0.05438489478247588	3.882624170669451	0.03627439597423704		0.0035690282176182742		0.8584921081399841	0.891932417910847	12.820487116021116	0.5332964534504043	1.3677607323278558	0.7190942237448789	-0.05821462078667505	-1.059505416222327	0.0023480198181216917		-1.9381662473672563	-0.06015625435505069	-21.808295232327183	-3.2327474670195673
ses-20260320_grp-16_run01	T3	T3	P2	C:\Users\amodica\Downloads\affectai_physio\bids_release_no_video\sub-01\ses-20260320_grp-16_run01\physio\sub-01_ses-20260320_grp-16_run01_task-T3_run-01_acq-P2_emotibit.tsv.gz	True	24.4965949760668	963.0837839999876	100.0	True	True	True	True	100.0	100.0	100.0	True	100.0	9036.159965073128	7950.0	2414.434902145611	6697.0	14776.0	15776.0	-0.694812020378825	True	100.0	126631.02990613403	118855.0	17446.059900496562	83269.0	166656.0	172165.0	-6.405024752547093	True	100.0	186513.59585243397	182073.0	14048.874638495272	100934.0	214997.0	223803.0	-5.399792257219051	9036.159965073128	2414.434902145611	66.80889538927309	1.0	342.0	184.0	0.5395894428152492	8.756853964732073	0.6022465124888388	75.56574935400516	27.164022491944728	0.9799607072691552	device_hr							0.04694716716874046	0.035142	0.021854054378876428	0.030108	0.09394719999999998	0.168244	-8.233258505684778e-06	0.04694453920915648	0.03646632881852099	0.020294507556819618	-8.232596236828713e-06	2.627959583972602e-06	0.006984220152678162	68.0	0.07060652575581199	0.022998701905725588	0.09334676219041112	4.236391545348719	-8.233258505684778e-06	68.0	0.07060652575581199	0.07060652575581199	True	100.0	35.009027635887364	34.976	0.1842097202155577	34.453	35.356	35.559	-9.389191002072338e-05	True	100.0	17.80713348177254	17.3771	11.1367213211454	0.3328	36.1207	47.2997	0.006350276376017977	True	100.0	31.73770831696136	31.7	0.514962605495321	30.661	32.514	32.844	8.924603286043042e-05	35.009027635887364	0.1842097202155577	-9.389191002072338e-05	-9.389191002072338e-05	True	100.0	0.9925167151545746	0.0510993579236096	1.026324510084408	1.8559361519190256	0.01739869273430403	0.06324065130770518	0.21084626018487232	0.8163001035076456	0.0011351233355162628	True	100.0	8.82950278971109	26.564858857096198	44.74305954738959	498.90625097907923	7.907142887125473	43.26637474689898	46.675420481028375	163.25614648530953		True	100.0	23.13654953856272	13.78913648532295	49.20365840057018	55.749439459065414	9.201749935677647	33.36067888281532	8.599934077163283	38.995995715352144		0.9925167151545746	0.0011351233355162628	False	hrv_unreliable;channel_map_unconfirmed	Beat-detection quality is insufficient for HRV computation. EmotiBit value_* channel mapping has not been explicitly confirmed for this dataset; verify PPG/EDA/temperature/IMU column indices before interpreting features.	881.8896076586789	0.23820094053472116	17766.868750240494	0.34368827038228733	37019.531822015706	0.5073911731834359	10.791344228162373	0.5676416016871124			-0.010372365339830596	-0.2568526698481207	0.019943226086868104		-0.003151544905341735		1.5953488830356548	1.0623961038019478	3.1496080703656943	0.2620926697191025	0.9660378682921582	0.38800792888500724	0.00328276126182947	0.08360397923338471	0.0018609084211875116		1.9857979926027438	0.07255419194288014	-1.0945664026634603	-0.127812816163984
ses-20260320_grp-16_run01	T3	T3	P3	C:\Users\amodica\Downloads\affectai_physio\bids_release_no_video\sub-01\ses-20260320_grp-16_run01\physio\sub-01_ses-20260320_grp-16_run01_task-T3_run-01_acq-P3_emotibit.tsv.gz	True	24.497795201606838	963.083885	100.0	True	True	True	True	100.0	100.0	100.0	True	100.0	7387.035179608049	7760.0	1102.6447615598286	4856.0	8544.0	13721.0	0.2586437423132011	True	100.0	109691.20933176203	111382.0	8071.902815366099	67240.0	121237.5	147224.0	4.166336998063907	True	100.0	165003.93452926542	166098.0	8868.13846942363	84530.0	176579.0	194422.0	3.5913977457872317	7387.035179608049	1102.6447615598286	66.812168731655	2.0	475.0	271.0	0.5717299578059072	8.047147317404395	0.6211493843010519	74.8593160490594	19.010070609628468	1.0	device_hr							0.030007292435947797	0.030007	4.075370607886643e-06	0.030004	0.030009	0.030339	-3.845391295141371e-10	0.03000729497833019	0.030007263713605747	9.048327763687869e-07	-3.808963888155867e-10	-2.5423823937838634e-09	3.9549950313728e-06	0.0	0.0			0.0	-3.845391295141371e-10	0.0	0.0	0.0	True	100.0	38.14353581249182	38.157	0.15233522877798436	37.688	38.367	38.554	7.19760837578256e-05	True	100.0	1.6280389332634984e-06	0.0	1.2655172166277635e-05	0.0	0.0	0.0001	-2.4950400605845797e-09	True	100.0	36.02135602985465	36.065	0.4419556134946588	34.76	36.633	36.788	0.00015239824116432282	38.14353581249182	0.15233522877798436	7.19760837578256e-05	7.19760837578256e-05	True	100.0	0.9826308606056111	0.040138863755920975	1.0085578813335405	1.915335479752829	0.014735859277285051	0.05245913620054754	0.188664614426665	0.8293612883507482	0.0006110601894286587	True	100.0	6.923857858552458	21.443109123228588	23.865023006366116	404.93385817809803	6.025666233748483	21.983193843025298	42.34027982066308	153.58450868663397		True	100.0	51.00496534731899	5.167014659706465	55.89275444992848	58.52349955359813	3.6948454349167403	11.596616935687756	7.85119708529648	36.23251999770713		0.9826308606056111	0.0006110601894286587	False	hrv_unreliable;channel_map_unconfirmed	Beat-detection quality is insufficient for HRV computation. EmotiBit value_* channel mapping has not been explicitly confirmed for this dataset; verify PPG/EDA/temperature/IMU column indices before interpreting features.	1239.8491720034863	0.4882302369375135	15476.358259518689	0.3899748411376826	27872.388430406107	0.4782211416266711	-8.585189816696456	-0.23667670470962748			-7.15493606617823e-06	-1.3992353540233753	0.0				2.527145363822619	1.2391215079879379	-0.13154861378616176	-0.24281873600523216	2.850476790310921	1.0143736248564048	-0.027220168124008515	-0.49890021023657266	-0.006591489889808821		-1.9140251053269024	-0.05692063573389095	13.640394251206267	1.063476072798446
ses-20260320_grp-16_run01	T3	T3	P4	C:\Users\amodica\Downloads\affectai_physio\bids_release_no_video\sub-01\ses-20260320_grp-16_run01\physio\sub-01_ses-20260320_grp-16_run01_task-T3_run-01_acq-P4_emotibit.tsv.gz	True	24.496294935874435	963.0407920000143	100.0	True	True	True	True	100.0	100.0	100.0	True	100.0	10663.579000218293	10728.0	1568.5371300019258	6054.0	13229.0	17811.0	-0.38789742762413437	True	100.0	156032.35114603798	156425.0	7326.375264945137	131324.0	165624.0	195648.0	-0.7019234306379747	True	100.0	182432.83274394236	183720.0	6540.45077822412	150549.0	191284.0	204525.0	-1.8698356455700862	10663.579000218293	1568.5371300019258	66.80807709783936	0.0	855.0	601.0	0.7037470725995316	4.899978153682042	0.7231976984318189	71.7080552515214	18.279027447583275	0.9972058502510369	device_hr	163.95202360676	128.74679968867343	66.33333333333333	163.95202360676	128.74679968867343	66.33333333333333	0.035567256799825364	0.030313	0.007884713347245956	0.030146	0.05391	0.057932	-3.255385004942108e-06	0.03555753601516124	0.031888865475756666	0.007371848067296579	-3.2604967429757915e-06	9.720784664127417e-06	0.0024418008112228064	138.0	0.1432961107632894	0.007063825070107238	0.019979363944110318	8.597766645797364	-3.255385004942108e-06	138.0	0.1432961107632894	0.1432961107632894	True	100.0	36.61221938441388	36.564	0.2693031609041518	35.967	37.062	37.283	-0.0002175240121191172	True	100.0	23.703589076620823	23.5454	11.012723849936307	3.9101	41.75801999999993	53.1527	-0.0015525645106489675	True	100.0	33.945345121152585	33.93	0.18064840753048478	33.495	34.238	35.046	-4.8750502690854714e-05	36.61221938441388	0.2693031609041518	-0.0002175240121191172	-0.0002175240121191172	True	100.0	1.0464368675370415	0.10246167121861964	1.1440406457891226	3.451548348205483	0.044530088240012144	0.17614671782146737	0.5423557958324298	2.617409480494433	0.006374154114822091	True	100.0	27.655331175672828	53.062622784085804	122.71127308442368	731.6478798937368	24.641084111700952	114.28638329285964	165.50175089488678	835.7222982277457		True	100.0	55.28951678570155	15.654472934711437	70.48971550481161	76.96752561957543	11.065582231442873	36.751811770458886	10.38056288943194	44.447757806830836		1.0464368675370415	0.006374154114822091	False	channel_map_unconfirmed	EmotiBit value_* channel mapping has not been explicitly confirmed for this dataset; verify PPG/EDA/temperature/IMU column indices before interpreting features.	-2008.1432574832543	-0.5347120728267977	3323.5127188871847	0.1658043550581766	1234.7163312062912	0.05086585724163581	-8.671515774974026	-0.18925821682313201			0.003292157823405903	0.7876296686218289	0.11098910333365516		0.00039795744977239207		2.319390749556959	0.9581136368002848	11.913466740936363	0.4905521278673106	1.4255424571620736	0.5338255631787745	0.0007543828462321933	0.01071767208384122	0.025279651912956815		16.028377931559632	0.4212911845283585	-18.589467858186154	-0.6839214814734028
ses-20260320_grp-16_run01	T4	T4	P1	C:\Users\amodica\Downloads\affectai_physio\bids_release_no_video\sub-01\ses-20260320_grp-16_run01\physio\sub-01_ses-20260320_grp-16_run01_task-T4_run-01_acq-P1_emotibit.tsv.gz	True	24.440914078481722	369.77575299999444	100.0	True	True	True	True	100.0	100.0	100.0	True	100.0	9026.435532061594	9038.0	833.8451567881993	6584.0	9833.849999999997	18086.0	0.13130154087912516	True	100.0	127832.15076993794	127532.0	4911.387796380849	107819.0	131311.65	176993.0	0.42519141013624984	True	100.0	179664.4326591588	180153.0	3779.861696386578	157227.0	183701.0	212816.0	-2.846185108904679	9026.435532061594	833.8451567881993	56.40210941188089	2.0	87.0	42.0	0.4883720930232558	2.1917377195731973	0.6200159188517651	54.210371692307696	14.040860188760032	0.9336934038152149	device_hr							0.1130776749023213	0.112093	0.02216497113005555	0.030049	0.15205114999999997	0.158577	2.9612728044174766e-05	0.11307383954920285	0.11196479083014202	0.01987041616079518	2.9546723427674253e-05	3.835353118480752e-06	0.008090708672825367	24.0	0.06490420154725603	0.03292738224156494	0.10611211360927203	3.8942520928353614	2.9612728044174766e-05	24.0	0.06490420154725603	0.06490420154725603	True	100.0	35.088994598942776	35.092	0.09072041955262833	34.758	35.234	35.351	-5.588922266575776e-05	True	99.8850838887612	68.26036617579383	78.4647	24.23641028421593	5.2324	94.5248	98.8478	0.0007193514937569772	True	100.0	32.14416800735463	32.232	0.2815256165285982	31.025	32.398	32.487	4.3906656408247245e-05	35.088994598942776	0.09072041955262833	-5.588922266575776e-05	-5.588922266575776e-05	True	100.0	0.9554968196113512	0.048332710245554696	1.0159007082380371	1.7635586182489087	0.027134170301506236	0.09340978007633932	0.2650451362014352	1.248900686725874	0.0004596644449551827	True	100.0	10.621169799865001	27.587021068456014	54.26180036637193	388.66252615990646	9.841442331256962	52.67875456791883	61.71012008181607	252.16673471566438		True	100.0	57.52861638251879	6.401464846485526	67.49074010558782	85.3580693314932	4.876835134725966	11.945479751025182	8.634356670882417	38.577438698560286		0.9554968196113512	0.0004596644449551827	False	hrv_unreliable;channel_map_unconfirmed	Beat-detection quality is insufficient for HRV computation. EmotiBit value_* channel mapping has not been explicitly confirmed for this dataset; verify PPG/EDA/temperature/IMU column indices before interpreting features.	420.9925445349745	0.12563593542317	16504.55828438881	0.35034090130457446	27391.058366490703	0.4151626484327759	-14.020161366394667	-0.46938889666520506			0.06914571252028287	4.936422435001529	-0.07533769798994593		0.02167819321082915		0.8927824602144483	0.9275584607676136	38.84647938844975	1.6159050353871407	1.483876799566378	0.7801417383149772	-0.05414280612727651	-0.9853984371303376	0.007662036208283606		0.7916433719600349	0.024570802482401333	-21.145182717573576	-3.134451140801411
ses-20260320_grp-16_run01	T4	T4	P2	C:\Users\amodica\Downloads\affectai_physio\bids_release_no_video\sub-01\ses-20260320_grp-16_run01\physio\sub-01_ses-20260320_grp-16_run01_task-T4_run-01_acq-P2_emotibit.tsv.gz	True	24.443303763426126	369.7766600000032	100.0	True	True	True	True	100.0	100.0	100.0	True	100.0	8528.148552389706	7934.0	1684.2366966479742	6981.0	13430.0	16487.0	0.9110867093843552	True	100.0	120764.48299632352	116385.0	11630.715373502831	104165.0	152145.35	172676.0	8.446974182656648	True	100.0	180106.49919577205	178720.5	8126.345251911354	134327.0	195903.15	216457.0	8.234138518681377	8528.148552389706	1684.2366966479742	65.18214336913634	2.0	120.0	58.0	0.48739495798319327	1.4740729033051778	0.6469937470132526	63.70807046583116	23.21124378120775	0.9717371323529411	device_hr							0.03398194588694853	0.03011	0.012366998090396344	0.030106	0.06349865	0.124113	1.1396871351327587e-05	0.033986097035139246	0.030111744591198926	0.009901988414665367	1.1483052550160028e-05	-4.151148190714187e-06	0.006612794306442472	32.0	0.08653872313087507	0.024351248818968642	0.0718275040153896	5.192323387852504	1.1396871351327587e-05	32.0	0.08653872313087507	0.08653872313087507	True	100.0	34.848820657169114	34.866	0.15682063925354867	34.196	35.042	35.366	-0.0001712288872859322	True	100.0	9.224331387867649	5.2258	9.191228999060046	0.5682	29.1904	38.1083	0.012979598198723229	True	100.0	31.83758743106618	31.9545	0.45084485533078356	31.045	32.43285	32.643	-0.00045798136843994077	34.848820657169114	0.15682063925354867	-0.0001712288872859322	-0.0001712288872859322	True	100.0	0.9970801082302105	0.07543595312839219	1.0500961124350718	2.47495333289337	0.024077622436805623	0.1247418110420712	0.31888504222899344	1.25198332669479	0.0028722426470588237	True	100.0	13.092228025502902	39.442221062184636	72.71621598378178	530.913118220863	12.28776737610734	71.6468175547573	76.82798752852352	314.7205379855829		True	100.0	15.881802276346654	7.836776799771829	35.945038823080466	57.175169435691224	4.064857118310549	22.60337475895413	9.871577651478972	41.54423253366269		0.9970801082302105	0.0028722426470588237	False	hrv_unreliable;channel_map_unconfirmed	Beat-detection quality is insufficient for HRV computation. EmotiBit value_* channel mapping has not been explicitly confirmed for this dataset; verify PPG/EDA/temperature/IMU column indices before interpreting features.	373.87819497525743	0.10098558472071109	11900.321840429984	0.23020381856958205	30612.43516535379	0.419575251983967	-1.066334660011627	-0.05609087260545635			-0.023330807513847827	-0.5777448058672298	0.03587542346193119		-0.001798997992098681		1.4351419043174047	0.9557089259676644	-5.433194023539196	-0.45211984949159795	1.0659169823969776	0.4281242529698929	0.007846154337465383	0.1998225493637688	0.008539838123689103		6.248523228394556	0.22829943194689142	-8.349313664879524	-0.9749516246323122
ses-20260320_grp-16_run01	T4	T4	P3	C:\Users\amodica\Downloads\affectai_physio\bids_release_no_video\sub-01\ses-20260320_grp-16_run01\physio\sub-01_ses-20260320_grp-16_run01_task-T4_run-01_acq-P3_emotibit.tsv.gz	True	24.437330461795224	369.793433999992	100.0	True	True	True	True	100.0	100.0	100.0	True	100.0	6584.913553281986	5816.0	1469.4504192582492	5334.0	10034.0	11833.0	-0.7615219975770061	True	100.0	103623.38809058513	96917.0	12000.502273811315	87825.0	128376.0	136706.0	-7.593927059795144	True	100.0	166097.72916427176	164619.0	10616.496787200436	137448.0	182608.0	189731.0	-8.860535210205418	6584.913553281986	1469.4504192582492	73.31199138538567	0.0	160.0	81.0	0.5094339622641509	11.2278430783458	0.5512250331464472	84.53983446373147	19.9421973927248	1.0	device_hr							0.030005426370847216	0.030005	7.265188891191336e-07	0.030004	0.030006	0.030007	4.334668384599628e-10	0.030005422810152744	0.030005458428135914	5.93086984600533e-07	4.1837218839667257e-10	3.560694480338743e-09	3.9414324262576795e-07	0.0	0.0			0.0	4.334668384599628e-10	0.0	0.0	0.0	True	100.0	38.09058811357627	38.082	0.10185217430705774	37.822	38.262	38.566	-9.294621308396547e-05	True	100.0	0.3510658811357627	0.007	0.8217471062847622	0.0	2.3706	4.5482	-0.001202692814826182	True	100.0	34.63376192665824	34.631	0.32259520052823487	33.783	35.145	35.661	0.0006362399482545446	38.09058811357627	0.10185217430705774	-9.294621308396547e-05	-9.294621308396547e-05	True	100.0	1.0180906202366207	0.03466196057122723	1.0436173147746983	1.6480973878991496	0.019400035115723732	0.05077759050230035	0.1511782144131231	0.690500318390605	0.00022991148407862974	True	100.0	5.2805814277709855	15.143146325259668	17.75090920704021	323.3072751686853	4.469166279290376	15.84356812584891	33.82587453720605	139.70519938115424		True	100.0	33.3763735497742	9.265569217727124	50.049975024968795	53.39475629684998	7.055075944875575	19.916936678330067	7.407573696837079	33.41886325654083		1.0180906202366207	0.00022991148407862974	False	hrv_unreliable;channel_map_unconfirmed	Beat-detection quality is insufficient for HRV computation. EmotiBit value_* channel mapping has not been explicitly confirmed for this dataset; verify PPG/EDA/temperature/IMU column indices before interpreting features.	437.72754567742413	0.17236921084104584	9408.537018341784	0.23707726763233708	28966.18306541245	0.4969879480797283	1.0953285979756089	0.030196043264986008			-9.027104243625877e-06	-1.7653607642762026	0.0				2.4741976649070665	1.2131599493597909	0.21951563931066767	0.40519248767944016	1.462882687114508	0.5205829491795866	0.008239591507001043	0.15101794802951943	-0.0019273140513701402		-3.5573015361083753	-0.10578955540807951	-3.988197546338526	-0.3109406213643287
ses-20260320_grp-16_run01	T4	T4	P4	C:\Users\amodica\Downloads\affectai_physio\bids_release_no_video\sub-01\ses-20260320_grp-16_run01\physio\sub-01_ses-20260320_grp-16_run01_task-T4_run-01_acq-P4_emotibit.tsv.gz	True	24.43792766405671	369.7935390000057	100.0	True	True	True	True	100.0	100.0	100.0	True	100.0	9318.62228354605	8881.0	1498.911654848299	6673.0	11925.399999999998	17864.0	0.15924868692993943	True	100.0	145740.9772335288	142088.0	7243.640411039806	138176.0	155986.0	191934.0	10.985330067472809	True	100.0	173530.7554329079	170212.0	6198.285780842669	162153.0	185309.0	194737.0	7.698514807646625	9318.62228354605	1498.911654848299	66.64889362924558	0.0	315.0	238.0	0.7579617834394905	4.726703703167885	0.7666103575057284	71.37559733241346	19.947519738522313	1.0	device_hr	133.96097825758346	110.4029961204137	63.71308016877637	133.96097825758346	110.4029961204137	63.71308016877637	0.04363632700931355	0.047816	0.010583142226690654	0.030152	0.055068	0.074508	-1.3263805065640498e-05	0.0436019677645466	0.04727521521766594	0.010081403195725334	-1.3395468993806921e-05	3.4359244766960505e-05	0.0025776438620039185	22.0	0.05949265652258911	0.008534534020667338	0.022138280398785792	3.5695593913553467	-1.3263805065640498e-05	22.0	0.05949265652258911	0.05949265652258911	True	100.0	35.71805369667702	35.716	0.11611937726410983	35.394	35.904	36.081	2.992852341569709e-05	True	100.0	43.93248778889273	47.9201	25.729614648323132	5.9533	80.6877	90.8844	-0.048485662042805584	True	100.0	33.36294227894677	33.337	0.20638252015940287	33.021	33.823	34.352	-1.683733875749042e-05	35.71805369667702	0.11611937726410983	2.992852341569709e-05	2.992852341569709e-05	True	100.0	1.0417582301560988	0.05103387893021404	1.084262422110072	2.096405018120306	0.02017808192364081	0.0892924633306742	0.26037113356540525	1.187781901755444	0.0008048752443371277	True	100.0	13.073818798373447	33.130575939520405	64.81076611149375	661.1117567983495	12.175612177689835	62.68905713050696	77.1403617271093	366.28516728170047		True	100.0	70.37572398248395	5.778740589787623	75.35250493513803	78.67019766086774	2.8765102028839302	5.599786069812012	7.61333704129427	34.2320881777944		1.0417582301560988	0.0008048752443371277	False	channel_map_unconfirmed	EmotiBit value_* channel mapping has not been explicitly confirmed for this dataset; verify PPG/EDA/temperature/IMU column indices before interpreting features.	-3353.099974155497	-0.8928362211684087	-6967.861193621997	-0.3476146562574981	-7667.360979828169	-0.31586760388841717	-9.003973694081964	-0.19651420234767958			0.01133658957279126	2.7122133164569027	0.027185649092954872		0.0018686664003324917		1.4252250618200932	0.5887440775126822	32.14236545320827	1.323502731038033	0.8431396149562573	0.31573207625705063	-0.0039242545347104585	-0.05575269040994099	0.0009276455965854802		1.4468655542602509	0.03802953148536528	-3.5032606614037576	-0.12888777881178862
