group_id	task_id	window_index	window_start_s	audio_energy_mean	audio_pitch_mean	audio_pitch_sd	audio_hnr_mean	gemap_F0semitoneFrom27.5Hz_sma3nz_amean	gemap_F0semitoneFrom27.5Hz_sma3nz_stddevNorm	gemap_F0semitoneFrom27.5Hz_sma3nz_percentile20.0	gemap_F0semitoneFrom27.5Hz_sma3nz_percentile50.0	gemap_F0semitoneFrom27.5Hz_sma3nz_percentile80.0	gemap_F0semitoneFrom27.5Hz_sma3nz_pctlrange0-2	gemap_F0semitoneFrom27.5Hz_sma3nz_meanRisingSlope	gemap_F0semitoneFrom27.5Hz_sma3nz_stddevRisingSlope	gemap_F0semitoneFrom27.5Hz_sma3nz_meanFallingSlope	gemap_F0semitoneFrom27.5Hz_sma3nz_stddevFallingSlope	gemap_loudness_sma3_amean	gemap_loudness_sma3_stddevNorm	gemap_loudness_sma3_percentile20.0	gemap_loudness_sma3_percentile50.0	gemap_loudness_sma3_percentile80.0	gemap_loudness_sma3_pctlrange0-2	gemap_loudness_sma3_meanRisingSlope	gemap_loudness_sma3_stddevRisingSlope	gemap_loudness_sma3_meanFallingSlope	gemap_loudness_sma3_stddevFallingSlope	gemap_jitterLocal_sma3nz_amean	gemap_jitterLocal_sma3nz_stddevNorm	gemap_shimmerLocaldB_sma3nz_amean	gemap_shimmerLocaldB_sma3nz_stddevNorm	gemap_HNRdBACF_sma3nz_amean	gemap_HNRdBACF_sma3nz_stddevNorm	gemap_logRelF0-H1-H2_sma3nz_amean	gemap_logRelF0-H1-H2_sma3nz_stddevNorm	gemap_logRelF0-H1-A3_sma3nz_amean	gemap_logRelF0-H1-A3_sma3nz_stddevNorm	gemap_F1frequency_sma3nz_amean	gemap_F1frequency_sma3nz_stddevNorm	gemap_F1bandwidth_sma3nz_amean	gemap_F1bandwidth_sma3nz_stddevNorm	gemap_F1amplitudeLogRelF0_sma3nz_amean	gemap_F1amplitudeLogRelF0_sma3nz_stddevNorm	gemap_F2frequency_sma3nz_amean	gemap_F2frequency_sma3nz_stddevNorm	gemap_F2amplitudeLogRelF0_sma3nz_amean	gemap_F2amplitudeLogRelF0_sma3nz_stddevNorm	gemap_F3frequency_sma3nz_amean	gemap_F3frequency_sma3nz_stddevNorm	gemap_F3amplitudeLogRelF0_sma3nz_amean	gemap_F3amplitudeLogRelF0_sma3nz_stddevNorm	gemap_alphaRatioV_sma3nz_amean	gemap_alphaRatioV_sma3nz_stddevNorm	gemap_hammarbergIndexV_sma3nz_amean	gemap_hammarbergIndexV_sma3nz_stddevNorm	gemap_slopeV0-500_sma3nz_amean	gemap_slopeV0-500_sma3nz_stddevNorm	gemap_slopeV500-1500_sma3nz_amean	gemap_slopeV500-1500_sma3nz_stddevNorm	gemap_alphaRatioUV_sma3nz_amean	gemap_hammarbergIndexUV_sma3nz_amean	gemap_slopeUV0-500_sma3nz_amean	gemap_slopeUV500-1500_sma3nz_amean	gemap_loudnessPeaksPerSec	gemap_VoicedSegmentsPerSec	gemap_MeanVoicedSegmentLengthSec	gemap_StddevVoicedSegmentLengthSec	gemap_MeanUnvoicedSegmentLength	gemap_StddevUnvoicedSegmentLength
grp-07	T1	0	0.0	0.10941625200212002	23.9360032081604	0.2079961597919464	1.817083050031215	23.9360032081604	0.2079961597919464	20.347174167633057	24.05012035369873	27.83668804168701	7.489513874053955	255.55426025390625	268.87207412719727	122.05649375915527	129.0147476196289	0.10941625200212002	0.8331294357776642	0.04304097406566143	0.073030318133533	0.1602167896926403	0.11717581748962402	1.689589112997055	1.1285864412784576	1.2918455004692078	0.8820432722568512	0.050677549093961716	1.8835450112819672	1.4453798532485962	0.659401997923851	1.817083050031215	119.04687720537186	2.461131915450096	28.39594876766205	20.814924240112305	0.8185405656695366	482.76326751708984	0.4267907440662384	1158.5489196777344	0.2045717090368271	-144.26475143432617	-0.5958960205316544	1527.1815795898438	0.16783662512898445	-147.35480117797852	-0.541237972676754	2557.0857543945312	0.10434508323669434	-148.78849029541016	-0.5209207981824875	-16.453869581222534	-0.4105078727006912	25.541074752807617	0.2746807709336281	0.008094249293208122	7.038936734199524	-0.010376306949183345	-1.1120857000350952	-20.171324729919434	30.782852172851562	-0.06169234588742256	0.0013703287768294103	1.775591880083084	1.8620575368404388	0.15420410968363285	0.11782853305339813	0.3888433650135994	0.7623448818922043
grp-07	T1	1	30.0	0.11055110022425652	23.453197479248047	0.18897945806384087	1.1651669442653656	23.453197479248047	0.18897945806384087	21.34034299850464	23.456221103668213	25.632736206054688	4.292393207550049	228.07544708251953	234.40598106384277	136.3625602722168	165.63265228271484	0.11055110022425652	0.6842678189277649	0.04153010807931423	0.09234888851642609	0.16528337821364403	0.1237532701343298	1.325353980064392	0.7565636187791824	1.0051050186157227	0.5464601144194603	0.060705733485519886	1.9142178893089294	1.4940804839134216	0.6007171422243118	1.1651669442653656	3.9293379485607147	4.268894135951996	3.4506181478500366	21.916542530059814	0.49911028891801834	446.55377197265625	0.3915254771709442	1149.5627746582031	0.20518729835748672	-131.23696327209473	-0.6820360720157623	1451.7413940429688	0.15623291954398155	-135.13698959350586	-0.6167680323123932	2537.9750366210938	0.08582495711743832	-137.25586891174316	-0.5866503864526749	-16.251904726028442	-0.36635519564151764	24.837600708007812	0.297225721180439	0.0011191045632585883	-4.260907828807831	-0.010779345175251365	-1.023404523730278	-20.438233375549316	30.931193828582764	-0.057142239063978195	-0.0005657333408635168	2.8592864871025085	2.273292660713196	0.14734419621527195	0.14043585024774075	0.25469696149230003	0.3695047125220299
grp-07	T1	2	60.0	0.06533258967101574	23.59800148010254	0.19537239894270897	0.9651686176657677	23.59800148010254	0.19537239894270897	19.966529846191406	23.513668060302734	27.542893886566162	7.576364040374756	216.56807708740234	150.58425045013428	56.203251123428345	66.86031436920166	0.06533258967101574	0.7299562394618988	0.03705626633018255	0.04361097980290651	0.08626221492886543	0.04920594859868288	1.1905303299427032	0.8668396472930908	0.854926198720932	0.5788915902376175	0.05428092181682587	1.2931504845619202	1.5823305249214172	0.6341442614793777	0.9651686176657677	0.7210491895675659	3.625026762485504	5.823848903179169	23.51970100402832	0.6949377208948135	465.3662414550781	0.39203640073537827	1152.4873046875	0.1789555735886097	-177.22460174560547	-0.34066907316446304	1465.8425598144531	0.1622631661593914	-178.7854995727539	-0.31280163675546646	2538.3060302734375	0.09657264314591885	-179.54450607299805	-0.3003722168505192	-18.10438823699951	-0.3372349664568901	27.467072010040283	0.2489016018807888	-0.005374880915042013	-1.0705470442771912	-0.009661043994128704	-1.0466390550136566	-23.33456039428711	34.66514825820923	-0.07103276625275612	0.0004971285488863941	1.233744591474533	0.8435040563344955	0.13768583349883556	0.1332654282450676	0.970404788851738	2.307411774992943
grp-07	T1	3	90.0	0.040098806377500296	13.577584743499756	0.04826504737138748	-2.171262040734291	13.577584743499756	0.04826504737138748	12.890767335891724	13.413585424423218	14.282986402511597	1.392219066619873	51.55510058393702	38.37686729431152	50.10129356384277	57.35728979110718	0.040098806377500296	0.15692122280597687	0.03591611888259649	0.03819374134764075	0.042761278338730335	0.0068451594561338425	0.10224765539169312	0.09397698007524014	0.08688812702894211	0.08357612881809473	0.02466880064457655	0.24994607269763947	1.7820563912391663	0.4220849424600601	-2.171262040734291	-0.7547564655542374	6.513635993003845	-0.8381034210324287	17.453137397766113	1.4275466799736023	937.5093994140625	0.21075844205915928	1350.5604553222656	0.09702972508966923	-199.18213272094727	-0.05460397433489561	2009.767333984375	0.10264673084020615	-199.2331657409668	-0.05271447263658047	3055.3702392578125	0.07157943770289421	-199.26696014404297	-0.05185256199911237	-28.66669988632202	-0.121878482401371	40.68169021606445	0.08864897023886442	-0.08876814134418964	-0.22802970185875893	-0.0011432176688686013	-0.24171166121959686	-26.218799114227295	38.35060405731201	-0.07982620224356651	0.00011309227556921542	2.509169787168503	0.1670508924871683	0.014722221530973911	0.005196745973080397	8.400253593921661	7.0546049773693085
grp-07	T1	4	120.0	0.04578197794035077	10.576397180557251	0.06234781537204981	-3.4400112628936768	10.576397180557251	0.06234781537204981	9.830818891525269	10.414037942886353	11.523080825805664	1.6922619342803955	38.79901695251465	28.66597843170166	30.596216201782227	35.849082946777344	0.04578197794035077	0.3822729103267193	0.03650471055880189	0.040687177795916796	0.05052251648157835	0.01401780592277646	0.15537203289568424	0.1943639125674963	0.2030235081911087	0.2801806814968586	0.02534216712228954	0.3056064620614052	2.029841661453247	0.4295658618211746	-3.4400112628936768	-1.2806139886379242	-1.420480439439416	19.269694089889526	7.888820111751556	-4.161182783544064	591.6966552734375	0.2888632118701935	958.6205139160156	0.09940708242356777	-199.84338760375977	-0.045171222649514675	1401.6595458984375	0.13015438802540302	-199.88574981689453	-0.0435578403994441	2194.4024658203125	0.09238069877028465	-199.90344619750977	-0.0427538501098752	-16.745439052581787	-0.16269177198410034	24.763834953308105	0.12238789349794388	-0.04394964687526226	-0.4700719267129898	-0.0011092548993474338	-11.362233936786652	-24.13226842880249	35.81193256378174	-0.07507876865565777	0.0008378851398447296	0.8169389814138412	0.10855043865740299	0.01749999960884452	0.00801511318422854	11.730892360210419	4.586583971977234
grp-07	T1	5	150.0	0.17776154913008213	26.128146648406982	0.2821786478161812	2.307966262102127	26.128146648406982	0.2821786478161812	19.80223035812378	26.676518440246582	32.249223709106445	12.446993350982666	242.61046600341797	285.27198791503906	184.93244552612305	270.3085746765137	0.17776154913008213	1.215597540140152	0.045590232126414776	0.08033270016312599	0.19431069865822792	0.14872046560049057	6.046314299106598	5.129514902830124	5.482660472393036	5.067428261041641	0.06743947602808475	1.6521191000938416	1.31792414188385	0.6834701597690582	2.307966262102127	2.161598861217499	3.3329399824142456	10.465482473373413	19.00770115852356	0.8566655665636063	514.1717300415039	0.4321358799934387	1195.5391235351562	0.2039414644241333	-137.22792434692383	-0.6370791494846344	1526.0757446289062	0.17140286043286324	-138.8289737701416	-0.5973646193742752	2561.0947265625	0.10744759999215603	-140.73308181762695	-0.5699805244803429	-15.492419242858887	-0.47228316962718964	25.075304985046387	0.33307237923145294	0.0018272523302584887	-0.7630977034568787	-0.010494867572560906	-1.0906670689582825	-19.64020824432373	30.124882698059082	-0.05918333400040865	0.00034733230859274045	1.3754584938287735	1.8376212418079376	0.17479156702756882	0.19948892295360565	0.34373580664396286	0.6813556849956512
grp-07	T1	6	180.0	0.2472713105380535	27.39089870452881	0.22998449578881264	3.519964814186096	27.39089870452881	0.22998449578881264	22.598881721496582	26.95285129547119	32.790852546691895	10.191970825195312	298.203125	397.75865936279297	218.6170883178711	437.88671112060547	0.2472713105380535	0.9803627133369446	0.08702405542135239	0.15746110677719116	0.31651023775339127	0.22948618233203888	6.303554654121399	4.874092489480972	4.981365501880646	4.393534034490585	0.040865667164325714	1.8970049619674683	1.264299899339676	0.6895967572927475	3.519964814186096	1.27418053150177	1.1620023846626282	-0.3807746171951294	17.74854850769043	0.8200104087591171	494.82738494873047	0.43777623027563095	1129.6632385253906	0.20302711054682732	-99.0959358215332	-0.9478418976068497	1540.0592651367188	0.1710371971130371	-103.13671875	-0.8425304144620895	2584.4925537109375	0.10968385636806488	-104.82027816772461	-0.8127310872077942	-14.454457521438599	-0.4689076468348503	22.68149185180664	0.3716355264186859	0.009234892582753673	8.77692985534668	-0.012887908145785332	-0.9588821828365326	-14.546237230300903	23.84694480895996	-0.04117214772850275	-0.0008984957094071433	2.12570858001709	2.8724116683006287	0.1758139207959175	0.16628732904791832	0.157142985612154	0.149395402520895
grp-07	T1	7	210.0	0.2307408433407545	22.17179250717163	0.17995783686637878	1.0743181854486465	22.17179250717163	0.17995783686637878	20.21499490737915	22.05008316040039	23.329248428344727	3.114253520965576	200.77791023254395	311.55132389068604	138.42883491516113	193.85456657409668	0.2307408433407545	0.6579943597316742	0.08093402534723282	0.1880385335534811	0.3673114813864231	0.2863774523139	4.035146415233612	2.4072785675525665	3.07614928483963	1.94124935567379	0.04193104803562164	1.8582004010677338	1.489116907119751	0.6975275576114655	1.0743181854486465	0.6649637818336487	4.6658563911914825	5.731399580836296	17.734992742538452	0.6996853053569794	464.6986083984375	0.4412713348865509	1143.3754272460938	0.19589797779917717	-108.14155960083008	-0.8697719424962997	1499.0510559082031	0.1612844355404377	-113.70221138000488	-0.7620782256126404	2479.2175903320312	0.10482075624167919	-114.29684448242188	-0.7512958198785782	-14.619217157363892	-0.43519696593284607	21.45523977279663	0.3434881791472435	0.005656997911501094	-82.35051515698433	-0.00981310079805553	-0.9822469800710678	-14.990742683410645	24.184679985046387	-0.04251796752214432	0.0005911317857680842	3.6595532298088074	3.0652101039886475	0.1462922114878893	0.10634640231728554	0.16346679627895355	0.1927526891231537
grp-07	T1	8	240.0	0.1942640207707882	24.741793155670166	0.2543456368148327	2.0078047066926956	24.741793155670166	0.2543456368148327	19.3800106048584	23.538551807403564	30.670101642608643	11.290091037750244	325.96978759765625	426.8679389953613	106.59572982788086	171.33909034729004	0.1942640207707882	0.8519929349422455	0.06431128550320864	0.13364905677735806	0.3000721037387848	0.23576081544160843	4.245558947324753	3.0358773171901703	2.8893509209156036	2.448736548423767	0.04486184660345316	1.5930065214633942	1.395760327577591	0.7685144245624542	2.0078047066926956	3.433688998222351	3.838095396757126	5.774866461753845	18.657769918441772	0.6807150542736053	475.0099105834961	0.3717150390148163	1137.1957092285156	0.19347768276929855	-116.20760536193848	-0.7926769852638245	1542.9306335449219	0.16599300131201744	-121.48601722717285	-0.6966389864683151	2532.1102294921875	0.10404996015131474	-122.35749244689941	-0.6825687438249588	-15.805468082427979	-0.45601799339056015	23.419793128967285	0.35109423846006393	0.004745681246276945	-2.2769371569156647	-0.016945334617048502	-0.7005707770586014	-16.275630235671997	25.640117168426514	-0.0409811781719327	-0.002501385344658047	2.609203040599823	3.0401492714881897	0.13349640928208828	0.10895911045372486	0.181160356849432	0.22163325175642967
grp-07	T2	0	0.0	0.11143731698393822	24.206380367279053	0.22406694665551186	1.8639728873968124	24.206380367279053	0.22406694665551186	20.707523345947266	24.879931449890137	27.957175254821777	7.249651908874512	296.5462455749512	360.6569519042969	221.57049179077148	401.49415588378906	0.11143731698393822	0.9376406371593475	0.04507831763476133	0.07775829918682575	0.15757332742214203	0.11249501071870327	2.7246086597442627	4.082810938358307	1.4979479908943176	1.6757178604602814	0.051339028403162956	2.0202053785324097	1.4039246439933777	0.7018573880195618	1.8639728873968124	-3.3182520270347595	0.37010417878627777	-14.180008888244629	18.2043354511261	1.0336862951517105	469.85052490234375	0.3982514441013336	1140.1398010253906	0.19337554275989532	-148.46918869018555	-0.5682579502463341	1529.4064636230469	0.16152164712548256	-151.84838485717773	-0.510214239358902	2512.432861328125	0.10657315514981747	-152.64453887939453	-0.4993890970945358	-16.951332330703735	-0.3830653354525566	24.391955375671387	0.29472482204437256	0.01146653899922967	3.422443151473999	-0.01455916604027152	-0.8419280797243118	-19.15540838241577	29.64045810699463	-0.05864262394607067	0.0007227641399367712	0.7919306457042694	1.5782791376113892	0.16174835339188576	0.1335493791848421	0.4435064047574997	0.9949136674404144
grp-07	T2	1	30.0	0.08893447555601597	22.520604133605957	0.23148803785443306	1.2185881286859512	22.520604133605957	0.23148803785443306	16.725491523742676	24.060746669769287	26.142035007476807	9.41654348373413	274.16515731811523	276.67615127563477	128.85208892822266	137.0052146911621	0.08893447555601597	0.79669389128685	0.038719236850738525	0.06208240333944559	0.13008682057261467	0.091367581859231	1.0877411663532257	0.698535606265068	0.8100022226572037	0.6130105331540108	0.05600999481976032	1.8681313693523407	1.4343797266483307	0.6284578740596771	1.2185881286859512	5.157597899436951	2.935157097876072	19.979778110980988	21.4342360496521	0.5859999358654022	465.1094741821289	0.40085627883672714	1170.4803161621094	0.19735749438405037	-151.1922378540039	-0.536694698035717	1496.0781555175781	0.1660870648920536	-154.52873611450195	-0.48350517451763153	2523.130126953125	0.1041905339807272	-155.56769180297852	-0.46906205266714096	-17.32609248161316	-0.35440418124198914	25.066739559173584	0.27038049325346947	-0.0017601187573745847	3.2432004809379578	-0.010987490881234407	-1.1919237524271011	-20.794776439666748	31.518454551696777	-0.05957722943276167	0.00044893020458403043	1.5255084931850433	1.6534461975097656	0.14563539251685143	0.13438172452151775	0.4291364699602127	0.7818646281957626
grp-07	T2	2	60.0	0.07665831595659256	22.547516345977783	0.2447763904929161	0.5154953673481941	22.547516345977783	0.2447763904929161	17.601705074310303	22.573455810546875	27.263912677764893	9.66220760345459	256.0972557067871	282.1531677246094	85.92219734191895	70.59089756011963	0.07665831595659256	0.6558996737003326	0.03938855044543743	0.05669995676726103	0.10846678726375103	0.06907823588699102	1.0217382460832596	0.6389072686433792	0.7941458970308304	0.5438068211078644	0.06484723277390003	1.7467730343341827	1.5271982252597809	0.617329016327858	0.5154953673481941	4.807219862937927	3.451196312904358	12.426786720752716	24.312453269958496	0.6256105080246925	477.27013397216797	0.4130134657025337	1176.116455078125	0.189461849629879	-162.91007232666016	-0.4469018876552582	1494.6637573242188	0.16384755820035934	-165.7602310180664	-0.40298015624284744	2568.0702514648438	0.1031979713588953	-166.96039581298828	-0.3858417719602585	-19.86010503768921	-0.31520218402147293	29.038109302520752	0.2549387477338314	-0.010190357628744096	3.5653133392333984	-0.01096236112061888	-1.0736374706029892	-21.88720417022705	32.88572406768799	-0.06650666426867247	0.0008174325193976983	2.0006668865680695	1.411367803812027	0.13158862851560116	0.11047155037522316	0.5580773800611496	1.2124519795179367
grp-07	T2	3	90.0	0.07229163497686386	29.541414260864258	0.22248510643839836	5.077314376831055	29.541414260864258	0.22248510643839836	23.87372922897339	31.946925163269043	35.1155891418457	11.241859912872314	337.30784606933594	294.81831073760986	126.65775680541992	124.22062253952026	0.07229163497686386	1.0755132138729095	0.037931349128484726	0.045401598792523146	0.06913905777037144	0.03120770864188671	5.050294101238251	5.798683255910873	1.9135304242372513	1.7492140382528305	0.031233272049576044	1.7635227739810944	1.20518559217453	0.7282740622758865	5.077314376831055	0.9879632443189621	1.8860683888196945	-2.628347396850586	19.748669624328613	0.782899834215641	541.2825088500977	0.4064306244254112	1199.6399230957031	0.1911751590669155	-187.92593002319336	-0.24626418948173523	1622.251220703125	0.16203545778989792	-187.71111679077148	-0.23817765340209007	2644.650390625	0.1036065649241209	-188.01417922973633	-0.2324235551059246	-17.354268312454224	-0.3562474474310875	26.421020030975342	0.3009703457355499	-0.0030887224711477757	2.916933000087738	-0.011612401576712728	-0.9585051834583282	-22.680589199066162	34.07299518585205	-0.07272385060787201	0.0016608006890237448	0.625208392739296	0.4759519174695015	0.1466438937932253	0.15067610889673233	1.8499706983566284	4.8301960825920105
grp-07	T2	4	120.0	0.19899928383529186	31.119975566864014	0.17991459369659424	5.91296923160553	31.119975566864014	0.17991459369659424	29.44218873977661	32.20750713348389	34.41262912750244	4.97044038772583	366.4854049682617	503.3692321777344	122.19647216796875	192.0990447998047	0.19899928383529186	0.7887160181999207	0.07294254470616579	0.14348133839666843	0.2973257675766945	0.22438321821391582	4.6939170360565186	3.736845165491104	3.5957235395908356	2.5154644548892975	0.04208742547780275	2.3646982312202454	1.174546241760254	0.838197261095047	5.91296923160553	0.7971896976232529	2.1205185502767563	-48.33545118570328	19.9670672416687	0.8271602541208267	482.5041961669922	0.3366698548197746	1159.0003051757812	0.1991715393960476	-113.11463928222656	-0.8150011599063873	1547.0331115722656	0.1535472758114338	-116.15463829040527	-0.7277079969644547	2585.76123046875	0.09203464537858963	-118.09841537475586	-0.6969998180866241	-16.897454738616943	-0.40951529890298843	25.59768295288086	0.33539366722106934	0.004443497891770676	11.128767788410187	-0.017347651533782482	-0.6881982684135437	-15.327240228652954	24.701016426086426	-0.04256001766771078	-0.002671970840310678	2.94264754652977	2.8306614756584167	0.15982087887823582	0.1365726124495268	0.17417194321751595	0.22646309062838554
grp-07	T2	5	150.0	0.16946972347795963	25.30360746383667	0.19632775336503983	3.7670008540153503	25.30360746383667	0.19632775336503983	21.74449348449707	24.40351963043213	29.111560821533203	7.367067337036133	245.21483612060547	295.9379692077637	140.45420837402344	273.1147003173828	0.16946972347795963	0.7649325579404831	0.06214103847742081	0.11844743601977825	0.26673012785613537	0.20458908937871456	3.2926169633865356	2.032187893986702	2.7424801737070084	1.7453618496656418	0.028456395026296377	1.8747347295284271	1.2543101012706757	0.7946149855852127	3.7670008540153503	1.08365997672081	2.5348541475832462	-17.123555213212967	24.242330074310303	0.5013867542147636	454.0419464111328	0.326316237449646	1170.4897155761719	0.17744865268468857	-115.58348655700684	-0.808105856180191	1490.810302734375	0.1533731333911419	-121.80608177185059	-0.6949134767055511	2527.7994995117188	0.0969203319400549	-124.25544357299805	-0.6569693088531494	-18.719648838043213	-0.34296491742134094	27.240585327148438	0.2646099627017975	0.0041780873434618115	5.3068177700042725	-0.015672370325773954	-0.7217761427164078	-17.091798305511475	26.79558563232422	-0.044733500108122826	-0.002287541014084127	2.9926642775535583	2.6983087062835693	0.15224448218941689	0.1474012341350317	0.18982939422130585	0.2641322948038578
grp-07	T2	6	180.0	0.15588483586907387	24.528563976287842	0.23189213871955872	2.8390902876853943	24.528563976287842	0.23189213871955872	20.986130237579346	22.848390579223633	30.507163524627686	9.52103328704834	217.5867576599121	270.3931541442871	214.28596878051758	448.00059509277344	0.15588483586907387	0.6518093943595886	0.05550811067223549	0.11731585301458836	0.24798991903662682	0.19248180836439133	2.819082736968994	1.7032742351293564	2.099837452173233	1.368981085717678	0.03629095712676644	2.112057238817215	1.2936531603336334	0.7600196897983551	2.8390902876853943	2.195580020546913	3.464173138141632	7.571323335170746	24.540764808654785	0.5823399052023888	462.6122055053711	0.35363616049289703	1190.6378173828125	0.17389032244682312	-116.03965377807617	-0.8066558241844177	1495.01513671875	0.1836351901292801	-122.46872138977051	-0.6941277086734772	2532.419189453125	0.11254704929888248	-124.83343505859375	-0.6595375686883926	-19.642117977142334	-0.3289482966065407	28.392212390899658	0.2570689767599106	0.0022818841389380395	-14.85287743806839	-0.014616521308198571	-0.8055317997932434	-18.17031693458557	28.800809860229492	-0.05210372619330883	0.0003876370101352222	3.1093698143959045	2.3302034735679626	0.18128925934433937	0.1408073492348194	0.24496083334088326	0.3240704983472824
grp-07	T2	7	210.0	0.08582581207156181	31.74382781982422	0.1574990339577198	6.561556577682495	31.74382781982422	0.1574990339577198	31.386949062347412	32.84712791442871	34.135212898254395	2.7482638359069824	324.2625687122345	419.75147771835327	171.64013290405273	302.0061836242676	0.08582581207156181	0.5027911886572838	0.04855965077877045	0.07488208822906017	0.11898812092840672	0.07042847014963627	0.8666810840368271	0.609643965959549	0.5494349375367165	0.440338633954525	0.02568242372944951	2.3260210156440735	1.0004447251558304	0.717034786939621	6.561556577682495	0.6677167862653732	5.21971595287323	4.3369148671627045	23.049519538879395	0.5341891273856163	488.33824157714844	0.3059297502040863	1191.1084594726562	0.16325774788856506	-145.99999618530273	-0.5722943097352982	1622.7211303710938	0.1530398577451706	-149.2311248779297	-0.5085998028516769	2658.07763671875	0.08705643005669117	-149.96066665649414	-0.49843180924654007	-20.220338821411133	-0.26615769788622856	28.070419311523438	0.2505544200539589	-0.005309233994921669	-5.12703338265419	-0.017177261179313064	-0.6090490445494652	-20.549787521362305	30.558610439300537	-0.051556735299527645	-0.0042188463266938925	2.217405766248703	2.0040081441402435	0.13424348458647728	0.10998619347810745	0.33442067354917526	0.3895094767212868
grp-07	T2	8	240.0	0.18059265427291393	25.350122451782227	0.19227607920765877	2.9772773385047913	25.350122451782227	0.19227607920765877	21.880730152130127	24.759414196014404	30.049070835113525	8.168340682983398	287.11676025390625	410.82474517822266	124.11754894256592	175.75917720794678	0.18059265427291393	0.889049768447876	0.057052094489336014	0.10466086305677891	0.28578775748610497	0.22873566672205925	5.201213538646698	3.3279844373464584	3.643505722284317	2.5662020593881607	0.040788677521049976	1.94655042886734	1.3538523614406586	0.7823852300643921	2.9772773385047913	1.578162431716919	4.269588232040405	4.0447996854782104	24.30196523666382	0.620736762881279	463.1142883300781	0.32985343039035797	1198.2258605957031	0.17870504409074783	-125.96698188781738	-0.7190224677324295	1464.5282897949219	0.15465816110372543	-130.34978103637695	-0.6424214094877243	2526.0704345703125	0.09571415930986404	-133.19018936157227	-0.6014604046940804	-17.746061325073242	-0.36493171006441116	27.763468265533447	0.2681080177426338	0.0035570686450228095	3.994493544101715	-0.014590809354558587	-0.8309764266014099	-17.946723461151123	28.56295919418335	-0.04645325988531113	-0.001047132418534602	2.7925975024700165	2.555325150489807	0.1399704571813345	0.1096276268362999	0.2252747341990471	0.31607622653245926
grp-07	T2	9	270.0	0.22792966477572918	25.864827156066895	0.22208380326628685	3.6311046481132507	25.864827156066895	0.22208380326628685	21.74720811843872	24.171759128570557	31.753883361816406	10.006675243377686	262.5095634460449	304.9848937988281	102.85645580291748	213.54876899719238	0.22792966477572918	0.9658344388008118	0.0671917824074626	0.15388355031609535	0.3385687433183193	0.27137695997953415	4.610674113035202	4.010490775108337	3.9324753284454346	3.7102919816970825	0.03987501561641693	2.0423948764801025	1.2525965571403503	0.7513964027166367	3.6311046481132507	1.298578068614006	4.84517776966095	3.526692807674408	23.711275100708008	0.5054543167352676	468.6281204223633	0.4117632582783699	1196.330322265625	0.19892391189932823	-103.65517044067383	-0.9097186177968979	1486.2545776367188	0.17822854220867157	-108.7860107421875	-0.7937252819538116	2531.7132568359375	0.1078533586114645	-111.41363143920898	-0.7504595965147018	-17.731079578399658	-0.3771921992301941	26.54066753387451	0.30084817856550217	0.0072468695580028	6.614911437034607	-0.014293315587565303	-0.86932273209095	-16.50273609161377	27.008161544799805	-0.05091435648500919	0.0010517635673750192	2.4174724966287613	2.4223188757896423	0.20303251221776009	0.1785673201084137	0.20148898661136627	0.22270530462265015
grp-07	T2	10	300.0	0.19245482049882412	22.344040393829346	0.1473365556448698	1.9415242373943329	22.344040393829346	0.1473365556448698	21.13870334625244	21.998087882995605	23.30873155593872	2.1700282096862793	187.11276626586914	289.0613136291504	50.65669584274292	51.58746600151062	0.19245482049882412	0.653798907995224	0.06974244862794876	0.1648261621594429	0.2968687042593956	0.22712625190615654	3.3280445337295532	1.785123199224472	2.2999271899461746	1.4853809177875519	0.03621565690264106	1.5937803089618683	1.317764401435852	0.723243847489357	1.9415242373943329	2.386069118976593	5.286220550537109	2.7728176563978195	25.031775951385498	0.47789420187473297	443.5530319213867	0.3580384775996208	1174.9513854980469	0.2064443901181221	-109.71896553039551	-0.8621899634599686	1457.3890991210938	0.1583513468503952	-116.26885414123535	-0.7447213381528854	2476.7975463867188	0.09522670693695545	-118.79853439331055	-0.7044899016618729	-17.894592761993408	-0.37285131961107254	26.694831371307373	0.28470658883452415	0.0014084918075241148	-3.2397202253341675	-0.013954051304608583	-0.7564512342214584	-16.122971296310425	26.77981185913086	-0.0490146204829216	0.0006385957112797769	3.151050388813019	2.421509802341461	0.18582523614168167	0.16956524923443794	0.20801763236522675	0.3432952016592026
grp-07	T2	11	330.0	0.19905112124979496	26.284324169158936	0.22310331463813782	3.9874629378318787	26.284324169158936	0.22310331463813782	21.02518606185913	27.639587879180908	31.620036602020264	10.594850540161133	243.38894271850586	309.28821563720703	115.78496742248535	225.07302856445312	0.19905112124979496	0.7734124660491943	0.07418850250542164	0.14586775936186314	0.3004123456776142	0.22622383758425713	3.807924807071686	2.724654346704483	2.6362912356853485	1.9317324310541153	0.032396662048995495	2.1171916723251343	1.2029021680355072	0.810447633266449	3.9874629378318787	1.2226047813892365	4.634772919118404	-11.937640070915222	24.109968662261963	0.6358996480703354	473.3524856567383	0.3898118659853935	1164.1063842773438	0.19198841229081154	-102.14025497436523	-0.9119668900966644	1539.7473449707031	0.1773572340607643	-109.56590461730957	-0.7649372071027756	2555.86767578125	0.10974034108221531	-111.36715126037598	-0.7356378585100174	-19.04340648651123	-0.39545106142759323	27.257789134979248	0.31679459661245346	0.004085969521838706	40.88917937874794	-0.015860230894759297	-0.7582283318042755	-16.548436880111694	25.84701633453369	-0.046007116325199604	-0.0018508768553147092	2.9176392555236816	2.8989832401275635	0.16729383543133736	0.1360377948731184	0.15678324177861214	0.18112988770008087
grp-07	T2	12	360.0	0.14839419722557068	25.41925859451294	0.2172963060438633	3.3929789662361145	25.41925859451294	0.2172963060438633	20.61817216873169	27.04533338546753	29.33833646774292	8.72016429901123	319.4980812072754	320.81299591064453	270.09358978271484	500.0589828491211	0.14839419722557068	0.947346568107605	0.05651925038546324	0.10726265143603086	0.1967438869178295	0.14022464118897915	3.3766728043556213	2.8130892515182495	3.145585849881172	3.1117475628852844	0.037712300196290016	2.0516982674598694	1.2656154334545135	0.7760814279317856	3.3929789662361145	1.4365567862987518	2.701387941837311	0.47442421317100525	24.69711446762085	0.608708955347538	477.3367919921875	0.3558879792690277	1198.1810913085938	0.1925172656774521	-127.34860038757324	-0.7134449779987335	1533.5366821289062	0.1621251292526722	-132.94770431518555	-0.6142606362700462	2574.9891967773438	0.10080476477742195	-134.76249504089355	-0.5869656503200531	-19.323068141937256	-0.3610019162297249	28.759282112121582	0.2826806753873825	0.0013853690907126293	13.093948721885681	-0.01800348376855254	-0.6684082001447678	-18.323044061660767	28.361071586608887	-0.04761296138167381	-0.003194919816451147	2.1590530276298523	2.4137373864650726	0.1415981501340866	0.12842224910855293	0.2590226083993912	0.36808475106954575
grp-07	T2	13	390.0	0.18506966903805733	28.940312385559082	0.21792858093976974	4.5389509201049805	28.940312385559082	0.21792858093976974	23.484662532806396	30.16096591949463	34.49531936645508	11.010656833648682	341.2935791015625	503.61164474487305	118.00896453857422	158.97410011291504	0.18506966903805733	0.9259869903326035	0.06769473385065794	0.13011719472706318	0.2649557441473007	0.1972610093653202	4.556232780218124	3.2891893088817596	3.839973568916321	3.8910099416971207	0.03932811738923192	2.1479410529136658	1.228230595588684	0.7380779981613159	4.5389509201049805	1.0588943511247635	4.9893863797187805	3.9684357047080994	26.073461055755615	0.5222368240356445	472.0156021118164	0.3214963525533676	1217.5381164550781	0.18894494697451591	-100.17830467224121	-0.9381328374147415	1516.2133483886719	0.16687854751944542	-105.92509460449219	-0.8056458830833435	2622.1968383789062	0.08732549101114273	-109.67132186889648	-0.7448480725288391	-18.522786617279053	-0.3403921574354172	28.554795742034912	0.26369668915867805	0.0093158048694022	7.63423365354538	-0.01747428486123681	-0.7005976885557175	-17.172913551330566	27.367215156555176	-0.04487015586346388	-0.0025091222196351737	2.184061348438263	2.8390114307403564	0.17755504697561264	0.13929474353790283	0.16569063812494278	0.23620525747537613
grp-07	T2	14	420.0	0.1959212739020586	24.25505542755127	0.2098502442240715	2.6940115094184875	24.25505542755127	0.2098502442240715	21.596604824066162	22.86193323135376	27.416141033172607	5.819536209106445	229.45083236694336	269.92122650146484	124.09113311767578	153.51993560791016	0.1959212739020586	0.7966259717941284	0.06389794871211052	0.14620962738990784	0.3036733902990818	0.23977543413639069	3.447058081626892	2.1448259204626083	2.628025084733963	1.936849907040596	0.04242635890841484	1.8018817603588104	1.2647745609283447	0.7213398814201355	2.6940115094184875	1.6346752047538757	5.607763946056366	2.9363165199756622	26.047181129455566	0.47766537964344025	462.945556640625	0.3810322657227516	1184.470947265625	0.17834684997797012	-107.47407913208008	-0.8854243755340576	1517.9853210449219	0.16992554441094398	-114.02427291870117	-0.7590489238500595	2537.0223999023438	0.10663086362183094	-116.58374404907227	-0.7189973890781403	-18.732295513153076	-0.34374406188726425	27.303514003753662	0.272133506834507	0.00888810056494549	5.2025787234306335	-0.01567139197140932	-0.7519528269767761	-17.462317943572998	28.015616416931152	-0.04666753951460123	-0.0010848108904610854	2.5758586525917053	2.196588933467865	0.21037998422980309	0.1843639686703682	0.22812960669398308	0.26687459647655487
grp-07	T2	15	450.0	0.29976164549589157	24.456410884857178	0.18903492391109467	3.135772228240967	24.456410884857178	0.18903492391109467	22.20466423034668	23.8861722946167	26.540001392364502	4.335337162017822	219.9418182373047	280.00109672546387	119.51652908325195	171.08006954193115	0.29976164549589157	1.1713204830884933	0.07755575701594353	0.21640507504343987	0.44315508753061295	0.3655993230640888	9.75649642944336	8.878436625003815	6.857584118843079	6.403503879904747	0.038650818169116974	2.039480060338974	1.3085669577121735	0.763960599899292	3.135772228240967	1.2662756592035294	5.550800204277039	2.619544208049774	24.710266590118408	0.5067565515637398	477.9305114746094	0.40034208446741104	1196.4997253417969	0.1858813278377056	-101.3470230102539	-0.9370706081390381	1496.5613098144531	0.16773027926683426	-107.34516334533691	-0.8172455281019211	2528.1316528320312	0.11066450737416744	-110.37504768371582	-0.7661878913640976	-16.822462558746338	-0.40090659260749817	26.670273303985596	0.29392827674746513	0.011798185762017965	3.5353386402130127	-0.013273525983095169	-0.8811371922492981	-14.85000205039978	25.044750213623047	-0.04647535178810358	0.0012532056134659797	1.9089697003364563	2.3887011408805847	0.2045992724597454	0.17533065378665924	0.20228346064686775	0.2673867791891098
grp-07	T2	16	480.0	0.23804432712495327	23.6508731842041	0.16581619903445244	2.971235454082489	23.6508731842041	0.16581619903445244	21.743087768554688	23.062804698944092	25.727441787719727	3.984354019165039	293.02433013916016	434.0349769592285	105.91769027709961	213.30114555358887	0.23804432712495327	0.7905183583498001	0.0781748853623867	0.20044328831136227	0.3655454032123089	0.2873705178499222	4.7477671802043915	4.987892657518387	3.090106189250946	2.6235049664974213	0.03485895646736026	2.3157968521118164	1.3185486793518066	0.7295897156000137	2.971235454082489	1.2900894582271576	5.649552285671234	2.745847761631012	26.30693817138672	0.42877376824617386	467.2249069213867	0.3899976536631584	1233.1553955078125	0.18179869651794434	-94.48921203613281	-0.998712569475174	1466.4616088867188	0.16685357317328453	-101.73050308227539	-0.8508660346269608	2494.2946166992188	0.10990819148719311	-105.19263076782227	-0.7908197045326233	-17.76529836654663	-0.40591536462306976	27.267329692840576	0.3007511980831623	0.006209601735463366	0.356842577457428	-0.012329760938882828	-0.9852412045001984	-16.54092311859131	26.772043228149414	-0.04707107227295637	0.0014412794553209096	2.9176392406225204	2.69838547706604	0.19179905205965042	0.1573187466710806	0.1613810770213604	0.1780036762356758
grp-07	T2	17	510.0	0.30145517364144325	29.149744510650635	0.18857479095458984	3.8492029905319214	29.149744510650635	0.18857479095458984	28.70150375366211	29.932800769805908	31.338348865509033	2.636845111846924	414.75404357910156	555.7780609130859	178.81067657470703	315.20937728881836	0.30145517364144325	0.6914030760526657	0.09571600053459406	0.2402893230319023	0.4807542711496353	0.38503827154636383	5.349560350179672	3.218972474336624	4.265200644731522	2.5050097554922104	0.04122841218486428	2.255284547805786	1.1270382106304169	0.7399344146251678	3.8492029905319214	1.2034003287553787	2.308674454689026	0.15283143520355225	18.692359447479248	0.8767519146203995	448.8600387573242	0.3200305998325348	1081.9867248535156	0.19976690039038658	-102.51059150695801	-0.9282901436090469	1480.2785034179688	0.16333424299955368	-106.00747871398926	-0.8356665372848511	2553.9493408203125	0.09282517246901989	-108.31880950927734	-0.7935046404600143	-14.612530708312988	-0.49078890681266785	23.022361278533936	0.35916218906641006	0.014801148092374206	3.3880442678928375	-0.018203970976173878	-0.7628897279500961	-15.313897132873535	24.92576837539673	-0.042235068045556545	-0.0033308747224509716	3.442814290523529	2.915381073951721	0.16811060719192028	0.14937290363013744	0.16120435670018196	0.17830029502511024
grp-07	T2	18	540.0	0.23522302508354187	25.672958374023438	0.21953119710087776	3.1803624033927917	25.672958374023438	0.21953119710087776	21.801498889923096	24.53831720352173	30.512221813201904	8.710722923278809	379.12718963623047	563.853515625	138.3471164703369	292.74170112609863	0.23522302508354187	0.9450349062681198	0.07128615491092205	0.14503730088472366	0.34866441041231155	0.27737825736403465	7.010076999664307	6.701516568660736	4.964284688234329	3.925627261400223	0.042571600526571274	2.137306958436966	1.226252168416977	0.7434181272983551	3.1803624033927917	1.4113881587982178	5.016328692436218	3.9785189628601074	23.913549423217773	0.5240305289626122	463.10965728759766	0.3680684342980385	1144.9486694335938	0.20211327075958252	-113.19124984741211	-0.8235885202884674	1497.4925537109375	0.1682901568710804	-118.00151252746582	-0.7303383201360703	2550.877197265625	0.10445131175220013	-120.6727180480957	-0.6893966048955917	-17.030245542526245	-0.40431878715753555	26.216435432434082	0.30337730795145035	0.00577229936607182	10.0023854970932	-0.014754819218069315	-0.8047356307506561	-15.260199308395386	25.144243717193604	-0.04803400207310915	-0.00035140622640028596	1.9923307597637177	2.555765986442566	0.1682647131383419	0.1502522975206375	0.2069380059838295	0.29039908200502396
grp-07	T2	19	570.0	0.24338554963469505	26.89150857925415	0.2584276534616947	4.576131880283356	26.89150857925415	0.2584276534616947	21.824817180633545	23.51135778427124	35.62923717498779	13.804419994354248	294.9070510864258	404.23734283447266	71.21695804595947	112.81907081604004	0.24338554963469505	0.6441104561090469	0.09115723520517349	0.19882159680128098	0.38016191497445107	0.2890046760439873	4.077044367790222	2.6874618530273438	2.90711110830307	1.9296573847532272	0.027602883521467447	2.249618500471115	1.1995972394943237	0.7581681162118912	4.576131880283356	0.9855052828788757	7.143604397773743	2.1157066226005554	23.25006341934204	0.48132479935884476	486.2692337036133	0.4094370976090431	1187.1044616699219	0.19440820440649986	-86.25249671936035	-1.0837292671203613	1547.073974609375	0.17014702409505844	-91.54256820678711	-0.9201448708772659	2578.080810546875	0.10991120710968971	-93.31251907348633	-0.886358454823494	-17.182841062545776	-0.37903623282909393	25.301632404327393	0.30488697439432144	0.009122335817664862	5.262035071849823	-0.01207483489997685	-0.9238051474094391	-13.924362421035767	23.734030723571777	-0.03764879424124956	0.0005430804776551668	3.501167118549347	2.606726348400116	0.22622499242424965	0.16821852326393127	0.1485479138791561	0.17174702882766724
grp-07	T2	20	600.0	0.10997333563864231	30.621797561645508	0.15136132203042507	6.073430359363556	30.621797561645508	0.15136132203042507	30.350337028503418	31.865453243255615	32.958091735839844	2.607754707336426	393.2712860107422	505.70667266845703	79.02730369567871	92.46842575073242	0.10997333563864231	0.674489937722683	0.06126111466437578	0.09141052514314651	0.14104166254401207	0.07978054881095886	0.9984579086303711	0.7454062402248383	0.6054912805557251	0.4795752391219139	0.028686230536550283	2.31621515750885	1.05345019698143	0.752223402261734	6.073430359363556	0.719800315797329	5.380204617977142	3.926526367664337	23.578394889831543	0.6450061053037643	489.82948303222656	0.32638421654701233	1200.0821533203125	0.1727062575519085	-113.45255661010742	-0.8094989359378815	1638.12548828125	0.1406121626496315	-120.9228744506836	-0.6782237589359283	2660.2244873046875	0.07765771076083183	-121.73537826538086	-0.6660193800926208	-20.395134925842285	-0.2932078465819359	27.83842945098877	0.25850649178028107	-0.009849447917076759	-5.059789538383484	-0.01584006194025278	-0.6941366046667099	-20.2318377494812	29.511515140533447	-0.049987614154815674	-0.005617316695861518	1.933978021144867	2.7390482425689697	0.1568160429596901	0.16394251585006714	0.18754463642835617	0.20812832936644554
grp-07	T2	21	630.0	0.2693117968738079	30.61637783050537	0.18638865649700165	4.423572242259979	30.61637783050537	0.18638865649700165	29.448307514190674	31.5058274269104	33.5629825592041	4.114675045013428	321.9169235229492	421.8791732788086	236.94340133666992	422.14867401123047	0.2693117968738079	0.7662667632102966	0.07495501451194286	0.1851775422692299	0.4614342860877514	0.3864792734384537	6.119112253189087	4.055975317955017	4.791315793991089	2.817332848906517	0.036946600303053856	2.195258766412735	1.1362707316875458	0.7349118590354919	4.423572242259979	1.1345819979906082	1.6099154353141785	24.75417172908783	18.04160165786743	0.865128681063652	462.3554382324219	0.321833036839962	1120.5426330566406	0.2255507968366146	-104.73505973815918	-0.8895587921142578	1504.3495788574219	0.1508329100906849	-108.53820610046387	-0.7968762964010239	2565.0728759765625	0.08321109227836132	-110.28249740600586	-0.7656634747982025	-14.95223593711853	-0.4952717050909996	23.525997161865234	0.37557481974363327	0.009279848498408683	10.900628089904785	-0.016776422271504998	-0.7402240186929703	-16.998906135559082	26.412532329559326	-0.040547449607402086	-0.005614880763459951	2.6008669435977936	3.057141959667206	0.15496637299656868	0.1434623748064041	0.15314391255378723	0.17189741879701614
grp-07	T2	22	660.0	0.2186624761670828	29.868749141693115	0.13649434596300125	5.769543409347534	29.868749141693115	0.13649434596300125	28.953548431396484	30.586824893951416	32.01969003677368	3.0661416053771973	315.5107307434082	449.3683547973633	92.27386665344238	121.29410934448242	0.2186624761670828	0.6029178500175476	0.09348214603960514	0.18979277461767197	0.3294687233865261	0.2359865866601467	3.433961361646652	2.477337032556534	2.1543454378843307	1.507185846567154	0.030231782235205173	2.2814881205558777	1.0944474935531616	0.8334280550479889	5.769543409347534	0.7122724652290344	1.4842581152915955	2.2043460309505463	18.8726007938385	0.7423400059342384	454.2381896972656	0.3289387822151184	1157.567138671875	0.18625185638666153	-93.63346481323242	-1.00783309340477	1498.8184814453125	0.15207691490650177	-100.91684341430664	-0.8453558832406998	2484.225830078125	0.09611553698778152	-102.44467163085938	-0.8160777240991592	-15.683235168457031	-0.4429458975791931	23.399132251739502	0.33773650228977203	0.0124035615590401	4.615056037902832	-0.01692739687860012	-0.6081684678792953	-16.004513025283813	25.35791254043579	-0.040714824572205544	-0.0035626772441901267	3.026008725166321	2.7571242451667786	0.1955615822225809	0.1599476169794798	0.15344704501330853	0.18137042596936226
grp-07	T2	23	690.0	0.31594178825616837	30.705220222473145	0.14796550013124943	5.283888936042786	30.705220222473145	0.14796550013124943	29.617919921875	31.071085453033447	33.229092597961426	3.611172676086426	361.8653144836426	463.3933296203613	126.08969593048096	200.6344985961914	0.31594178825616837	0.8300164639949799	0.09123845584690571	0.2015338782221079	0.5171056017279625	0.42586715146899223	7.545296847820282	5.332501918077469	5.7829916179180145	4.560171112418175	0.03261322434991598	2.3619222044944763	1.1691881716251373	0.7931394577026367	5.283888936042786	0.8217352032661438	1.7004655599594116	12.131497144699097	17.850321769714355	0.9210591912269592	443.5151596069336	0.32604849338531494	1075.9488525390625	0.2130390964448452	-95.99605369567871	-0.9759549349546432	1485.1996765136719	0.1422450989484787	-99.86693954467773	-0.8655988872051239	2553.2391967773438	0.079400684684515	-102.57913589477539	-0.814967930316925	-14.420812606811523	-0.501335583627224	23.24785327911377	0.3628156781196594	0.011767652118578553	5.408645182847977	-0.015526019036769867	-0.7480996251106262	-15.15967082977295	24.61652898788452	-0.04214572533965111	-0.0035767119261436164	3.034344792366028	3.016434907913208	0.17460977099835873	0.14451871439814568	0.13608447276055813	0.15477312728762627
grp-07	T2	24	720.0	0.23741739243268967	23.16065788269043	0.1749555990099907	2.095117136836052	23.16065788269043	0.1749555990099907	21.12482976913452	22.396767139434814	25.006232261657715	3.8814024925231934	202.57217407226562	227.9775848388672	78.66287422180176	120.81222629547119	0.23741739243268967	1.3709593415260315	0.07666719146072865	0.17560691572725773	0.3332805335521698	0.256613340228796	13.395264208316803	12.40983533859253	10.559582561254501	9.55492576956749	0.036973622627556324	1.9584998190402985	1.3116669356822968	0.712023988366127	2.095117136836052	2.23869851231575	4.467652201652527	3.291976809501648	23.735997200012207	0.44110553711652756	466.7173385620117	0.3985281065106392	1207.5432739257812	0.18714013323187828	-94.74979400634766	-0.9947783946990967	1478.3772888183594	0.170458123087883	-101.59618377685547	-0.8549219816923141	2515.5947875976562	0.10850189439952374	-104.89112091064453	-0.7974780797958374	-16.669234037399292	-0.3646070435643196	25.8426251411438	0.2728518098592758	0.007011855486780405	5.552043437957764	-0.012364192632958293	-0.9962432980537415	-16.54137682914734	26.47542667388916	-0.04618748649954796	-6.421742000384256e-06	1.6505502313375473	2.831344962120056	0.1876809559762478	0.14669113792479038	0.16152257472276688	0.19853323325514793
grp-07	T2	25	750.0	0.19786414317786694	22.91007661819458	0.1720111183822155	2.1818183064460754	22.91007661819458	0.1720111183822155	20.962547779083252	22.45052194595337	25.118431568145752	4.1558837890625	197.84952926635742	263.2623062133789	95.5580062866211	161.14194440841675	0.19786414317786694	0.653163880109787	0.06154081877321005	0.17395059578120708	0.31232312321662903	0.2507823035120964	3.525491029024124	2.0095438957214355	2.6873200237751007	1.5671474188566208	0.04263639124110341	1.7206259965896606	1.401784360408783	0.7591293156147003	2.1818183064460754	1.8799238801002502	6.472220540046692	2.422289490699768	25.555245876312256	0.4617744982242584	461.9914093017578	0.39027007669210434	1174.8784790039062	0.1907058097422123	-109.15922164916992	-0.8590918630361557	1523.7532958984375	0.16548099368810654	-116.42641639709473	-0.7306659072637558	2524.357177734375	0.110013322904706	-117.86321449279785	-0.708546444773674	-18.65868902206421	-0.3939526230096817	26.57382345199585	0.2983892187476158	0.0018199698679381981	-7.64865106344223	-0.011648390209302306	-1.080567017197609	-17.24721050262451	27.297667503356934	-0.04959936160594225	0.0001735108053253498	3.442814290523529	2.6570921540260315	0.1685354821383953	0.1231535617262125	0.1987457126379013	0.3028568997979164
grp-07	T2	26	780.0	0.2099696733057499	23.25925302505493	0.19444336369633675	1.8891983926296234	23.25925302505493	0.19444336369633675	21.21647310256958	22.554790496826172	25.16825819015503	3.951785087585449	248.21617126464844	305.5272636413574	156.95251846313477	283.090726852417	0.2099696733057499	0.9007690250873566	0.055016109719872475	0.1637417245656252	0.32394294813275337	0.26892683655023575	3.844458907842636	2.5916110575199127	2.9442082941532135	2.4871903359889984	0.044454596005380154	1.9498625099658966	1.4964070916175842	0.7177093625068665	1.8891983926296234	2.542582005262375	6.267453551292419	2.4055747389793396	25.144477367401123	0.4076102152466774	454.18494415283203	0.39258378744125366	1176.42041015625	0.18692897632718086	-115.21084403991699	-0.8087496906518936	1473.63232421875	0.16797617450356483	-120.98165512084961	-0.7067034840583801	2494.5086059570312	0.09944991767406464	-123.26039123535156	-0.6710386872291565	-17.183804512023926	-0.40345319360494614	26.274765491485596	0.29198048263788223	0.0058466319751460105	2.9772509932518005	-0.011482229339890182	-1.0408883541822433	-17.248342990875244	27.659652709960938	-0.04676524829119444	0.0007084258104441687	1.900633543729782	2.656197965145111	0.15548163652420044	0.11394395679235458	0.20595422014594078	0.2776583582162857
grp-07	T3	0	0.0	0.1226143054664135	24.336239337921143	0.255396518856287	2.253830760717392	24.336239337921143	0.255396518856287	19.143264532089233	24.5037841796875	29.665517330169678	10.522252798080444	305.9658432006836	376.44669342041016	141.13693809509277	227.13002395629883	0.1226143054664135	0.948898047208786	0.042941642459481955	0.07997302897274494	0.17884497717022896	0.13590333238244057	2.1007456183433533	1.7506482005119324	1.3350240290164948	1.1355954557657242	0.04588962160050869	1.9529426097869873	1.3096112310886383	0.6773477047681808	2.253830760717392	2.1936824917793274	1.9180060215294361	42.503185987472534	17.532306432724	0.8336774110794067	450.9306945800781	0.4118015244603157	1112.7091979980469	0.19754896312952042	-143.65277481079102	-0.5954669639468193	1486.8152770996094	0.1437784843146801	-146.02302932739258	-0.5487726405262947	2502.9864501953125	0.09495698474347591	-147.14810180664062	-0.5333012267947197	-14.587829113006592	-0.45153892040252686	23.170665740966797	0.32058587670326233	0.006538664427353069	0.01889878511428833	-0.009301219717599452	-1.2488870024681091	-19.24987268447876	30.037325382232666	-0.05893421545624733	0.0012394317891448736	1.4921640753746033	1.7457401752471924	0.161552207544446	0.18770551308989525	0.3843192383646965	0.7863893508911133
grp-07	T3	1	30.0	0.09720448963344097	23.63271427154541	0.27204449474811554	1.5771505385637283	23.63271427154541	0.27204449474811554	17.30780005455017	23.9453182220459	28.85231304168701	11.54451298713684	301.85973358154297	321.3439407348633	180.79855728149414	277.6143321990967	0.09720448963344097	0.6672936379909515	0.04355187062174082	0.07783197052776814	0.1436174027621746	0.10006553307175636	1.3039174675941467	1.146262601017952	0.8515593707561493	0.6912235617637634	0.05707565322518349	1.984502524137497	1.3578923046588898	0.6954582184553146	1.5771505385637283	3.9490170180797577	3.797025118023157	29.470070600509644	21.904064655303955	0.6833928823471069	479.0790328979492	0.41470861434936523	1153.9950561523438	0.20181050151586533	-151.35534286499023	-0.5245195254683495	1501.4076538085938	0.17001954093575478	-153.45591354370117	-0.48480241745710373	2590.092529296875	0.09797367081046104	-154.9641342163086	-0.46383145451545715	-17.754458904266357	-0.39290573447942734	26.868308067321777	0.29705197364091873	-0.011167973454575986	-4.804363250732422	-0.010976817226037383	-0.9087664633989334	-19.209862232208252	29.95276165008545	-0.058593662455677986	-9.893688275042223e-05	2.109036296606064	1.887107640504837	0.1306015271693468	0.1398493256419897	0.3678904101252556	0.516324982047081
grp-07	T3	2	60.0	0.10116716846823692	22.445541858673096	0.23761634156107903	0.49571239575743675	22.445541858673096	0.23761634156107903	16.56494116783142	23.477318286895752	26.473251819610596	9.908310651779175	334.77879333496094	345.6295700073242	147.8766269683838	218.3691463470459	0.10116716846823692	0.803901270031929	0.046024877578020096	0.07670971099287271	0.13862869888544083	0.09260382130742073	1.4898822009563446	1.3414346873760223	1.0983380824327469	1.1056103855371475	0.0642144801095128	1.8963702023029327	1.5643384754657745	0.6202862411737442	0.49571239575743675	3.087817907333374	1.2577372640371323	-35.00871682167053	18.955998420715332	1.1733018308877945	492.1969909667969	0.4164113327860832	1139.4913635253906	0.18379595503211021	-157.59186553955078	-0.4891296550631523	1514.0604248046875	0.16990599781274796	-160.2931022644043	-0.44632715731859207	2552.1439819335938	0.10415644198656082	-161.64413833618164	-0.42709702253341675	-17.240260124206543	-0.37994807958602905	26.35474395751953	0.2884756624698639	0.0019036305020563304	-4.867611408233643	-0.00969113118480891	-1.093431442975998	-19.242663383483887	29.657111167907715	-0.05618000775575638	-0.000263738087596721	0.8419473171234131	1.5365205705165863	0.1314269658178091	0.1109925676137209	0.44118496030569077	0.8273624926805496
grp-07	T3	3	90.0	0.08873593434691429	27.354512214660645	0.2799680717289448	3.0906886756420135	27.354512214660645	0.2799680717289448	20.786909103393555	25.925517082214355	33.88335418701172	13.096445083618164	411.04458808898926	547.3468379974365	150.94909286499023	151.90113067626953	0.08873593434691429	1.0998419374227524	0.03912442270666361	0.05122908856719732	0.1096800696104765	0.07055564597249031	4.6099430322647095	5.209512174129486	2.7685547471046448	3.7756452560424805	0.03938956279307604	1.7249087393283844	1.408978909254074	0.7048778533935547	3.0906886756420135	2.2457473129034042	4.895488530397415	6.300992667675018	19.665427207946777	0.8544491678476334	492.45782470703125	0.3779272958636284	1158.3538513183594	0.19701207801699638	-170.49749755859375	-0.392919085919857	1575.0543823242188	0.14886798709630966	-171.41564178466797	-0.365554042160511	2612.6012573242188	0.0933478120714426	-171.89023971557617	-0.3582061007618904	-18.0480055809021	-0.37546293437480927	26.035614013671875	0.30493201315402985	-0.0012140771141275764	1.3732103109359741	-0.012209654552862048	-0.9705719351768494	-21.358932971954346	32.39331674575806	-0.0662974901497364	0.0012402914289850742	0.8169389814138412	1.3611727058887482	0.10992811247706413	0.11231799237430096	0.5790956318378448	1.930368810892105
grp-07	T3	4	120.0	0.04544426780194044	14.563490867614746	0.1385819180868566	-3.661590783391148	14.563490867614746	0.1385819180868566	12.859934091567993	13.61262822151184	16.133822917938232	3.2738888263702393	83.45932245254517	52.06904363632202	105.26719617843628	24.480472564697266	0.04544426780194044	0.3513752818107605	0.0369695657864213	0.040476415771991014	0.049456845968961716	0.012487280182540417	0.3972674384713173	0.5140204429626465	0.3380328267812729	0.45008957013487816	0.014209188986569643	0.17793912440538406	3.131523013114929	0.5094178467988968	-3.661590783391148	75.91496442258358	8.075035840272903	-5.969351530075073	8.109744220972061	7.0831867307424545	783.0726470947266	0.3067372441291809	1371.8700256347656	0.15287709049880505	-198.03686904907227	-0.07395835174247622	1859.9891967773438	0.16504714265465736	-198.17225646972656	-0.07100454205647111	2979.84423828125	0.10068394802510738	-198.21942138671875	-0.06985788512974977	-24.436289310455322	-0.2768220789730549	36.15615749359131	0.21230901218950748	-0.0751686729490757	-0.3550330586731434	0.0003536365111358464	-0.16271673142910004	-25.017322063446045	36.97071647644043	-0.08004053868353367	0.0017818436899688095	0.8252750784158707	0.3089512661099434	0.029843749478459358	0.010330529417842627	7.260749906301498	6.020507946610451
grp-07	T3	5	150.0	0.043157558888196945	14.732197046279907	0.0751550905406475	-3.8646034598350525	14.732197046279907	0.0751550905406475	13.857667922973633	14.631030797958374	15.380973100662231	1.5233051776885986	108.84164142608643	42.817081451416016	36.30543255805969	36.74066996574402	0.043157558888196945	0.2692549116909504	0.037019539158791304	0.04010420525446534	0.0460676709190011	0.009048131760209799	0.1266802828758955	0.15476930234581232	0.13297699205577374	0.1706193946301937	0.030962622724473476	0.18267229199409485	2.847347840666771	0.3966482635587454	-3.8646034598350525	-0.9635818004608154	11.088861227035522	2.2774598002433777	16.041646003723145	0.6047800853848457	745.0455627441406	0.24832835048437119	1576.2041931152344	0.15499165654182434	-197.37163543701172	-0.07545831752941012	1807.1021118164062	0.13401290401816368	-197.557861328125	-0.07152637466788292	2869.56787109375	0.1081650871783495	-197.61774063110352	-0.07026974810287356	-25.450504541397095	-0.17960655502974987	35.94179344177246	0.15144170075654984	-0.06541595328599215	-0.33574792742729187	-0.0038139722746564075	-1.9717852771282196	-25.37840461730957	37.16871166229248	-0.07914864085614681	0.0015204128867480904	1.1253751069307327	0.39245716389268637	0.02215908979997039	0.010593750048428774	7.856187850236893	5.3395590633153915
grp-07	T3	6	180.0	0.04749669786542654	13.896139144897461	0.0689404085278511	-4.071584731340408	13.896139144897461	0.0689404085278511	13.047283411026001	13.624020338058472	14.777777433395386	1.7304940223693848	60.33906249143183	34.68859100341797	20.181767780333757	42.681647300720215	0.04749669786542654	0.3907719813287258	0.03778802556917071	0.04216316854581237	0.05180144961923361	0.014013424050062895	0.2430661842226982	0.3743528015911579	0.41595029830932617	0.6778953112661839	0.05222700349986553	0.1579575389623642	2.275222361087799	0.21380673348903656	-4.071584731340408	-1.0001201704144478	22.37415635585785	1.4029466956853867	12.327491044998169	-0.36095659248530865	747.9751739501953	0.37296442687511444	1264.5497131347656	0.1671294029802084	-196.28461837768555	-0.08559752069413662	1769.2317199707031	0.17920156382024288	-196.48995208740234	-0.08151606470346451	2866.6456298828125	0.1254580095410347	-196.55234146118164	-0.08043855847790837	-22.17998695373535	-0.25032619945704937	32.558523178100586	0.23411650583148003	-0.09097415581345558	-0.20517504028975964	0.0005075015360489488	-0.25038161873817444	-24.119401454925537	35.8999137878418	-0.07962257601320744	0.0022889430151735723	1.108702912926674	0.3006988661363721	0.029928570613265038	0.02070615440607071	8.267629474401474	6.26408913731575
grp-07	T3	7	210.0	0.057014284655451775	24.28138828277588	0.2703230455517769	1.3279223255813122	24.28138828277588	0.2703230455517769	19.450319528579712	23.56170082092285	29.2919921875	9.841672658920288	282.03331756591797	373.20272064208984	424.1188278198242	449.3453941345215	0.057014284655451775	0.7255824431777	0.037105676252394915	0.042538009118288755	0.06155824288725853	0.024452566634863615	0.9174715206027031	0.8503889590501785	0.6339656487107277	0.564516581594944	0.07543683424592018	1.3423000574111938	1.3822837173938751	0.6699438393115997	1.3279223255813122	18.838021084666252	6.37031877040863	4.295893609523773	19.75450849533081	1.0357012897729874	672.4477691650391	0.3999701142311096	1357.7319641113281	0.22013474255800247	-189.79251098632812	-0.20533735305070877	1713.7110290527344	0.165110245347023	-189.86922073364258	-0.19987474381923676	2840.7578735351562	0.11198488995432854	-190.169677734375	-0.19347266107797623	-21.8350191116333	-0.3270064406096935	33.25837326049805	0.22551511228084564	-0.05985874403268099	-0.6196098178625107	-0.007098274538293481	-1.6415192484855652	-23.557296752929688	35.40235996246338	-0.07760545797646046	0.0018415975428069942	0.9836612045764923	0.7436638474464417	0.11231810972094536	0.08087248262017965	2.0501520708203316	3.7742145359516144
grp-07	T3	8	240.0	0.05133764911442995	23.810417890548706	0.39660734310746193	-4.826322793960571	23.810417890548706	0.39660734310746193	13.211315870285034	21.377951622009277	34.209068775177	20.99775266647339	183.25169080495834	126.29466533660889	-69.05309295654297	10.166581153869629	0.05133764911442995	0.7943460792303085	0.0368190361186862	0.04155870480462909	0.05428699031472206	0.017467954196035862	1.0130373388528824	1.400913804769516	0.8086113184690475	0.8393890261650085	0.04817759548313916	0.2506173104047775	2.0347438156604767	0.4717080183327198	-4.826322793960571	-0.6609641462564468	6.306921601295471	2.8427913188934326	12.540550351142883	1.0895125642418861	934.0289764404297	0.2243114896118641	1204.396255493164	0.12470011226832867	-198.75482559204102	-0.07384718768298626	1970.4114685058594	0.1257102657109499	-198.82126998901367	-0.07236449234187603	2969.7804565429688	0.10615083947777748	-198.8599090576172	-0.07060142420232296	-19.793338775634766	-0.6609102450311184	31.389362335205078	0.3802225459367037	-0.06661383341997862	-0.9130648598074913	0.0013086296967230737	1.324499785900116	-23.186641693115234	34.84620428085327	-0.07480376400053501	0.0016492544273205567	0.23341113328933716	0.21710088569670916	0.037083331029862165	0.009970062412321568	6.495158076286316	3.993486851453781
grp-07	T3	9	270.0	0.0583006227388978	23.284777641296387	0.2113870121538639	2.5137091875076294	23.284777641296387	0.2113870121538639	19.707397937774658	23.325164794921875	27.244484424591064	7.537086486816406	348.721736907959	348.70096588134766	143.76094818115234	150.1437120437622	0.0583006227388978	0.6090646386146545	0.03691380005329847	0.04453790420666337	0.0693191634491086	0.03240536339581013	0.777347169816494	0.7277596443891525	0.5332841351628304	0.4888812080025673	0.058603920973837376	2.359422981739044	1.3147268891334534	0.6900415271520615	2.5137091875076294	2.025188222527504	10.433701872825623	1.7569539844989777	24.14285659790039	0.3873061165213585	460.01879119873047	0.4145664572715759	1176.4260864257812	0.16066696494817734	-185.60877227783203	-0.2575855515897274	1531.787841796875	0.1590621955692768	-186.12813568115234	-0.24108852073550224	2613.7426147460938	0.09194997511804104	-186.42827224731445	-0.23576258681714535	-19.73985195159912	-0.3289698101580143	28.16742515563965	0.29847970977425575	-0.02418971573933959	-1.3279457539319992	-0.007579758646897972	-1.1733237504959106	-23.468371391296387	35.107253074645996	-0.07515507936477661	0.0009224963432643563	1.3837946057319641	0.5260521285235882	0.13434523344039917	0.1287063229829073	1.53187495470047	2.366151064634323
grp-07	T3	10	300.0	0.1843863409012556	30.220202922821045	0.21721316128969193	4.489159345626831	30.220202922821045	0.21721316128969193	25.988286018371582	30.61400318145752	34.87592029571533	8.88763427734375	358.4292182922363	518.4518508911133	174.69646072387695	249.80250549316406	0.1843863409012556	1.0115147233009338	0.04446732718497515	0.10587405413389206	0.2823141999542713	0.2378468718379736	5.764784246683121	4.511972963809967	4.387683689594269	3.4901075959205627	0.051607366651296616	2.181375503540039	1.1752445101737976	0.7626945525407791	4.489159345626831	1.1465132683515549	5.87705934047699	4.200810641050339	18.385764598846436	1.0901844203472137	519.905387878418	0.43979932367801666	1144.768798828125	0.24764450266957283	-144.00559043884277	-0.5825923532247543	1582.9688415527344	0.17110000178217888	-143.4517059326172	-0.5565643906593323	2635.5068969726562	0.09972020797431469	-144.9313201904297	-0.5359800383448601	-16.37581157684326	-0.4395967200398445	25.95761728286743	0.32156461104750633	-0.00019968952983617783	0.48832887411117554	-0.012699821731075644	-0.9347636252641678	-18.061328887939453	28.665668964385986	-0.05381859000772238	-0.0020043804615852423	1.7589196413755417	2.1047695875167847	0.14236744679510593	0.1536090187728405	0.3157328963279724	0.4817030504345894
grp-07	T3	11	330.0	0.2503203209489584	31.306390285491943	0.1920868530869484	5.678154110908508	31.306390285491943	0.1920868530869484	27.562725067138672	32.597564697265625	35.46376132965088	7.901036262512207	316.4096374511719	455.8494644165039	172.02806091308594	292.6968002319336	0.2503203209489584	1.1073086559772491	0.06132209487259388	0.14595809765160084	0.3886014111340046	0.32727931812405586	5.947667330503464	4.573589503765106	4.745289385318756	4.010489135980606	0.03542625205591321	2.0430912375450134	1.1142056584358215	0.8245980888605118	5.678154110908508	0.9048005193471909	4.416348993778229	3.6050981283187866	19.722412586212158	0.7574208676815033	510.79005432128906	0.3766714856028557	1172.4043273925781	0.21013298630714417	-121.40814781188965	-0.7468551024794579	1554.2824401855469	0.16649045422673225	-120.70918464660645	-0.707455113530159	2623.8617553710938	0.1003199964761734	-123.45479393005371	-0.6645092815160751	-15.965148687362671	-0.4558752253651619	25.613895893096924	0.33503925800323486	0.0018293163739144802	-0.8967058658599854	-0.01601698063313961	-0.7554162740707397	-16.706998825073242	26.95906639099121	-0.04620050638914108	-0.0018866467144107446	1.292097344994545	2.4634831249713898	0.1657215729355812	0.1951345093548298	0.21591736003756523	0.3602849915623665
grp-07	T3	12	360.0	0.21797063574194908	28.682379245758057	0.21148714423179626	5.0332112312316895	28.682379245758057	0.21148714423179626	22.619455814361572	30.29710340499878	33.40015888214111	10.780703067779541	356.7681541442871	483.95198822021484	117.03386688232422	146.25408935546875	0.21797063574194908	0.9580190628767014	0.07571789063513279	0.15188030153512955	0.2954910472035408	0.2197731602936983	3.93165186047554	3.317732647061348	2.991555616259575	2.960471883416176	0.0372309354133904	1.9962573945522308	1.2465332746505737	0.783136248588562	5.0332112312316895	0.8991379588842392	6.026584982872009	2.7095084190368652	23.183492183685303	0.47324299812316895	500.27233123779297	0.3704153820872307	1198.99755859375	0.18874940276145935	-112.47773170471191	-0.8289262354373932	1539.9510498046875	0.1589152179658413	-115.9990463256836	-0.737369604408741	2611.7138671875	0.09540815837681293	-119.01148223876953	-0.6880743205547333	-17.326533794403076	-0.3657829239964485	27.00418472290039	0.2785782888531685	0.001438520846022584	245.12520122528076	-0.014396437210962176	-0.7851898223161697	-16.505058526992798	26.376227378845215	-0.04513170849531889	-0.0021598129969788715	2.084028020501137	2.655310809612274	0.1673671491444111	0.1634291633963585	0.19458267465233803	0.22242461144924164
grp-08	T1	0	0.0	0.12754850648343563	24.430947303771973	0.21040650084614754	2.7591177821159363	24.430947303771973	0.21040650084614754	21.817975997924805	24.298922061920166	28.11440372467041	6.2964277267456055	318.3433494567871	425.7018051147461	180.25358200073242	254.61640167236328	0.12754850648343563	0.9127025008201599	0.041759309358894825	0.08335319999605417	0.19613107293844223	0.15437176264822483	1.9173769354820251	1.7879936248064041	1.6225328296422958	1.6635703295469284	0.03995301201939583	2.4005205035209656	1.3308777809143066	0.7615970969200134	2.7591177821159363	1.6125698685646057	1.5877013206481934	2.425359010696411	19.57930898666382	0.7720081508159637	473.5188217163086	0.3916003108024597	1131.7019958496094	0.19209829717874527	-136.29004859924316	-0.659094974398613	1535.864501953125	0.14715417474508286	-140.6193084716797	-0.5844282358884811	2546.9402465820312	0.1012679934501648	-141.44237899780273	-0.5731629952788353	-17.645214080810547	-0.36168594658374786	25.38341188430786	0.30735600739717484	0.0033614668645896018	20.763437747955322	-0.01448024483397603	-0.8564102649688721	-21.80491018295288	32.803551197052	-0.06591494102030993	-6.962740917515475e-05	1.517172396183014	1.8286574184894562	0.17180289700627327	0.17644689977169037	0.3510765954852104	0.5609777718782425
grp-08	T1	1	30.0	0.11401514708995819	23.09745216369629	0.18719758838415146	2.1799071431159973	23.09745216369629	0.18719758838415146	21.212291717529297	22.51898431777954	25.6741623878479	4.4618706703186035	203.61385345458984	196.11986541748047	181.17115020751953	332.4942226409912	0.11401514708995819	0.7012045532464981	0.04591543786227703	0.08936974033713341	0.1697440668940544	0.12382862903177738	1.5024079233407974	1.0341513454914093	1.0231329947710037	0.7537046298384666	0.049199885688722134	2.106739342212677	1.4132989346981049	0.6626741886138916	2.1799071431159973	2.1369086503982544	6.3519978523254395	2.4465680718421936	20.770312786102295	0.5619691833853722	475.00569915771484	0.416398823261261	1177.1543579101562	0.2011154480278492	-125.14206886291504	-0.7277502715587616	1510.8477172851562	0.17659154906868935	-129.38978576660156	-0.6525046303868294	2552.3150024414062	0.10122795589268208	-130.50189781188965	-0.635619543492794	-17.510615825653076	-0.3841380551457405	24.933607578277588	0.33647552132606506	-0.007606745508383028	11.89483693242073	-0.012495704460889101	-1.0754714161157608	-22.118134021759033	32.52139902114868	-0.06534853111952543	-0.001104875496821478	2.5591863989830017	2.3053793907165527	0.15951671078801155	0.13901114091277122	0.24586575105786324	0.35127513855695724
grp-08	T1	2	60.0	0.10457059554755688	22.978275775909424	0.17499108612537384	2.2036236971616745	22.978275775909424	0.17499108612537384	21.052554607391357	22.844276428222656	25.656212329864502	4.6036577224731445	193.6385040283203	213.24541473388672	83.38580322265625	131.78978538513184	0.10457059554755688	0.7565475851297379	0.03906417265534401	0.07760597299784422	0.15551259741187096	0.1164484228938818	1.1924093663692474	0.8012555986642838	0.9306528717279434	0.6992968320846558	0.03253163676708937	1.9604985415935516	1.2918002903461456	0.6767375618219376	2.2036236971616745	2.3567697405815125	4.996901869773865	2.5801259875297546	22.863705158233643	0.48505714535713196	445.26758575439453	0.37587738037109375	1135.6737365722656	0.1767876334488392	-130.4623851776123	-0.6957476809620857	1465.6005249023438	0.1470746211707592	-134.9849739074707	-0.622643306851387	2516.5609741210938	0.09160999022424221	-136.85771369934082	-0.595311626791954	-17.95548915863037	-0.3722362220287323	26.498902320861816	0.318743035197258	-0.005858529329998419	10.522210776805878	-0.012527539627626538	-0.9055326282978058	-23.797643184661865	34.609070777893066	-0.06892845593392849	-0.0016237802628893405	2.2840946912765503	1.895457684993744	0.17951739765703678	0.20051384717226028	0.3107514977455139	0.4764035567641258
grp-08	T1	3	90.0	0.0712269339710474	21.915388107299805	0.3653811067342758	0.3131467532366514	21.915388107299805	0.3653811067342758	14.016956090927124	20.988847494125366	28.295799732208252	14.278843641281128	339.8916358947754	339.4211845397949	297.88568115234375	334.642541885376	0.0712269339710474	0.9673450291156769	0.03665693290531635	0.043519893661141396	0.08919974975287914	0.05254281684756279	1.4465797692537308	1.4341377913951874	1.2572586089372635	1.3308457881212234	0.10194081626832485	1.409060686826706	1.7352264821529388	0.6536193490028381	0.3131467532366514	14.262280285358429	5.800520181655884	-1.4616619348526	13.398836374282837	2.7033218443393707	546.0047607421875	0.4230774790048599	1205.4953308105469	0.18829064816236496	-187.78837203979492	-0.24092437699437141	1628.9039916992188	0.14547684229910374	-188.39774703979492	-0.22427773103117943	2652.79150390625	0.1218040157109499	-188.5643768310547	-0.22122405096888542	-20.36555004119873	-0.29417528957128525	29.10619020462036	0.26070648804306984	-0.017491644830442965	-3.3137799501419067	-0.00789127079769969	-1.2054096013307571	-24.448466300964355	36.01567554473877	-0.07813848741352558	-0.0003055862689507194	0.49183060228824615	0.6179024875164032	0.10674193315207958	0.08955543488264084	1.4414914101362228	2.828122079372406
grp-08	T1	5	150.0	0.07103993929922581	23.455928802490234	0.21279092878103256	2.051094889640808	23.455928802490234	0.21279092878103256	21.398672103881836	22.81891918182373	27.06214141845703	5.663469314575195	180.72683334350586	160.87677764892578	182.11348152160645	272.358211517334	0.07103993929922581	0.9360800236463547	0.03738315450027585	0.04398310370743275	0.0785010289400816	0.04111787397414446	1.1112376600503922	0.9413082972168922	0.8249965235590935	0.7562322914600372	0.04065404552966356	2.082479178905487	1.2641069889068604	0.6764920353889465	2.051094889640808	1.8828799724578857	5.122521221637726	5.011082351207733	18.131850719451904	1.0793237537145615	478.05226135253906	0.4312056824564934	1165.5792846679688	0.16722063720226288	-182.92903518676758	-0.2986579090356827	1500.5133361816406	0.16213412210345268	-183.5274543762207	-0.28506338596343994	2560.2601318359375	0.09928794950246811	-184.08843994140625	-0.2748374976217747	-14.984941005706787	-0.45173279941082	24.324382305145264	0.33604929596185684	-0.008389680762775242	-5.476676106452942	-0.008721624850295484	-1.1174220889806747	-24.629133701324463	36.40336322784424	-0.07599024288356304	-0.0004019910229544621	0.9003000855445862	0.4514380767941475	0.1908019408583641	0.1804438978433609	1.6210954785346985	2.238303393125534
grp-08	T1	6	180.0	0.1558736078441143	23.316900730133057	0.1723848432302475	2.514468550682068	23.316900730133057	0.1723848432302475	21.293611526489258	23.574965953826904	25.520582675933838	4.22697114944458	256.7822074890137	367.90018463134766	147.57553482055664	232.2745704650879	0.1558736078441143	0.7533481866121292	0.05417349375784397	0.11120370030403137	0.2212947979569435	0.16712130419909954	2.489123046398163	2.106905549764633	1.4318685233592987	1.5624402165412903	0.03292834525927901	2.3003278374671936	1.2576907277107239	0.739285796880722	2.514468550682068	1.7106280475854874	4.289538264274597	4.1678953766822815	21.59256935119629	0.5702693313360214	497.61175537109375	0.4057529643177986	1197.4508361816406	0.18955421820282936	-121.15206527709961	-0.7671085745096207	1541.6529846191406	0.1577363722026348	-126.13284111022949	-0.6794346868991852	2561.5723266601562	0.11294950358569622	-127.81928253173828	-0.6543445736169815	-18.126941680908203	-0.321830078959465	26.28426456451416	0.2744857147336006	-0.004931591029162519	-18.629825830459595	-0.0136640181299299	-0.9461844265460968	-19.654797792434692	29.68764591217041	-0.05770645197480917	-0.0012894008250441402	2.167389154434204	2.272372782230377	0.17098071053624153	0.14731378480792046	0.24964582920074463	0.3423161804676056
grp-08	T1	7	210.0	0.2758047878742218	24.078728675842285	0.15953567996621132	3.42827832698822	24.078728675842285	0.15953567996621132	23.18545627593994	24.12659502029419	25.73169183731079	2.5462355613708496	237.97748565673828	282.9808006286621	108.59391975402832	181.58021545410156	0.2758047878742218	0.6450143605470657	0.09863757528364658	0.23355508968234062	0.44158849865198135	0.3429509252309799	4.112103313207626	2.585877239704132	3.1085647493600845	1.8778659403324127	0.03549384279176593	2.656496226787567	1.2038595974445343	0.787506029009819	3.42827832698822	1.0973871797323227	3.7342541813850403	4.015358567237854	23.067158222198486	0.4539405256509781	472.9783401489258	0.3632606938481331	1191.3535766601562	0.1862463243305683	-79.89009857177734	-1.1798066794872284	1528.5504455566406	0.17114348337054253	-88.98616600036621	-0.9666206985712051	2571.7677001953125	0.10203326307237148	-91.96177864074707	-0.9044542759656906	-17.642563343048096	-0.36257031559944153	25.54158878326416	0.29029153287410736	0.012991291470825672	2.8242769837379456	-0.017487670527771115	-0.7536205500364304	-17.764689445495605	27.459604740142822	-0.04753274377435446	-0.0021917686899541877	3.0676892399787903	2.447790741920471	0.24217398837208748	0.18679074570536613	0.15864621102809906	0.1815592125058174
grp-08	T1	8	240.0	0.28912220895290375	24.11277484893799	0.13302700221538544	3.8355987071990967	24.11277484893799	0.13302700221538544	23.267752170562744	24.244558334350586	25.662768840789795	2.395016670227051	271.09136962890625	343.1578063964844	98.21990013122559	192.01248168945312	0.28912220895290375	0.6770785450935364	0.10011110082268715	0.23409821279346943	0.46182461827993393	0.36171352304518223	4.312186688184738	2.490404114127159	3.0656076222658157	1.96915864944458	0.034032344818115234	2.400701582431793	1.1578746140003204	0.825936570763588	3.8355987071990967	1.0047346204519272	3.4978213906288147	3.9486888647079468	22.535101890563965	0.478183776140213	482.3567199707031	0.36462147533893585	1187.183349609375	0.17402313277125359	-75.51333904266357	-1.2296225130558014	1559.7476501464844	0.17421797662973404	-85.35053634643555	-0.9930394440889359	2574.78173828125	0.11226518452167511	-87.4543285369873	-0.9467425495386124	-18.32188129425049	-0.34861814230680466	25.448803901672363	0.2697978690266609	0.010468040010891855	4.099851191043854	-0.02096624905243516	-0.586538553237915	-17.396743774414062	26.831820964813232	-0.04404837731271982	-0.00404703215463087	3.2344115376472473	2.1800870299339294	0.28732024878263474	0.21139422059059143	0.16754713281989098	0.18502933531999588
grp-08	T1	9	270.0	0.24722667783498764	23.518990516662598	0.18090882152318954	2.739690899848938	23.518990516662598	0.18090882152318954	22.89196014404297	23.959555625915527	25.272903442382812	2.3809432983398438	315.195556640625	426.47090911865234	122.61171340942383	206.69916915893555	0.24722667783498764	0.7077457904815674	0.08164324797689915	0.20275845937430859	0.37954187393188477	0.29789862409234047	3.794339597225189	2.1694587767124176	2.7790013253688812	1.816297248005867	0.04289462976157665	2.0992594361305237	1.3126772344112396	0.7735592424869537	2.739690899848938	1.649080291390419	4.358446300029755	5.812387526035309	21.81328296661377	0.5931473970413208	473.6105270385742	0.3465838134288788	1206.80029296875	0.17614451423287392	-83.84731578826904	-1.111598163843155	1536.9990539550781	0.15648867934942245	-92.73884391784668	-0.907980665564537	2555.243896484375	0.10728180222213268	-95.01151084899902	-0.8627573847770691	-18.576972007751465	-0.3413555398583412	26.3266921043396	0.27557461708784103	0.007182393630500883	8.4927698969841	-0.017407516483217478	-0.6285128742456436	-19.344908475875854	29.14226722717285	-0.046161502599716187	-0.004905785550363362	3.109369844198227	2.8652000427246094	0.20572374016046524	0.18610630556941032	0.1317456252872944	0.16085339337587357
grp-08	T1	10	300.0	0.31445967964828014	29.99906301498413	0.15570257976651192	5.396910071372986	29.99906301498413	0.15570257976651192	29.329458713531494	31.200143814086914	32.600687980651855	3.2712292671203613	307.1982612609863	409.8246078491211	111.38681221008301	139.61211013793945	0.31445967964828014	0.7002135068178177	0.14826858416199684	0.26270763762295246	0.4537881873548031	0.30551960319280624	4.580308973789215	3.022672802209854	3.824677586555481	3.0111889392137527	0.03967633098363876	2.370567560195923	1.2068402469158173	0.781131774187088	5.396910071372986	0.8159448057413101	0.48405276238918304	-7.063213288784027	17.932471752166748	0.8072514832019806	444.1086959838867	0.2880244478583336	1049.1972045898438	0.21023022383451462	-82.59577178955078	-1.1518460810184479	1560.2923583984375	0.14386937394738197	-92.15607070922852	-0.9046422094106674	2552.7745971679688	0.08649436570703983	-91.80628776550293	-0.9101137220859528	-16.37751531600952	-0.4116316959261894	23.494068145751953	0.3398093059659004	0.010095609817653894	1.525328278541565	-0.020889461040496826	-0.5393716841936111	-14.000038385391235	22.475802421569824	-0.038870169781148434	-0.007604692131280899	2.467489182949066	3.1406617164611816	0.1871886570006609	0.17583134025335312	0.11960693262517452	0.12100016511976719
grp-08	T1	11	330.0	0.16372454538941383	31.078096866607666	0.23042401671409607	7.027600169181824	31.078096866607666	0.23042401671409607	25.706474781036377	33.66633701324463	36.35948467254639	10.65300989151001	360.03258514404297	426.02418518066406	138.92131805419922	177.49478149414062	0.16372454538941383	1.0536396354436874	0.04427953856065869	0.08684955164790154	0.2456105537712574	0.20133101567626	4.774555265903473	4.8632683753967285	3.7798749059438705	3.4978196918964386	0.03591932589188218	2.234837770462036	1.052975282073021	0.9536665081977844	7.027600169181824	0.8494401201605797	9.227150082588196	2.3283201456069946	25.771416664123535	0.7165423184633255	509.21893310546875	0.3516339436173439	1202.4095764160156	0.18514008820056915	-141.23505401611328	-0.603465162217617	1613.9169006347656	0.17700747773051262	-143.0827751159668	-0.5449534803628922	2693.3309326171875	0.10663434118032455	-144.3984718322754	-0.5270615965127945	-22.60233211517334	-0.3227463737130165	31.862595558166504	0.2736806347966194	0.0029218790004961193	-7.504137068986893	-0.016789962304756045	-0.6513920575380325	-20.54378843307495	31.273107528686523	-0.06300401408225298	-0.0014278966700658202	1.392130732536316	1.7202464640140533	0.1816830337047577	0.22267285734415054	0.35679689049720764	0.6803059577941895
grp-08	T1	12	360.0	0.15475445985794067	24.221946716308594	0.2249717153608799	2.3542300164699554	24.221946716308594	0.2249717153608799	19.284320831298828	25.685239791870117	27.488268852233887	8.203948020935059	260.3689613342285	232.04777908325195	139.74722290039062	203.53882217407227	0.15475445985794067	0.9989032298326492	0.04513906966894865	0.08700290694832802	0.22469178959727287	0.1795527245849371	3.0491234958171844	2.1897282004356384	2.676271617412567	2.27088925242424	0.06812915578484535	2.0016381442546844	1.5213854014873505	0.7109706252813339	2.3542300164699554	2.3726450502872467	6.3017308712005615	5.356437027454376	23.248061656951904	0.6643455699086189	482.0657424926758	0.36440056562423706	1239.8632507324219	0.17557114735245705	-131.34836387634277	-0.677788257598877	1515.5831298828125	0.1624867580831051	-136.17353439331055	-0.6014231890439987	2539.8125	0.11550022289156914	-137.85858535766602	-0.5785422623157501	-19.950748443603516	-0.35189196467399597	28.305885791778564	0.3033953234553337	-0.003273392911069095	6.888462841510773	-0.017227933974936604	-0.7126076519489288	-21.76077175140381	32.98235321044922	-0.06749021727591753	-0.00010794478293973953	1.7839279770851135	2.030082255601883	0.17109084874391556	0.1520651839673519	0.2989896461367607	0.5076905339956284
grp-08	T1	13	390.0	0.13551425375044346	22.6998291015625	0.23286526650190353	1.444546147249639	22.6998291015625	0.23286526650190353	16.89902925491333	25.128138065338135	26.37124729156494	9.472218036651611	405.9386291503906	459.9359817504883	113.39435386657715	133.0613842010498	0.13551425375044346	0.6980785131454468	0.04727227706462145	0.10664075426757336	0.20531528443098068	0.1580430045723915	2.7925821244716644	1.703337088227272	1.8356731086969376	1.2293607592582703	0.06463216710835695	1.8367663323879242	1.5490346550941467	0.6819767653942108	1.444546147249639	27.60766366124153	9.630206108093262	3.0146706104278564	27.93037462234497	0.4856790006160736	491.12027740478516	0.3680034801363945	1236.355712890625	0.18593894317746162	-114.58394622802734	-0.7847817689180374	1563.2470703125	0.16263772547245026	-122.09095191955566	-0.6620429754257202	2590.53076171875	0.1182823721319437	-123.76884269714355	-0.6391055434942245	-22.293760299682617	-0.3407341241836548	30.475817680358887	0.2977800816297531	-0.015260510263033211	-2.835457146167755	-0.016591390827670693	-0.7655159831047058	-22.309448719024658	33.3393988609314	-0.0674453740939498	-0.000884777768078493	3.017672598361969	2.7388110756874084	0.15932755172252655	0.13203278742730618	0.18659993261098862	0.2800228223204613
grp-08	T1	14	420.0	0.1721998266875744	30.77806854248047	0.20392700284719467	6.677998423576355	30.77806854248047	0.20392700284719467	25.320555210113525	33.15359306335449	35.13000202178955	9.809446811676025	338.5066337585449	422.66395568847656	101.41582107543945	127.4745864868164	0.1721998266875744	1.100506231188774	0.04612391348928213	0.09539769403636456	0.24889686331152916	0.20277294516563416	4.846052706241608	4.179113805294037	3.6089350283145905	3.2941880226135254	0.03967758361250162	2.4982776045799255	1.1577777862548828	0.8384383469820023	6.677998423576355	0.7655394375324249	9.69445264339447	2.0260587334632874	26.28127431869507	0.515032060444355	489.0318908691406	0.3519572913646698	1190.2215576171875	0.17840294912457466	-129.2598533630371	-0.6982992738485336	1608.0205688476562	0.17061076313257217	-134.24188613891602	-0.6059747934341431	2660.07275390625	0.10625501722097397	-135.6523551940918	-0.586138516664505	-21.625038623809814	-0.27683741226792336	30.166061401367188	0.2504540979862213	0.005905530495510902	-37.184997618198395	-0.018520283978432417	-0.6223344504833221	-20.483604907989502	31.684345245361328	-0.061031803488731384	-0.0008887689764378592	1.5588529706001282	1.8466111719608307	0.1992134489119053	0.20635483786463737	0.3227855935692787	0.5323396474123001
grp-08	T1	15	450.0	0.17173686251044273	24.724603176116943	0.2201676331460476	3.1433966159820557	24.724603176116943	0.2201676331460476	21.246440887451172	25.381728172302246	28.30985116958618	7.06341028213501	364.44764709472656	414.07981872558594	118.29396629333496	157.92341327667236	0.17173686251044273	0.8601649701595306	0.055373163893818855	0.1254386156797409	0.25128939747810364	0.19591623544692993	3.9111995100975037	3.5189771950244904	3.0390610098838806	2.9267411530017853	0.05060626566410065	2.1959099769592285	1.3399702310562134	0.7326071858406067	3.1433966159820557	1.6652052849531174	3.9198850989341736	7.011987686157227	24.52831220626831	0.6053040474653244	473.01917266845703	0.3507460504770279	1187.3981628417969	0.18454446271061897	-104.60214424133301	-0.8855497241020203	1545.3219909667969	0.15706443786621094	-113.04391670227051	-0.7386090904474258	2563.4304809570312	0.10397143848240376	-115.05633926391602	-0.7086261361837387	-21.161773681640625	-0.32684576511383057	29.307686805725098	0.2816852442920208	-0.0068604854750446975	-5.872846901416779	-0.018597469199448824	-0.6460205912590027	-20.332447052001953	31.146543502807617	-0.06132497079670429	-0.0026300569297745824	2.0256752371788025	2.305379331111908	0.20959268510341644	0.20466049015522003	0.2172679267823696	0.2826303765177727
grp-08	T1	16	480.0	0.11190362647175789	24.691999912261963	0.22593603655695915	3.065504491329193	24.691999912261963	0.22593603655695915	19.659407377243042	26.30868911743164	28.08075523376465	8.421347856521606	304.09765625	335.9856414794922	100.80138206481934	131.9134979248047	0.11190362647175789	0.9250818639993668	0.03943888936191797	0.06094753555953503	0.1723293550312519	0.1328904703259468	2.846900522708893	1.9186571389436722	2.006664678454399	1.6121736913919449	0.05988295003771782	1.9821662902832031	1.4652116894721985	0.6918308287858963	3.065504491329193	1.7478335052728653	7.199689507484436	3.584312081336975	25.802764892578125	0.4627039432525635	494.89005279541016	0.4115172028541565	1228.5447387695312	0.18955429643392563	-151.05935668945312	-0.5396589487791061	1534.322998046875	0.17049262300133705	-154.66643905639648	-0.4805828407406807	2595.07470703125	0.11127755977213383	-156.05746841430664	-0.46177938580513	-21.59751558303833	-0.3195069506764412	30.80121612548828	0.2871573492884636	-0.01471379934810102	-3.9031190872192383	-0.015305633191019297	-0.8966771513223648	-22.977548599243164	34.61030578613281	-0.07449459284543991	0.0003434869213378988	1.5171724259853363	1.2364021837711334	0.20752955600619316	0.23646042868494987	0.5806640833616257	0.8762075155973434
grp-08	T1	17	510.0	0.1353407669812441	25.129338264465332	0.2932252064347267	2.8641176223754883	25.129338264465332	0.2932252064347267	19.909875869750977	23.883113861083984	31.642841815948486	11.73296594619751	366.76916885375977	448.41136932373047	160.66021919250488	184.0284881591797	0.1353407669812441	1.2173726111650467	0.04748434294015169	0.08063644915819168	0.17325687035918236	0.1257725264877081	2.9190841913223267	2.790828913450241	2.471420109272003	3.5526768565177917	0.049356650095433	1.916861891746521	1.455051213502884	0.6880072206258774	2.8641176223754883	1.9375835061073303	6.083513021469116	3.883864939212799	21.786120414733887	0.8094754964113235	493.8514633178711	0.40991830080747604	1169.4674072265625	0.1963893063366413	-149.44085693359375	-0.5438268706202507	1567.1353759765625	0.1570943482220173	-151.4539337158203	-0.4953473061323166	2606.127685546875	0.10583158396184444	-152.45891571044922	-0.4812558740377426	-20.255472660064697	-0.3332171365618706	28.970390796661377	0.2838561609387398	-0.00960005889646709	-4.868947327136993	-0.014278756221756339	-0.8598469346761703	-20.175164222717285	31.10982322692871	-0.06508148368448019	-0.0010562131210463122	0.7919306457042694	1.9539079070091248	0.13198987394571304	0.1071295328438282	0.3526623621582985	0.5148252621293068
grp-08	T1	18	540.0	0.13940903544425964	26.339560508728027	0.2943432331085205	3.5383814573287964	26.339560508728027	0.2943432331085205	19.418485164642334	25.854482650756836	34.35762310028076	14.939137935638428	362.7366256713867	405.3166809082031	127.23763084411621	138.14583206176758	0.13940903544425964	1.1215188205242157	0.04992192983627319	0.08795074000954628	0.17688463255763054	0.1269627008587122	3.715971499681473	3.442107677459717	2.7300660014152527	2.6490654945373535	0.04359085485339165	2.041151762008667	1.336432933807373	0.7905181795358658	3.5383814573287964	1.7410042136907578	3.782249391078949	6.6284695863723755	20.487855911254883	1.0568798184394836	491.0137939453125	0.3668748810887337	1213.2627563476562	0.19033631309866905	-159.1795997619629	-0.4808294251561165	1540.7845458984375	0.1575777307152748	-159.36165237426758	-0.45062506198883057	2591.52294921875	0.11000990495085716	-160.4703140258789	-0.4349759593605995	-20.50221347808838	-0.31259846687316895	29.455356121063232	0.24736041575670242	-0.004361008293926716	-11.937491774559021	-0.0161506871227175	-0.6568023413419724	-18.77507734298706	29.632107257843018	-0.06270617246627808	0.00011260874453000724	0.9586528688669205	1.3527055084705353	0.16281678900122643	0.17460181936621666	0.5190363600850105	0.7974770069122314
grp-08	T1	19	570.0	0.14767726883292198	26.03202199935913	0.24639253690838814	2.462194472551346	26.03202199935913	0.24639253690838814	21.439393520355225	25.26976442337036	31.31021022796631	9.870816707611084	347.32161712646484	441.3744926452637	151.86463165283203	161.62494087219238	0.14767726883292198	1.9695431292057037	0.037031896878033876	0.04171487595885992	0.14842890202999115	0.11139700748026371	6.287386775016785	6.076365172863007	5.244845747947693	4.063568592071533	0.05123743787407875	1.9241213202476501	1.4102674722671509	0.7222224175930023	2.462194472551346	2.2242680341005325	4.197623193264008	4.301755249500275	21.01130437850952	0.6146789267659187	499.2980651855469	0.4216674566268921	1203.2920227050781	0.1780129000544548	-170.49167251586914	-0.40266478806734085	1516.02001953125	0.17487922683358192	-171.27111053466797	-0.3800076097249985	2573.3912353515625	0.11464383266866207	-172.25582122802734	-0.3648466393351555	-16.15532422065735	-0.4281444326043129	25.765644550323486	0.3179406225681305	0.009854243835434318	4.425699293613434	-0.0168693158775568	-0.6884077936410904	-25.00870132446289	36.87319850921631	-0.07824035733938217	9.24311279959511e-06	0.5418472737073898	0.9185037016868591	0.166207205504179	0.14763662032783031	0.8904804736375809	1.7423698008060455
grp-08	T1	23	690.0	0.11808728240430355	24.245410442352295	0.2711520530283451	2.2427807450294495	24.245410442352295	0.2711520530283451	18.47330379486084	24.08763313293457	28.89790153503418	10.42459774017334	293.05498123168945	249.80121612548828	154.77413177490234	148.23807907104492	0.11808728240430355	1.0260094851255417	0.049997590482234955	0.08117146790027618	0.14481117576360703	0.09481358528137207	3.430002063512802	3.6633116602897644	2.392665386199951	2.4158764481544495	0.07342036534100771	1.948682427406311	1.416325181722641	0.7264610975980759	2.2427807450294495	2.6918602883815765	6.836710095405579	3.253904163837433	22.670438766479492	0.6984761580824852	529.2552642822266	0.43792296946048737	1244.5199279785156	0.17921074852347374	-175.0952606201172	-0.35155002772808075	1561.912109375	0.16861573979258537	-175.68504333496094	-0.33108656108379364	2637.8800659179688	0.11121602170169353	-176.4303436279297	-0.31920386850833893	-19.802870750427246	-0.3098927140235901	29.987038135528564	0.24581565335392952	-0.02077902527526021	-2.362383782863617	-0.010609547840431333	-0.8642015606164932	-18.133423805236816	28.821576595306396	-0.06562195252627134	0.0009448954369872808	1.1837279051542282	1.1022044867277145	0.11973795481026173	0.13823389075696468	0.7676566690206528	1.262034222483635
grp-08	T1	24	720.0	0.12366572767496109	19.24408197402954	0.4061473086476326	-2.560358077287674	19.24408197402954	0.4061473086476326	13.3114013671875	15.261976957321167	27.172266006469727	13.860864639282227	280.6396656036377	363.1215076446533	161.35602188110352	210.9588508605957	0.12366572767496109	0.8604156672954559	0.06117194890975952	0.08910580724477768	0.15926406905055046	0.09809212014079094	2.864907532930374	3.221128672361374	2.5773617029190063	3.0978260338306427	0.06309224665164948	1.2338418662548065	2.0974870920181274	0.68216373026371	-2.560358077287674	-2.7516466230154037	1.2164075374603271	6.818459391593933	6.193270608782768	17.703297674655914	639.1044464111328	0.40212638676166534	1204.6092224121094	0.22585952281951904	-184.20661544799805	-0.26046987250447273	1706.5849609375	0.1658664606511593	-184.4294319152832	-0.2512892037630081	2773.1285400390625	0.12334018014371395	-184.79919052124023	-0.24510252103209496	-18.604865550994873	-0.3814259245991707	28.624619007110596	0.30383511632680893	-0.04087753361091018	-1.2015309184789658	-0.007853159797377884	-1.5865932554006577	-17.808470726013184	28.69114398956299	-0.0644106175750494	0.000841162919641647	1.5505168586969376	1.2943612486124039	0.06114811822772026	0.05702250637114048	0.6714538484811783	1.073574110865593
grp-08	T1	25	750.0	0.13356382958590984	22.144062042236328	0.2947145961225033	0.13971906527876854	22.144062042236328	0.2947145961225033	14.800122737884521	23.17975664138794	27.02814292907715	12.228020191192627	329.9855842590332	468.5026626586914	192.41108322143555	288.2760467529297	0.13356382958590984	0.8845290243625641	0.05469893757253885	0.09119133464992046	0.18299179896712303	0.12829286232590675	4.524869084358215	5.376439183950424	4.108615189790726	5.2998862862586975	0.0661925170570612	1.7218683063983917	1.652350276708603	0.6498258113861084	0.13971906527876854	4.060637593269348	3.6424725502729416	16.144091844558716	19.664823055267334	1.0727094262838364	497.58717346191406	0.4170985296368599	1210.5902404785156	0.17767887562513351	-144.67727661132812	-0.5739495605230331	1531.2803649902344	0.17424675449728966	-147.7533302307129	-0.5208543837070465	2587.28173828125	0.1097125094383955	-149.2363395690918	-0.5007171109318733	-19.2002534866333	-0.3343741446733475	28.305410385131836	0.2578888013958931	-0.014165040454827249	-3.6476628184318542	-0.011389636434614658	-1.0570244640111923	-19.06202220916748	30.180530548095703	-0.06516372319310904	0.0017969397304113954	1.4254751801490784	2.180095672607422	0.12754689529538155	0.11600624024868011	0.30716659873723984	0.5380856692790985
grp-08	T1	26	780.0	0.155865877866745	26.488027572631836	0.3193865418434143	1.9232331812381744	26.488027572631836	0.3193865418434143	16.89405369758606	26.718161582946777	34.75529384613037	17.86124086380005	305.32106018066406	353.3741149902344	312.29398918151855	449.5253715515137	0.155865877866745	0.9885841608047485	0.0633756946772337	0.10380847565829754	0.2042214758694172	0.14084578305482864	3.953207552433014	4.173196852207184	3.1184334456920624	3.5398553907871246	0.0707778874784708	1.679157942533493	1.6171811521053314	0.7042705714702606	1.9232331812381744	3.8598216474056244	6.064808368682861	4.844409763813019	20.48418664932251	1.0397160351276398	534.2231979370117	0.4031740501523018	1222.9836120605469	0.18825265020132065	-159.25074768066406	-0.47091010957956314	1551.1269836425781	0.17614106461405754	-159.5370864868164	-0.4452080652117729	2649.8015747070312	0.11273851618170738	-160.90625762939453	-0.425639271736145	-18.754775047302246	-0.34639206528663635	28.960995197296143	0.25182637199759483	-0.011331934365443885	-3.88044935464859	-0.014922862639650702	-0.8282667696475983	-16.616164684295654	27.20745325088501	-0.05836395546793938	-4.389599780552089e-06	1.3337779343128204	1.8373367190361023	0.11677548848092556	0.11070631071925163	0.4196319282054901	0.707600936293602
grp-08	T1	27	810.0	0.23736777901649475	24.98983335494995	0.23109564930200577	2.214626669883728	24.98983335494995	0.23109564930200577	21.765828132629395	24.042462825775146	29.274282932281494	7.5084547996521	437.9356689453125	506.86315155029297	126.51021766662598	222.73228073120117	0.23736777901649475	1.1839520931243896	0.07369810715317726	0.15255897492170334	0.3302179425954819	0.2565198354423046	7.101280450820923	8.25380027294159	5.895065188407898	6.275720238685608	0.039253548718988895	1.9256459176540375	1.3492755591869354	0.6788096576929092	2.214626669883728	2.1775979697704315	2.1733006834983826	8.210867166519165	20.497382164001465	0.6998645812273026	489.1524887084961	0.3979719951748848	1181.2901000976562	0.2005835473537445	-109.77753257751465	-0.8549381643533707	1516.3740844726562	0.16837332025170326	-114.6716480255127	-0.7516569495201111	2584.694091796875	0.10344596207141876	-116.72276878356934	-0.7203464806079865	-17.357479095458984	-0.3812815174460411	25.60898208618164	0.2930605858564377	-0.0005365529068512842	-6.61011016368866	-0.01617439487017691	-0.8188731223344803	-16.635556936264038	26.972463130950928	-0.04878647439181805	-0.00200474749726709	0.8752917647361755	2.438209891319275	0.18402725830674171	0.19755278155207634	0.20687979832291603	0.46257074922323227
grp-08	T1	28	840.0	0.0793951591476798	19.662156581878662	0.18173068575561047	1.4178133383393288	19.662156581878662	0.18173068575561047	15.788569688796997	20.00178837776184	22.836209774017334	7.047640085220337	113.77122116088867	70.11958885192871	88.91253137588501	67.62021064758301	0.0793951591476798	0.46312129497528076	0.052753849886357784	0.07137658260762691	0.09741936810314655	0.04466551821678877	1.1953215897083282	1.4827152714133263	0.7992753759026527	0.7788252085447311	0.08244052156805992	0.7102275751531124	1.897802472114563	0.5162848979234695	1.4178133383393288	-3.353011444211006	6.023339539766312	-7.120680771768093	17.799600958824158	2.5886995512992144	661.6177062988281	0.38033314049243927	1319.5019836425781	0.17421365715563297	-185.97198867797852	-0.23516240529716015	1726.9997253417969	0.17558777332305908	-186.71562576293945	-0.22129766829311848	2831.4463500976562	0.09326951205730438	-187.11017227172852	-0.21396136656403542	-24.029541015625	-0.23783737793564796	34.8326301574707	0.22072815522551537	-0.050777200143784285	-0.8322272226214409	-0.00889237248338759	-0.9113624840974808	-20.2682523727417	31.206562519073486	-0.06517557520419359	-0.0006738509109709412	2.8381642401218414	1.1613692827522755	0.05516666453331709	0.022000095807015896	0.8529910296201706	0.48839374631643295
grp-08	T2	0	0.0	0.1326944064348936	24.303316116333008	0.19594664126634598	2.9335269927978516	24.303316116333008	0.19594664126634598	21.555148124694824	24.27422571182251	27.89853000640869	6.343381881713867	313.9017028808594	402.73779296875	94.44213676452637	148.07239151000977	0.1326944064348936	1.0772148817777634	0.05047387257218361	0.09345546178519726	0.1865818053483963	0.1361079290509224	2.5362866520881653	2.373335123062134	2.480870336294174	2.5370880514383316	0.03726859297603369	2.206332206726074	1.223204255104065	0.7509063184261322	2.9335269927978516	1.4855506718158722	5.179821193218231	3.843680739402771	25.867774963378906	0.5847369581460953	466.107666015625	0.3608206585049629	1176.4402465820312	0.17996227368712425	-133.08373260498047	-0.6749483793973923	1516.8846130371094	0.14759362116456032	-137.84500122070312	-0.5973514914512634	2548.52001953125	0.10169997438788414	-139.80883407592773	-0.5699469894170761	-19.869443893432617	-0.3291575387120247	28.96864891052246	0.2653443329036236	-0.010688595473766327	-3.4512503147125244	-0.014610681449994445	-0.8037906289100647	-19.785698890686035	31.044601917266846	-0.06112498510628939	-0.0004887424111075234	1.1503834575414658	1.687480241060257	0.1971200928092003	0.1936536766588688	0.3587724417448044	0.5782622024416924
grp-08	T2	1	30.0	0.11174336075782776	23.00645685195923	0.20012951269745827	2.2702012062072754	23.00645685195923	0.20012951269745827	20.825125217437744	22.426846027374268	25.527067184448242	4.701941967010498	229.5457124710083	273.7236051559448	109.08481025695801	159.30926036834717	0.11174336075782776	0.6656302213668823	0.053322890773415565	0.09051033109426498	0.15210897848010063	0.09878608677536249	1.1309102922677994	0.9780380353331566	0.7895205467939377	0.5917179957032204	0.027487599290907383	2.0944249033927917	1.1808266937732697	0.6834967583417892	2.2702012062072754	1.7366275638341904	5.316715121269226	3.143377900123596	24.090490341186523	0.5256843492388725	464.2490921020508	0.3864668607711792	1154.1273498535156	0.2017507515847683	-129.5580539703369	-0.6907523274421692	1500.5816955566406	0.1618453487753868	-133.64429092407227	-0.6197190433740616	2575.543701171875	0.09519319981336594	-135.53037643432617	-0.5915266498923302	-18.94101619720459	-0.337593637406826	27.814199447631836	0.27300746738910675	-0.018867908976972103	-2.1700366139411926	-0.013237742939963937	-0.8597237020730972	-20.813189029693604	31.684067726135254	-0.0631933668628335	-0.000625457660930806	2.2007336020469666	2.087508410215378	0.1664821095764637	0.1806433331221342	0.2675333544611931	0.3696657121181488
grp-08	T2	2	60.0	0.0942551251500845	21.91375160217285	0.15693436935544014	2.1766665875911713	21.91375160217285	0.15693436935544014	20.66159152984619	22.099289894104004	24.02131986618042	3.3597283363342285	253.17119216918945	266.0520896911621	164.8537425994873	255.13858032226562	0.0942551251500845	0.7578103244304657	0.04053803812712431	0.07085153926163912	0.1370857022702694	0.09654766693711281	1.0835971683263779	0.894756905734539	0.8097555041313171	0.6884177848696709	0.03290474833920598	2.549245983362198	1.2340256571769714	0.7290327101945877	2.1766665875911713	1.8821428716182709	4.796482741832733	3.8454858362674713	25.074506759643555	0.5057538598775864	447.8102035522461	0.3464607521891594	1129.0360412597656	0.16185114160180092	-145.9032859802246	-0.579072117805481	1470.9631652832031	0.13920390978455544	-150.15428924560547	-0.5146796703338623	2521.5457763671875	0.08596877567470074	-151.7660789489746	-0.4916427507996559	-20.263375759124756	-0.29516181349754333	29.53003692626953	0.21652113646268845	-0.014251365326344967	-4.270133823156357	-0.012453558621928096	-0.8463882952928543	-22.785881996154785	33.748066902160645	-0.06812870129942894	-0.0004246907847118564	1.99233078956604	1.3695282936096191	0.19773116521537304	0.2491534873843193	0.4592970907688141	0.6052232980728149
grp-08	T2	3	90.0	0.07564862631261349	21.479527473449707	0.25772642344236374	1.2616332471370697	21.479527473449707	0.25772642344236374	15.981735467910767	22.262381553649902	25.283616065979004	9.301880598068237	220.3507423400879	215.20280838012695	129.86347770690918	126.90687942504883	0.07564862631261349	0.9230847954750061	0.0373980849981308	0.04714100807905197	0.08977272175252438	0.05237463768571615	2.392694965004921	2.4904441088438034	1.4250144213438034	1.2137040942907333	0.046180165372788906	1.8197785913944244	1.5687839686870575	0.6489515155553818	1.2616332471370697	-5.180890500545502	6.464040398597717	4.060830533504486	23.16292142868042	0.7652080431580544	509.4808044433594	0.4497372508049011	1208.0712585449219	0.1848371960222721	-176.0574188232422	-0.34493309259414673	1542.327880859375	0.18491685390472412	-177.54258346557617	-0.31691017001867294	2612.72802734375	0.10926266387104988	-178.22674560546875	-0.3060983940958977	-20.85853624343872	-0.35967955738306046	30.540907382965088	0.27818413823843	-0.025042665656656027	-1.797941118478775	-0.009753893362358212	-1.1567818969488144	-24.287526607513428	35.92911338806152	-0.07619721442461014	0.00016074234372354113	1.2087362408638	1.0020040720701218	0.12261632829904556	0.14969015680253506	0.7488042265176773	1.3442429900169373
grp-08	T2	4	120.0	0.10293271765112877	32.24715518951416	0.2530195564031601	5.296871781349182	32.24715518951416	0.2530195564031601	25.75663137435913	34.818270683288574	37.223548889160156	11.466917514801025	255.2577781677246	334.9565963745117	179.75901985168457	242.75879287719727	0.10293271765112877	1.9978066980838776	0.03885182365775108	0.04782009031623602	0.10312264412641525	0.06427082046866417	11.450296700000763	13.967346549034119	5.040376245975494	4.547453701496124	0.056003402918577194	1.8168685734272003	1.3182101845741272	0.7911004424095154	5.296871781349182	1.1847357153892517	8.402962684631348	2.9590694308280945	21.156943321228027	0.7685014307498932	533.3561706542969	0.4139582887291908	1191.5984497070312	0.20697304233908653	-182.0187759399414	-0.30194880440831184	1586.7288208007812	0.1576693393290043	-180.95635223388672	-0.2975389026105404	2628.17626953125	0.11324024572968483	-181.4933204650879	-0.28781932964921	-17.70989465713501	-0.4171692356467247	27.590050220489502	0.3014199435710907	0.0037453391996677965	6.5767582058906555	-0.013598502613604069	-0.8993945568799973	-23.196897983551025	35.066269874572754	-0.07342423684895039	-0.0004616252672349219	0.4001333713531494	0.6765871047973633	0.15808086469769478	0.16825994104146957	1.2043033689260483	2.4796557426452637
grp-08	T2	5	150.0	0.30932921171188354	32.15907669067383	0.1831371933221817	6.738950252532959	32.15907669067383	0.1831371933221817	30.167616844177246	32.38735389709473	35.03194236755371	4.864325523376465	266.17087173461914	372.03334045410156	124.07049369812012	162.46421813964844	0.30932921171188354	1.159901186823845	0.07445718161761761	0.2271659169346094	0.4929906465113163	0.41853347048163414	11.444103956222534	8.445546686649323	9.396043002605438	6.666937053203583	0.03256751177832484	2.3026506900787354	1.0597384423017502	0.8390895128250122	6.738950252532959	0.6689326986670494	0.6487495303153992	-4.090396761894226	18.351003885269165	0.7322624325752258	458.2340316772461	0.3153034523129463	1093.7188720703125	0.19287746399641037	-108.83114624023438	-0.8878539651632309	1500.6639404296875	0.15950947999954224	-111.15651321411133	-0.7991437315940857	2580.5226440429688	0.09436016902327538	-112.98699188232422	-0.7668687403202057	-15.94726014137268	-0.46423568576574326	24.39389133453369	0.3454464375972748	0.017376290648826398	-21.032440572977066	-0.021939409663900733	-0.6004458740353584	-16.32792329788208	26.77841854095459	-0.04998919554054737	-0.004003448528237641	1.3921307176351547	2.071294128894806	0.2361355498433113	0.24962736666202545	0.24863825365900993	0.47454672306776047
grp-08	T2	6	180.0	0.23922453075647354	28.977412223815918	0.21602946147322655	4.08990216255188	28.977412223815918	0.21602946147322655	23.96294927597046	30.89684534072876	32.83285045623779	8.869901180267334	303.1904182434082	378.2565498352051	127.10586929321289	154.63025093078613	0.23922453075647354	1.2839037477970123	0.059384903870522976	0.16121205873787403	0.32574667409062386	0.2663617692887783	6.054494380950928	5.590359389781952	6.202456295490265	5.538938790559769	0.047886380925774574	2.048578768968582	1.3177525103092194	0.7077067941427231	4.08990216255188	1.308226153254509	-0.5266266576945782	-39.085379123687744	16.930635929107666	0.9116355627775192	465.4183883666992	0.34005697071552277	1109.1064758300781	0.19756004586815834	-121.44577980041504	-0.7728676348924637	1529.1431579589844	0.15572980791330338	-124.1139030456543	-0.6961462274193764	2534.812744140625	0.096782386302948	-125.2011547088623	-0.6788778975605965	-15.949729681015015	-0.4113215208053589	24.292070388793945	0.3120785169303417	0.011022857448551804	-3.1072485148906708	-0.01800071238540113	-0.6526986509561539	-18.059699058532715	28.446913242340088	-0.04767200630158186	-0.004520745889749378	1.183727890253067	2.296778440475464	0.17056824825704098	0.197858989238739	0.2480493187904358	0.5278193354606628
grp-08	T2	7	210.0	0.26757076755166054	25.608696937561035	0.16809923574328423	3.2520851492881775	25.608696937561035	0.16809923574328423	25.056015968322754	26.41713809967041	27.83491802215576	2.778902053833008	371.0778007507324	424.81848907470703	123.89901161193848	207.05374145507812	0.26757076755166054	0.6711097955703735	0.09039516933262348	0.218585766851902	0.43270495533943176	0.34230978786945343	4.387475609779358	2.672023117542267	3.537495583295822	2.5224585235118866	0.045741450041532516	2.2274547815322876	1.3770920038223267	0.7280361354351044	3.2520851492881775	1.320326179265976	3.4608006477355957	6.669791877269745	23.472830295562744	0.6082105785608292	491.5933074951172	0.3805770128965378	1242.0217590332031	0.16476276889443398	-93.42300033569336	-1.0024359226226807	1487.1325378417969	0.17733439430594444	-99.78976821899414	-0.8706225603818893	2531.7887573242188	0.11307916976511478	-103.53453826904297	-0.8067707717418671	-17.25138568878174	-0.3957487568259239	26.66794204711914	0.31078601628541946	0.003839217242784798	6.497671544551849	-0.018430059775710106	-0.7240559160709381	-16.46543288230896	27.340431690216064	-0.052454954013228416	-0.0012534757479443215	3.384461522102356	2.44677472114563	0.21726927161216736	0.17561279237270355	0.17978351190686226	0.26039866730570793
grp-08	T2	8	240.0	0.3118016868829727	30.86860704421997	0.1988934613764286	3.658609688282013	30.86860704421997	0.1988934613764286	27.076547622680664	33.543734550476074	34.585753440856934	7.5092058181762695	346.5669708251953	390.1239700317383	146.71508026123047	269.7527732849121	0.3118016868829727	0.6243030428886414	0.12973839789628983	0.24322431907057762	0.47795335948467255	0.3482149578630924	4.47287854552269	3.1009998321533203	3.7931220531463623	2.457464173436165	0.04468161892145872	1.9498059153556824	1.2778262495994568	0.6370412856340408	3.658609688282013	0.9948613792657852	5.403064727783203	2.8264100551605225	20.562756538391113	0.4791121110320091	553.1755523681641	0.3806968182325363	1348.0614929199219	0.14759768918156624	-98.01526069641113	-0.9145798534154892	1590.3883361816406	0.14858996868133545	-99.69497108459473	-0.8285911977291107	2631.9243774414062	0.09996851906180382	-102.23139190673828	-0.7867477387189865	-13.64613938331604	-0.25366946309804916	23.696319103240967	0.19878261908888817	-0.0007987733115442097	-5.0424405336380005	-0.010075594298541546	-0.6289387792348862	-11.98790717124939	22.122748374938965	-0.015971446176990867	-0.005133981350809336	3.6262088119983673	3.4580690264701843	0.15319215320050716	0.19807327538728714	0.1258553322404623	0.15336229279637337
grp-08	T2	9	270.0	0.3273276016116142	26.641244888305664	0.24566331505775452	1.488896667957306	26.641244888305664	0.24566331505775452	21.9562029838562	25.33868408203125	33.56828594207764	11.612082958221436	319.6600036621094	396.3386535644531	155.66624450683594	250.9341335296631	0.3273276016116142	0.6223598495125771	0.13953164033591747	0.22837699949741364	0.5455863289535046	0.4060546886175871	4.575857877731323	3.280630186200142	3.575136959552765	2.5678745806217194	0.037568528205156326	2.0492063462734222	1.326169490814209	0.6371587663888931	1.488896667957306	4.109301269054413	1.3565257042646408	7.4076250195503235	17.552916765213013	0.6960798352956772	530.5320434570312	0.38316231220960617	1379.3739318847656	0.13301239535212517	-88.57803153991699	-1.0341620743274689	1564.7848205566406	0.14800415188074112	-92.46249580383301	-0.9069837033748627	2586.6956176757812	0.09571610391139984	-95.3316593170166	-0.8526070415973663	-12.88439679145813	-0.23177078366279602	22.10193395614624	0.18622920289635658	0.00039088173070922494	-2.4651269912719727	-0.011895431904122233	-0.4906334653496742	-12.799762964248657	22.403822898864746	-0.0180533854290843	-0.006713181734085083	3.1093697547912598	3.7106838822364807	0.15013769641518593	0.1755361184477806	0.1099180243909359	0.15272576548159122
grp-08	T2	10	300.0	0.39023763313889503	23.226460456848145	0.17142754420638084	0.3715212501701899	23.226460456848145	0.17142754420638084	22.11251449584961	23.209900856018066	25.023348331451416	2.9108338356018066	319.9963684082031	387.6992874145508	134.3552188873291	205.73908042907715	0.39023763313889503	0.42285411804914474	0.22270579636096954	0.3808179572224617	0.5298871323466301	0.30718133598566055	4.212894916534424	2.209215819835663	3.556057035923004	2.057168871164322	0.04481548722833395	2.0844398736953735	1.3229461312294006	0.7335463613271713	0.3715212501701899	709.6258317232132	1.2873280942440033	1.9694308042526245	17.11248278617859	0.36955156922340393	562.0413055419922	0.4132181704044342	1286.4373474121094	0.151050366461277	-96.49009323120117	-0.9535869807004929	1618.7210083007812	0.1525094397366047	-101.3708438873291	-0.846258282661438	2616.2158203125	0.10637940466403961	-103.14322280883789	-0.8157865256071091	-12.763614177703857	-0.23959827423095703	21.086891174316406	0.20005769282579422	0.009338591946288943	2.706960082054138	-0.013692244188860059	-0.6181492507457733	-10.347590208053589	19.37218403816223	-0.010744800325483084	-0.006969262845814228	4.326442241668701	3.8673436045646667	0.1303451620042324	0.11354842223227024	0.11434518918395042	0.11965406127274036
grp-08	T2	11	330.0	0.24110711179673672	27.827006816864014	0.22865764051675797	4.766627907752991	27.827006816864014	0.22865764051675797	23.21433448791504	27.006467819213867	33.07239246368408	9.858057975769043	229.58009338378906	288.0164222717285	146.33996391296387	347.21041107177734	0.24110711179673672	1.0605897307395935	0.05768065433949232	0.1483434233814478	0.36350398510694504	0.30582332983613014	5.518064767122269	4.553570330142975	4.897678524255753	4.423095166683197	0.0375433461740613	2.133840709924698	1.2493363618850708	0.7411740869283676	4.766627907752991	0.9858476370573044	3.8359705209732056	5.4935585260391235	22.48647117614746	0.5857826098799706	476.2631149291992	0.36715542525053024	1153.9010314941406	0.2132004201412201	-98.93741798400879	-0.9569543451070786	1565.2208862304688	0.1535005122423172	-106.17166137695312	-0.7984333485364914	2593.3252563476562	0.10355563648045063	-107.10175704956055	-0.7831278443336487	-18.417087078094482	-0.3933255597949028	26.21299695968628	0.3517036736011505	0.004099824058357626	3.8259665966033936	-0.017779141198843718	-0.6286157667636871	-20.18225860595703	30.66616153717041	-0.05678082350641489	-0.002936287462944165	1.5588529109954834	2.3471434712409973	0.22226715832948685	0.21720639616250992	0.1935942955315113	0.3887142911553383
grp-08	T2	12	360.0	0.2960878983139992	26.261105060577393	0.24470508098602295	3.0937811136245728	26.261105060577393	0.24470508098602295	23.197883129119873	25.959517002105713	29.579312324523926	6.381429195404053	292.1072578430176	333.0596008300781	113.11416435241699	123.01727485656738	0.2960878983139992	1.479156881570816	0.06428547762334347	0.1598912589251995	0.3957461565732956	0.3314606845378876	15.221829414367676	15.392928957939148	10.980506539344788	10.592349529266357	0.053433542139828205	2.1282923817634583	1.409956842660904	0.7172078937292099	3.0937811136245728	1.5711390376091003	3.445170044898987	6.902207434177399	20.874200344085693	0.7134066969156265	468.3317337036133	0.374656543135643	1176.1083374023438	0.1931956559419632	-104.70229721069336	-0.9004363715648651	1499.6199951171875	0.15643949061632156	-109.13469505310059	-0.7930906116962433	2514.0352783203125	0.10163736343383789	-111.32309532165527	-0.7583064287900925	-16.8593168258667	-0.39892061799764633	25.621549129486084	0.3176177963614464	0.010218154755420983	4.539904594421387	-0.01547121861949563	-0.7147532403469086	-18.520387172698975	28.59627342224121	-0.05363871529698372	-0.003384292678674683	1.0753584504127502	2.4391863644123077	0.20239264145493507	0.18781687319278717	0.20638259127736092	0.3083467110991478
grp-08	T2	13	390.0	0.23683162778615952	24.84203815460205	0.16392537392675877	3.651988446712494	24.84203815460205	0.16392537392675877	23.3593168258667	25.354742527008057	27.387234210968018	4.027917385101318	341.80114364624023	371.0843963623047	114.77985000610352	165.18289184570312	0.23683162778615952	0.9065432399511337	0.06311382818967104	0.14552344754338264	0.38998451828956604	0.3268706947565079	5.176695883274078	3.6883794963359833	3.999069631099701	3.2181054651737213	0.03881932236254215	2.280386507511139	1.3151347935199738	0.7682444006204605	3.651988446712494	1.1311666071414948	4.5190538465976715	4.984660744667053	25.631407260894775	0.5008966475725174	492.0911865234375	0.36279669404029846	1248.1881713867188	0.17416688427329063	-97.03865242004395	-0.9698301404714584	1534.404052734375	0.17660769820213318	-105.10111427307129	-0.8161916434764862	2581.1848754882812	0.11954372376203537	-107.81932067871094	-0.7722258269786835	-19.911840438842773	-0.3598559573292732	28.111043453216553	0.3119881823658943	0.006090688053518534	10.323272168636322	-0.019220575457438827	-0.6583984047174454	-17.654640913009644	27.791646003723145	-0.048172309063374996	-0.0018528698637965135	2.575858622789383	2.355496346950531	0.21884224191308022	0.1893954575061798	0.2026836834847927	0.26497436314821243
grp-08	T2	14	420.0	0.2923622690141201	26.01307964324951	0.21616719290614128	3.4923300743103027	26.01307964324951	0.21616719290614128	23.18029499053955	25.303671836853027	31.444926738739014	8.264631748199463	313.93991470336914	406.0670166015625	81.15478706359863	77.42096900939941	0.2923622690141201	0.827610194683075	0.09664681553840637	0.20804822258651257	0.4536147713661194	0.356967955827713	5.9761103093624115	4.182770013809204	4.247639417648315	3.44945427775383	0.041735787875950336	2.0761414170265198	1.3321013450622559	0.7428276091814041	3.4923300743103027	1.3169561922550201	1.3952187416143715	-146.07248097658157	20.41422748565674	0.6643725484609604	467.7084732055664	0.36497269570827484	1140.8815612792969	0.19923388957977295	-82.89599990844727	-1.1319787949323654	1537.8906860351562	0.16730710864067078	-90.89384841918945	-0.9346883594989777	2564.6351928710938	0.11037665605545044	-92.5806655883789	-0.8996943831443787	-16.873677968978882	-0.37962064892053604	23.991772651672363	0.30430883169174194	0.015952598536387086	2.5608609914779663	-0.01750222290866077	-0.6795850694179535	-15.16108512878418	24.136279106140137	-0.029357524123042822	-0.004258850123733282	2.492497533559799	2.7990872263908386	0.21051447838544846	0.17548405565321445	0.1363660730421543	0.17897795140743256
grp-08	T2	15	450.0	0.3123527690768242	32.163331508636475	0.19622726365923882	6.6921974420547485	32.163331508636475	0.19622726365923882	28.86415672302246	33.69169521331787	36.55792808532715	7.6937713623046875	355.0705871582031	450.5636215209961	121.26243019104004	145.00955390930176	0.3123527690768242	1.4108263552188873	0.07601887546479702	0.17003988288342953	0.4530285522341728	0.3770096842199564	11.600721597671509	12.06120216846466	8.923826456069946	8.865258574485779	0.039603034034371376	2.160044103860855	1.1286565661430359	0.7856187075376511	6.6921974420547485	0.7673469036817551	6.553445219993591	3.4922531843185425	21.639312744140625	0.6495223268866539	472.2623748779297	0.3576478362083435	1144.5096130371094	0.19861441850662231	-104.29600524902344	-0.9070544242858887	1546.5330200195312	0.15501251816749573	-105.93379783630371	-0.8032226264476776	2635.4016723632812	0.09266292490065098	-107.87409400939941	-0.7699316740036011	-17.451178550720215	-0.40755194425582886	26.17304563522339	0.31592678278684616	0.017350759939290583	3.5130913853645325	-0.016688661882653832	-0.6727259010076523	-18.344676971435547	28.327657222747803	-0.04761416278779507	-0.003981802670750767	0.9836612194776535	2.588510513305664	0.19651109352707863	0.1663343757390976	0.16773955896496773	0.2168911024928093
grp-08	T2	16	480.0	0.30084172636270523	28.114176750183105	0.21808971837162971	5.59333062171936	28.114176750183105	0.21808971837162971	24.045421600341797	26.447669506072998	34.7012996673584	10.655878067016602	278.5101509094238	383.8744468688965	136.48554039001465	250.6809253692627	0.30084172636270523	0.8443925231695175	0.08257593773305416	0.18852342665195465	0.5026638582348824	0.42008791491389275	6.201687037944794	3.8573845624923706	4.42308509349823	3.206559494137764	0.029373183846473694	2.2371767163276672	1.1749770641326904	0.8314722031354904	5.59333062171936	0.8471085876226425	5.9793936014175415	2.498039871454239	22.493157863616943	0.539143368601799	501.4540481567383	0.38196831941604614	1230.2351989746094	0.17839956283569336	-88.16751480102539	-1.0580469220876694	1574.4056701660156	0.15948520600795746	-93.19388198852539	-0.9066599607467651	2618.0798950195312	0.1089822743088007	-95.5727310180664	-0.8617762327194214	-17.97422695159912	-0.37781111150979996	26.607837677001953	0.30936358869075775	0.013750272104516625	2.9860469698905945	-0.015398652525618672	-0.7329821884632111	-18.11061453819275	28.159761905670166	-0.04762242082506418	-0.0025472695124335587	2.667555868625641	2.4634440541267395	0.2373988814651966	0.21588656678795815	0.1622985489666462	0.1853015497326851
grp-08	T2	17	510.0	0.30146451853215694	24.738463878631592	0.17500228434801102	3.228854537010193	24.738463878631592	0.17500228434801102	23.12725830078125	24.764380931854248	26.816109657287598	3.6888513565063477	274.7834892272949	336.70445251464844	87.99926280975342	129.5760908126831	0.30146451853215694	0.7801780700683594	0.08307297341525555	0.21352964080870152	0.5085789263248444	0.42550595104694366	5.693265289068222	3.1551753878593445	4.103759795427322	2.5449389219284058	0.04581289738416672	2.3011923134326935	1.3901731967926025	0.7510038018226624	3.228854537010193	1.360172152519226	3.7261776328086853	4.77042031288147	21.734338760375977	0.5328417345881462	513.1377029418945	0.40032175928354263	1212.324951171875	0.1832042671740055	-84.4541130065918	-1.1143259555101395	1569.3390197753906	0.18899809941649437	-91.95248985290527	-0.937413364648819	2605.0829467773438	0.12179161049425602	-94.32996368408203	-0.8920555412769318	-18.036064624786377	-0.4073936268687248	25.595792770385742	0.3255288898944855	0.014093289617449045	2.96366810798645	-0.019084848929196596	-0.7159316390752792	-18.24360179901123	28.004271984100342	-0.046052332036197186	-0.002995409711729735	3.3594532012939453	2.5726696848869324	0.22595728561282158	0.17860833182930946	0.15373016521334648	0.22314006835222244
grp-08	T2	18	540.0	0.24685463681817055	27.656211853027344	0.22954030707478523	3.991348445415497	27.656211853027344	0.22954030707478523	22.505582332611084	26.894142150878906	33.28031349182129	10.774731159210205	387.7931900024414	461.19207763671875	116.13340187072754	175.75855445861816	0.24685463681817055	1.2883432656526566	0.06312915682792664	0.13817812129855156	0.3419426456093788	0.2788134887814522	4.949293851852417	4.369958251714706	3.967076927423477	3.673660397529602	0.04188196826726198	2.1633812189102173	1.2464088201522827	0.739813894033432	3.991348445415497	1.1573072969913483	3.4329565167427063	4.635293245315552	21.47866678237915	0.6083066165447235	516.5129852294922	0.41097138822078705	1187.7057189941406	0.20306933671236038	-121.30470085144043	-0.7605277001857758	1542.9596557617188	0.17876744270324707	-124.11490821838379	-0.6940047144889832	2627.0888671875	0.11289374344050884	-126.57691764831543	-0.6575192809104919	-16.731892108917236	-0.418327234685421	26.24547815322876	0.32800784707069397	-0.0007703660521656275	3.4128623008728027	-0.01641078502871096	-0.726509615778923	-16.06457209587097	26.841142654418945	-0.05213678162544966	-0.0010930624412139878	0.9753251075744629	1.8541650474071503	0.22011293098330498	0.22012880071997643	0.3196501284837723	0.48170139640569687
grp-08	T2	19	570.0	0.4681808836758137	31.92124652862549	0.18623851612210274	6.78071403503418	31.92124652862549	0.18623851612210274	27.51325225830078	32.8502779006958	36.86441707611084	9.351164817810059	314.64690017700195	396.3165168762207	99.95245552062988	183.25267696380615	0.4681808836758137	1.4090944230556488	0.10346963070333004	0.24891552329063416	0.6747755706310272	0.571305938065052	14.525985717773438	12.130612432956696	11.610317170619965	11.048840999603271	0.03657275531440973	2.2929166555404663	1.0744383931159973	0.814715176820755	6.78071403503418	0.7259780913591385	5.789107322692871	3.054289162158966	20.890650272369385	0.697281539440155	485.7136688232422	0.368522047996521	1163.02197265625	0.19775733724236488	-72.07994270324707	-1.2477157413959503	1578.658447265625	0.15789983049035072	-76.06583404541016	-1.042104423046112	2642.0225830078125	0.09988095611333847	-78.07413864135742	-0.997904434800148	-17.305248260498047	-0.44817712157964706	25.141937255859375	0.36001115292310715	0.021057292819023132	2.1052277386188507	-0.019433294888585806	-0.5469380021095276	-19.30594253540039	29.375503540039062	-0.048857239075005054	-0.004938223864883184	1.2754251211881638	2.0721372067928314	0.33494139835238457	0.3161851465702057	0.14718534797430038	0.21066681668162346
grp-08	T2	20	600.0	0.24455972015857697	24.97855043411255	0.21532948315143585	2.7750653624534607	24.97855043411255	0.21532948315143585	21.357131481170654	26.254233360290527	28.201653957366943	6.844522476196289	435.4230041503906	450.4808654785156	116.02564811706543	162.69738388061523	0.24455972015857697	0.8407480418682098	0.07925592362880707	0.1836618110537529	0.36881403252482414	0.2895581126213074	4.977262735366821	3.6505131125450134	4.347159057855606	3.046207219362259	0.05234695132821798	2.0540222227573395	1.4423771798610687	0.7099322527647018	2.7750653624534607	1.7416121065616608	3.538300573825836	7.523777723312378	22.797319889068604	0.62759218364954	468.48211669921875	0.34446556121110916	1191.6278381347656	0.19023516029119492	-85.77582550048828	-1.0611256659030914	1496.0043640136719	0.15669430419802666	-94.2314624786377	-0.8820805698633194	2517.6687622070312	0.10726642236113548	-97.03572654724121	-0.832797646522522	-18.47930097579956	-0.4019736796617508	27.15097188949585	0.33379410952329636	0.0016067899705376476	-6.749838829040527	-0.017596719786524773	-0.7010393440723419	-18.79085397720337	28.905075073242188	-0.053063116036355495	-0.003625193436164409	2.8342781364917755	3.0490402579307556	0.18626439571380615	0.15918341279029846	0.1269346885383129	0.1470561921596527
grp-08	T2	21	630.0	0.20283309742808342	24.314512729644775	0.19716797396540642	2.879521429538727	24.314512729644775	0.19716797396540642	22.57348108291626	25.336798191070557	26.53900146484375	3.9655203819274902	316.86841583251953	400.3154067993164	121.46281242370605	184.7715892791748	0.20283309742808342	0.7561157941818237	0.07059777900576591	0.15836547687649727	0.30907419696450233	0.23847642168402672	3.8348204493522644	2.7969049513339996	2.915692239999771	2.182673305273056	0.04792327433824539	2.1377984285354614	1.3460906147956848	0.7405518740415573	2.879521429538727	1.5594515800476074	5.429560303688049	4.41250216960907	26.09425687789917	0.5591619536280632	487.3404312133789	0.3494855761528015	1233.6536254882812	0.18285779282450676	-91.80602073669434	-0.9953884482383728	1519.4792785644531	0.16452258825302124	-100.15310859680176	-0.8290093094110489	2556.22119140625	0.11551576852798462	-103.63106918334961	-0.7719959020614624	-20.254276275634766	-0.3364385589957237	29.801555633544922	0.2761354446411133	-0.004399200028274208	-11.257693707942963	-0.01704363524913788	-0.7226165533065796	-18.26058006286621	28.83444833755493	-0.05729093309491873	-0.0014392417233466404	3.009336471557617	2.589375376701355	0.2111329399049282	0.19760378077626228	0.15424443781375885	0.19951027631759644
grp-08	T2	22	660.0	0.30002203583717346	26.323427200317383	0.20102781429886818	3.8197408318519592	26.323427200317383	0.20102781429886818	23.940991401672363	25.365787029266357	30.429255962371826	6.488264560699463	302.0335998535156	404.4037857055664	111.47401237487793	178.89725875854492	0.30002203583717346	1.0638727247714996	0.08674897253513336	0.20613611675798893	0.4321799501776695	0.34543097764253616	7.4023396372795105	7.090012431144714	8.395951718091965	10.859291136264801	0.03867623349651694	2.3414573669433594	1.2856750190258026	0.7689573168754578	3.8197408318519592	1.1253403723239899	2.8680531978607178	5.173604369163513	21.73946714401245	0.5007027387619019	484.29871368408203	0.37840671092271805	1164.5187377929688	0.19892464950680733	-86.71488380432129	-1.0847513973712921	1546.0076293945312	0.16663740947842598	-93.71183013916016	-0.9164962470531464	2593.3237915039062	0.10684574022889137	-95.90243530273438	-0.874743789434433	-16.757732152938843	-0.4277995526790619	24.56109046936035	0.3203534558415413	0.010976019340887433	78.39364036917686	-0.018238328397274017	-0.6778116077184677	-17.22271966934204	26.978929042816162	-0.05243420880287886	-0.0031264941208064556	1.8756252378225327	2.581344187259674	0.22518926486372948	0.19982537254691124	0.16172701120376587	0.20610399916768074
grp-08	T2	23	690.0	0.38136422634124756	29.35522699356079	0.20963094010949135	4.571475267410278	29.35522699356079	0.20963094010949135	25.99795913696289	28.972352981567383	34.692039489746094	8.694080352783203	293.4533805847168	356.149959564209	146.00288009643555	226.58076095581055	0.38136422634124756	1.2403776496648788	0.1122201569378376	0.22900482267141342	0.5129329562187195	0.4007128030061722	10.56115972995758	9.452988684177399	9.700008928775787	11.286269545555115	0.047282686457037926	2.105742633342743	1.2767012119293213	0.7238095253705978	4.571475267410278	1.013043835759163	3.1316341757774353	6.010514974594116	21.31604242324829	0.6315388530492783	474.60526275634766	0.3655565604567528	1185.1317443847656	0.18472165241837502	-73.52621269226074	-1.2144204676151276	1518.4590759277344	0.14734521880745888	-77.88356018066406	-1.0279635190963745	2548.26123046875	0.10740085691213608	-81.09396553039551	-0.961476057767868	-16.716084003448486	-0.4389158859848976	25.44744348526001	0.3296634256839752	0.01219104090705514	3.1430448293685913	-0.01786727923899889	-0.6359439790248871	-14.514132022857666	24.29609441757202	-0.04080105293542147	-0.0035049669386353344	1.3004335016012192	2.630910813808441	0.25024687498807907	0.24756383895874023	0.12084492109715939	0.1303821336477995
grp-08	T2	24	720.0	0.1724148951470852	27.088722705841064	0.31045087426900864	2.7219481766223907	27.088722705841064	0.31045087426900864	18.915424823760986	27.0053448677063	35.30967044830322	16.394245624542236	342.2550277709961	414.5054397583008	153.1395034790039	178.81694793701172	0.1724148951470852	1.7014651000499725	0.038860948756337166	0.07807631231844425	0.2156052514910698	0.17674430459737778	10.827655911445618	9.62433111667633	8.616630733013153	8.012644708156586	0.06393324118107557	1.8429522216320038	1.4305707216262817	0.7255883365869522	2.7219481766223907	2.693011611700058	2.2882083915174007	-2.4507808685302734	16.57287287712097	1.4537638872861862	525.558219909668	0.4019530490040779	1171.4519653320312	0.24011989682912827	-162.52340698242188	-0.450435146689415	1578.1117858886719	0.16346469894051552	-160.81034469604492	-0.4441189393401146	2655.131591796875	0.10706337727606297	-161.88118743896484	-0.4289266914129257	-16.26497983932495	-0.45548129826784134	25.294883251190186	0.3262367323040962	-0.0008273967177956365	59.861871004104614	-0.015747923869639635	-0.7827840596437454	-20.519330501556396	31.760901927947998	-0.061750817112624645	-0.0011487196952657541	0.6418806165456772	1.461571216583252	0.14400867745280266	0.14162675105035305	0.5330087766051292	1.3598732352256775
grp-08	T2	25	750.0	0.07715786248445511	24.768733024597168	0.24417176842689514	2.77647602558136	24.768733024597168	0.24417176842689514	20.077228784561157	25.24130153656006	29.520638942718506	9.443410158157349	272.6204605102539	309.06960678100586	129.71546936035156	147.6571979522705	0.07715786248445511	1.2875235974788666	0.03614845033735037	0.03963189059868455	0.07286136411130428	0.036712913773953915	2.6718366742134094	2.1208400279283524	2.6441639363765717	2.4054515659809113	0.06367864273488522	1.8469885885715485	1.3675666153430939	0.6768316924571991	2.77647602558136	2.070473611354828	0.4169951528310776	-5.594309210777283	20.05192995071411	1.2429052591323853	502.12327575683594	0.4251813441514969	1227.1835632324219	0.1655634194612503	-183.1142120361328	-0.2941027134656906	1555.6564025878906	0.17896121740341187	-184.23268127441406	-0.26991521194577217	2569.8640747070312	0.12065005302429199	-184.58081436157227	-0.2634584717452526	-19.21498727798462	-0.38738130778074265	27.651986598968506	0.33085837215185165	-0.004178730159765109	-16.123620867729187	-0.016198935685679317	-0.6719824969768524	-25.24575662612915	36.84089660644531	-0.07801459915935993	-0.00010753313836175948	0.5585194975137711	0.44255178421735764	0.19334935024380684	0.1840796247124672	1.4499048590660095	2.526413470506668
grp-08	T2	26	780.0	0.07583791017532349	25.52161169052124	0.30792804807424545	2.7082599997520447	25.52161169052124	0.30792804807424545	17.569416284561157	26.10265064239502	32.199477195739746	14.63006067276001	515.9829788208008	612.7179489135742	139.64702796936035	141.97095680236816	0.07583791017532349	1.3141160756349564	0.03670361405238509	0.041117741260677576	0.08039920218288898	0.043695587664842606	5.568494379520416	7.12710165977478	3.3856875002384186	2.5007734149694443	0.06511097028851509	1.8405423164367676	1.461078703403473	0.6979142874479294	2.7082599997520447	2.321549564599991	6.0216310024261475	-2.9791884422302246	21.83581256866455	0.8014194071292877	559.9874420166016	0.4083576425909996	1265.7704467773438	0.19487156346440315	-182.17676544189453	-0.2937106564640999	1658.1488342285156	0.17996473982930183	-182.63710403442383	-0.27581773698329926	2718.132568359375	0.11369810439646244	-183.04484176635742	-0.26868755742907524	-21.762210845947266	-0.3318190388381481	31.390151023864746	0.2871665693819523	-0.02747096912935376	-1.3336324095726013	-0.0166238269302994	-0.7160128951072693	-25.735140800476074	37.820977210998535	-0.07925361581146717	-0.00038679366116411984	0.49183060228824615	0.626316711306572	0.16045961901545525	0.2014075256884098	1.2787930369377136	2.339561402797699
grp-08	T2	27	810.0	0.06637471821159124	19.781877517700195	0.5030911192297935	-0.8331741392612457	19.781877517700195	0.5030911192297935	12.9296715259552	17.67322564125061	22.903185844421387	9.973514318466187	343.97791290283203	171.3175506591797	310.22818636894226	252.1882176399231	0.06637471821159124	0.8869890421628952	0.03745181951671839	0.045545896515250206	0.08090597204864025	0.043454152531921864	1.3361114412546158	1.8208596035838127	1.2574961930513382	2.0059206187725067	0.047017671167850494	0.4480401687324047	2.176959663629532	0.6435204818844795	-0.8331741392612457	2.1884958893060684	-2.6843096166849136	23.258459508419037	4.69185733795166	1.9011475294828415	754.0076141357422	0.3699856325984001	1287.9267883300781	0.15997490659356117	-198.7067527770996	-0.07500520348548889	1779.0940551757812	0.19230252504348755	-198.52796173095703	-0.0823936453089118	2832.3470458984375	0.12729781866073608	-198.60043334960938	-0.07930742390453815	-20.78399920463562	-0.44885674118995667	33.893020153045654	0.2689811848104	-0.064859957434237	-0.7933105155825615	0.00011986856770818122	8.73963937163353	-22.50175189971924	34.375224590301514	-0.07168254628777504	8.698689634911716e-05	0.5751917213201523	0.24220678396523	0.03213235177099705	0.014083062356803566	3.902382403612137	3.121305227279663
grp-08	T2	28	840.0	0.09341492503881454	27.80424737930298	0.45472268760204315	2.006735861301422	27.80424737930298	0.45472268760204315	14.940196990966797	24.603896379470825	39.14985466003418	24.209657669067383	803.5071563720703	857.1780042648315	235.21087074279785	151.86306476593018	0.09341492503881454	1.224765956401825	0.04464538302272558	0.06070849299430847	0.10731254518032074	0.06266716215759516	3.018273949623108	3.621354952454567	1.9841624796390533	2.1941783875226974	0.03865433158352971	1.5122368037700653	1.6431763768196106	0.6293417736887932	2.006735861301422	-48.44159996509552	1.1400790810585022	5.303162395954132	12.19976632297039	22.944756388664246	534.7259521484375	0.3753870725631714	1211.2354431152344	0.1853451244533062	-194.7742919921875	-0.1549971979111433	1535.6350708007812	0.14898527786135674	-193.73918914794922	-0.16399508528411388	2650.538330078125	0.11578481830656528	-194.0101432800293	-0.1570277027785778	-15.3992018699646	-0.3628353402018547	28.242690086364746	0.23337285593152046	-0.018152575008571148	0.010930269956588745	-0.007498816412407905	-2.3940121829509735	-20.15763759613037	30.8802809715271	-0.06806972809135914	0.00019999719006591477	1.1337112337350845	0.434344045817852	0.08855654578655958	0.08014206169173121	2.5846944749355316	3.820481389760971
grp-08	T2	29	870.0	0.13551600091159344	26.117614269256592	0.3304337412118912	2.0372264832258224	26.117614269256592	0.3304337412118912	18.17879343032837	25.61185359954834	33.35002374649048	15.171230792999268	464.3972854614258	609.4786987304688	168.86894607543945	174.43891620635986	0.13551600091159344	1.1740247905254364	0.05048908572643995	0.08486550766974688	0.17012810334563255	0.11963902041316032	3.8285391330718994	4.755087852478027	3.89173823595047	5.029126584529877	0.059089170768857	1.9428604245185852	1.4407662451267242	0.7322087585926056	2.0372264832258224	4.744536533951759	8.972065329551697	3.8576671481132507	20.007399559020996	1.0611510872840881	557.4981994628906	0.4369855299592018	1234.8060302734375	0.225671648979187	-166.75804901123047	-0.41183219105005264	1607.5881652832031	0.18118903413414955	-166.11400985717773	-0.39743220806121826	2686.0069580078125	0.12010881677269936	-166.86892700195312	-0.38565684854984283	-18.55512762069702	-0.4271100088953972	27.608837604522705	0.34185943752527237	-0.01514464506180957	-4.479097485542297	-0.013409045524895191	-0.8567253351211548	-18.842576026916504	29.809189319610596	-0.0666713360697031	0.000701020716860512	0.9586528688669205	1.5447562634944916	0.11613583192229271	0.1463097147643566	0.5254870280623436	0.7436937391757965
grp-08	T2	30	900.0	0.1770905014127493	25.899378776550293	0.2874698229134083	2.7500341087579727	25.899378776550293	0.2874698229134083	18.877630949020386	25.8072452545166	33.1191029548645	14.241472005844116	292.36180877685547	393.8910446166992	185.11904335021973	246.77233695983887	0.1770905014127493	1.334765911102295	0.05679705739021301	0.0932482797652483	0.2027842365205288	0.14598717540502548	5.571581602096558	5.191288441419601	4.083170801401138	4.493809372186661	0.07042122632265091	1.8642187714576721	1.426605224609375	0.6971402615308762	2.7500341087579727	2.780086323618889	5.314303517341614	4.166029691696167	23.023107528686523	0.6520129293203354	527.3816070556641	0.39053791761398315	1241.742919921875	0.1802116520702839	-137.3984603881836	-0.6338022500276566	1568.7863464355469	0.17200930044054985	-139.7203254699707	-0.5778552442789078	2648.2427368164062	0.11254366114735603	-141.79962539672852	-0.5491473078727722	-19.8912935256958	-0.33551234006881714	29.70845651626587	0.278669536113739	-0.0044961836938455235	122.01883524656296	-0.01614115876145661	-0.7211832106113434	-19.834455490112305	30.97223472595215	-0.06321325339376926	-0.0007096952758729458	0.8419473171234131	1.7289480566978455	0.19185714423656464	0.22730933129787445	0.37987954169511795	0.5806114301085472
grp-08	T2	31	930.0	0.2310521863400936	25.950150966644287	0.2831578478217125	2.7618176639080048	25.950150966644287	0.2831578478217125	20.37404179573059	25.249938011169434	32.93854331970215	12.564501285552979	364.3340835571289	544.8066329956055	194.33685684204102	330.1895294189453	0.2310521863400936	1.114606037735939	0.075958002358675	0.139332864433527	0.2953330799937248	0.21937508136034012	6.173660457134247	5.653612375259399	5.368948400020599	5.259543418884277	0.05676140543073416	2.0164251029491425	1.3566848635673523	0.7397227883338928	2.7618176639080048	2.4190548062324524	6.598883271217346	3.42358535528183	22.31058168411255	0.8482620865106583	524.5758361816406	0.4165760949254036	1213.1154174804688	0.2098689153790474	-135.4904270172119	-0.6410172134637833	1589.5502624511719	0.1646212935447693	-137.02144622802734	-0.5909905880689621	2664.943603515625	0.10831007733941078	-138.80710220336914	-0.5665705054998398	-18.376630306243896	-0.360524445772171	27.64740562438965	0.2819829136133194	-0.007485201815143228	-10.727799445390701	-0.01458593807183206	-0.8107726722955704	-15.466590881347656	26.759435176849365	-0.05283467471599579	-0.0006187648759805597	1.2837612479925156	2.16265869140625	0.1565897837281227	0.1615401841700077	0.29793091863393784	0.4099253937602043
grp-08	T2	32	960.0	0.15206078067421913	25.478269577026367	0.2521056532859802	2.133095294237137	25.478269577026367	0.2521056532859802	20.051169872283936	26.135429859161377	29.49644184112549	9.445271968841553	318.7886428833008	415.9587097167969	266.10002517700195	389.9890937805176	0.15206078067421913	1.061114341020584	0.0572951789945364	0.09565947763621807	0.1984664462506771	0.1411712672561407	3.9458084106445312	3.1385318636894226	3.2433100044727325	3.266671985387802	0.05597736034542322	1.8298325538635254	1.654069870710373	0.6331923305988312	2.133095294237137	2.781774878501892	4.91435980796814	5.892686426639557	20.847249507904053	0.8010662496089935	500.07823181152344	0.4013620913028717	1206.9005126953125	0.19669582322239876	-146.17281341552734	-0.5658698230981827	1547.8005065917969	0.15751418471336365	-148.55209732055664	-0.5164282768964767	2593.788330078125	0.1098252609372139	-149.71678161621094	-0.5008049830794334	-18.31136417388916	-0.3883662521839142	27.658933639526367	0.31511475145816803	-0.007949745981022716	-5.848197877407074	-0.013383624842390418	-0.8397185653448105	-17.74420738220215	28.594988346099854	-0.06079442147165537	0.0004073584896104876	1.4338112771511078	2.0457582771778107	0.1350061520934105	0.13140604831278324	0.3334990590810776	0.6641544997692108
grp-08	T2	33	990.0	0.1276494525372982	20.96667718887329	0.4369261860847473	-0.7340701669454575	20.96667718887329	0.4369261860847473	13.31836724281311	17.28159260749817	30.431644439697266	17.113277435302734	285.7303524017334	174.98879480361938	92.47003698348999	84.85576725006104	0.1276494525372982	0.7026607543230057	0.0715952217578888	0.10086998343467712	0.15532280504703522	0.08372758235782385	2.0066012740135193	1.86162069439888	1.6038370579481125	1.5352149903774261	0.11284567881375551	1.1201350688934326	1.9698203802108765	0.630649596452713	-0.7340701669454575	-3.683871865272522	0.6595550775527954	3.89979887008667	-5.180562257766724	-7.048500075936317	700.5535736083984	0.34672966599464417	1167.4970397949219	0.22807518020272255	-183.41639709472656	-0.2668273523449898	1766.1271362304688	0.13450640439987183	-181.9862937927246	-0.27223411574959755	2803.5492553710938	0.10401386208832264	-182.43174743652344	-0.26472752168774605	-18.837299823760986	-0.3164905086159706	28.29601812362671	0.2654815949499607	-0.03791926987469196	-1.4506251066923141	-0.0069910588645143434	-9.855992585420609	-16.027915477752686	26.405198574066162	-0.0517056230455637	-8.713104762136936e-05	1.7441861033439636	1.2230920642614365	0.07499999832361937	0.04168359283357859	0.5847857147455215	0.48777738213539124
grp-08	T3	0	0.0	0.09650600142776966	21.156692504882812	0.25670076161623	0.4405824951827526	21.156692504882812	0.25670076161623	14.164522647857666	22.651634216308594	25.16000509262085	10.995482444763184	318.0426483154297	381.1798629760742	135.94110107421875	121.22282409667969	0.09650600142776966	0.7343131601810455	0.04095674306154251	0.074326416477561	0.13872624561190605	0.09776950255036354	1.6265554130077362	2.117144912481308	0.9140422940254211	0.7002975940704346	0.06377969030290842	1.7593224048614502	1.438630223274231	0.6587606072425842	0.4405824951827526	3.63019460439682	3.031068831682205	9.625418961048126	19.18374538421631	0.822575218975544	471.83695220947266	0.3914194032549858	1153.3589172363281	0.1972716562449932	-160.57436752319336	-0.46469879895448685	1540.4357299804688	0.14472554624080658	-163.57067108154297	-0.4185126796364784	2545.345458984375	0.10059142671525478	-163.97067260742188	-0.4130740240216255	-17.863772869110107	-0.3116273283958435	25.587364196777344	0.2696245163679123	-0.00999486690852791	-4.552394807338715	-0.01186860864982009	-0.9065429717302322	-21.651103496551514	32.669901847839355	-0.06884255539625883	-0.000207222243918892	1.1003668159246445	1.260855108499527	0.16056393831968307	0.14853820949792862	0.5687999427318573	1.0977311581373215
grp-08	T3	1	30.0	0.07959298882633448	22.145385265350342	0.17546921223402023	1.5755080878734589	22.145385265350342	0.17546921223402023	20.935555934906006	22.81533718109131	24.237403392791748	3.301847457885742	270.9561080932617	285.8363342285156	134.33071327209473	237.54816436767578	0.07959298882633448	0.7308746129274368	0.038668277207762	0.06269785482436419	0.1145042609423399	0.07583598420023918	0.9561255946755409	0.773839645087719	0.7140825688838959	0.6803643703460693	0.03558478085324168	2.082763195037842	1.441903680562973	0.6601285636425018	1.5755080878734589	3.4040233492851257	5.107218146324158	3.9375633597373962	23.11299228668213	0.6016622558236122	471.99278259277344	0.4222753345966339	1191.2891235351562	0.20004626363515854	-152.46917724609375	-0.5151984840631485	1519.323974609375	0.1774190478026867	-155.6868133544922	-0.4650508016347885	2587.1815795898438	0.09960850700736046	-156.68487930297852	-0.45101939886808395	-19.406057357788086	-0.3585375249385834	28.014148712158203	0.2994127720594406	-0.024342189310118556	-1.5644266307353973	-0.009377749403938651	-1.155847817659378	-23.043325901031494	34.10969829559326	-0.059377385303378105	-0.000252243728027679	1.750583529472351	1.7204976677894592	0.12919733859598637	0.1262527322396636	0.4149499982595444	0.6071718111634254
grp-08	T3	2	60.0	0.2965904362499714	29.404499530792236	0.2711985819041729	4.4391655921936035	29.404499530792236	0.2711985819041729	22.660027980804443	31.513389110565186	36.02815818786621	13.368130207061768	248.0354232788086	328.17886543273926	142.25562286376953	187.85853576660156	0.2965904362499714	1.40220408141613	0.0693336520344019	0.13844072073698044	0.38314882665872574	0.313815176486969	7.4246585965156555	7.521142423152924	7.994389116764069	7.3370649218559265	0.05402066372334957	2.001384884119034	1.246443897485733	0.7914056330919266	4.4391655921936035	1.273468792438507	5.649729490280151	2.8616915345191956	19.554873943328857	0.64215187728405	472.64630126953125	0.4161627069115639	1103.9992065429688	0.20057035610079765	-118.01217842102051	-0.7871524691581726	1555.74462890625	0.1522592045366764	-117.3984489440918	-0.7335548549890518	2601.5375366210938	0.09741492569446564	-118.5753002166748	-0.715965062379837	-16.004534482955933	-0.42168209701776505	23.89200448989868	0.34872326999902725	0.013605954824015498	4.082428753376007	-0.015519549371674657	-0.7730308175086975	-17.84200668334961	28.101847648620605	-0.054168700240552425	-0.000860661020851694	0.8919639736413956	2.155232608318329	0.20819181576371193	0.24159546941518784	0.24663839861750603	0.37651439011096954
grp-08	T3	3	90.0	0.14298707246780396	25.477742671966553	0.24137891456484795	2.8202489614486694	25.477742671966553	0.24137891456484795	21.268461227416992	25.920154094696045	29.859656810760498	8.591195583343506	329.16912841796875	346.42789459228516	135.69758415222168	207.4606475830078	0.14298707246780396	1.0160136222839355	0.053644382394850254	0.09809548407793045	0.1893048658967018	0.13566048257052898	5.4566890597343445	7.0930445194244385	4.207459911704063	6.872136279940605	0.05755436699837446	1.8152555227279663	1.3634013533592224	0.6907772719860077	2.8202489614486694	1.8430185168981552	4.573947310447693	6.093638598918915	23.042190551757812	0.7072637975215912	466.4741439819336	0.35957561433315277	1180.124755859375	0.1841401271522045	-131.6647777557373	-0.6803039908409119	1512.0034790039062	0.16053298115730286	-135.81123161315918	-0.6045518666505814	2573.3383178710938	0.10340953804552555	-137.60740089416504	-0.5791619345545769	-19.60641860961914	-0.3593288064002991	28.421732425689697	0.2795042023062706	-0.0036987337516620755	-2.626577317714691	-0.014504983089864254	-0.7584523856639862	-19.488222122192383	30.067689895629883	-0.05714213848114014	-0.0024822978593874723	1.233744591474533	1.9038077294826508	0.1842198632657528	0.20831253752112389	0.3072199374437332	0.44955969601869583
grp-08	T3	5	150.0	0.05307439621537924	18.68130922317505	0.2611277848482132	-0.40400123596191406	18.68130922317505	0.2611277848482132	13.231827974319458	19.43602180480957	21.89017415046692	8.65834641456604	144.61770820617676	121.91972351074219	60.08120572566986	33.125245094299316	0.05307439621537924	0.6051455959677696	0.03691793931648135	0.04143996210768819	0.058378214947879314	0.021460275631397963	0.7217491865158081	1.206682026386261	0.7683559712022543	1.3858330827206373	0.06740914657711983	1.163034226745367	1.5024922788143158	0.7195258811116219	-0.40400123596191406	0.11035645008087158	1.7166832089424133	-4.357656419277191	14.181206166744232	10.458143442869186	769.111328125	0.3700590655207634	1371.664306640625	0.1469175349920988	-196.75818252563477	-0.11136399954557419	1815.5556640625	0.14847670681774616	-196.8286895751953	-0.10799796413630247	2934.8557739257812	0.10544507019221783	-196.92294311523438	-0.10545047093182802	-25.847811698913574	-0.2129809968173504	37.428987979888916	0.16408921591937542	-0.07230096030980349	-0.4005943164229393	-0.0028862415347248316	-0.7374219000339508	-25.744991302490234	37.71665000915527	-0.08113564550876617	0.0007827822264516726	0.516838937997818	0.29225118458271027	0.0824007885530591	0.07771325949579477	4.230789393186569	5.160818338394165
grp-08	T3	6	180.0	0.06330930534750223	23.18705701828003	0.4299287870526314	-1.3067079484462738	23.18705701828003	0.4299287870526314	13.538667917251587	21.742167711257935	31.641008377075195	18.10234045982361	350.630784034729	402.3646011352539	-168.07862663269043	35.60873222351074	0.06330930534750223	0.7849477678537369	0.03811489325016737	0.04497764725238085	0.07576785795390606	0.03765296470373869	1.0669748336076736	1.448443353176117	0.7868647649884224	1.1031167209148407	0.06428146176040173	0.8687784224748611	2.0682083666324615	0.5630944669246674	-1.3067079484462738	0.9136331081390381	-0.3042446970939636	-6.265693873167038	1.2467763423919678	-5.276121631264687	727.8745422363281	0.40971312671899796	1277.2326049804688	0.2539866082370281	-198.42396545410156	-0.08477479964494705	1777.5185546875	0.18877050280570984	-198.15072631835938	-0.09193798340857029	2862.5833129882812	0.1191578358411789	-198.1577491760254	-0.09093617275357246	-20.026032209396362	-0.6478205323219299	31.273427486419678	0.40722864866256714	-0.05467369966208935	-0.841224804520607	-0.0029593712533824146	-0.7534412443637848	-23.15137243270874	34.752525806427	-0.07422740198671818	0.0008560539172322024	0.5835278332233429	0.26728480868041515	0.04270833125337958	0.02587713790126145	3.1801207065582275	3.3119967877864838
grp-08	T3	11	330.0	0.1341602671891451	24.557179927825928	0.3030060678720474	1.4071798548102379	24.557179927825928	0.3030060678720474	19.536935567855835	23.664673328399658	27.67878007888794	8.141844511032104	386.9723472595215	412.4353141784668	163.45435333251953	208.59076118469238	0.1341602671891451	1.2796567976474762	0.04727225285023451	0.0780792972072959	0.16670183464884758	0.11942958272993565	2.681037127971649	2.589039772748947	1.7139839380979538	1.6393988132476807	0.053176567889750004	1.8435367941856384	1.4139169454574585	0.681677058339119	1.4071798548102379	-0.9090330302715302	5.527082979679108	5.179251968860626	22.136363983154297	0.7879565954208374	499.69725799560547	0.4226018562912941	1209.9520263671875	0.19388319179415703	-164.0572280883789	-0.43998387455940247	1517.3880310058594	0.15962908416986465	-164.43007278442383	-0.41717782616615295	2589.6259155273438	0.1121051013469696	-165.71246337890625	-0.3988764062523842	-18.745347499847412	-0.3818789944052696	28.800743579864502	0.2871302403509617	-0.018717891303822398	-2.4713722467422485	-0.011494921520352364	-0.9974308609962463	-18.70193910598755	29.972949981689453	-0.06405787542462349	0.0012384229194140062	0.5918639451265335	1.3781827092170715	0.13950561545789242	0.14843332953751087	0.5812798738479614	1.2572108060121536
grp-08	T3	12	360.0	0.09024116955697536	22.841582775115967	0.2146037593483925	1.0441919416189194	22.841582775115967	0.2146037593483925	19.60068678855896	23.27861738204956	26.13091468811035	6.530227899551392	285.942138671875	344.8900375366211	105.60861778259277	163.2644863128662	0.09024116955697536	0.9912594854831696	0.03895968571305275	0.05542734730988741	0.11980683356523514	0.08084714878350496	1.5667700320482254	1.4820501506328583	1.2171912342309952	1.147404819726944	0.04673975333571434	1.8251866102218628	1.537136733531952	0.6418439596891403	1.0441919416189194	-1.7868916392326355	5.984513372182846	7.280678153038025	19.289249420166016	0.9644376486539841	504.8260040283203	0.43838832527399063	1192.1163635253906	0.1956172175705433	-171.87261581420898	-0.37824851274490356	1513.2146301269531	0.19701320677995682	-173.25606155395508	-0.3546864911913872	2602.763916015625	0.10597214102745056	-173.8167381286621	-0.34575463086366653	-17.209743976593018	-0.43607910722494125	25.280598163604736	0.3615275025367737	-0.0215260055847466	-2.160162791609764	-0.011486647184938192	-1.0781865268945694	-21.891411781311035	33.180333614349365	-0.07079662010073662	0.0003366970668139402	0.9503167867660522	0.8517034351825714	0.17562302388250828	0.1776890866458416	0.8736236989498138	1.4738216996192932
grp-08	T3	13	390.0	0.11194518022239208	28.520402431488037	0.256325326859951	4.696075677871704	28.520402431488037	0.256325326859951	23.797791957855225	28.676225185394287	34.28831958770752	10.490527629852295	380.7682800292969	376.2396774291992	103.8742504119873	114.12665557861328	0.11194518022239208	1.2916459143161774	0.03960539773106575	0.05804707296192646	0.1360822468996048	0.09647684916853905	3.413812518119812	3.664143592119217	1.9335092157125473	1.8376067578792572	0.04052941594272852	2.0450555980205536	1.2482701241970062	0.765267863869667	4.696075677871704	1.0953875333070755	6.2134480476379395	3.5632883310317993	23.396067142486572	0.7100664228200912	523.2658920288086	0.4071582183241844	1208.3310546875	0.20821717754006386	-169.76720809936523	-0.39658187329769135	1610.3537292480469	0.16302717477083206	-169.81948471069336	-0.375040240585804	2678.4771728515625	0.10947288945317268	-170.59617614746094	-0.36387965083122253	-20.891404628753662	-0.37261350452899933	30.267487049102783	0.2998768202960491	-0.01643575489288196	-4.2782754600048065	-0.013906231382861733	-0.9027608633041382	-21.662967205047607	33.66626596450806	-0.06939821876585484	-0.00023882841924205422	0.7002333998680115	1.1189045310020447	0.149143036454916	0.15071338787674904	0.7060003578662872	1.1165069937705994
grp-08	T3	14	420.0	0.14026215486228466	31.85738706588745	0.22878069430589676	6.244138240814209	31.85738706588745	0.22878069430589676	27.079256057739258	34.78440761566162	37.2640380859375	10.184782028198242	288.0552864074707	358.20299530029297	158.3804588317871	175.46663856506348	0.14026215486228466	1.3442983776330948	0.04232972674071789	0.06814224552363157	0.18362949043512344	0.14129976741969585	4.876869410276413	4.626384228467941	3.693650484085083	3.56627494096756	0.03498717164620757	1.9936305582523346	1.0968764126300812	0.8300693780183792	6.244138240814209	0.9167725741863251	8.836539030075073	2.202727258205414	23.577543258666992	0.647310309112072	532.6797637939453	0.35345658659935	1235.619140625	0.1809331476688385	-165.70220184326172	-0.42666810005903244	1623.433837890625	0.1590663567185402	-163.77595901489258	-0.41766244918107986	2743.5908813476562	0.10304181091487408	-164.6863136291504	-0.40415413677692413	-20.463372230529785	-0.39018261432647705	29.84987735748291	0.3108379915356636	-0.005428357166238129	-2.441564619541168	-0.016985846450552344	-0.6038769483566284	-20.888731956481934	32.41829872131348	-0.06708240322768688	-0.0005864919512532651	0.7335778474807739	1.1439546197652817	0.17510051652789116	0.17701959609985352	0.6572247818112373	1.105951189994812
grp-08	T3	15	450.0	0.16752666793763638	23.71020221710205	0.17860424518585205	1.7704579085111618	23.71020221710205	0.17860424518585205	22.4004864692688	24.692989349365234	26.04144525527954	3.640958786010742	409.3381576538086	424.0910949707031	117.65417861938477	144.1510887145996	0.16752666793763638	0.7882377505302429	0.04696427006274462	0.1250536795705557	0.2647421397268772	0.21777786687016487	3.1482094526290894	1.9658958166837692	2.3719359040260315	1.6651875525712967	0.05462354328483343	1.9487488567829132	1.4994890987873077	0.7045048475265503	1.7704579085111618	3.3736668527126312	7.462348282337189	3.4517826437950134	25.698059558868408	0.4614158719778061	476.2827911376953	0.32956191897392273	1235.065673828125	0.17409130558371544	-113.86831665039062	-0.8170759230852127	1504.0101013183594	0.16080154106020927	-120.74228286743164	-0.7035802453756332	2511.1842041015625	0.1121251042932272	-123.05083084106445	-0.6697882562875748	-20.235153675079346	-0.3522004708647728	28.558937072753906	0.2982802093029022	-0.0028954619774594903	-5.368166148662567	-0.018898917362093925	-0.6699011623859406	-21.805684566497803	33.161250591278076	-0.06441523786634207	-0.0024628380342619494	2.6592196822166443	2.413159728050232	0.17598744854331017	0.12849593348801136	0.22393011301755905	0.39684487879276276
grp-08	T3	16	480.0	0.20808755233883858	24.503242015838623	0.2076249048113823	2.3115746676921844	24.503242015838623	0.2076249048113823	22.309679985046387	25.247366905212402	27.319632530212402	5.009952545166016	394.46949005126953	402.44971466064453	122.30805206298828	212.79370880126953	0.20808755233883858	1.0094903856515884	0.0690834429115057	0.15356985293328762	0.29791395366191864	0.2288305126130581	4.056467533111572	3.5079455375671387	2.7273225486278534	2.8472432792186737	0.05186290852725506	2.1563037037849426	1.4218086898326874	0.7026585191488266	2.3115746676921844	2.283273756504059	5.614890992641449	5.212820827960968	23.49357509613037	0.5975154340267181	491.2782897949219	0.37359415739774704	1200.2537536621094	0.18489313498139381	-104.64129638671875	-0.8883435428142548	1547.2577209472656	0.15888910740613937	-111.60616111755371	-0.7589440792798996	2555.6234130859375	0.11726709827780724	-113.56741905212402	-0.7285784780979156	-19.230851650238037	-0.3683140054345131	27.054299354553223	0.3202892765402794	-0.0016655034633004107	-27.377246022224426	-0.018676131032407284	-0.6999893337488174	-18.52685022354126	29.162419319152832	-0.056783816777169704	-0.0018113743426511064	2.0506835877895355	2.7232521772384644	0.17704830691218376	0.1528167463839054	0.17866161093115807	0.23839344829320908
grp-08	T3	17	510.0	0.2170465663075447	24.314427852630615	0.1860104836523533	2.325843334197998	24.314427852630615	0.1860104836523533	22.923176765441895	25.01114273071289	26.424025535583496	3.5008487701416016	409.25767517089844	449.30516815185547	128.1630973815918	271.15882205963135	0.2170465663075447	0.7306869029998779	0.07832464203238487	0.17731937021017075	0.3320486806333065	0.25372403860092163	3.9524118304252625	2.641524374485016	2.7520839273929596	2.01410274207592	0.04815891105681658	2.2113637924194336	1.482886403799057	0.6895630955696106	2.325843334197998	1.8888199031352997	5.757189571857452	4.679547309875488	25.68046760559082	0.5208536684513092	451.8731689453125	0.29917482286691666	1221.9809265136719	0.17590857669711113	-95.04235076904297	-0.9883456230163574	1454.7567138671875	0.14789598807692528	-102.97901344299316	-0.8309436291456223	2486.379638671875	0.09560765512287617	-106.46026992797852	-0.7732701450586319	-19.28737735748291	-0.345793716609478	28.58570909500122	0.28891798853874207	0.004626019741408527	2.621261417865753	-0.0190268587321043	-0.6521523296833038	-18.072720766067505	28.517172813415527	-0.05367980431765318	-0.002561003685968899	3.0176726281642914	2.697752892971039	0.19176848977804184	0.14446888864040375	0.16408296301960945	0.19449420645833015
grp-08	T3	18	540.0	0.20936309918761253	25.407653331756592	0.23527124151587486	3.099168598651886	25.407653331756592	0.23527124151587486	23.223061084747314	25.126279830932617	28.372994422912598	5.149933338165283	339.4974136352539	464.6239318847656	132.6152801513672	133.51901626586914	0.20936309918761253	1.1955003291368484	0.06463651731610298	0.1396187972277403	0.2781864404678345	0.21354992501437664	4.374260693788528	3.4747602343559265	4.2545221745967865	4.016923367977142	0.03657110966742039	2.365207850933075	1.3119774162769318	0.7141083627939224	3.099168598651886	1.5751276016235352	8.473974347114563	2.6108155250549316	26.679747581481934	0.500420942902565	483.2801971435547	0.35600046068429947	1220.4112548828125	0.17881730571389198	-104.76374816894531	-0.8892984837293625	1507.886962890625	0.1658528596162796	-110.99255561828613	-0.7667877972126007	2573.7793579101562	0.11089237034320831	-114.12252616882324	-0.7182664126157761	-19.931854724884033	-0.34981973469257355	29.16178607940674	0.28660520911216736	-0.001598903036210686	-4.747945725917816	-0.017987634986639023	-0.6765575557947159	-18.472559213638306	28.95280170440674	-0.056954302825033665	-0.0015927042186376639	1.4838279485702515	2.421917200088501	0.19917798787355423	0.23039423301815987	0.1987973041832447	0.2504304237663746
grp-08	T3	19	570.0	0.13007825054228306	29.093661785125732	0.23699041828513145	5.608999729156494	29.093661785125732	0.23699041828513145	24.227118015289307	30.42291498184204	35.38628387451172	11.159165859222412	356.02269744873047	446.58142471313477	137.30724716186523	254.3983268737793	0.13007825054228306	1.2418301403522491	0.04119934234768152	0.0697074607014656	0.16902480274438858	0.12782545760273933	3.143005281686783	2.7955302000045776	2.598455250263214	2.7485636472702026	0.04099247697740793	2.186216861009598	1.2583110928535461	0.7626798003911972	5.608999729156494	0.9208248406648636	9.648946046829224	2.2614598274230957	27.205204486846924	0.4687277376651764	508.9310302734375	0.3767458125948906	1249.1351623535156	0.17487628757953644	-142.86479568481445	-0.587967574596405	1585.6658020019531	0.15569335594773293	-144.5443115234375	-0.5352355912327766	2662.8409423828125	0.11025286465883255	-146.36348724365234	-0.5110902041196823	-23.196343898773193	-0.31408774852752686	32.962037086486816	0.26471469178795815	-0.01003507268615067	-0.6189773678779602	-0.016275890870019794	-0.7152363359928131	-22.56650686264038	34.241002559661865	-0.07105426117777824	-0.0009566250701027457	0.883627861738205	1.7451570630073547	0.17817352339625359	0.16316624358296394	0.3633997067809105	0.6552130579948425
grp-08	T3	20	600.0	0.13202997855842113	31.335031986236572	0.21163126081228256	6.5306984186172485	31.335031986236572	0.21163126081228256	26.964082717895508	33.93386459350586	35.51635932922363	8.552276611328125	431.29811096191406	495.32691192626953	131.09283256530762	149.96967887878418	0.13202997855842113	0.9318930506706238	0.045660246163606644	0.08369516581296921	0.20774592459201813	0.16208567656576633	2.8981741964817047	2.806261360645294	2.4304541498422623	2.9447315335273743	0.05007336288690567	2.2748146653175354	1.1738027334213257	0.8097125589847565	6.5306984186172485	0.7654800042510033	7.063397169113159	3.364230990409851	23.768707275390625	0.7954145520925522	511.4325256347656	0.34256412088871	1199.4331665039062	0.20086592808365822	-153.4194450378418	-0.5127683356404305	1619.2447814941406	0.14833524450659752	-154.7990493774414	-0.4693092256784439	2727.8043212890625	0.09382014162838459	-156.02861785888672	-0.4526986926794052	-20.998956203460693	-0.31549230962991714	30.7661714553833	0.27126865461468697	-0.005919692688621581	-1.7937833368778229	-0.016028076177462935	-0.663712739944458	-20.08261251449585	31.556945323944092	-0.06149279512465	-0.0006447712803492323	1.2754251211881638	1.7456425726413727	0.14359918050467968	0.12429291196167469	0.39327196031808853	1.0172327011823654
grp-08	T3	21	630.0	0.32363320142030716	28.51684331893921	0.2344096340239048	4.237137496471405	28.51684331893921	0.2344096340239048	23.543657779693604	27.649534225463867	35.66676902770996	12.123111248016357	352.78275299072266	533.7678985595703	105.13538360595703	112.23418617248535	0.32363320142030716	1.239309012889862	0.06977716088294983	0.1897854246199131	0.4596805199980736	0.38990335911512375	7.61723792552948	7.0973522663116455	6.691991746425629	6.535269498825073	0.04636691603809595	1.980701982975006	1.3230243623256683	0.7347625643014908	4.237137496471405	1.1817216575145721	6.2645169496536255	3.018014132976532	21.15153217315674	0.6748302131891251	480.38732147216797	0.37989571690559387	1176.0193786621094	0.1891174092888832	-107.87909698486328	-0.859850749373436	1536.3048706054688	0.15261420980095863	-108.61824417114258	-0.7877396494150162	2590.2235107421875	0.10202315635979176	-110.98920059204102	-0.7500093281269073	-16.928691387176514	-0.444571889936924	26.119359970092773	0.33607207238674164	0.005471879616379738	1.3401666283607483	-0.0157959065400064	-0.6945758908987045	-15.914511919021606	26.449591159820557	-0.047267431393265724	-0.002693926304772276	1.3921307027339935	2.322084993124008	0.2153400331735611	0.19745632261037827	0.20775160193443298	0.34426429495215416
grp-08	T3	22	660.0	0.2481730729341507	25.3082537651062	0.21834517642855644	3.1426498889923096	25.3082537651062	0.21834517642855644	23.211495399475098	24.595823764801025	28.14016819000244	4.928672790527344	321.3153839111328	348.36339569091797	131.7526798248291	247.2397003173828	0.2481730729341507	1.0917698740959167	0.0720688197761774	0.15074113383889198	0.36117151752114296	0.289102703332901	4.937890827655792	4.142433702945709	3.9063114523887634	3.40741366147995	0.04848251957446337	2.143135130405426	1.4257351160049438	0.7337767332792282	3.1426498889923096	1.44966322183609	4.500983953475952	4.161017119884491	22.666359901428223	0.5090550109744072	480.5196533203125	0.3774147778749466	1213.4674987792969	0.1885475106537342	-86.53824234008789	-1.0644232630729675	1509.2750854492188	0.16656872630119324	-93.69572639465332	-0.8955681174993515	2554.7955322265625	0.10699896514415741	-96.8387565612793	-0.8399659842252731	-18.365047454833984	-0.3586582541465759	27.12042760848999	0.29664386808872223	0.003261114819906652	5.623144865036011	-0.016309012193232775	-0.7502890229225159	-19.47908353805542	29.957327842712402	-0.05193973891437054	-0.002691613248316571	1.6422140896320343	2.70606392621994	0.21184595301747322	0.20117030292749405	0.14877168461680412	0.1932748183608055
grp-08	T3	23	690.0	0.193110017105937	23.490431308746338	0.18099600821733475	1.8916783928871155	23.490431308746338	0.18099600821733475	22.312693119049072	24.414918899536133	25.890567302703857	3.577874183654785	345.0654296875	380.83589935302734	117.07221794128418	193.1677703857422	0.193110017105937	0.7736132889986038	0.06178944557905197	0.16843633726239204	0.27625521272420883	0.21446576341986656	3.4306830763816833	2.8336608707904816	2.6450789272785187	2.09932404756546	0.06032750569283962	1.9859479665756226	1.52480348944664	0.7157398611307144	1.8916783928871155	2.6976004540920258	7.009746491909027	4.41567462682724	25.51215124130249	0.4874219298362732	472.4429016113281	0.3678444176912308	1203.354248046875	0.18055104836821556	-104.01801681518555	-0.9000037163496017	1502.8307189941406	0.16403000056743622	-112.02093696594238	-0.7587061673402786	2520.4959106445312	0.10995899140834808	-114.22880744934082	-0.7248012125492096	-19.840274333953857	-0.35070953518152237	28.099416255950928	0.2990245297551155	-0.0023761703923810273	-10.217566967010498	-0.018226078944280744	-0.6880571097135544	-18.152483224868774	28.128315448760986	-0.05792987160384655	-0.001744633998896461	2.5675225257873535	2.481218636035919	0.19436974450945854	0.1643347181379795	0.2041134312748909	0.27362601459026337
grp-08	T3	24	720.0	0.21783283725380898	31.907729625701904	0.2092663086950779	7.087526917457581	31.907729625701904	0.2092663086950779	26.675869464874268	34.13258457183838	36.91609859466553	10.24022912979126	327.5077095031738	501.6302032470703	140.7807445526123	216.16906356811523	0.21783283725380898	1.3835631012916565	0.055532898753881454	0.11344614997506142	0.2985384948551655	0.24300559237599373	5.817883014678955	4.469204068183899	4.031959295272827	3.4111905992031097	0.04300704412162304	2.304782509803772	1.131642609834671	0.8367866426706314	7.087526917457581	0.7260312587022781	7.288407325744629	2.937552750110626	22.858612060546875	0.6561909765005112	497.0030746459961	0.3519681692123413	1199.0893249511719	0.17368484288454056	-114.29160690307617	-0.8051825314760208	1603.7324829101562	0.15283050388097763	-115.67718124389648	-0.7243897318840027	2679.6463012695312	0.1029998455196619	-117.59610939025879	-0.6956479847431183	-20.96235466003418	-0.3666556850075722	29.666680812835693	0.30993110686540604	0.0024590180109953508	-9.741982877254486	-0.018215159885585308	-0.6250785887241364	-20.590550899505615	31.017353057861328	-0.05773263704031706	-0.0038963938131928444	1.1920640170574188	2.1214470863342285	0.2205503061413765	0.24052052572369576	0.22700024768710136	0.3109043911099434
grp-08	T3	25	750.0	0.1657146792858839	24.890158653259277	0.23175831511616707	2.8870750665664673	24.890158653259277	0.23175831511616707	21.801230430603027	24.988791465759277	29.171067237854004	7.369836807250977	259.6897506713867	266.90080642700195	129.02233505249023	216.78043174743652	0.1657146792858839	0.8868226557970047	0.05022555682808161	0.11148510500788689	0.2588468864560127	0.2086213268339634	3.427527815103531	2.5672044456005096	2.6722772419452667	2.585205540060997	0.04568717069923878	1.9589821696281433	1.3991689085960388	0.7406753897666931	2.8870750665664673	1.790728121995926	4.683680891990662	6.644100725650787	25.14832353591919	0.5980639010667801	472.1398696899414	0.32830624282360077	1220.4490356445312	0.17998896911740303	-110.81780052185059	-0.8362456262111664	1510.314208984375	0.1601211428642273	-118.18192672729492	-0.709732785820961	2558.279541015625	0.11338357254862785	-120.74146270751953	-0.6727802455425262	-21.093611240386963	-0.3382776156067848	30.150598526000977	0.2941458523273468	-0.001787584857083857	-5.230291366577148	-0.01836765161715448	-0.6632028967142105	-20.791856288909912	31.319718837738037	-0.059372441843152046	-0.0027475251499708975	2.0340113043785095	2.447972059249878	0.18205169215798378	0.166143249720335	0.2073008045554161	0.2984710559248924
grp-08	T3	26	780.0	0.15371466614305973	25.964929580688477	0.23418157547712326	3.249882161617279	25.964929580688477	0.23418157547712326	22.738036155700684	25.78361749649048	31.082672119140625	8.344635963439941	332.43971252441406	404.1317443847656	169.34090995788574	323.1939868927002	0.15371466614305973	1.1471264362335205	0.04595228750258684	0.08249370567500591	0.2149771973490715	0.16902491077780724	4.444964677095413	3.7246466875076294	4.0868010222911835	3.457026928663254	0.055112069472670555	1.8799674808979034	1.5017721354961395	0.6789038181304932	3.249882161617279	1.4956239759922028	5.8188992738723755	4.438096225261688	22.76804256439209	0.681956097483635	492.24513244628906	0.38970543444156647	1214.729248046875	0.17506415024399757	-138.34840774536133	-0.6247589588165283	1546.0509338378906	0.15820197016000748	-142.0715675354004	-0.5589689165353775	2574.9560546875	0.11286152340471745	-143.49427795410156	-0.539988324046135	-19.957839012145996	-0.34780238568782806	29.068366050720215	0.288117378950119	-0.010610589175485075	-5.347537636756897	-0.014358626212924719	-0.8028726875782013	-20.53575086593628	31.98363733291626	-0.06633489206433296	-0.00084497599164024	1.3754585087299347	1.862520694732666	0.1719486154615879	0.1489434391260147	0.3801060616970062	0.6001777499914169
grp-08	T3	27	810.0	0.1762048304080963	27.136268138885498	0.23191803693771362	4.667684435844421	27.136268138885498	0.23191803693771362	23.410876274108887	25.710498809814453	32.46221923828125	9.051342964172363	285.57019424438477	352.2284698486328	179.45698928833008	315.2884178161621	0.1762048304080963	1.205740973353386	0.04790352564305067	0.10382768511772156	0.2214663103222847	0.17356278374791145	4.190312564373016	3.6796687245368958	3.6190919280052185	4.49507600069046	0.036601312924176455	2.215866446495056	1.1665402948856354	0.7798191905021667	4.667684435844421	1.006005421280861	3.5682504177093506	5.235703468322754	24.208208084106445	0.5203635320067406	474.7627639770508	0.34086956083774567	1192.3832092285156	0.18366976082324982	-112.88263320922852	-0.8362547755241394	1545.8876647949219	0.16373149678111076	-117.83492088317871	-0.7212625592947006	2590.5757446289062	0.10557458736002445	-119.79595947265625	-0.6919363439083099	-20.50997018814087	-0.3205183073878288	28.743711471557617	0.2871139869093895	0.005058846378233284	0.7843046188354492	-0.017971470020711422	-0.6432719379663467	-21.855100631713867	32.82674217224121	-0.06217197980731726	-0.0026503177650738508	1.1837279200553894	2.0464418530464172	0.2249942682683468	0.2422434352338314	0.25127162784338	0.3238474652171135
grp-08	T3	28	840.0	0.1488078460097313	24.926554679870605	0.20267309620976448	2.9702617526054382	24.926554679870605	0.20267309620976448	23.43451499938965	25.563373565673828	27.063342571258545	3.6288275718688965	298.7954864501953	295.8498306274414	126.79059219360352	186.065185546875	0.1488078460097313	1.2578847110271454	0.042203604243695736	0.07292443420737982	0.20414602756500244	0.16194242052733898	4.139966428279877	3.1636201441287994	3.739482134580612	4.100528851151466	0.04466279223561287	2.129688084125519	1.4066269099712372	0.673984557390213	2.9702617526054382	1.449960082769394	5.288833320140839	4.785378634929657	24.805245399475098	0.4648381844162941	477.54825592041016	0.37683188170194626	1203.6418151855469	0.17181428149342537	-137.53600311279297	-0.6456986516714096	1507.1463623046875	0.15899291262030602	-141.75188064575195	-0.5763677060604095	2539.775390625	0.10364198312163353	-143.7214813232422	-0.5487450957298279	-18.96689462661743	-0.32506074756383896	27.8528151512146	0.25731464847922325	-0.0008309911427204497	28.893070340156555	-0.01672218693420291	-0.6915497779846191	-22.46098518371582	33.6760196685791	-0.07040977850556374	-0.0012297123030293733	1.2920973598957062	1.4870705902576447	0.21224701777100563	0.25183164328336716	0.4174831882119179	0.8139847368001938
grp-08	T3	31	930.0	0.07449221145361662	21.152644634246826	0.22913724556565285	0.5575666576623917	21.152644634246826	0.22913724556565285	17.826788663864136	21.926815032958984	23.83285903930664	6.006070375442505	249.23437881469727	235.14010620117188	132.9751682281494	118.66861724853516	0.07449221145361662	0.8111086934804916	0.03891902510076761	0.05277319625020027	0.10161801613867283	0.06269899196922779	0.9946091845631599	1.3568159565329552	0.719749853014946	0.6819515079259872	0.07197078689932823	1.6115632951259613	1.5964408218860626	0.6334512382745743	0.5575666576623917	8.380823105573654	6.439096450805664	3.3623158633708954	22.20427656173706	0.6473561674356461	571.963623046875	0.4502093493938446	1252.7237243652344	0.18896329775452614	-175.71648788452148	-0.34069694951176643	1634.0989685058594	0.17707687243819237	-177.04952239990234	-0.316205520182848	2695.8720703125	0.12014444172382355	-177.5792350769043	-0.30797576531767845	-21.51710271835327	-0.30407635122537613	30.955158233642578	0.2658504620194435	-0.03711743699386716	-0.9666425883769989	-0.008269621757790446	-1.3757517784833908	-23.60835886001587	34.85642051696777	-0.07522297650575638	0.00039942044531926513	0.6563246101140976	1.0563128888607025	0.11762314848601818	0.11779625527560711	0.7518026828765869	1.3375230580568314
grp-09	T2	0	0.0	0.17013283632695675	34.858513832092285	0.13044100441038609	7.054163813591003	34.858513832092285	0.13044100441038609	34.246145248413086	35.713377952575684	37.04867935180664	2.8025341033935547	474.87939453125	574.4004020690918	108.83480262756348	221.26581478118896	0.17013283632695675	0.7769724130630493	0.07839391566812992	0.1390708852559328	0.23021206259727478	0.15181814692914486	2.476145386695862	2.3142919540405273	1.4440607726573944	1.3655876219272614	0.022770886309444904	2.2678150832653046	1.041520357131958	0.6194370239973068	7.054163813591003	0.5496802255511284	6.804084777832031	2.4613170623779297	18.272292137145996	0.6606361865997314	494.0109176635742	0.33397210389375687	1131.7161560058594	0.1918620690703392	-116.2427921295166	-0.8052200973033905	1590.8153686523438	0.13696353137493134	-114.17832946777344	-0.7633937746286392	2666.9556884765625	0.0858959760516882	-115.43983268737793	-0.742665022611618	-14.348929643630981	-0.4196060225367546	22.353193283081055	0.3236640691757202	0.004856000170548214	60.909425258636475	-0.014062264002859592	-0.740722581744194	-17.108345985412598	26.9375319480896	-0.044739493168890476	-0.0030801886750850827	1.8922974467277527	2.7895893454551697	0.1604583766311407	0.1743578091263771	0.1817115843296051	0.21489180997014046
grp-09	T2	1	30.0	0.11840015277266502	34.59519672393799	0.13622225262224674	7.5023113489151	34.59519672393799	0.13622225262224674	34.371402740478516	35.26440906524658	36.63309288024902	2.261690139770508	596.4075546264648	689.0487518310547	92.78518295288086	125.97268486022949	0.11840015277266502	0.5722792148590088	0.05822800099849701	0.10141278617084026	0.17366871610283852	0.11544071696698666	1.4770532697439194	0.9626705348491669	0.9404305815696716	0.5813380107283592	0.02459243033081293	2.574385702610016	1.1059361100196838	0.7281316369771957	7.5023113489151	0.5197373107075691	7.152408957481384	2.7617812156677246	23.156038284301758	0.49743397533893585	494.66261291503906	0.2627660371363163	1172.9654235839844	0.1584210842847824	-120.9929027557373	-0.7682680487632751	1547.6441345214844	0.15480172634124756	-121.36473083496094	-0.7145510464906693	2670.3823852539062	0.09286567196249962	-124.51270866394043	-0.6660404354333878	-16.36099338531494	-0.39924973994493484	26.965012073516846	0.29053548723459244	-0.0010224618345091585	-31.028728723526	-0.015447763493284583	-0.7296434640884399	-21.66140842437744	32.39501667022705	-0.05441644135862589	-0.004998866759706289	2.9259753227233887	2.8151472210884094	0.14348398335278034	0.10370145551860332	0.19727744162082672	0.24659501016139984
grp-09	T2	2	60.0	0.07746927719563246	33.110215187072754	0.18166600540280342	6.5306302309036255	33.110215187072754	0.18166600540280342	31.356476306915283	35.1260404586792	35.964141845703125	4.607665538787842	685.895866394043	796.1359252929688	136.09494018554688	254.8554801940918	0.07746927719563246	0.5944494307041168	0.04059248883277178	0.061267586424946785	0.10706499963998795	0.06647251173853874	1.0543054640293121	0.8627731874585152	0.6973709017038345	0.5733354613184929	0.03916748706251383	2.102838456630707	1.1772117912769318	0.609712541103363	6.5306302309036255	0.630302295088768	7.591036081314087	2.840249627828598	24.49687671661377	0.5464812964200974	485.81336975097656	0.2931351736187935	1159.2683410644531	0.16441047936677933	-177.3055191040039	-0.3366461396217346	1574.2549133300781	0.12202753126621246	-178.12280654907227	-0.3122624158859253	2657.8120727539062	0.08791190385818481	-178.81780242919922	-0.30112097784876823	-19.342039585113525	-0.28129399567842484	29.384620189666748	0.2253926880657673	-0.003801974162342958	12.824697136878967	-0.015699970768764615	-0.5988646969199181	-22.11353349685669	33.6999626159668	-0.06572975590825081	-0.0013270528143038973	1.6005335450172424	1.2107549011707306	0.088328056037426	0.055728311650455	0.6847861111164093	1.973676711320877
grp-09	T2	3	90.0	0.07307958323508501	27.81496286392212	0.2907632291316986	4.373786509037018	27.81496286392212	0.2907632291316986	20.76510763168335	25.64792776107788	36.44861698150635	15.683509349822998	635.6863403320312	628.4515419006348	82.84228801727295	99.33494758605957	0.07307958323508501	0.8736850321292877	0.03976381570100784	0.04974948428571224	0.08815866336226463	0.04839484766125679	1.8362693637609482	1.6971839517354965	1.508531928062439	1.7064868658781052	0.03141135163605213	1.237398013472557	1.283196747303009	0.6617431417107582	4.373786509037018	1.2288739085197449	8.193487286567688	2.7828425765037537	23.435012817382812	0.7842808589339256	513.8538589477539	0.41906919330358505	1206.0935668945312	0.19304637238383293	-189.37086486816406	-0.22720186784863472	1580.4291381835938	0.1638415828347206	-189.0413703918457	-0.22092460468411446	2656.1074829101562	0.09664843417704105	-189.31060028076172	-0.2149939313530922	-19.24931526184082	-0.37789005041122437	28.679348945617676	0.30041536688804626	-0.020021074218675494	-2.0892813205718994	-0.011306372587569058	-0.9260276556015015	-22.58323621749878	34.32344436645508	-0.06940309889614582	0.0001141986867878586	0.9003001004457474	0.5678023025393486	0.1063988097012043	0.0862767044454813	1.5168155878782272	2.881693124771118
grp-09	T2	4	120.0	0.05577671527862549	20.821537494659424	0.44038818776607513	-0.2924172729253769	20.821537494659424	0.44038818776607513	14.33045244216919	18.13292646408081	26.24619746208191	11.91574478149414	214.38754653930664	278.2335057258606	196.53442764282227	182.24789237976074	0.05577671527862549	0.5538990646600723	0.039172584656625986	0.04556714650243521	0.06472385488450527	0.025551270227879286	0.7874878197908401	1.1112454757094383	0.6262782290577888	1.1796703897416592	0.05285236332565546	0.7615150958299637	1.4841249585151672	0.6614407896995544	-0.2924172729253769	1.5433513522148132	7.348836302757263	2.7587798833847046	-5.342202067375183	-2.902402400970459	724.1481323242188	0.4546482563018799	1216.9024353027344	0.28027318790555	-198.74863815307617	-0.07950820587575436	1821.6250305175781	0.18018461763858795	-198.36575317382812	-0.08624013885855675	2857.902587890625	0.11401298269629478	-198.4082489013672	-0.08482057228684425	-20.907526969909668	-0.42479512840509415	31.682840824127197	0.3273967057466507	-0.053689802065491676	-0.6023005992174149	-0.0023859177890699357	-3.363763928413391	-23.93092966079712	35.72479581832886	-0.0748926866799593	5.6239485275000334e-05	0.6418806165456772	0.2588510513305664	0.03672618931159377	0.01487600733526051	3.0516775250434875	3.81562077999115
grp-09	T2	5	150.0	0.1440716003999114	21.86204719543457	0.2605269327759743	1.143817499279976	21.86204719543457	0.2605269327759743	17.973807334899902	21.021371364593506	24.283515453338623	6.309708118438721	393.82989501953125	434.1487579345703	87.5579833984375	116.74131965637207	0.1440716003999114	1.2637874633073807	0.03887863922864199	0.059841797687113285	0.1997714601457119	0.1608928218483925	4.998509913682938	4.694167137145996	4.591822370886803	3.822402060031891	0.041004753671586514	1.706788808107376	1.5167204439640045	0.7324453592300415	1.143817499279976	3.6155242025852203	1.3279719725251198	16.927663922309875	22.92162561416626	0.6186397820711136	552.6414031982422	0.41692831367254257	1248.4391784667969	0.20738038420677185	-155.35335540771484	-0.5083645731210709	1566.5736083984375	0.19115695357322693	-156.8297576904297	-0.4772643819451332	2636.1754760742188	0.12657515332102776	-158.4651336669922	-0.45436082035303116	-17.171338081359863	-0.469580739736557	27.578295707702637	0.30816975980997086	-0.005099224828882143	-10.91338312625885	-0.01166536659002304	-1.3019088506698608	-22.317710399627686	34.04905557632446	-0.0660482281818986	4.2593856051098555e-05	1.2170723527669907	1.545518010854721	0.14531929977238178	0.12426585704088211	0.4639967903494835	1.445976585149765
grp-09	T2	6	180.0	0.19580045901238918	25.480539798736572	0.2593974322080612	3.0622512698173523	25.480539798736572	0.2593974322080612	21.56497049331665	22.897637367248535	30.626983642578125	9.062013149261475	355.25462341308594	573.0573196411133	150.48447608947754	198.94757843017578	0.19580045901238918	1.2202249616384506	0.04587466875091195	0.10644576512277126	0.28624285757541656	0.24036819115281105	7.371570885181427	6.243212550878525	4.87414462864399	4.845363542437553	0.0359910586848855	2.1010533571243286	1.4543715417385101	0.7252373099327087	3.0622512698173523	1.3220455795526505	1.1529538333415985	3.0393475890159607	24.362528800964355	0.5950804278254509	491.2950210571289	0.35857171565294266	1207.9552001953125	0.17872533947229385	-133.33221054077148	-0.6694540977478027	1480.1367797851562	0.16693522781133652	-136.56229972839355	-0.6070910766720772	2574.2473754882812	0.106784263625741	-139.3149356842041	-0.5675683319568634	-18.301252841949463	-0.4510108605027199	28.753634452819824	0.3202235549688339	-0.004035933226987254	21.261317133903503	-0.014811755623668432	-0.7810451537370682	-19.03995156288147	30.064499378204346	-0.048513395711779594	-0.0009162730439697953	1.525508537888527	2.338009476661682	0.14342959225177765	0.13477875292301178	0.2831162288784981	0.3775995224714279
grp-09	T2	7	210.0	0.2495618723332882	32.47344398498535	0.17961979284882545	6.270643711090088	32.47344398498535	0.17961979284882545	32.185572147369385	33.59255027770996	35.15503215789795	2.9694600105285645	629.1300354003906	765.1275329589844	171.09432411193848	273.58848571777344	0.2495618723332882	0.8010159879922867	0.07016692496836185	0.19924802519381046	0.3955950476229191	0.3254281245172024	4.043008536100388	3.6871744096279144	3.41158327460289	3.979762151837349	0.03209146484732628	2.034546881914139	1.1449695825576782	0.8082083314657211	6.270643711090088	0.781761959195137	3.8919809609651566	-9.368848264217377	19.79542326927185	0.748032808303833	520.1901473999023	0.3255607336759567	1148.0412292480469	0.19141826778650284	-106.70183181762695	-0.8872832655906677	1603.8509521484375	0.15892743319272995	-111.52028465270996	-0.774512842297554	2645.3561401367188	0.10062247328460217	-112.9274845123291	-0.7507851123809814	-15.687299013137817	-0.4830019921064377	24.36216926574707	0.35937531292438507	0.011953290493693203	3.2416714131832123	-0.01881965436041355	-0.6123159229755402	-16.536423921585083	26.457887172698975	-0.04770783893764019	-0.003951027989387512	1.9673224687576294	2.6553107500076294	0.1756279543042183	0.13531240820884705	0.18262990564107895	0.2049059085547924
grp-09	T2	8	240.0	0.2022329568862915	23.696088790893555	0.1468340903520584	2.956539511680603	23.696088790893555	0.1468340903520584	22.318459033966064	23.51737880706787	25.339818477630615	3.021359443664551	283.7718811035156	355.97957611083984	62.98776817321777	84.4938611984253	0.2022329568862915	0.9916765689849854	0.07356681860983372	0.15904857032001019	0.2731621004641056	0.19959527999162674	5.57340407371521	4.386753082275391	3.892403408885002	3.1571205258369446	0.031277176924049854	2.22665137052536	1.2798162698745728	0.7275612950325012	2.956539511680603	1.269223764538765	6.279805779457092	2.3484023213386536	29.128020763397217	0.3308173194527626	478.8473205566406	0.3620589077472687	1217.3950500488281	0.18402530625462532	-95.7186222076416	-0.9771006554365158	1517.2115173339844	0.1522749327123165	-104.27167892456055	-0.8166996836662292	2552.3644409179688	0.10956986621022224	-107.6789722442627	-0.7605532109737396	-19.728967666625977	-0.3585856035351753	29.817741870880127	0.26450080797076225	-0.005172346893232316	-0.5354819893836975	-0.014103858964517713	-0.8731273114681244	-17.553510904312134	28.2050838470459	-0.05343928840011358	-0.00020202380255796015	1.6588863283395767	2.5812346935272217	0.19836537167429924	0.16281438246369362	0.17606428265571594	0.21503910794854164
grp-09	T2	9	270.0	0.21721415594220161	24.773600578308105	0.13019227609038353	4.171354353427887	24.773600578308105	0.13019227609038353	23.29912281036377	24.456721305847168	26.156473636627197	2.8573508262634277	275.99539947509766	413.09241485595703	116.08462333679199	206.32259559631348	0.21721415594220161	0.637192502617836	0.08348733931779861	0.187623031437397	0.32245129719376564	0.23896396160125732	3.0693704187870026	1.8194035738706589	2.5481066703796387	1.8672225028276443	0.024126938544213772	2.201160341501236	1.147717446088791	0.7679929733276367	4.171354353427887	0.8229793310165405	7.26819908618927	1.910488486289978	31.858203887939453	0.3529995158314705	483.93597412109375	0.3680502474308014	1232.614990234375	0.18657717108726501	-87.8674488067627	-1.0659322440624237	1519.7694702148438	0.16158297657966614	-97.30545043945312	-0.8742029815912247	2577.3220825195312	0.11265796050429344	-101.43283271789551	-0.8018142282962799	-20.912745475769043	-0.36031850427389145	31.30277967453003	0.2649696171283722	-0.0001488678100827201	4896.17147731781	-0.01618659100495279	-0.8333594053983688	-15.53186559677124	25.571271896362305	-0.05078824795782566	0.00046557283349102363	3.051017105579376	2.21349835395813	0.2528795301914215	0.18525006622076035	0.18953262269496918	0.2625963166356087
grp-09	T2	10	300.0	0.2547192797064781	30.534680366516113	0.19160227105021477	5.173880696296692	30.534680366516113	0.19160227105021477	24.734318733215332	32.78094959259033	33.98342800140381	9.249109268188477	549.8911209106445	703.7069702148438	96.65456199645996	178.73822402954102	0.2547192797064781	0.7496519237756729	0.08937449939548969	0.1958187259733677	0.39063091576099396	0.3012564145028591	4.620972573757172	3.1909504532814026	3.4417617321014404	2.464413896203041	0.03362082131206989	2.2521291375160217	1.2033420503139496	0.7671717256307602	5.173880696296692	0.9478772580623627	5.661935865879059	3.891196131706238	22.346210479736328	0.6618055105209351	497.58689880371094	0.313996858894825	1193.7157287597656	0.17986470833420753	-90.87272262573242	-1.0338779389858246	1552.6283874511719	0.1594248004257679	-96.41434288024902	-0.8959125131368637	2597.0381469726562	0.09776137955486774	-99.52595138549805	-0.8379557728767395	-15.693170070648193	-0.4989086017012596	25.375346660614014	0.341661237180233	0.0105997211067006	6.845275908708572	-0.016464650398120284	-0.7180869579315186	-15.590462684631348	25.439804077148438	-0.046382877975702286	-0.0030990830273367465	3.2344114780426025	2.8733713030815125	0.19073056802153587	0.13370981439948082	0.14498598128557205	0.17104221135377884
grp-09	T2	11	330.0	0.2220376469194889	27.375324249267578	0.2881861552596092	3.5958624482154846	27.375324249267578	0.2881861552596092	17.776114463806152	31.82900619506836	33.826565742492676	16.050451278686523	406.4501762390137	562.8830528259277	101.52797031402588	119.00009346008301	0.2220376469194889	0.9157441854476929	0.05387615878134966	0.13880141638219357	0.3537229262292385	0.2998467721045017	4.542981922626495	3.241169959306717	3.9310022592544556	3.0327101051807404	0.04067060071974993	2.020514100790024	1.252154678106308	0.7498702257871628	3.5958624482154846	1.4168224036693573	3.2880919575691223	5.049872636795044	21.010743141174316	0.750236451625824	527.6279373168945	0.348790779709816	1239.6761474609375	0.1838115006685257	-109.25782203674316	-0.8626896739006042	1569.6672668457031	0.17819426208734512	-112.78355407714844	-0.7840967029333115	2612.6651000976562	0.11629046685993671	-115.75813865661621	-0.7360719591379166	-15.196159601211548	-0.5430558770895004	25.11958599090576	0.37040478736162186	0.0081134446663782	2.2565150558948517	-0.01662567094899714	-0.8484945744276047	-19.180370807647705	30.374831199645996	-0.05690331198275089	-0.0017550158881931566	2.484161376953125	2.388907551765442	0.19199379161000252	0.15242567099630833	0.22588038817048073	0.3172409236431122
grp-09	T2	12	360.0	0.1969328448176384	21.76246213912964	0.2659839615225792	1.2055385559797287	21.76246213912964	0.2659839615225792	16.89166784286499	21.78394317626953	25.06796646118164	8.17629861831665	277.67461013793945	275.84361267089844	91.54574775695801	117.62271499633789	0.1969328448176384	1.1391707360744476	0.058364083990454674	0.12044830247759819	0.2967020720243454	0.23833798617124557	6.53193998336792	6.039342105388641	6.113460600376129	5.968706548213959	0.041971626691520214	1.8935661017894745	1.4915692806243896	0.6795090734958649	1.2055385559797287	4.950305819511414	5.18246653676033	4.376361668109894	24.203685760498047	0.6193442717194557	509.60575103759766	0.3962518647313118	1253.8568420410156	0.18250134959816933	-118.32701301574707	-0.7792874127626419	1513.5498657226562	0.17071641236543655	-122.73984909057617	-0.7012470960617065	2567.5964965820312	0.12140540033578873	-125.63572883605957	-0.6587100476026535	-17.567931175231934	-0.40400223433971405	27.28308629989624	0.2905105799436569	-0.008034498372580856	-8.93101841211319	-0.013007310801185668	-1.0750516504049301	-17.977998971939087	28.72685432434082	-0.05508384853601456	-0.0010040570996352471	1.4421473443508148	2.3304378390312195	0.17450179159641266	0.17128555476665497	0.24852057918906212	0.32223042845726013
grp-09	T2	13	390.0	0.20192502439022064	24.404788494110107	0.15276703611016273	3.1198930740356445	24.404788494110107	0.15276703611016273	23.043508529663086	24.474459648132324	25.697361946105957	2.653853416442871	331.69190979003906	387.9228820800781	140.55409240722656	345.8431463241577	0.20192502439022064	0.7185451686382294	0.06828537583351135	0.1643524020910263	0.3115570731461048	0.24327170476317406	2.8960285782814026	1.784539520740509	2.593807578086853	2.164659798145294	0.03064253367483616	2.5268114507198334	1.2305477857589722	0.7308831065893173	3.1198930740356445	1.1998378187417984	7.837442994117737	1.8506326973438263	28.619712352752686	0.3411271795630455	487.4179229736328	0.34239181876182556	1218.4717407226562	0.17708174884319305	-115.69525146484375	-0.80536949634552	1492.0476379394531	0.15359124913811684	-121.18511199951172	-0.7135067135095596	2503.8932495117188	0.12298507615923882	-124.71612739562988	-0.659879058599472	-18.102078437805176	-0.4138469696044922	29.269810676574707	0.27539000660181046	-0.0026761614717543125	-3.4570647478103638	-0.015742690302431583	-0.8188135474920273	-16.257842302322388	26.686448574066162	-0.054154256358742714	0.0001230319612659514	2.659219801425934	2.4298598170280457	0.17101848870515823	0.12696837447583675	0.22369606420397758	0.3229636251926422
grp-09	T2	14	420.0	0.21272337436676025	24.615203857421875	0.175509974360466	3.3745720982551575	24.615203857421875	0.175509974360466	23.0510311126709	25.151957035064697	27.233936309814453	4.182905197143555	235.9863624572754	305.85490798950195	213.3327407836914	312.9976272583008	0.21272337436676025	0.7638708502054214	0.06334029324352741	0.183158153668046	0.3279479630291462	0.26460766419768333	3.0660402476787567	3.072473108768463	2.3729888200759888	1.9413646310567856	0.04967657383531332	2.43783038854599	1.2804902493953705	0.787041962146759	3.3745720982551575	1.2224765419960022	7.401156544685364	2.1111496686935425	29.33812427520752	0.34199392050504684	489.1028594970703	0.3614232987165451	1240.8069763183594	0.19064421951770782	-107.77779769897461	-0.8708449304103851	1510.418701171875	0.16602150350809097	-114.87223434448242	-0.7481658607721329	2552.9520874023438	0.11870457604527473	-118.24397468566895	-0.6955778896808624	-19.9243803024292	-0.358007587492466	30.279351234436035	0.2681916691362858	-0.00409648670029128	23.684427082538605	-0.017521666828542948	-0.7419019490480423	-16.891019344329834	27.41619348526001	-0.057115087285637856	8.292260463349521e-05	2.1007002890110016	2.254509150981903	0.20535172894597054	0.13240641169250011	0.21875964477658272	0.2855137065052986
grp-09	T2	15	450.0	0.23303768038749695	23.696287631988525	0.15884555503726006	2.889162540435791	23.696287631988525	0.15884555503726006	21.551673412322998	23.72385883331299	25.734294891357422	4.182621479034424	265.349308013916	408.63023376464844	143.39080619812012	267.42386627197266	0.23303768038749695	1.0332696735858917	0.07048049662262201	0.15277688018977642	0.3315688297152519	0.2610883302986622	4.58677351474762	3.423087030649185	3.4794377088546753	3.1401285529136658	0.026408538687974215	2.36123263835907	1.2026897072792053	0.750299334526062	2.889162540435791	1.3337139040231705	5.308783054351807	2.626409411430359	27.439680099487305	0.4480982944369316	478.49363708496094	0.3500205799937248	1211.2168884277344	0.18219097703695297	-102.56818771362305	-0.9174625724554062	1494.0996398925781	0.16123655810952187	-109.3249397277832	-0.7966703921556473	2524.6534423828125	0.11486560292541981	-112.81402587890625	-0.7398435473442078	-18.580841064453125	-0.4147491380572319	28.63289737701416	0.28484874963760376	-0.002973732480313629	-2.501752257347107	-0.016381154768168926	-0.7541309148073196	-15.811673402786255	25.710881233215332	-0.048543037846684456	-0.0013446294324239716	1.3587862849235535	2.3556944727897644	0.20350833237171173	0.1554211564362049	0.19911163672804832	0.1960238441824913
grp-09	T2	16	480.0	0.22384443506598473	21.9663405418396	0.16415536031126976	1.9519262611865997	21.9663405418396	0.16415536031126976	19.904191493988037	21.378218173980713	23.512258052825928	3.6080665588378906	201.9104709625244	259.92016983032227	76.35198974609375	119.89111328125	0.22384443506598473	0.8610256016254425	0.07337353471666574	0.16242347471415997	0.3240571357309818	0.25068360567092896	4.527392625808716	3.329053968191147	3.943740412592888	3.486442670226097	0.031718840822577477	1.9219672083854675	1.4020715653896332	0.7266202419996262	1.9519262611865997	1.8128582537174225	1.7641464471817017	1.3594545722007751	25.218584537506104	0.4662737250328064	486.06168365478516	0.371994748711586	1225.8695983886719	0.17997859045863152	-102.59891891479492	-0.9233211725950241	1517.7798156738281	0.1701253354549408	-109.45221900939941	-0.7942659705877304	2562.9078369140625	0.12004836089909077	-112.59868240356445	-0.7416553944349289	-19.14135456085205	-0.3734625279903412	28.780015468597412	0.2770165279507637	-0.00933476211503148	-4.802096247673035	-0.015100732445716858	-0.8183534145355225	-17.722328662872314	28.12413454055786	-0.04983662534505129	-0.0015159310132730752	2.367455869913101	2.5810225009918213	0.18976353108882904	0.16787136532366276	0.18974486365914345	0.22042890265583992
grp-09	T2	17	510.0	0.2433324195444584	27.796183586120605	0.2443251609802246	4.4732173681259155	27.796183586120605	0.2443251609802246	22.740296840667725	25.421064376831055	36.433064460754395	13.69276762008667	398.8871154785156	471.4874496459961	115.74143981933594	297.08663749694824	0.2433324195444584	1.5464125275611877	0.06475441996008158	0.1311229895800352	0.28455374017357826	0.21979931741952896	11.616681933403015	11.322064220905304	9.192773818969727	8.21908563375473	0.027319684624671936	2.0733883678913116	1.1878850758075714	0.7222088724374771	4.4732173681259155	1.0103946775197983	7.318964004516602	1.8218620419502258	25.960261344909668	0.4190065339207649	516.0819396972656	0.3937564566731453	1215.3400573730469	0.2099226862192154	-107.20300483703613	-0.8719798475503922	1550.4953918457031	0.15461811795830727	-110.86661911010742	-0.7811789959669113	2649.06005859375	0.10682878270745277	-114.42515563964844	-0.7252186983823776	-16.958582401275635	-0.42305658757686615	27.098767280578613	0.31204579770565033	-0.0005294648581184447	-13.01496434211731	-0.011554812546819448	-1.0416442155838013	-18.34960389137268	29.350354194641113	-0.051289946772158146	-0.000314733919367427	0.9003001004457474	2.5309056639671326	0.18510616570711136	0.15979986265301704	0.19877080991864204	0.3269959166646004
grp-09	T2	18	540.0	0.31580132618546486	29.75875186920166	0.23816368356347084	4.271566569805145	29.75875186920166	0.23816368356347084	24.157959461212158	29.857070446014404	35.63664627075195	11.478686809539795	489.43785095214844	564.5753707885742	203.13756942749023	348.6580696105957	0.31580132618546486	0.9762398898601532	0.09765933454036713	0.2049308493733406	0.4722222462296486	0.37456289678812027	7.144480407238007	6.790013492107391	4.657973110675812	3.9786215126514435	0.04417495056986809	1.9647477269172668	1.3029943704605103	0.8026859909296036	4.271566569805145	1.144924819469452	4.7012264132499695	3.6024546027183533	19.337339401245117	0.7214740812778473	539.7252655029297	0.4144015833735466	1169.0256958007812	0.20928167924284935	-112.97919464111328	-0.8214723914861679	1556.4775695800781	0.16706732288002968	-113.53003311157227	-0.7717406749725342	2623.5237426757812	0.10739089176058769	-116.29973030090332	-0.7277643531560898	-13.982922792434692	-0.49775952100753784	23.689632892608643	0.3449368178844452	0.00516911139129661	8.012757956981659	-0.01223354390822351	-0.9564956575632095	-11.965304136276245	21.71639585494995	-0.03806027863174677	-0.0007838064339011908	1.6755584925413132	2.6821486353874207	0.16581230610609055	0.19745098799467087	0.19379546493291855	0.28554415702819824
grp-09	T2	19	570.0	0.1929716318845749	25.509350776672363	0.2169986478984356	3.157662034034729	25.509350776672363	0.2169986478984356	23.15186357498169	24.815710067749023	26.3674955368042	3.2156319618225098	295.42882537841797	319.4160346984863	133.65243530273438	183.71298789978027	0.1929716318845749	0.9570406079292297	0.054636226035654545	0.12030310556292534	0.30443650111556053	0.24980027601122856	3.9406208395957947	4.451432883739471	2.5766555070877075	2.167997658252716	0.0293163126334548	1.9423235058784485	1.2911790311336517	0.7523840814828873	3.157662034034729	1.271244928240776	6.665323793888092	2.3192076683044434	24.928354263305664	0.48118699342012405	499.0837097167969	0.385751836001873	1185.3786315917969	0.196855366230011	-139.86901473999023	-0.6243113726377487	1497.0339965820312	0.17180592194199562	-142.58089447021484	-0.5723490715026855	2553.5313110351562	0.11442806757986546	-144.76647567749023	-0.5411448329687119	-17.10675811767578	-0.4577641487121582	27.23050546646118	0.318159818649292	-0.0006801286363042891	0.5949930548667908	-0.014008850790560246	-0.9674902111291885	-16.407339334487915	27.309523105621338	-0.05423554964363575	0.0010050706623587757	1.7296719253063202	1.8591105341911316	0.16099465265870094	0.11877980642020702	0.345097117125988	0.4975096210837364
grp-09	T3	0	0.0	0.1348237730562687	33.753249168395996	0.2072608880698681	6.395385026931763	33.753249168395996	0.2072608880698681	32.33242130279541	36.01693058013916	37.14318656921387	4.810765266418457	429.10852432250977	518.1596794128418	321.6362953186035	549.7041549682617	0.1348237730562687	0.999490961432457	0.06419483106583357	0.10455428436398506	0.16706802137196064	0.10287319123744965	4.425914973020554	5.570602715015411	1.863838016986847	2.148584395647049	0.028617154341191053	2.085530787706375	1.1383956372737885	0.6759984940290451	6.395385026931763	0.7452098280191422	9.256340742111206	1.6420610547065735	23.305121421813965	0.48831960558891296	499.102294921875	0.3337051570415497	1175.1069641113281	0.18833942711353302	-135.0450839996338	-0.6510336324572563	1554.8234558105469	0.14714732766151428	-133.22245597839355	-0.6214627996087074	2693.9412231445312	0.08736091293394566	-135.68183517456055	-0.5858337134122849	-17.010211944580078	-0.37047263979911804	27.093810558319092	0.2681351490318775	-0.0026502915716264397	-21.039949655532837	-0.012156653450801969	-0.7936059087514877	-18.902324199676514	29.667645931243896	-0.05084241088479757	-0.00205701201048214	1.017005667090416	2.597058594226837	0.13076213747262955	0.11545705609023571	0.22857004776597023	0.33610107004642487
grp-09	T3	1	30.0	0.10246059857308865	33.877017974853516	0.1522740926593542	6.918090343475342	33.877017974853516	0.1522740926593542	33.75692272186279	34.77935600280762	36.29727268218994	2.5403499603271484	491.2283248901367	579.9225769042969	114.9531307220459	193.80285835266113	0.10246059857308865	0.4852932170033455	0.05994175374507904	0.09208550304174423	0.13793034479022026	0.07798859104514122	1.1473106294870377	0.7709397450089455	0.7165303826332092	0.48173025250434875	0.0260002501308918	2.632973372936249	1.098317563533783	0.6325128823518753	6.918090343475342	0.5922602713108063	8.46420431137085	1.9417102336883545	24.16807222366333	0.48909179121255875	476.966552734375	0.26241617649793625	1162.2540283203125	0.15328573808073997	-127.64106369018555	-0.701513484120369	1565.8143920898438	0.15248312056064606	-129.53245544433594	-0.6346616074442863	2711.0513916015625	0.08591757155954838	-131.8828525543213	-0.5992923155426979	-18.140601634979248	-0.34801871329545975	28.274765968322754	0.2554892338812351	-0.006274777522776276	-6.22285521030426	-0.014037699438631535	-0.7062008082866669	-21.361637592315674	31.879120349884033	-0.04514387063682079	-0.0060570414061658084	3.034344792366028	3.0978625416755676	0.11256708763539791	0.09344420861452818	0.1755695678293705	0.22032687813043594
grp-09	T3	6	180.0	0.04924260638654232	14.588316679000854	0.1947779320180416	-0.5298109129071236	14.588316679000854	0.1947779320180416	13.045149087905884	13.446202039718628	15.040387153625488	1.9952380657196045	31.016633331775665	19.836626052856445	5.992021560668945	45.12853813171387	0.04924260638654232	0.3232857882976532	0.039863111451268196	0.04509245604276657	0.055481988936662674	0.015618877485394478	0.48510535806417465	0.7528676651418209	0.3768341392278671	0.4480368234217167	0.08708200883120298	0.3004666566848755	1.964256912469864	0.4932517558336258	-0.5298109129071236	4.400267049670219	-5.88536924123764	-2.145657181739807	-0.1320631504058838	-1.846069405786693	797.9214324951172	0.37156839668750763	1394.1531982421875	0.18983850628137589	-199.9711151123047	-0.047583963721990585	1891.0283508300781	0.19238289073109627	-199.99380493164062	-0.04599190689623356	2950.059814453125	0.12702037394046783	-200.01589965820312	-0.04505824577063322	-25.388691902160645	-0.2738935500383377	37.529995918273926	0.1980365291237831	-0.07317361049354076	-0.43971046805381775	-0.003342729789437726	1.538245052099228	-24.728277683258057	36.8770170211792	-0.0729269739240408	-0.0008978037076303735	1.142047330737114	0.05845861416310072	0.021249999292194843	0.0012499999720603228	6.456249833106995	4.073649317026138
grp-09	T3	7	210.0	0.21158752590417862	30.17311382293701	0.2749001868069172	3.0038804411888123	30.17311382293701	0.2749001868069172	22.154005527496338	30.951595783233643	37.942992210388184	15.788986682891846	370.9025688171387	424.1891441345215	120.67339897155762	130.9248809814453	0.21158752590417862	1.9607028365135193	0.05141366273164749	0.08008545264601707	0.1612282730638981	0.1098146103322506	18.245620608329773	15.839296877384186	12.579545497894287	9.327151000499725	0.06387262232601643	1.4061878025531769	1.5492785573005676	0.6520642638206482	3.0038804411888123	2.119572252035141	4.906561076641083	4.238437354564667	17.97205114364624	0.9717688485980034	568.4467163085938	0.3975478485226631	1189.6915283203125	0.18967607244849205	-171.0237922668457	-0.3900080919265747	1611.6847229003906	0.15825659409165382	-168.87364959716797	-0.39409007877111435	2690.0633544921875	0.10758090950548649	-169.94896697998047	-0.37792283296585083	-14.198453664779663	-0.5283135771751404	23.866320610046387	0.35128001868724823	-0.0009115169959841296	-20.263873875141144	-0.013647439423948526	-0.8447268903255463	-18.613465785980225	29.718135833740234	-0.05727421119809151	-9.916115777741652e-05	0.6168722808361053	1.1692056506872177	0.13909854367375374	0.18646592646837234	0.7337833940982819	2.056688278913498
grp-09	T3	8	240.0	0.11503070592880249	25.84116506576538	0.3320494145154953	2.1656035482883453	25.84116506576538	0.3320494145154953	19.560766220092773	23.125064373016357	35.4353289604187	15.874562740325928	413.6430358886719	469.39157485961914	174.82915878295898	265.0636100769043	0.11503070592880249	1.101475477218628	0.042406647466123104	0.07502475660294294	0.160762220621109	0.11835557129234076	2.7774141430854797	3.0472493171691895	2.715206801891327	2.6889186799526215	0.04401718080043793	1.8726167678833008	1.4456487894058228	0.7132068425416946	2.1656035482883453	2.6204990446567535	3.753627449274063	-21.113844871520996	21.96964693069458	0.9443332254886627	554.1660461425781	0.42704371362924576	1223.0470275878906	0.19608422741293907	-163.62929153442383	-0.43596984446048737	1602.7695617675781	0.17372648790478706	-164.2352180480957	-0.4116305038332939	2698.4967651367188	0.11101798713207245	-165.5310287475586	-0.3934314101934433	-18.152820110321045	-0.3798014968633652	28.21020221710205	0.28159699589014053	-0.01261320395860821	-3.3350473940372467	-0.010993084637448192	-1.2886530458927155	-21.1485857963562	32.56201982498169	-0.05961350165307522	-0.0013570809387601912	1.0753584504127502	1.7054333090782166	0.10424733906984329	0.11246726661920547	0.4908163845539093	1.0645413249731064
grp-09	T3	9	270.0	0.2996969446539879	26.011894702911377	0.2867843359708786	2.7548482418060303	26.011894702911377	0.2867843359708786	20.009954929351807	23.488781452178955	34.028093338012695	14.018138408660889	338.28123474121094	379.1546516418457	107.84377098083496	133.31032180786133	0.2996969446539879	1.4790787398815155	0.06176837533712387	0.1419790517538786	0.43035244196653366	0.3685840703547001	12.325384259223938	12.611699938774109	8.581557035446167	7.911974191665649	0.037315430119633675	1.845272272825241	1.230377435684204	0.7501299679279327	2.7548482418060303	1.6019542962312698	4.345499515533447	3.609206408262253	23.33972692489624	0.5895314663648605	517.4395370483398	0.39754364639520645	1200.0646667480469	0.19999144226312637	-122.03363609313965	-0.7559980750083923	1560.7630920410156	0.16285447031259537	-123.22565269470215	-0.7036822289228439	2620.8043212890625	0.11370300501585007	-125.59962844848633	-0.6682656556367874	-16.40144181251526	-0.5060219839215279	26.22281312942505	0.3456265553832054	0.0006263205432333052	110.44172191619873	-0.012061126995831728	-0.9980617314577103	-16.04108953475952	26.762620449066162	-0.05355323385447264	0.0010247077007079497	0.9419806599617004	2.187708795070648	0.18470004945993423	0.15863677486777306	0.2575650028884411	0.3896709829568863
grp-09	T3	10	300.0	0.27684329077601433	22.702112674713135	0.22748740762472153	2.0165688693523407	22.702112674713135	0.22748740762472153	19.071602821350098	21.57107162475586	26.07233428955078	7.000731468200684	295.75511169433594	338.81668853759766	132.86294555664062	310.2826118469238	0.27684329077601433	1.0960682332515717	0.05957014113664627	0.16094848699867725	0.405766386538744	0.34619624726474285	6.0796922743320465	5.731510668992996	5.017596632242203	4.869625762104988	0.03659084066748619	2.0022882223129272	1.3045872449874878	0.7462543249130249	2.0165688693523407	2.249206930398941	3.0884445905685425	6.241669178009033	22.33655881881714	0.5930317640304565	504.5678482055664	0.37407470494508743	1218.6164855957031	0.18393273279070854	-106.02093315124512	-0.8959904164075851	1513.4996337890625	0.18119152635335922	-110.72928619384766	-0.801744669675827	2574.94140625	0.11861491948366165	-114.06060028076172	-0.7477449029684067	-16.678781509399414	-0.45504214614629745	26.4823579788208	0.3371423929929733	0.0026179936685366556	-10.256793141365051	-0.01732895476743579	-0.8196438252925873	-19.445597171783447	30.7127628326416	-0.05358763225376606	-0.0018056650878861547	1.575525164604187	2.472388803958893	0.1853601224720478	0.23995337262749672	0.19836481660604477	0.30802789330482483
grp-09	T3	11	330.0	0.2685333266854286	29.810742378234863	0.2566011771559715	4.414461016654968	29.810742378234863	0.2566011771559715	21.879883766174316	32.51189136505127	34.881545066833496	13.00166130065918	394.6079864501953	514.0293655395508	118.51107978820801	124.81128311157227	0.2685333266854286	0.9678228050470352	0.07714770548045635	0.18303536996245384	0.40359406918287277	0.326446358114481	5.9081403613090515	5.071167171001434	4.336152285337448	3.771970510482788	0.04549071751534939	2.0217198729515076	1.2992580235004425	0.7338942885398865	4.414461016654968	1.255280151963234	4.316496670246124	4.665912568569183	19.69432497024536	0.8223359733819962	499.89400482177734	0.3575059771537781	1152.9716186523438	0.19696622341871262	-104.23600196838379	-0.9016659557819366	1575.9044799804688	0.15124234929680824	-107.36895942687988	-0.8095315396785736	2633.8617553710938	0.0948149524629116	-109.65593910217285	-0.7709238827228546	-15.412067651748657	-0.4972671940922737	24.376197338104248	0.34690412878990173	0.006930145667865872	-12.77543419599533	-0.014490311266854405	-0.8188003748655319	-15.981596946716309	26.23129177093506	-0.048292942345142365	-0.0018567467704997398	2.0340113937854767	2.588711380958557	0.19139410182833672	0.1621759980916977	0.1849869191646576	0.32972532510757446
grp-09	T3	12	360.0	0.18494604900479317	25.25380563735962	0.1608000546693802	3.8141029477119446	25.25380563735962	0.1608000546693802	23.17706060409546	24.7855281829834	27.027491569519043	3.850430965423584	292.81353759765625	455.95035552978516	136.0953140258789	251.72506523132324	0.18494604900479317	0.7180081903934479	0.057132378220558167	0.1669357344508171	0.2790633589029312	0.2219309825450182	2.4405943751335144	1.6317656189203262	1.9151311665773392	1.3730394393205643	0.025326495058834553	2.177670508623123	1.1302973926067352	0.7499596625566483	3.8141029477119446	0.9769300669431686	7.015652298927307	2.680980086326599	27.889634609222412	0.38495248556137085	495.30003356933594	0.38734254986047745	1174.5653686523438	0.19492871686816216	-118.17844009399414	-0.7905873209238052	1533.5231628417969	0.16209005564451218	-124.06805038452148	-0.6905159950256348	2558.9563598632812	0.11915634945034981	-126.583740234375	-0.6527456790208817	-19.397165298461914	-0.3788808211684227	28.794767379760742	0.27129336819052696	0.0012091205280739814	-2.101291298866272	-0.01543946354649961	-0.826463520526886	-16.001259803771973	26.080292224884033	-0.05312635749578476	0.0010009965335484594	2.334111362695694	2.1125585436820984	0.19211064651608467	0.14654649049043655	0.26500143110752106	0.39652562141418457
grp-09	T3	13	390.0	0.38201403617858887	22.598390579223633	0.2720401957631111	0.9116222113370895	22.598390579223633	0.2720401957631111	17.764523029327393	21.564571857452393	25.88353395462036	8.119010925292969	339.1354446411133	453.66590118408203	121.6580638885498	234.14541625976562	0.38201403617858887	1.2399051785469055	0.08117636293172836	0.20745949447155	0.5566803589463234	0.47550400346517563	10.832783341407776	10.06823879480362	9.580054104328156	8.32696157693863	0.05088671110570431	1.760012149810791	1.516766518354416	0.7106885015964508	0.9116222113370895	4.9031776785850525	2.916119486093521	5.463362097740173	19.923222064971924	0.6376862153410912	554.5189819335938	0.4307056739926338	1199.8207702636719	0.197177954018116	-92.02410697937012	-1.0143963247537613	1573.9806213378906	0.18446329608559608	-96.66932487487793	-0.9067694842815399	2601.4500732421875	0.12440531142055988	-99.39652633666992	-0.8570380359888077	-15.166290521621704	-0.47711583971977234	23.365171909332275	0.3484383150935173	0.00463351487996988	2.466768205165863	-0.015600502956658602	-0.8989695161581039	-15.8003408908844	25.645644187927246	-0.04661832842975855	-0.0007134110492188483	1.4838279783725739	2.80747652053833	0.1914564073085785	0.17162124440073967	0.1577734500169754	0.22471575066447258
grp-09	T3	14	420.0	0.45346517860889435	26.472534656524658	0.2825912609696388	2.1871440708637238	26.472534656524658	0.2825912609696388	20.70141315460205	24.43752384185791	32.93581485748291	12.23440170288086	301.1013412475586	351.2607421875	110.57653045654297	129.67122077941895	0.45346517860889435	1.3296765983104706	0.11731983348727226	0.24310533702373505	0.6053429394960403	0.488023117184639	17.302330493927002	19.730643272399902	12.691921591758728	11.852188110351562	0.0552697479724884	1.7454957365989685	1.46915802359581	0.7056829780340195	2.1871440708637238	2.0786726474761963	2.4835323691368103	5.204265832901001	18.833922386169434	0.726475179195404	501.67777252197266	0.38479164242744446	1185.9473266601562	0.18834880739450455	-89.89848709106445	-1.0394039750099182	1508.3036499023438	0.1533292420208454	-92.33497428894043	-0.9459852278232574	2550.6378173828125	0.11508946493268013	-95.84487724304199	-0.8797014802694321	-14.211052179336548	-0.4884331077337265	24.013752460479736	0.3343306928873062	0.007705768308369443	12.743353962898254	-0.01497804606333375	-0.7567947506904602	-12.30432415008545	22.088271617889404	-0.03724093921482563	-0.0016131053525896277	1.22540844976902	2.8891116976737976	0.1923031285405159	0.17699918895959854	0.14047305658459663	0.17344600707292557
grp-09	T3	15	450.0	0.2079726606607437	27.186219215393066	0.23932281509041786	3.8666754364967346	27.186219215393066	0.23932281509041786	22.034016609191895	25.79746913909912	33.67194747924805	11.637930870056152	485.3968276977539	532.6602935791016	128.97397994995117	141.03264617919922	0.2079726606607437	0.9202505201101303	0.061133154667913914	0.13393826968967915	0.31888893991708755	0.2577557824552059	4.63441789150238	3.417367070913315	3.2676500380039215	2.666862517595291	0.04101227689534426	2.174397975206375	1.2837618589401245	0.7809694558382034	3.8666754364967346	1.311630740761757	5.37848687171936	3.127516031265259	24.142728805541992	0.6033521890640259	490.5533676147461	0.33269379287958145	1185.5877990722656	0.1894780620932579	-106.06945610046387	-0.8867125362157822	1556.6681213378906	0.16237057000398636	-112.07186317443848	-0.7689721882343292	2603.4899291992188	0.1089376863092184	-114.57571029663086	-0.7295799404382706	-18.051652908325195	-0.42711858451366425	27.25250482559204	0.32159050554037094	0.005952056308160536	-7.675092548131943	-0.018718480598181486	-0.7101591527462006	-18.604156017303467	28.803987979888916	-0.05267341062426567	-0.0016011538755265065	2.350783586502075	2.730461061000824	0.1701928675174713	0.1510101854801178	0.1788281761109829	0.2679547071456909
grp-09	T3	16	480.0	0.2820223458111286	26.16851043701172	0.21746524423360825	3.440359115600586	26.16851043701172	0.21746524423360825	23.369266510009766	25.539748668670654	28.947978019714355	5.57871150970459	388.5181579589844	580.1869812011719	180.58526229858398	316.34325408935547	0.2820223458111286	0.9456619471311569	0.09434695728123188	0.2056817039847374	0.4001000076532364	0.30575305223464966	7.374092519283295	6.829287588596344	5.884266883134842	5.816402912139893	0.042389472015202045	2.201804608106613	1.2741227447986603	0.7444990575313568	3.440359115600586	1.2103870064020157	4.7634517550468445	7.541744917631149	25.447867393493652	0.5745171681046486	508.98638916015625	0.39072367548942566	1199.6326293945312	0.1983398161828518	-94.32185745239258	-0.990339383482933	1535.3701782226562	0.16795463487505913	-100.55041885375977	-0.8533197045326233	2588.2947998046875	0.11299508810043335	-104.20053100585938	-0.7908957749605179	-17.56010103225708	-0.41420546919107437	27.59109926223755	0.3104487583041191	0.006472636930993758	-14.672081023454666	-0.01690588565543294	-0.7830885946750641	-14.458184480667114	24.369959354400635	-0.04323032218962908	-0.001459883291317965	1.9923308193683624	2.8895915746688843	0.181980699300766	0.1492963582277298	0.1544164977967739	0.1963220238685608
grp-09	T3	17	510.0	0.2633927892893553	22.270980834960938	0.30835454910993576	1.0379820615053177	22.270980834960938	0.30835454910993576	18.022467613220215	20.65728759765625	24.588253021240234	6.5657854080200195	355.4540328979492	479.0774459838867	129.75191116333008	175.8677921295166	0.2633927892893553	1.0242417603731155	0.08103798143565655	0.17332477495074272	0.4007229283452034	0.3196849450469017	7.171474874019623	6.910175383090973	5.243715554475784	4.654226124286652	0.046582131646573544	1.936064064502716	1.460513412952423	0.7179646044969559	1.0379820615053177	4.2577709555625916	0.863631121814251	25.788070678710938	20.57881259918213	0.6898401230573654	539.4463653564453	0.41828713566064835	1217.5464477539062	0.19988855347037315	-103.08271217346191	-0.9142565131187439	1572.3447265625	0.17283950373530388	-107.77325248718262	-0.8106277734041214	2612.654296875	0.12608018703758717	-110.33869171142578	-0.7683088332414627	-16.74337339401245	-0.44322195649147034	25.362984657287598	0.3310603052377701	0.00476696394616738	15.342574954032898	-0.01334001892246306	-1.0273522436618805	-16.372726917266846	26.688987731933594	-0.04662909545004368	-0.0011371879445505328	1.8589529991149902	2.9738452434539795	0.15828626975417137	0.17524686083197594	0.16658571362495422	0.20229459181427956
grp-09	T3	18	540.0	0.2565881684422493	25.430006504058838	0.31998688727617264	2.568719834089279	25.430006504058838	0.31998688727617264	17.394772052764893	24.79297971725464	33.34372425079346	15.948952198028564	432.44539642333984	537.7137069702148	148.5393295288086	280.31088638305664	0.2565881684422493	0.9612690657377243	0.07965764589607716	0.16800296492874622	0.3829007036983967	0.3032430484890938	6.5580006539821625	6.731929838657379	4.547684073448181	4.458093523979187	0.04358670487999916	1.9324520528316498	1.353808879852295	0.7597612887620926	2.568719834089279	2.1792417466640472	1.869377315044403	9.762973070144653	18.66805648803711	0.7807527333498001	529.9037475585938	0.3655078783631325	1197.0784606933594	0.20127196982502937	-105.88480949401855	-0.8803062289953232	1608.0326843261719	0.1729823239147663	-110.05064964294434	-0.7837055921554565	2635.283447265625	0.11584941670298576	-111.75686454772949	-0.7551090270280838	-15.742239475250244	-0.4933900460600853	24.563947200775146	0.3636091500520706	0.0005526887835003436	-23.06425780057907	-0.01569693977944553	-0.89044089615345	-15.726224899291992	25.28817892074585	-0.04831716790795326	-0.002476673060300527	1.9839946925640106	3.0498306155204773	0.15680519305169582	0.15255096554756165	0.1586194485425949	0.15284056961536407
grp-09	T3	19	570.0	0.20698087848722935	29.189218997955322	0.24925991892814636	5.034744739532471	29.189218997955322	0.24925991892814636	22.690200805664062	32.419921875	34.20803260803223	11.517831802368164	582.6115798950195	748.3296203613281	135.41272735595703	236.07902336120605	0.20698087848722935	0.7868064641952515	0.07404033094644547	0.1536288857460022	0.30634618550539017	0.2323058545589447	4.283684104681015	3.0699892044067383	2.9176638424396515	2.6024979948997498	0.035964141599833965	2.4587261080741882	1.1521686911582947	0.826211154460907	5.034744739532471	1.1497132927179337	2.703983500599861	8.209911584854126	19.75371551513672	0.7055086046457291	546.9838027954102	0.32031556218862534	1219.2377624511719	0.1849754899740219	-103.78888702392578	-0.886731892824173	1634.8309936523438	0.1610284447669983	-108.42472648620605	-0.7811837047338486	2675.9332275390625	0.10937663540244102	-110.83703804016113	-0.7415409982204437	-16.695692777633667	-0.4405068904161453	25.731914043426514	0.33926039934158325	-0.005300331860780716	-4.203607648611069	-0.016557366121560335	-0.7759440690279007	-18.141712427139282	28.00444793701172	-0.05381659045815468	-0.003167091024806723	2.484161466360092	2.8070234656333923	0.1726822704076767	0.14708558470010757	0.16307219117879868	0.1878259778022766
grp-09	T3	20	600.0	0.13769645988941193	27.386229991912842	0.23265720903873444	4.401993036270142	27.386229991912842	0.23265720903873444	22.741692543029785	26.609275817871094	33.129828453063965	10.38813591003418	395.80761337280273	590.4087753295898	208.6061668395996	345.8851623535156	0.13769645988941193	0.9333222657442093	0.04580207820981741	0.08636816777288914	0.2005993276834488	0.15479725040495396	2.613867223262787	2.2537995278835297	2.0188144594430923	1.891520842909813	0.039548509288579226	2.249505341053009	1.2038202583789825	0.773204579949379	4.401993036270142	1.1170620173215866	6.246691465377808	3.209525018930435	25.623212337493896	0.5981767252087593	509.26839447021484	0.36017126590013504	1214.9583435058594	0.18663908168673515	-135.965425491333	-0.6470198035240173	1580.0254821777344	0.14778773859143257	-139.6342658996582	-0.5795363858342171	2629.1466064453125	0.10686439089477062	-141.45029067993164	-0.5535736307501793	-19.693693161010742	-0.3589927852153778	29.369410514831543	0.2777116969227791	-0.01169997692340985	1.8556077480316162	-0.013855139492079616	-0.8094689548015594	-20.313902854919434	30.966100692749023	-0.061876775696873665	-0.0009789477480808273	1.6255418360233307	1.8042099177837372	0.17905893549323082	0.15207479894161224	0.35025014728307724	0.6680269539356232
grp-09	T3	21	630.0	0.17240633256733418	23.670092582702637	0.2232641726732254	1.9764309227466583	23.670092582702637	0.2232641726732254	21.855164527893066	23.07315969467163	24.5162935256958	2.6611289978027344	331.28095626831055	449.3973388671875	137.80635833740234	202.30476760864258	0.17240633256733418	0.7968269884586334	0.06537540163844824	0.14396121352910995	0.24440354853868484	0.17902815155684948	3.293223261833191	3.508556544780731	2.2497735172510147	2.2378906905651093	0.03962257131934166	2.099211424589157	1.378204733133316	0.6712756454944611	1.9764309227466583	3.0970315039157867	6.12194961309433	3.0083727538585663	26.210879802703857	0.4803161174058914	505.7486877441406	0.42338408529758453	1192.7555847167969	0.2008369117975235	-113.23554992675781	-0.8124421536922455	1531.4476623535156	0.17547961696982384	-119.12571144104004	-0.7099199593067169	2562.9375	0.11851154826581478	-121.65196418762207	-0.670657679438591	-19.36891222000122	-0.3538324758410454	28.74245834350586	0.26872745528817177	-0.011667556027532555	7.924923896789551	-0.012990578543394804	-0.9286923408508301	-17.618311405181885	27.8046612739563	-0.05619169492274523	0.00014192696835380048	1.733911320567131	2.688710868358612	0.16256484016776085	0.13525187596678734	0.1985543668270111	0.3356671519577503
grp-09	T3	22	660.0	0.1741100586950779	29.192413806915283	0.23775923252105713	4.75287139415741	29.192413806915283	0.23775923252105713	22.687520503997803	31.093197345733643	35.395206451416016	12.707685947418213	473.25767517089844	607.8041076660156	162.1528263092041	281.5885581970215	0.1741100586950779	0.8809896558523178	0.0668148323893547	0.11553204618394375	0.2484162151813507	0.181601382791996	3.691689372062683	2.531500428915024	2.9900429248809814	2.172678604722023	0.03655258985236287	2.343612253665924	1.1746204495429993	0.7313709855079651	4.75287139415741	1.066553846001625	6.50419020652771	2.6133305430412292	24.352858543395996	0.5908220708370209	504.58404541015625	0.3581405207514763	1208.080322265625	0.17924600094556808	-113.40326118469238	-0.8078505843877792	1569.3917236328125	0.1505666933953762	-117.41015243530273	-0.7177705764770508	2626.6334838867188	0.11092237010598183	-119.74413108825684	-0.6825788021087646	-18.274980068206787	-0.4062839671969414	27.510517597198486	0.29635755717754364	-0.004349120892584324	-2.4118908643722534	-0.013459676643833518	-0.8106137067079544	-18.40057945251465	28.680261611938477	-0.048249611631035805	-0.002889345691073686	2.309103101491928	2.8320767879486084	0.15318620018661022	0.16290687397122383	0.17285585030913353	0.2157929241657257
grp-09	T3	23	690.0	0.21639000996947289	24.480555057525635	0.27309758961200714	1.8428032100200653	24.480555057525635	0.27309758961200714	19.80455207824707	22.946206092834473	29.03462028503418	9.23006820678711	397.672420501709	570.3741874694824	161.51626205444336	325.6481819152832	0.21639000996947289	1.400270402431488	0.05323971249163151	0.10438957810401917	0.2827729880809784	0.22953328117728233	8.611740469932556	8.335127174854279	6.680949330329895	5.977445602416992	0.04575083497911692	1.9547691345214844	1.3752398788928986	0.7624534517526627	1.8428032100200653	2.443519711494446	2.519516795873642	7.0802560448646545	22.368269443511963	0.615803137421608	555.6564788818359	0.4094921424984932	1221.1404418945312	0.2134479582309723	-137.73837852478027	-0.6289929002523422	1580.4433898925781	0.17187417671084404	-139.87799072265625	-0.5846062079071999	2627.7621459960938	0.12103496305644512	-141.72315216064453	-0.5586924329400063	-16.120265245437622	-0.5145577117800713	25.315964221954346	0.35578344017267227	-0.002774402244540397	-18.00406849384308	-0.012745542917400599	-1.0085177570581436	-18.261465311050415	28.827665328979492	-0.055103786289691925	-0.0006607935938518494	1.1503834575414658	2.1466562747955322	0.14343591034412384	0.16047389060258865	0.2957102507352829	0.607059121131897
grp-09	T3	24	720.0	0.16705507971346378	17.65688943862915	0.18196715041995049	-0.23788823187351227	17.65688943862915	0.18196715041995049	15.580010414123535	17.15565299987793	18.61675214767456	3.0367417335510254	160.64684295654297	120.81258392333984	62.43865776062012	58.4131383895874	0.16705507971346378	0.5920134335756302	0.07468794845044613	0.13755550608038902	0.24767756834626198	0.17298961617052555	2.404085412621498	2.094160407781601	2.0459022521972656	1.9555635899305344	0.03861891897395253	1.5299442410469055	1.2113582789897919	0.8031897395849228	-0.23788823187351227	-0.6095999479293823	3.6473888158798218	1.6391271948814392	20.282707452774048	0.8156621903181076	509.8539810180664	0.4618641287088394	1156.3787231445312	0.1852082945406437	-139.42449378967285	-0.6170710399746895	1577.8489379882812	0.1590733341872692	-143.63394355773926	-0.5528788790106773	2606.7944946289062	0.11428927257657051	-144.8743782043457	-0.5349671393632889	-16.4455828666687	-0.350601963698864	25.849904537200928	0.2763262018561363	-0.013409622653853148	-4.492866069078445	-0.006586444404092617	2.7232779264450073	-14.221733570098877	23.50653839111328	-0.04313674755394459	-0.0009704557451186702	2.417794942855835	1.905252456665039	0.16153535060584545	0.1481210384517908	0.313756600022316	0.31900783628225327
grp-10	T1	0	0.0	0.18478872254490852	30.174360752105713	0.21012255549430847	5.051802754402161	30.174360752105713	0.21012255549430847	26.62437391281128	31.85949420928955	34.22174644470215	7.597372531890869	423.3648796081543	519.1307754516602	164.9278564453125	288.9436340332031	0.18478872254490852	0.9168974012136459	0.05888566095381975	0.12368792481720448	0.2874586805701256	0.2285730205476284	3.765260010957718	3.0798986852169037	2.7319503128528595	2.741028353571892	0.03559754276648164	2.3411346673965454	1.1857465207576752	0.7973666936159134	5.051802754402161	1.042933702468872	4.190167967230082	27.01456594467163	21.267022609710693	0.7835203260183334	488.8845901489258	0.3045888617634773	1183.5425720214844	0.18358798325061798	-116.97780418395996	-0.7946494519710541	1615.445556640625	0.14826172217726707	-120.96801567077637	-0.6998677998781204	2623.1029052734375	0.0929969996213913	-121.76045417785645	-0.6883670687675476	-17.580864429473877	-0.39437533915042877	24.676891326904297	0.3743686079978943	0.005418569431640208	4.142196446657181	-0.02098429249599576	-0.5109848976135254	-17.693991661071777	27.416625022888184	-0.04686436429619789	-0.004563044145470485	2.1257085502147675	2.405395984649658	0.17617292702198029	0.1630195900797844	0.22376510873436928	0.2585536316037178
grp-10	T1	1	30.0	0.11985923536121845	33.94486904144287	0.1636087018996477	6.865177869796753	33.94486904144287	0.1636087018996477	33.905006408691406	35.26965522766113	36.806278228759766	2.9012718200683594	568.4050445556641	711.9854202270508	115.2462272644043	145.82262420654297	0.11985923536121845	0.808511033654213	0.059158521704375744	0.09879066795110703	0.1651009265333414	0.10594240389764309	1.708117038011551	1.5791229605674744	1.2356246709823608	1.8560505509376526	0.03197895735502243	2.5763561129570007	1.1114583015441895	0.7583451867103577	6.865177869796753	0.6812941133975983	7.256791830062866	3.380437061190605	22.98555278778076	0.6580634117126465	472.9353256225586	0.26523806154727936	1151.761962890625	0.16108134388923645	-125.97495079040527	-0.7277165353298187	1563.1849060058594	0.15911966189742088	-128.31743049621582	-0.6576396152377129	2662.7847290039062	0.09095344506204128	-130.3221435546875	-0.627357691526413	-17.836647272109985	-0.3489890471100807	27.099265098571777	0.27839911729097366	0.0022968968842178583	4.560334801673889	-0.016176059609279037	-0.6409270912408829	-20.529900550842285	31.013856887817383	-0.052088718861341476	-0.004041164822410792	1.6005334854125977	2.614433765411377	0.14105235040187836	0.10401526279747486	0.2090417928993702	0.2505562901496887
grp-10	T1	2	60.0	0.11501528695225716	34.87246131896973	0.11648476496338844	7.428500175476074	34.87246131896973	0.11648476496338844	34.302419662475586	35.170472145080566	36.74327278137207	2.4408531188964844	392.5645637512207	554.6156234741211	96.00220394134521	165.7702136039734	0.11501528695225716	0.512175939977169	0.06602383404970169	0.1032685749232769	0.1581258289515972	0.09210199676454067	1.4822217971086502	0.9565838277339935	0.8303726613521576	0.5495261624455452	0.02428871113806963	2.299967795610428	1.106490671634674	0.6928898990154266	7.428500175476074	0.47330787032842636	8.8673757314682	1.8914548605680466	24.675129413604736	0.459437258541584	485.60135650634766	0.2564484290778637	1164.3124694824219	0.15307407081127167	-110.26192665100098	-0.8530303239822388	1582.7550659179688	0.14123942703008652	-113.7877140045166	-0.7465223148465157	2689.6832885742188	0.08387609198689461	-116.48530197143555	-0.7023591324687004	-18.616004467010498	-0.3598593398928642	27.991111278533936	0.2689285948872566	-0.00451622706168564	-21.019671618938446	-0.015653582755476236	-0.6461541056632996	-20.474857330322266	30.348500728607178	-0.04539072327315807	-0.006638045888394117	3.067689299583435	3.039412260055542	0.14772710017859936	0.10425587557256222	0.1569918543100357	0.18412095680832863
grp-10	T1	3	90.0	0.12655614875257015	35.56621837615967	0.12240204401314259	7.903200149536133	35.56621837615967	0.12240204401314259	34.67955207824707	35.68946361541748	37.53813076019287	2.858578681945801	379.2304382324219	496.4548683166504	125.52431201934814	236.41544342041016	0.12655614875257015	0.5387327373027802	0.06834153831005096	0.11002848297357559	0.17764414846897125	0.10930261015892029	1.516096591949463	1.0401431322097778	1.0976335555315018	0.7261654436588287	0.021004159469157457	1.871270090341568	1.0774103701114655	0.6633228212594986	7.903200149536133	0.4632707014679909	9.786276698112488	1.719395473599434	24.402801513671875	0.5557319670915604	481.6407775878906	0.2845673933625221	1146.8025817871094	0.18145417422056198	-110.27599334716797	-0.8479299694299698	1572.2873840332031	0.13468437641859055	-112.56413078308105	-0.7503672689199448	2667.1104736328125	0.08759310282766819	-114.85592269897461	-0.7127676606178284	-18.380605220794678	-0.38750819861888885	27.589630126953125	0.3047272637486458	-0.00026519376115174964	-42.7575318813324	-0.014900921378284693	-0.6838636100292206	-19.85719633102417	29.490612506866455	-0.050243753008544445	-0.005413070612121373	3.4928309321403503	3.2241899967193604	0.14153160154819489	0.10763698071241379	0.1473202295601368	0.19892144575715065
grp-10	T1	4	120.0	0.06112712062895298	32.45590543746948	0.24668695405125618	5.737780332565308	32.45590543746948	0.24668695405125618	27.839867115020752	34.70917987823486	37.39841842651367	9.55855131149292	583.9094505310059	592.45778465271	163.9879710674286	162.29846954345703	0.06112712062895298	0.5630357712507248	0.03976560290902853	0.04617954231798649	0.07566635869443417	0.035900755785405636	0.9201788157224655	0.8754208534955978	0.634584091603756	0.5445839464664459	0.03436891082674265	1.8797710835933685	1.3026172816753387	0.6791168004274368	5.737780332565308	0.9887546822428703	7.521052032709122	9.657613217830658	20.881415367126465	1.1565075069665909	481.00203704833984	0.2776590958237648	1148.4942321777344	0.1622587963938713	-184.56807327270508	-0.266553096473217	1604.2960815429688	0.13729825243353844	-183.94543075561523	-0.25829464569687843	2637.1260375976562	0.09033960476517677	-184.34941864013672	-0.25136326998472214	-20.340110301971436	-0.28895801305770874	29.348167896270752	0.23377935215830803	-0.012438844423741102	-2.6772620677948	-0.01635657623410225	-0.5862013176083565	-24.628209114074707	36.07280874252319	-0.07548274472355843	-0.0014093429781496525	1.6088696420192719	0.8266533464193344	0.09205356705933809	0.06792419543489814	1.0062504410743713	3.2651825845241547
grp-10	T1	5	150.0	0.043900811579078436	10.319681882858276	0.08880919590592384	-1.4102185666561127	10.319681882858276	0.08880919590592384	9.370546340942383	9.98033881187439	10.97402310371399	1.6034767627716064	55.49283981323242	10.260440826416016	-39.801963806152344	29.505115032196045	0.043900811579078436	0.25609614700078964	0.03848560759797692	0.04130238527432084	0.04670300520956516	0.00821739761158824	0.4360236404463649	0.8175492277368903	0.15835826098918915	0.17561021447181702	0.026635925518348813	0.19510884582996368	1.8673458099365234	0.48813924193382263	-1.4102185666561127	0.2766025960445404	5.834920287132263	1.4671483039855957	7.157557249069214	-4.778647739440203	684.4962005615234	0.18375102803111076	986.8867492675781	0.1102357804775238	-200.1667022705078	-0.038880838081240654	1483.2427062988281	0.0938468836247921	-200.17149353027344	-0.03822859562933445	2323.4437255859375	0.05482918117195368	-200.18417358398438	-0.0376153914257884	-19.838210582733154	-0.1661706641316414	28.58661460876465	0.13334921002388	-0.06571418233215809	-0.2346569150686264	-0.0010735964769992279	-8.527098327875137	-26.44529151916504	38.30602169036865	-0.08385004475712776	0.0002754864663074841	0.42514170706272125	0.075192179530859	0.01549999974668026	0.0010000000474974513	10.773035228252411	2.4483323097229004
grp-10	T1	6	180.0	0.053864880464971066	32.18266248703003	0.2775323614478111	6.33957576751709	32.18266248703003	0.2775323614478111	26.792400360107422	35.8877067565918	37.47512245178223	10.682722091674805	542.6337394714355	611.9342441558838	81.42896366119385	62.09393548965454	0.053864880464971066	0.6266661137342453	0.03767588082700968	0.04097711853682995	0.055148075334727764	0.017472194507718086	0.9107609391212463	0.786174088716507	0.6949168890714645	0.5461533293128014	0.032477273140102625	1.8712681978940964	1.4344289898872375	0.7062487304210663	6.33957576751709	0.8760102167725563	1.87287075817585	-64.47787606716156	18.883849382400513	1.178903266787529	526.7784423828125	0.3758605420589447	1154.8248901367188	0.1511029750108719	-189.24261856079102	-0.22350635193288326	1593.1819763183594	0.15623553842306137	-188.91340255737305	-0.21824334375560284	2710.8571166992188	0.0902381893247366	-189.36863708496094	-0.20884739235043526	-19.107386589050293	-0.3772566020488739	29.519986152648926	0.2786163091659546	-0.01823010155931115	-2.299231082201004	-0.014304524287581444	-0.6011057868599892	-26.07715082168579	37.82646942138672	-0.08077799342572689	-0.0004581237917591352	0.8086028546094894	0.5511468723416328	0.09682291280478239	0.07730179978534579	1.4096539318561554	3.09260630607605
grp-10	T1	7	210.0	0.16549823246896267	23.390387535095215	0.33530455082654953	1.30862233415246	23.390387535095215	0.33530455082654953	16.367655038833618	21.274880409240723	33.19559288024902	16.827938079833984	280.7781295776367	365.26000213623047	163.62889099121094	259.3776435852051	0.16549823246896267	0.8668181151151657	0.05489759519696236	0.1052137166261673	0.2553655430674553	0.20046795159578323	3.7336283922195435	2.9518938064575195	3.0702467560768127	2.48660646378994	0.057539334520697594	1.7001889646053314	1.5623602867126465	0.7514078766107559	1.30862233415246	-4.357275694608688	4.559003829956055	4.614822447299957	25.023204803466797	0.5435434207320213	517.922248840332	0.40360546857118607	1232.4969177246094	0.18144942075014114	-127.09637832641602	-0.7072068303823471	1600.0632934570312	0.1710250861942768	-131.5257797241211	-0.6297391057014465	2650.2495727539062	0.10726639069616795	-133.11705017089844	-0.6069548428058624	-19.77060842514038	-0.34610577672719955	28.616294384002686	0.2938673570752144	-0.006118432153016329	-1.9001405537128448	-0.01435795845463872	-0.8157726377248764	-19.562294483184814	29.666285037994385	-0.05841563083231449	-0.002005116955842823	2.3507836163043976	2.26285919547081	0.1618611328303814	0.16087567806243896	0.26176227629184723	0.44377855211496353
grp-10	T1	8	240.0	0.12138433754444122	30.59477710723877	0.16465250961482525	5.709995150566101	30.59477710723877	0.16465250961482525	31.162419319152832	32.01020622253418	32.8281192779541	1.6656999588012695	583.8042221069336	626.2379989624023	148.42929458618164	213.28980255126953	0.12138433754444122	0.7481187880039215	0.041994715109467506	0.07321199215948582	0.19541370123624802	0.15341898426413536	2.6338666677474976	1.8989191204309464	1.7754811346530914	1.6981759816408157	0.0391929647885263	2.206631362438202	1.1042953431606293	0.7928335517644882	5.709995150566101	0.8058771789073944	3.3561326265335083	5.945386916399002	23.83645248413086	0.7188003584742546	495.0110321044922	0.2961731031537056	1195.9582214355469	0.1657877005636692	-137.0346565246582	-0.6478903144598007	1602.0355224609375	0.15278881788253784	-141.8497657775879	-0.5672089457511902	2622.2850341796875	0.09305874444544315	-143.0071907043457	-0.5508915036916733	-19.67962121963501	-0.34099230915308	27.78007698059082	0.2933211252093315	-0.004273935977835208	6.722754865884781	-0.0193383083678782	-0.5252436697483063	-22.488143920898438	33.4816689491272	-0.07231191731989384	-0.0007204704343166668	2.1590529680252075	1.6033459901809692	0.20007732138037682	0.13656173273921013	0.41500313580036163	0.6182156950235367
grp-10	T1	9	270.0	0.1890961080789566	23.090742111206055	0.18242624029517174	1.7615607660263777	23.090742111206055	0.18242624029517174	21.449554920196533	23.70828676223755	24.844562530517578	3.395007610321045	387.91016387939453	416.6789245605469	141.53447341918945	226.0342779159546	0.1890961080789566	0.7364147156476974	0.0517698610201478	0.14710802026093006	0.2996032778173685	0.24783341214060783	3.6426376402378082	2.4733729511499405	2.6382328271865845	1.8913400396704674	0.04061503708362579	2.059082478284836	1.474107712507248	0.6847453713417053	1.7615607660263777	25.11709424853325	2.2772776409983635	-3.1379387378692627	21.314722537994385	0.5059042721986771	464.8833541870117	0.3114212676882744	1147.641845703125	0.18884562700986862	-128.18760871887207	-0.7072983682155609	1491.6459045410156	0.14216632023453712	-133.77794647216797	-0.6189842894673347	2504.70361328125	0.09087005071341991	-135.33212661743164	-0.5956845507025719	-18.385348796844482	-0.32656075432896614	27.301241874694824	0.2738955393433571	-0.005400397290941328	-6.96701842546463	-0.017992664827033877	-0.6053138226270676	-20.141728162765503	30.40177631378174	-0.059134590439498425	-0.003674506959214341	2.667555868625641	2.3046092987060547	0.14788671396672726	0.14300012588500977	0.26349711790680885	0.334408413618803
grp-10	T1	10	300.0	0.15738695301115513	27.031641483306885	0.2307252734899521	3.8707629442214966	27.031641483306885	0.2307252734899521	22.025394916534424	29.055618286132812	31.858840465545654	9.83344554901123	363.4113464355469	437.4769287109375	157.53243446350098	226.26149940490723	0.15738695301115513	0.9506284147500992	0.04653796972706914	0.09761101379990578	0.2240251675248146	0.1774871964007616	4.221717461943626	3.344031497836113	3.375436916947365	3.2053318545222282	0.0496825547888875	1.9699678421020508	1.474304735660553	0.781261220574379	3.8707629442214966	1.4156662076711655	5.605946779251099	3.131672203540802	26.981430053710938	0.566451296210289	492.03343200683594	0.33732084929943085	1203.0409851074219	0.20102664828300476	-131.17733573913574	-0.6729138493537903	1588.25927734375	0.17163020744919777	-136.5476779937744	-0.5819859281182289	2669.385498046875	0.1101166233420372	-137.9925136566162	-0.5618872791528702	-21.517791271209717	-0.315042108297348	30.121159076690674	0.27670737728476524	-0.008698861696757376	0.03696289658546448	-0.020457022357732058	-0.5660486146807671	-21.973386764526367	32.63001871109009	-0.060123284347355366	-0.0050956562627106905	2.0173391103744507	2.421509861946106	0.13985411450266838	0.11083729937672615	0.24447782337665558	0.34842927753925323
grp-10	T1	11	330.0	0.19147138111293316	20.088961124420166	0.23525848612189293	-0.24869156256318092	20.088961124420166	0.23525848612189293	16.31329107284546	19.86273193359375	23.050296306610107	6.737005233764648	252.4288444519043	339.3656539916992	122.79167747497559	154.73215293884277	0.19147138111293316	0.9449856579303741	0.05218982417136431	0.1223686346784234	0.29324054159224033	0.24105071648955345	4.485112935304642	4.487239480018616	3.82510769367218	4.230041399598122	0.06234403885900974	1.774139791727066	1.8077998757362366	0.7489511370658875	-0.24869156256318092	28.307002305984497	2.2210516035556793	-0.9726144075393677	23.904436111450195	0.6771430224180222	493.1838607788086	0.4178154319524765	1221.5877380371094	0.186349056661129	-125.45913124084473	-0.7220322489738464	1533.7911987304688	0.18560464680194855	-130.3557891845703	-0.6421166509389877	2623.096923828125	0.10817557759582996	-132.13030624389648	-0.6165285706520081	-20.10693597793579	-0.3503948971629143	28.68807315826416	0.2889415770769119	-0.009445702860830352	2.7322358787059784	-0.015785173512995243	-0.7853446155786514	-19.78483009338379	29.902453899383545	-0.060259836725890636	-0.0030998475558590144	1.9589863121509552	2.3554489612579346	0.15862592309713364	0.16590166464447975	0.25240207836031914	0.40910691022872925
grp-10	T1	12	360.0	0.17130262404680252	28.385873317718506	0.26733896508812904	4.480518877506256	28.385873317718506	0.26733896508812904	20.352304935455322	31.620615482330322	34.24400329589844	13.891698360443115	550.3759155273438	621.8667297363281	135.2285213470459	183.44165992736816	0.17130262404680252	1.010319083929062	0.04923728480935097	0.11319150775671005	0.23815759643912315	0.1889203116297722	3.7507011592388153	3.0786978602409363	3.2495495676994324	3.0225821286439896	0.04348021652549505	2.1591492891311646	1.2742156386375427	0.8338401317596436	4.480518877506256	1.2873774766921997	4.404990166425705	6.75007700920105	23.17394781112671	0.7659109085798264	494.0323715209961	0.31240934878587723	1193.1766357421875	0.1829185150563717	-115.63973236083984	-0.8069449216127396	1636.7435607910156	0.16423510760068893	-121.38642501831055	-0.6977863609790802	2660.252685546875	0.09857096709311008	-122.53306579589844	-0.6800843477249146	-19.63236093521118	-0.3452571928501129	27.05402708053589	0.32800665497779846	0.00527972774580121	-1.1215395629405975	-0.021587871480733156	-0.5422726199030876	-20.89646005630493	30.64842700958252	-0.060423752292990685	-0.004352397634647787	1.8839613199234009	2.514658212661743	0.1682257317006588	0.14094243198633194	0.21577459946274757	0.24320829287171364
grp-10	T2	0	0.0	0.08736389316618443	35.58867931365967	0.1584213636815548	7.661118268966675	35.58867931365967	0.1584213636815548	35.30004596710205	36.92934036254883	38.39433670043945	3.0942907333374023	538.4533271789551	632.8967208862305	104.85093545913696	141.53034925460815	0.08736389316618443	0.6539404988288879	0.04184765461832285	0.06385163590312004	0.1280516665428877	0.08620400913059711	1.201576367020607	0.9010461196303368	0.9346675872802734	0.7971273884177208	0.02409079484641552	1.9551291167736053	1.1177709698677063	0.6780167818069458	7.661118268966675	0.5737148076295853	9.93125033378601	1.9274571985006332	26.277457237243652	0.5104182288050652	479.71566009521484	0.25060025602579117	1160.6475524902344	0.17408867552876472	-166.67272186279297	-0.42415526509284973	1534.8994445800781	0.12716013006865978	-163.50464630126953	-0.42366451770067215	2688.1006469726562	0.0784277394413948	-165.2171859741211	-0.39831336587667465	-18.17126750946045	-0.32815369963645935	29.26553726196289	0.22195225208997726	-0.008152305214025546	10.34482690691948	-0.01566116721369326	-0.6286627724766731	-22.204460620880127	33.12503242492676	-0.06689863093197346	-0.0017332871502730995	1.850616842508316	1.5781563818454742	0.11402593366801739	0.08705844823271036	0.4597645774483681	1.7204481065273285
grp-10	T2	1	30.0	0.11842239461839199	34.765419006347656	0.1403121929615736	7.573624610900879	34.765419006347656	0.1403121929615736	34.296348571777344	35.20557498931885	37.24860095977783	2.9522523880004883	369.5976142883301	512.4507522583008	187.23115921020508	397.98458671569824	0.11842239461839199	0.5235591158270836	0.06383988820016384	0.10428772121667862	0.1657601073384285	0.1019202172756195	1.3595885038375854	0.838687039911747	0.8432814478874207	0.5682510212063789	0.0279639414511621	2.463874340057373	1.0864254832267761	0.7194725573062897	7.573624610900879	0.5290060788393021	7.975765347480774	2.535763069987297	25.909292697906494	0.5096138566732407	489.94055938720703	0.2715998962521553	1213.2239074707031	0.15854265540838242	-116.98116683959961	-0.7980230078101158	1526.4432678222656	0.15769823268055916	-116.98956108093262	-0.7359645515680313	2703.6193237304688	0.08989234641194344	-120.87654876708984	-0.6728064864873886	-18.00797390937805	-0.3656681403517723	29.309433460235596	0.2457222267985344	-3.492098767310381e-05	12.933007955551147	-0.017390933353453875	-0.6127433180809021	-20.692387580871582	31.015377521514893	-0.04728552047163248	-0.006717956915963441	3.026008665561676	3.0249651074409485	0.14103808254003525	0.10258205328136683	0.16092745959758759	0.20687132701277733
grp-10	T2	2	60.0	0.08361122477799654	32.04914379119873	0.2086682803928852	5.739299654960632	32.04914379119873	0.2086682803928852	27.338582515716553	34.50827598571777	35.754509925842285	8.415927410125732	391.77433013916016	476.7110061645508	202.17826080322266	313.30835342407227	0.08361122477799654	0.5963943302631378	0.04510646499693394	0.06682934798300266	0.11527237854897976	0.07016591355204582	1.1193557530641556	0.7535717636346817	0.7058068364858627	0.5605149120092392	0.044107441790401936	2.3202625513076782	1.222785085439682	0.6942196637392044	5.739299654960632	0.8267764374613762	7.5377277135849	4.224117264151573	24.3132586479187	0.6851801648736	485.2040710449219	0.2781272567808628	1184.7694702148438	0.16975560784339905	-159.64122772216797	-0.47334764897823334	1588.0675354003906	0.1398346032947302	-160.77376556396484	-0.43847590684890747	2666.2340087890625	0.09821195527911186	-161.9525146484375	-0.42136675864458084	-19.45297908782959	-0.3335736468434334	28.98880910873413	0.26865097135305405	-0.0050926319672726095	-8.473042249679565	-0.01703943987376988	-0.6136556267738342	-22.704691410064697	33.188172340393066	-0.06484029162675142	-0.003495665529044345	1.5838612914085388	1.6203504502773285	0.11924500577151775	0.09405068587511778	0.42721322178840637	1.047272466123104
grp-10	T2	3	90.0	0.04731242312118411	14.011671543121338	0.08700885251164436	-2.5222427248954773	14.011671543121338	0.08700885251164436	12.772148609161377	13.830979347229004	15.263067483901978	2.4909188747406006	41.31058692932129	7.649806022644043	18.62132315337658	15.861581802368164	0.04731242312118411	0.3122120462357998	0.03836418129503727	0.04251807276159525	0.0514994952827692	0.013135313987731934	0.3692173082381487	0.4806182458996773	0.4028714168816805	0.4606613516807556	0.029560117051005363	0.1512775719165802	2.49561807513237	0.360548235476017	-2.5222427248954773	-0.5771562457084656	1.0854761600494385	-2.091946005821228	-17.794289112091064	-1.5844563245773315	822.9486999511719	0.29992085322737694	1245.5720520019531	0.1305009163916111	-200.007568359375	-0.04256285075098276	1860.1589965820312	0.14557791128754616	-200.03751754760742	-0.04115403117612004	3026.1441650390625	0.08465227298438549	-200.05397415161133	-0.040361079620197415	-21.244422435760498	-0.19932871498167515	33.833027362823486	0.1494247056543827	-0.06932276301085949	-0.35941261798143387	0.0022333132110361475	-2.682629108428955	-25.742016792297363	37.73157739639282	-0.0830788891762495	0.0008957810277934186	0.9669889956712723	0.09185037203133106	0.016944443807005882	0.003068156074732542	12.324374496936798	3.3638422787189484
grp-10	T2	4	120.0	0.044439736288040876	10.561199426651001	0.11003573215566576	-2.531173884868622	10.561199426651001	0.11003573215566576	9.444080114364624	9.914299249649048	11.422111988067627	1.978031873703003	33.23807966709137	7.151392936706543	26.912647247314453	38.23518371582031	0.044439736288040876	0.2901134416460991	0.03798174951225519	0.040807612240314484	0.047559453174471855	0.009577703662216663	0.5218340940773487	0.8579355850815773	1.3176915999501944	1.8057124186307192	0.033628802513703704	0.17439687252044678	1.6591835916042328	0.5126598179340363	-2.531173884868622	-0.5089555904269218	-0.6402217149734497	-2.5299391746520996	2.5676923990249634	-0.508675217628479	569.9804992675781	0.25669362396001816	926.7514953613281	0.10018979199230671	-200.00676727294922	-0.04299256997182965	1344.6383361816406	0.13524657115340233	-200.0437240600586	-0.04137378931045532	2165.3035888671875	0.09518958069384098	-200.0659637451172	-0.040285354014486074	-16.15783929824829	-0.2508201375603676	25.041616439819336	0.1731487698853016	-0.050251470878720284	-0.2896438091993332	-0.0019234575447626412	-1.9825526177883148	-26.624269485473633	38.80759334564209	-0.086207689717412	0.0009808950781007297	0.6835611909627914	0.05845023784786463	0.02416666643694043	0.011247716611251235	11.636582732200623	3.057613432407379
grp-10	T2	5	150.0	0.14291615970432758	19.75473165512085	0.20362230017781258	-0.09635461866855621	19.75473165512085	0.20362230017781258	16.280653476715088	19.914398670196533	22.409567832946777	6.1289143562316895	210.92498588562012	256.92026710510254	121.22830390930176	158.1556396484375	0.14291615970432758	0.9541726410388947	0.049575040116906166	0.07791968621313572	0.20566964149475098	0.15609459951519966	2.7470904290676117	2.1638247668743134	2.434096395969391	2.0100448057055473	0.05503646843135357	1.9264892041683197	1.472860723733902	0.6967962682247162	-0.09635461866855621	-0.016498327255249023	3.2689681947231293	13.390344858169556	22.1303973197937	0.8494390100240707	500.47499084472656	0.37849489599466324	1216.4818115234375	0.18632785230875015	-158.60577011108398	-0.48327332735061646	1523.4528503417969	0.1726336106657982	-161.16930389404297	-0.4440442994236946	2612.2764892578125	0.11282237805426121	-162.4667091369629	-0.42558523267507553	-18.663047313690186	-0.3339429274201393	28.296649932861328	0.28104444220662117	-0.010693932767026126	0.5401840507984161	-0.01729175611399114	-0.6740889400243759	-20.742168426513672	31.3976469039917	-0.0661929789930582	-0.0016442953929072246	1.4254751801490784	1.3861056119203568	0.14732607267796993	0.13827742263674736	0.5216574743390083	1.1549426168203354
grp-10	T2	6	180.0	0.1384445959702134	21.48000431060791	0.26254747435450554	0.6944963615387678	21.48000431060791	0.26254747435450554	15.760450839996338	22.274746894836426	25.76222515106201	10.001774311065674	312.9146423339844	351.24534606933594	208.2790470123291	344.29403495788574	0.1384445959702134	1.0257549434900284	0.041782790794968605	0.0673440545797348	0.21278518438339233	0.17100239358842373	3.4292818009853363	2.819363683462143	3.235294610261917	2.7131909877061844	0.06614257115870714	1.7831412553787231	1.581649363040924	0.7037484794855118	0.6944963615387678	28.9510560631752	2.458605483174324	9.926965832710266	23.21352481842041	0.5870834216475487	505.7924575805664	0.3764534592628479	1238.8501281738281	0.1816084124147892	-154.07757949829102	-0.5103407576680183	1544.4937744140625	0.16357878595590591	-157.09996032714844	-0.46267160028219223	2601.0469970703125	0.11408284492790699	-158.44150924682617	-0.4436884894967079	-20.068291187286377	-0.3465844541788101	30.19741201400757	0.2673565000295639	-0.007746346411295235	-7.195440649986267	-0.01704005617648363	-0.7184557020664215	-21.31578826904297	32.30298137664795	-0.06353807915002108	-0.0018040933064185083	1.4588195979595184	1.7785572111606598	0.12514562532305717	0.10492546856403351	0.40311573445796967	0.673375278711319
grp-10	T2	7	210.0	0.10729134827852249	28.780747413635254	0.2614571116864681	4.518530607223511	28.780747413635254	0.2614571116864681	22.207565784454346	30.395987510681152	34.45554256439209	12.247976779937744	423.8276901245117	509.25743103027344	118.58402824401855	168.70959854125977	0.10729134827852249	1.2685196995735168	0.040698640048503876	0.056634195148944855	0.11761979386210442	0.07692115381360054	4.114209711551666	3.6688385754823685	3.8310447931289673	3.661332741379738	0.04444181500002742	1.7948933839797974	1.4643310010433197	0.7660803645849228	4.518530607223511	1.2903124392032623	7.10677444934845	2.8692738115787506	25.697232246398926	0.6769552230834961	482.0840072631836	0.35672949254512787	1210.5767517089844	0.1990431435406208	-169.68637084960938	-0.4006815701723099	1508.3438720703125	0.1788942813873291	-170.25989151000977	-0.3728567808866501	2650.5060424804688	0.09673004038631916	-171.24127197265625	-0.35813792049884796	-20.937074661254883	-0.3605368211865425	30.774532794952393	0.2933627814054489	-0.002412803703919053	-4.441239595413208	-0.018027049954980612	-0.7842507213354111	-23.433929443359375	34.550800800323486	-0.07106366008520126	-0.0016752061346778646	1.0086695402860641	1.344355434179306	0.11704214289784431	0.0979852993041277	0.5470878258347511	0.9486242383718491
grp-10	T2	8	240.0	0.10978670604526997	31.554058074951172	0.16315887682139874	6.205509185791016	31.554058074951172	0.16315887682139874	30.927828788757324	32.413021087646484	34.08792304992676	3.1600942611694336	490.0891418457031	566.7509460449219	73.66223096847534	66.59788036346436	0.10978670604526997	0.9338548704981804	0.04026110377162695	0.059619756415486336	0.16607215255498886	0.12581104785203934	2.809429347515106	2.264878749847412	2.1833435744047165	1.7987679690122604	0.034683479461818933	2.2027018070220947	1.1204832792282104	0.8109984546899796	6.205509185791016	0.7093633785843849	5.752340614795685	3.551099956035614	25.131839275360107	0.6403037309646606	499.4558868408203	0.2966994568705559	1171.3450317382812	0.17034683004021645	-143.9336280822754	-0.5943042784929276	1658.6741638183594	0.1570609286427498	-147.96328735351562	-0.5209285989403725	2670.367919921875	0.0966973789036274	-148.63330078125	-0.5109476894140244	-20.259926319122314	-0.35244498401880264	27.989290237426758	0.34301217645406723	0.0024727116688154638	-0.5453054904937744	-0.019697810988873243	-0.5893956944346428	-23.92733097076416	34.89107894897461	-0.07194616086781025	-0.0014911248290445656	1.7505835443735123	1.7703438699245453	0.16160938888788223	0.13388396427035332	0.37783415615558624	1.0030332505702972
grp-10	T2	9	270.0	0.16639414429664612	31.25996494293213	0.1359818261116743	6.4432289600372314	31.25996494293213	0.1359818261116743	31.23588514328003	32.15939903259277	33.06798553466797	1.8321003913879395	450.6266403198242	508.55689239501953	104.99274444580078	183.7169895172119	0.16639414429664612	0.5862680152058601	0.06345060002058744	0.14588947780430317	0.2568672262132168	0.1934166271239519	2.684074968099594	1.5742063522338867	1.7867102026939392	1.2154297083616257	0.0305372541770339	2.385375440120697	1.0384927242994308	0.7828404605388641	6.4432289600372314	0.6198162063956261	4.344272166490555	-2.910917043685913	24.794339656829834	0.6235420182347298	499.1807403564453	0.2763841599225998	1198.343017578125	0.16101621836423874	-90.53260040283203	-1.0370369404554367	1655.0600891113281	0.160639476031065	-100.82111167907715	-0.831145778298378	2662.1199340820312	0.0957516711205244	-102.06871223449707	-0.809039443731308	-20.268763065338135	-0.341990128159523	27.500059604644775	0.334800086915493	0.0006356706926453626	149.253888130188	-0.022496423684060574	-0.4814097061753273	-20.33960485458374	30.164528369903564	-0.0638307947665453	-0.0032971561304293573	3.092697560787201	2.154308706521988	0.25809184834361076	0.1829865537583828	0.20107390731573105	0.2567920908331871
grp-10	T2	10	300.0	0.17984913475811481	22.425345420837402	0.31302808970212936	0.9817216633819044	22.425345420837402	0.31302808970212936	16.12723159790039	20.514878749847412	30.922480583190918	14.795248985290527	266.72160720825195	339.24390411376953	183.67468070983887	371.12113189697266	0.17984913475811481	0.8760336935520172	0.0516884783282876	0.11002497561275959	0.2868144251406193	0.2351259496062994	3.5333533883094788	2.4699231684207916	2.8522540032863617	2.068041071295738	0.04919848218560219	1.773945689201355	1.4825651943683624	0.7756746113300323	0.9817216633819044	-89.71718835830688	2.161691337823868	0.7601434588432312	24.587745666503906	0.6698563992977142	489.00699615478516	0.3535693883895874	1215.1802978515625	0.18592890352010727	-121.07149314880371	-0.7649431526660919	1544.6910095214844	0.17112662643194199	-126.85481452941895	-0.669979602098465	2623.9419555664062	0.10124876536428928	-129.26137161254883	-0.6339323073625565	-19.64133596420288	-0.36144597828388214	28.830283164978027	0.312410332262516	0.00278840352257248	-32.12587773799896	-0.019000939093530178	-0.6891530454158783	-19.462318420410156	29.64640188217163	-0.061041293665766716	-0.001965871168067679	2.5091697573661804	2.354709506034851	0.16489148512482643	0.13348475471138954	0.24060197174549103	0.3324400559067726
grp-10	T2	11	330.0	0.22071019187569618	23.149548053741455	0.21468953043222427	1.9495345652103424	23.149548053741455	0.21468953043222427	19.45313835144043	24.229193687438965	25.921145915985107	6.468007564544678	306.5740737915039	331.50885009765625	133.63375091552734	175.94696235656738	0.22071019187569618	0.7779140770435333	0.0583109762519598	0.17648879066109657	0.3407242000102997	0.28241322934627533	4.120219200849533	2.499817669391632	2.9644298255443573	2.3922885805368423	0.05436206143349409	2.1606377363204956	1.436830222606659	0.7404279708862305	1.9495345652103424	2.926457852125168	0.7315435409545898	-1.5367079973220825	21.818350791931152	0.4962453991174698	497.89978790283203	0.36446613073349	1187.3585815429688	0.20856885612010956	-125.49504470825195	-0.7280749529600143	1552.6650390625	0.16886482760310173	-130.72098541259766	-0.6423381119966507	2590.0321044921875	0.11567186564207077	-132.49718475341797	-0.6154136136174202	-18.227524757385254	-0.3821938633918762	26.78835391998291	0.28440147265791893	0.0047713821404613554	6.170682311058044	-0.019001252949237823	-0.5753777772188187	-18.59856367111206	28.821724891662598	-0.05434426385909319	-0.0031393365934491158	2.634211480617523	2.397104561328888	0.1495483312755823	0.1274716593325138	0.2354600839316845	0.2830630727112293
grp-10	T2	12	360.0	0.2068533692508936	22.035888671875	0.26298026740550995	1.0067721270024776	22.035888671875	0.26298026740550995	16.173049211502075	23.04978370666504	25.30869150161743	9.135642290115356	266.08282470703125	294.55822372436523	126.45296669006348	218.22008514404297	0.2068533692508936	1.2398791760206223	0.05062677897512913	0.1294670132920146	0.2970304898917675	0.24640370532870293	5.949421465396881	6.089862644672394	4.638010680675507	4.639075994491577	0.05794512294232845	2.030674010515213	1.6049519181251526	0.7170252501964569	1.0067721270024776	-4.471006006002426	1.2809398137032986	-38.74960279464722	20.710870265960693	0.7319715023040771	468.83643341064453	0.37179598212242126	1157.9908752441406	0.20218724012374878	-132.68316078186035	-0.66636823117733	1534.7021484375	0.1495305821299553	-137.3964729309082	-0.5904996022582054	2546.9447021484375	0.11134204640984535	-138.65057182312012	-0.5727526769042015	-18.74201202392578	-0.37171411514282227	27.521289825439453	0.3102202042937279	-0.0042128844652324915	4.885492384433746	-0.016907375305891037	-0.6438451260328293	-20.90631914138794	31.570370197296143	-0.062039200216531754	-0.0031012165418360382	1.0753584653139114	2.49704509973526	0.13066873513162136	0.14728469587862492	0.2515705041587353	0.39082547277212143
grp-10	T2	13	390.0	0.23790610767900944	20.65694570541382	0.22320839762687683	0.9216198623180389	20.65694570541382	0.22320839762687683	17.631247520446777	20.292284965515137	22.523430347442627	4.89218282699585	307.6065902709961	422.8494567871094	99.75939750671387	117.17083930969238	0.23790610767900944	0.8324336409568787	0.05399111099541187	0.18705779872834682	0.3829241096973419	0.3289329931139946	3.693642735481262	3.1472279727458954	3.597753167152405	2.9351358115673065	0.0424807146191597	1.962869942188263	1.3890974521636963	0.7550248950719833	0.9216198623180389	11.455862492322922	1.73158273473382	9.646738409996033	23.4613618850708	0.6364298611879349	533.8565444946289	0.432184137403965	1214.03564453125	0.20126251503825188	-121.7756462097168	-0.7684469819068909	1552.1719055175781	0.19854352623224258	-125.95308494567871	-0.6975846886634827	2636.5042724609375	0.11646474711596966	-128.31144905090332	-0.660139873623848	-17.277207374572754	-0.42069756984710693	26.699800491333008	0.32007790356874466	0.00021376824588514864	3.211738109588623	-0.016081056091934443	-0.8905915915966034	-16.980391025543213	26.920235633850098	-0.05761873256415129	-0.00016140204388648272	1.692230761051178	2.0793369710445404	0.1859849952161312	0.15288225933909416	0.28507014364004135	0.46829789131879807
grp-10	T2	14	420.0	0.2490790467709303	23.091530799865723	0.3054850548505783	2.3611701130867004	23.091530799865723	0.3054850548505783	17.282973051071167	20.123226165771484	31.22846555709839	13.945492506027222	382.3989944458008	541.9740142822266	115.40416526794434	239.38191032409668	0.2490790467709303	0.9042838960886002	0.06255134008824825	0.15652671456336975	0.39453354477882385	0.33198220655322075	5.448789536952972	3.9134129136800766	4.231689617037773	3.247679755091667	0.035623686388134956	1.853661447763443	1.3716678321361542	0.8266452699899673	2.3611701130867004	2.2430105805397034	3.6448554396629333	6.6152549386024475	23.870998859405518	0.6583775207400322	507.6173400878906	0.4319898709654808	1192.23046875	0.20829768851399422	-99.77203559875488	-0.9418516010046005	1553.4872741699219	0.18924462795257568	-105.78881645202637	-0.8169075101613998	2663.3125610351562	0.11004881002008915	-107.93514633178711	-0.7800211906433105	-18.19877052307129	-0.4224636182188988	26.785760402679443	0.35590261965990067	-0.0018668598495423794	-16.767171263694763	-0.015464825788512826	-0.8664533644914627	-18.98424196243286	28.82768726348877	-0.05878820549696684	-0.0015642381476936862	2.2090696692466736	2.748079001903534	0.18297371082007885	0.16569825448095798	0.16163081675767899	0.22081106901168823
grp-10	T2	15	450.0	0.2593336310237646	30.20232391357422	0.138120885938406	5.907212853431702	30.20232391357422	0.138120885938406	28.61852216720581	30.30466604232788	32.251970291137695	3.6334481239318848	434.8460388183594	545.5201225280762	82.25262069702148	127.39249038696289	0.2593336310237646	0.7680715769529343	0.06960285548120737	0.18417279422283173	0.42795122042298317	0.3583483621478081	4.957462191581726	3.3008698374032974	3.6315310895442963	3.0218307077884674	0.029717350844293833	2.2714013755321503	1.1314002871513367	0.797137662768364	5.907212853431702	0.6294400691986084	8.53459095954895	1.845975011587143	24.96763563156128	0.5741690918803215	444.1415023803711	0.34767571091651917	1070.9997863769531	0.20487986505031586	-106.03829574584961	-0.9066691994667053	1533.4053955078125	0.17093175649642944	-112.26809120178223	-0.7686304897069931	2628.6156005859375	0.0892007052898407	-113.5665111541748	-0.7468133419752121	-18.006239414215088	-0.44603465497493744	26.62844753265381	0.3649447411298752	0.006208549544680864	7.912357330322266	-0.015430193860083818	-0.7944635301828384	-18.868240118026733	29.36215305328369	-0.05437115486711264	-0.0020402685622684658	2.6425475478172302	2.2051455080509186	0.21986902877688408	0.1638086698949337	0.22230715304613113	0.2725819982588291
grp-10	T2	16	480.0	0.23811736144125462	28.951904296875	0.13343873247504234	5.123346328735352	28.951904296875	0.13343873247504234	28.224449157714844	29.605792999267578	30.690268516540527	2.4658193588256836	450.4737014770508	525.4323883056641	80.91416358947754	115.4411563873291	0.23811736144125462	0.6770736128091812	0.08258552942425013	0.18855956941843033	0.36434968188405037	0.28176414407789707	4.147414296865463	3.0029046088457108	3.116101995110512	2.1058042645454407	0.03387774107977748	2.1824235022068024	1.2021591365337372	0.7953837215900421	5.123346328735352	0.7113675624132156	7.792283773422241	2.389454632997513	26.612654209136963	0.5438242480158806	463.26678466796875	0.3085917681455612	1107.6339721679688	0.19789189100265503	-95.52161598205566	-0.9990039020776749	1530.624267578125	0.16394801065325737	-103.0475082397461	-0.831634446978569	2647.8035278320312	0.0892073642462492	-105.8097038269043	-0.7810962051153183	-19.309348583221436	-0.40479612350463867	28.73884391784668	0.31508897989988327	-0.0015789591707289219	-0.47028112411499023	-0.018054906278848648	-0.6861265003681183	-19.035572290420532	29.35423231124878	-0.05312842316925526	-0.003936108172638342	3.101033627986908	2.781446099281311	0.1946679875254631	0.16423121839761734	0.15113919228315353	0.17014814540743828
grp-10	T2	17	510.0	0.2850425373762846	22.859302520751953	0.2338990531861782	2.5662180185317993	22.859302520751953	0.2338990531861782	18.892170906066895	21.344594955444336	28.161686897277832	9.269515991210938	296.41759490966797	447.14220428466797	78.54397964477539	94.4057674407959	0.2850425373762846	0.9418970197439194	0.072391077876091	0.19321427680552006	0.4342739209532738	0.36188284307718277	6.461374640464783	6.43168643116951	5.705458432435989	4.6526439636945724	0.040571488440036774	2.220407634973526	1.2549942135810852	0.7587035894393921	2.5662180185317993	1.5588519871234894	2.9259932599961758	24.60697966814041	24.361406326293945	0.5983657985925674	468.5665054321289	0.3666345998644829	1158.8621826171875	0.2001321129500866	-86.81064224243164	-1.105548158288002	1494.188232421875	0.16602709144353867	-94.66743659973145	-0.9306404739618301	2576.917236328125	0.10252487286925316	-97.92420387268066	-0.8682235330343246	-18.52623748779297	-0.39048589020967484	27.975988388061523	0.31876957416534424	0.007645417208550498	-24.766747295856476	-0.018007205333560705	-0.7096367329359055	-18.667490482330322	28.690121173858643	-0.05424444563686848	-0.0025469445099588484	1.8422807902097702	1.9550717771053314	0.2932930663228035	0.24060998111963272	0.2036612220108509	0.31627988815307617
grp-10	T2	18	540.0	0.2687108442187309	30.945844650268555	0.1762855499982834	5.253525137901306	30.945844650268555	0.1762855499982834	28.027307987213135	30.15461301803589	35.86081886291504	7.833510875701904	432.3644027709961	529.6119232177734	94.66913414001465	162.8822135925293	0.2687108442187309	0.9264201819896698	0.07957789860665798	0.1809246875345707	0.4115417078137398	0.33196380734443665	5.586557567119598	4.322781950235367	4.5352795124053955	3.960625946521759	0.037253664806485176	1.976319432258606	1.2530605792999268	0.7742921113967896	5.253525137901306	0.834705725312233	7.065375089645386	2.2199257612228394	24.106500148773193	0.5557505488395691	468.44176483154297	0.3145599886775017	1125.7263488769531	0.20259976014494896	-91.49396896362305	-1.0418071299791336	1545.8434448242188	0.14598655328154564	-96.78909683227539	-0.8868590891361237	2633.1253662109375	0.08945958316326141	-99.06836318969727	-0.843851312994957	-17.204899787902832	-0.41564473509788513	25.91593599319458	0.33053168654441833	0.010297246859408915	-1.7909919917583466	-0.01767724216915667	-0.6545543521642685	-18.449753046035767	28.701887607574463	-0.04581387620419264	-0.004465780861210078	1.9756585657596588	2.756431818008423	0.19807469472289085	0.16631943359971046	0.14836985431611538	0.143608957529068
grp-10	T2	19	570.0	0.28685999661684036	31.70994520187378	0.21158920228481293	5.614666819572449	31.70994520187378	0.21158920228481293	27.10084104537964	33.671671867370605	35.905606269836426	8.804765224456787	518.1652908325195	614.4356079101562	93.67397880554199	120.09051322937012	0.28685999661684036	1.2215708941221237	0.07616580091416836	0.1646728701889515	0.3791389539837837	0.3029731549322605	10.983099043369293	9.165781557559967	8.433591842651367	6.745636582374573	0.03880736231803894	1.944348931312561	1.2308961749076843	0.7748662531375885	5.614666819572449	0.8692590445280075	4.609992027282715	3.9756599962711334	21.976755619049072	0.6423004493117332	489.37056732177734	0.31752241402864456	1161.8909606933594	0.17727111279964447	-92.46401405334473	-1.019132986664772	1595.2677612304688	0.14887668192386627	-96.9551830291748	-0.8780662715435028	2625.6553344726562	0.09676496684551239	-98.84705924987793	-0.8446418344974518	-16.715452194213867	-0.4218624383211136	24.694209098815918	0.3522230014204979	0.015382000710815191	3.675636261701584	-0.020194798707962036	-0.5766717195510864	-17.858494758605957	27.36335039138794	-0.043723464012145996	-0.005030510132201016	1.6838946491479874	2.8733713626861572	0.19056204706430435	0.17865340039134026	0.14539026841521263	0.19681286811828613
grp-10	T2	20	600.0	0.22721191495656967	29.276830673217773	0.2168963924050331	4.91805762052536	29.276830673217773	0.2168963924050331	24.548643112182617	32.256587505340576	33.81001853942871	9.261375427246094	449.0159683227539	525.9948043823242	156.07400512695312	317.45162773132324	0.22721191495656967	0.9483202397823334	0.06373494863510132	0.14256353862583637	0.33478011190891266	0.27104516699910164	5.221842378377914	3.713899075984955	4.380385547876358	2.8222134709358215	0.04642257560044527	2.196327358484268	1.2892809808254242	0.7846402227878571	4.91805762052536	1.00951786339283	2.5685784816741943	19.079653024673462	21.898353099822998	0.7130237966775894	497.3427963256836	0.3088427186012268	1179.1751403808594	0.18558574840426445	-101.70791053771973	-0.9312841594219208	1601.14453125	0.15989799797534943	-109.48918151855469	-0.7829224914312363	2620.915283203125	0.09725139290094376	-110.7834243774414	-0.7611614465713501	-17.96454429626465	-0.40052537620067596	25.68678379058838	0.3508976250886917	0.010368986724643037	-1.3688532710075378	-0.021894691046327353	-0.5517279282212257	-18.466400146484375	28.34567403793335	-0.05556894186884165	-0.0031489196117036045	2.434144765138626	2.6144338250160217	0.18467749282717705	0.14023476839065552	0.18146350979804993	0.2234729826450348
grp-10	T2	21	630.0	0.27795150876045227	21.073490619659424	0.21687006577849388	1.0216856766492128	21.073490619659424	0.21687006577849388	17.809702396392822	21.090065956115723	23.880271911621094	6.0705695152282715	225.83720016479492	292.09239959716797	126.13318824768066	185.66426849365234	0.27795150876045227	0.9115792363882065	0.06148349866271019	0.17977579310536385	0.45084163546562195	0.38935813680291176	5.6274383664131165	4.179918557405472	5.480113863945007	4.423266902565956	0.05113712511956692	1.99882173538208	1.53541299700737	0.7629416137933731	1.0216856766492128	11.662051618099213	1.275424037128687	10.835922718048096	21.345601558685303	0.6723576784133911	485.4999008178711	0.4193410277366638	1168.1814575195312	0.210037250071764	-107.44247055053711	-0.8869930058717728	1508.5350036621094	0.17474934086203575	-112.96868515014648	-0.7849372625350952	2569.7227783203125	0.10620414651930332	-115.43680763244629	-0.7431911826133728	-17.050496101379395	-0.4003368094563484	26.360446453094482	0.3125179260969162	0.005570532099227421	-25.765259504318237	-0.016586413141340017	-0.7608271837234497	-17.564997911453247	27.65935516357422	-0.0564676970243454	-0.002210024729720317	2.3257752656936646	2.4811739325523376	0.18186713010072708	0.15647004172205925	0.21153606101870537	0.40858516097068787
grp-10	T2	22	660.0	0.17846344597637653	29.14788246154785	0.22937367111444473	4.8893574476242065	29.14788246154785	0.22937367111444473	22.854554176330566	32.34402656555176	33.594160079956055	10.739605903625488	452.65113830566406	538.851432800293	91.65983200073242	133.71485328674316	0.17846344597637653	0.8455609232187271	0.05371676757931709	0.1334578189998865	0.26762184873223305	0.21390507742762566	3.8076299130916595	2.9933735728263855	3.091001182794571	2.9552318453788757	0.03723915386945009	2.155172288417816	1.2512412369251251	0.8088869452476501	4.8893574476242065	1.1057454347610474	3.4838312417268753	-3.4654985666275024	23.617750644683838	0.6477776914834976	488.7089157104492	0.29658468067646027	1186.8495178222656	0.1641683541238308	-103.33027839660645	-0.9146128296852112	1621.3784484863281	0.15385674685239792	-111.65130043029785	-0.7620460838079453	2629.7586059570312	0.09115689061582088	-112.8596134185791	-0.7431796938180923	-19.154592514038086	-0.34466543048620224	26.73953628540039	0.3304274007678032	0.005721088615246117	-3.8779317438602448	-0.02178628509864211	-0.4908420220017433	-20.8791561126709	31.080846786499023	-0.06413173396140337	-0.003253984992625192	2.592530906200409	2.331995964050293	0.20773803442716599	0.14988761767745018	0.21234013512730598	0.5142552107572556
grp-10	T2	23	690.0	0.1750255450606346	29.42123794555664	0.1497106198221445	5.412886083126068	29.42123794555664	0.1497106198221445	27.87857484817505	30.571281909942627	32.17350482940674	4.2949299812316895	434.9599838256836	466.5797882080078	130.64407348632812	303.15436935424805	0.1750255450606346	0.8237417638301849	0.05467619374394417	0.11525898985564709	0.2790762037038803	0.224400008097291	3.929110884666443	3.174990564584732	2.5295535922050476	2.254526048898697	0.03384344885125756	2.328700006008148	1.1462784707546234	0.8231982886791229	5.412886083126068	0.7876078337430954	6.548868179321289	2.7218625247478485	26.34416389465332	0.574202723801136	477.0030212402344	0.29641199111938477	1153.4281921386719	0.18500854447484016	-98.9755687713623	-0.9511768221855164	1578.3715515136719	0.16909176856279373	-107.52164268493652	-0.7882342636585236	2638.6488037109375	0.09084431082010269	-109.56818580627441	-0.7550464272499084	-20.18921947479248	-0.3774930089712143	28.68263053894043	0.32501284033060074	0.00031263864366337657	-0.6045938730239868	-0.01992902858182788	-0.6148549467325211	-20.940258026123047	31.247663497924805	-0.05621988698840141	-0.004036624450236559	2.4841614067554474	2.455730140209198	0.20468784123659134	0.1707688495516777	0.19200565293431282	0.21795609593391418
grp-10	T2	24	720.0	0.2644922584295273	25.508862495422363	0.27981287613511086	2.770506113767624	25.508862495422363	0.27981287613511086	19.840835094451904	24.5793719291687	30.974945545196533	11.134110450744629	324.1347885131836	361.9105033874512	161.25590324401855	280.6965141296387	0.2644922584295273	1.5177370607852936	0.052088347263634205	0.11904468759894371	0.34302282333374023	0.2909344770014286	9.576209127902985	9.244332909584045	7.903239488601685	7.188543140888214	0.046150580514222383	2.146831512451172	1.2894084453582764	0.7673043757677078	2.770506113767624	1.6381190717220306	5.744829893112183	3.2936723232269287	24.15888547897339	0.6728348433971405	496.17736053466797	0.43343451619148254	1145.2514038085938	0.2190406210720539	-130.0210361480713	-0.6983722746372223	1558.4595031738281	0.16939153149724007	-132.4668731689453	-0.6379185765981674	2657.02783203125	0.09503010101616383	-134.16949844360352	-0.6132070273160934	-17.65131378173828	-0.4626726061105728	26.62795925140381	0.3578886091709137	0.001203365798573941	7.552123308181763	-0.015967456623911858	-0.7379980534315109	-19.460865020751953	30.200950145721436	-0.05947608407586813	-0.0020468360744416714	0.9919973462820053	2.0123581886291504	0.1753939390182495	0.1973288469016552	0.30751045048236847	0.5471315309405327
grp-10	T3	0	0.0	0.2145581617951393	33.00964546203613	0.24002708867192268	6.154485464096069	33.00964546203613	0.24002708867192268	27.548805713653564	35.285305976867676	37.97914218902588	10.430336475372314	488.67964935302734	636.672233581543	133.2137279510498	185.53999137878418	0.2145581617951393	1.1974781304597855	0.08010362274944782	0.13276680931448936	0.2500793784856796	0.1699757557362318	9.180267870426178	7.556418061256409	5.641501307487488	5.196776270866394	0.04051522817462683	2.0850042700767517	1.2695446014404297	0.8105333596467972	6.154485464096069	0.8935199975967407	8.057896971702576	2.6417355239391327	21.465303421020508	0.6992027759552002	512.3227005004883	0.355139784514904	1165.8079528808594	0.1982528232038021	-125.52164649963379	-0.7221289277076721	1596.2076721191406	0.16196323931217194	-122.80601119995117	-0.6884983628988266	2684.5164794921875	0.10198947973549366	-124.63407135009766	-0.6606212109327316	-17.86318039894104	-0.3849678337574005	26.82160472869873	0.29627785831689835	-0.008029445656575263	-4.997322916984558	-0.01702100853435695	-0.6393883228302002	-19.97128391265869	30.18662118911743	-0.060147035866975784	-0.005508975707925856	1.1337112337350845	2.9817349314689636	0.13363082520663738	0.11860033497214317	0.18614616245031357	0.3065367266535759
grp-10	T3	1	30.0	0.10532548744231462	34.08217144012451	0.15192805416882038	6.953172445297241	34.08217144012451	0.15192805416882038	33.658376693725586	34.85486602783203	36.948509216308594	3.290132522583008	378.3552551269531	525.6439437866211	114.07623672485352	215.1730146408081	0.10532548744231462	0.5739256888628006	0.052366006188094616	0.08899255841970444	0.14915095083415508	0.09678494557738304	1.508521094918251	1.0191527307033539	0.8484928756952286	0.6723957806825638	0.026678456459194422	2.098405659198761	1.0849795043468475	0.6610958576202393	6.953172445297241	0.6443934068083763	7.6693145632743835	3.097394734621048	25.090683460235596	0.4969959706068039	484.43103790283203	0.2599639371037483	1176.3444213867188	0.15528903529047966	-132.51084327697754	-0.674692377448082	1554.6240539550781	0.14676598086953163	-133.43404960632324	-0.6217564344406128	2714.0040283203125	0.08484749309718609	-136.38811683654785	-0.5778018534183502	-18.24528694152832	-0.3557627275586128	28.553950786590576	0.26791271194815636	-0.005633548484183848	-8.727216958999634	-0.01605981378816068	-0.6760520488023758	-21.4873104095459	32.3574013710022	-0.058306166902184486	-0.0038171213818714023	2.592530906200409	2.514219582080841	0.13490311708301306	0.09482455998659134	0.23841392621397972	0.45855584740638733
grp-10	T3	2	60.0	0.05029855389147997	10.03161334991455	0.06143379118293524	-2.407261550426483	10.03161334991455	0.06143379118293524	9.341916799545288	9.835848331451416	10.519353151321411	1.177436351776123	46.33860731124878	22.84497833251953	23.828233242034912	40.79047966003418	0.05029855389147997	0.44683151692152023	0.03961200453341007	0.04408061737194657	0.05508375447243452	0.015471749939024448	0.44110269099473953	0.6072905510663986	0.3803192488849163	0.5458030737936497	0.0258942058426328	0.16568176448345184	1.3416965305805206	0.4665449932217598	-2.407261550426483	-0.8737059235572815	1.401032567024231	3.0743175745010376	7.164647698402405	2.975941836833954	596.5283966064453	0.2891985550522804	998.0831604003906	0.11899363808333874	-199.91932678222656	-0.044176219031214714	1414.0229797363281	0.1325295865535736	-199.96563339233398	-0.042192970402538776	2237.27880859375	0.09008168801665306	-199.98380279541016	-0.04145193565636873	-17.603930950164795	-0.1950443759560585	26.01841688156128	0.15569234639406204	-0.05624959338456392	-0.26659662649035454	-0.0010187736625084653	-3.2081704884767532	-24.833842277526855	36.59333944320679	-0.0794683713465929	6.962829502299428e-05	0.5668556094169617	0.10020598582923412	0.018571428023278713	0.003862319514155388	10.6328404545784	2.328662693500519
grp-10	T3	3	90.0	0.05430506728589535	14.670228719711304	0.18422147817909718	-2.3692259192466736	14.670228719711304	0.18422147817909718	13.03410792350769	13.975926399230957	15.15877389907837	2.1246659755706787	21.122586234414484	9.218698263168335	28.202919960021973	23.964073657989502	0.05430506728589535	0.5686348080635071	0.04067730950191617	0.04664841201156378	0.05897941067814827	0.0183021011762321	0.6345384493470192	0.756796583533287	0.6403061747550964	0.8079089224338531	0.026981736533343792	0.3040170818567276	1.5579835437238216	0.3670976534485817	-2.3692259192466736	0.21685561537742615	5.638005971908569	-5.993554949760437	12.325944781303406	2.7990827336907387	789.048095703125	0.3250497579574585	1418.0452880859375	0.17539862915873528	-199.63076400756836	-0.0553997999522835	1778.4154357910156	0.1586743462830782	-199.67683792114258	-0.05336358491331339	2810.95703125	0.09994861262384802	-199.70075225830078	-0.05233203060925007	-21.44821310043335	-0.36203207075595856	33.79650020599365	0.24711273238062859	-0.049327585846185684	-0.8685888200998306	-0.006389358197338879	-1.413620911538601	-25.471327781677246	37.14477729797363	-0.08001774176955223	-0.0009712801183923148	0.22507502138614655	0.13362007029354572	0.018749999348074198	0.005842013633809984	9.950832962989807	2.788375198841095
grp-10	T3	4	120.0	0.04889768688008189	10.296547651290894	0.06908577587455511	-2.5324726700782776	10.296547651290894	0.06908577587455511	9.57379937171936	10.009411811828613	10.839168310165405	1.265368938446045	100.53741264343262	141.31206226348877	27.6192569732666	22.4934024810791	0.04889768688008189	0.4573148414492607	0.03869513887912035	0.0427092588506639	0.05202576518058777	0.013330626301467419	1.4149065017700195	1.880698710680008	1.195128783583641	1.8307767175137997	0.05927883926779032	0.36856919527053833	1.2316513359546661	0.47125454246997833	-2.5324726700782776	-0.7678854912519455	5.005425333976746	-0.574342668056488	9.178284019231796	6.978077474981546	634.2306671142578	0.2424076721072197	1030.2645568847656	0.09643153101205826	-199.17692184448242	-0.06056260410696268	1427.9165344238281	0.11309560388326645	-199.2078857421875	-0.05886533763259649	2268.5035400390625	0.0788310095667839	-199.23988342285156	-0.05776652507483959	-19.440424919128418	-0.16891378164291382	27.876888275146484	0.13662218675017357	-0.06456748023629189	-0.21001286804676056	-0.0019633448391687125	-1.7741280794143677	-26.73195791244507	38.68914604187012	-0.0833622645586729	-0.000790222726209322	0.43347781896591187	0.1670006774365902	0.023571427911520004	0.009701186791062355	9.740138411521912	2.3102044463157654
grp-10	T3	5	150.0	0.05180135369300842	21.211183547973633	0.32588543742895126	-0.4183848798274994	21.211183547973633	0.32588543742895126	17.075406074523926	17.68256640434265	29.177674770355225	12.102268695831299	-31.600086212158203	51.36595153808594	68.76172065734863	20.568965911865234	0.05180135369300842	0.6734673604369164	0.038314616307616234	0.04150006687268615	0.05262693203985691	0.014312315732240677	0.6062563732266426	0.7237421125173569	0.42240747064352036	0.4364891331642866	0.06120671611279249	0.39559485018253326	1.989673525094986	0.45641225576400757	-0.4183848798274994	-1.5232630670070648	0.9677239656448364	1.9816095232963562	11.837287902832031	0.1264832615852356	750.4138946533203	0.3099266141653061	1355.3493347167969	0.1586625836789608	-198.03845977783203	-0.07821296574547887	1813.1376342773438	0.13880343735218048	-198.08932495117188	-0.0762319858185947	2910.786865234375	0.09590185433626175	-198.1676483154297	-0.07419853308238089	-24.229148387908936	-0.22366655617952347	35.70713710784912	0.16494234278798103	-0.060169597156345844	-0.35752827674150467	-0.003652832587249577	-1.2640726864337921	-25.994768619537354	37.91863441467285	-0.07909461483359337	-0.000554825077415444	0.1917305737733841	0.19205078668892384	0.032937498297542334	0.0222172518260777	10.383035272359848	3.341253876686096
grp-10	T3	6	180.0	0.04808511584997177	19.9241840839386	0.21461740881204605	-3.2275235801935196	19.9241840839386	0.21461740881204605	18.04072403907776	18.749807119369507	19.316082000732422	1.275357961654663	72.42269897460938	42.87084197998047	343.94477558135986	119.35094356536865	0.04808511584997177	0.40300730615854263	0.03847851371392608	0.04250808199867606	0.05389541946351528	0.015416905749589205	0.6236012652516365	0.7643079459667206	0.2586665488779545	0.31332947686314583	0.024089599493891	0.5512884482741356	1.96587473154068	0.4234771355986595	-3.2275235801935196	-6.209541067481041	-11.115797579288483	8.321254312992096	2.797136068344116	1.0027645826339722	810.2931213378906	0.22924485057592392	1409.0421752929688	0.10266946814954281	-199.8212547302246	-0.052163996268063784	1912.7225341796875	0.12886524945497513	-199.83069610595703	-0.0524771218188107	2972.6295776367188	0.09567121416330338	-199.84790420532227	-0.051586669869720936	-23.849064826965332	-0.15387093275785446	35.34920883178711	0.13233420997858047	-0.07197105325758457	-0.27381499111652374	-0.003313413733849302	-1.69014111161232	-25.78289222717285	37.44076633453369	-0.08117319457232952	-0.0006781296106055379	0.4418139308691025	0.10855044238269329	0.01916666654869914	0.005768021335825324	6.263011276721954	4.993182301521301
grp-10	T3	7	210.0	0.05361146479845047	30.679701328277588	0.3227097652852535	4.765955537557602	30.679701328277588	0.3227097652852535	25.126304864883423	32.04197692871094	38.63121032714844	13.504905223846436	354.6734577715397	383.6307373046875	54.49257850646973	36.68789863586426	0.05361146479845047	0.6706770285964012	0.038322534412145615	0.0426425957120955	0.05804974585771561	0.019727211445569992	0.9178268387913704	1.2999459207057953	0.6563924141228199	0.5945459380745888	0.02973223989829421	0.8269332200288773	1.2935693860054016	0.5095290467143059	4.765955537557602	0.2932281941175461	9.471422493457794	14.30335946381092	20.54363787174225	2.399969168007374	592.0420837402344	0.41964760422706604	1223.6413879394531	0.1618165522813797	-198.0536003112793	-0.09517665393650532	1696.5463256835938	0.16814632527530193	-197.71073532104492	-0.09770884085446596	2784.8427734375	0.12316000275313854	-197.78153610229492	-0.09534247685223818	-21.49285078048706	-0.35312771797180176	31.153384685516357	0.26140623167157173	-0.03333436790853739	-1.147336632013321	-0.011329048895277083	-0.8863777965307236	-25.199321269989014	36.93263626098633	-0.07889898680150509	-0.001206679102324415	0.35845281183719635	0.2589375376701355	0.048750000074505806	0.021961260586977005	5.510918706655502	6.115874409675598
grp-10	T3	8	240.0	0.17826596274971962	30.057366847991943	0.24675367772579193	4.691103637218475	30.057366847991943	0.24675367772579193	23.58412218093872	32.861785888671875	36.38789463043213	12.803772449493408	407.9078826904297	560.9444351196289	152.4173069000244	161.3414649963379	0.17826596274971962	1.4240912199020386	0.059163239784538746	0.10205324366688728	0.20717444643378258	0.14801120944321156	6.352183401584625	6.222896218299866	4.428522527217865	4.479078531265259	0.04136910382658243	2.1727853417396545	1.3156651854515076	0.7390600144863129	4.691103637218475	1.0490543246269226	5.664731502532959	3.3188908100128174	22.56153917312622	0.6182488575577736	502.06329345703125	0.3440648689866066	1188.6389465332031	0.18082745745778084	-132.09470748901367	-0.6728230714797974	1584.2953796386719	0.1498456783592701	-133.6912441253662	-0.6198397055268288	2635.1121215820312	0.08970806747674942	-135.54121017456055	-0.5927889868617058	-17.421481609344482	-0.41311129182577133	26.561660289764404	0.32437362521886826	-0.0014759668847545981	-4.333228647708893	-0.01617787918075919	-0.6873467862606049	-19.22601556777954	29.693790912628174	-0.056390389800071716	-0.002747372636804357	0.9169723093509674	2.347143441438675	0.14820188283920288	0.13113957084715366	0.26417580246925354	0.41505979001522064
grp-10	T3	9	270.0	0.3596231061965227	24.137730598449707	0.18083423376083374	2.4098737835884094	24.137730598449707	0.18083423376083374	22.12124013900757	24.67246723175049	27.020941257476807	4.899701118469238	274.26699447631836	344.25203704833984	141.74441146850586	229.30747985839844	0.3596231061965227	0.9163428694009781	0.10036014951765537	0.26308017410337925	0.5510349571704865	0.45067479461431503	6.940448820590973	5.622876286506653	5.595232903957367	4.407972559332848	0.04593425337225199	1.969442218542099	1.519381821155548	0.6934297233819962	2.4098737835884094	1.8360371440649033	1.4513127356767654	-5.554290294647217	21.16459321975708	0.5649854615330696	472.49293518066406	0.3652808740735054	1165.9740600585938	0.2008455954492092	-98.16669845581055	-0.9667886346578598	1497.3266906738281	0.1577342413365841	-105.32333755493164	-0.8288267552852631	2523.005615234375	0.10515715926885605	-107.65098190307617	-0.7884452491998672	-17.063097953796387	-0.35346586257219315	25.609875679016113	0.29004188627004623	0.01126120868138969	6.86574774980545	-0.021690722554922104	-0.5542016923427582	-16.976220846176147	26.81098747253418	-0.04975694604218006	-0.005181787826586515	2.3841280341148376	2.8891116976737976	0.17163138836622238	0.17403319478034973	0.16025810688734055	0.2011212520301342
grp-10	T3	10	300.0	0.4908572919666767	24.404190063476562	0.2644646018743515	1.732109785079956	24.404190063476562	0.2644646018743515	20.115010738372803	24.38593864440918	27.652119159698486	7.537108421325684	282.1559371948242	314.7403793334961	202.73753356933594	326.0272026062012	0.4908572919666767	1.5956086218357086	0.0925346203148365	0.2694412861019373	0.6909647732973099	0.5984301529824734	23.323174476623535	17.423213005065918	24.069040060043335	19.488816499710083	0.058807238936424255	1.9227505028247833	1.5914264023303986	0.7042785137891769	1.732109785079956	2.712021976709366	1.8382871747016907	-20.430729031562805	18.939321756362915	0.6540350317955017	473.9198760986328	0.38507669419050217	1148.2790222167969	0.18869421258568764	-103.07040977478027	-0.9186388701200485	1513.4677734375	0.1707063764333725	-107.06122970581055	-0.822086438536644	2548.4869995117188	0.10514670237898827	-109.19068717956543	-0.7854955941438675	-16.052735090255737	-0.4156150370836258	24.211783409118652	0.31517118960618973	0.012136341916630045	22.16835930943489	-0.021275099366903305	-0.5846588313579559	-14.427216529846191	23.733617305755615	-0.04471664223819971	-0.0039504035376012325	1.1920640468597412	2.563460350036621	0.1919609159231186	0.18678610771894455	0.1883740946650505	0.25960931181907654
grp-10	T3	11	330.0	0.28735290095210075	19.63292360305786	0.15762104839086533	1.4247147887945175	19.63292360305786	0.15762104839086533	17.74925422668457	19.74199342727661	21.23220729827881	3.4829530715942383	192.43038940429688	249.5160255432129	132.81561088562012	262.53266525268555	0.28735290095210075	0.647602841258049	0.10528639610856771	0.25303942523896694	0.43174055591225624	0.32645415514707565	3.4743826389312744	2.289960741996765	3.0445333123207092	2.445076823234558	0.032315623480826616	1.951780080795288	1.2526010870933533	0.8362463861703873	1.4247147887945175	3.0792532861232758	2.41950715938583	-121.87126362323761	23.773738384246826	0.6357798874378204	488.7269287109375	0.40574803203344345	1197.4682312011719	0.18474413454532623	-94.16121101379395	-1.02213354408741	1522.2552490234375	0.18535009399056435	-100.78669738769531	-0.8888392299413681	2605.4156494140625	0.11312402226030827	-103.62828636169434	-0.8377078771591187	-18.186636447906494	-0.3695123493671417	26.632219314575195	0.299641415476799	0.0013078928459435701	1.0049680471420288	-0.016934492625296116	-0.7836478501558304	-14.249180555343628	23.461146354675293	-0.05390702933073044	-0.0011760473389585968	2.667555868625641	2.1132643818855286	0.24576161429286003	0.21348971128463745	0.21817024424672127	0.2680452950298786
grp-10	T3	12	360.0	0.2511645555496216	23.656594276428223	0.3227013722062111	1.9097050726413727	23.656594276428223	0.3227013722062111	16.845373153686523	20.98276376724243	33.076029777526855	16.230656623840332	294.7127342224121	471.0204620361328	105.48028182983398	150.44390487670898	0.2511645555496216	1.0574837923049927	0.06477625109255314	0.16722128354012966	0.37295685708522797	0.3081806153059006	5.665680289268494	5.458829402923584	4.558110058307648	4.054968029260635	0.04936845973134041	1.8495419323444366	1.530358910560608	0.7728324383497238	1.9097050726413727	3.6150354743003845	2.068008489906788	15.978124856948853	22.7987322807312	0.6650025993585587	496.7495651245117	0.3812895715236664	1197.2076110839844	0.19077322632074356	-100.05281257629395	-0.9521282613277435	1557.944091796875	0.16350240632891655	-106.00558471679688	-0.8303699940443039	2620.9718627929688	0.10856600850820541	-108.59129524230957	-0.7869249880313873	-17.586777687072754	-0.3907395303249359	26.478026866912842	0.31809963285923004	0.007589802204165608	9.237601548433304	-0.01666581886820495	-0.6973309367895126	-17.765732765197754	27.808424472808838	-0.05580688267946243	-0.0018924848700407892	1.3337779343128204	2.254509150981903	0.22155843675136566	0.19525349512696266	0.20609454810619354	0.3800503984093666
grp-11	T1	0	0.0	0.16146038100123405	33.605584144592285	0.2400447204709053	5.602095603942871	33.605584144592285	0.2400447204709053	28.450477600097656	34.80929660797119	39.3520393371582	10.901561737060547	498.7738952636719	663.4986267089844	212.88427352905273	253.81574630737305	0.16146038100123405	1.1583193093538284	0.056995113380253315	0.09094466269016266	0.21768201515078545	0.1606869027018547	3.8439590334892273	3.777089774608612	2.7648278176784515	2.5731855630874634	0.05261609423905611	1.9871521592140198	1.2056885063648224	0.7405019998550415	5.602095603942871	0.9477089792490005	6.554387211799622	2.9247034788131714	21.939157485961914	0.7260348349809647	522.4641418457031	0.32526183128356934	1210.94482421875	0.19896963983774185	-142.83933639526367	-0.60138800740242	1600.4169006347656	0.12861911952495575	-139.22343826293945	-0.5907824486494064	2684.7850952148438	0.09438688680529594	-141.02793502807617	-0.5653235465288162	-16.71498441696167	-0.45136281847953796	25.697539806365967	0.3390611484646797	0.00811198604060337	-38.988704562187195	-0.01676530879922211	-0.637465626001358	-20.343334674835205	31.04848051071167	-0.056952341459691525	-0.004232005856465548	1.3087695986032486	1.82046639919281	0.17563533037900925	0.18916575238108635	0.3424718901515007	0.7764082252979279
grp-11	T1	1	30.0	0.21507291123270988	31.5040020942688	0.17646294087171555	6.721918106079102	31.5040020942688	0.17646294087171555	28.71600103378296	32.860880851745605	35.47710990905762	6.761108875274658	377.84156799316406	543.6368713378906	170.81336975097656	399.7999801635742	0.21507291123270988	0.8039671778678894	0.0732788760215044	0.15572885796427727	0.3322637677192688	0.25898489728569984	3.559858977794647	2.4808104634284973	2.7900572419166565	1.9989200234413147	0.03783839289098978	2.1939189434051514	1.0981401801109314	0.879215732216835	6.721918106079102	0.7218571156263351	8.57371735572815	1.722593516111374	25.271941661834717	0.5500912070274353	517.6570663452148	0.3264993205666542	1210.2710266113281	0.1859094388782978	-104.43436431884766	-0.8938028961420059	1621.5080261230469	0.13867353275418282	-109.19761276245117	-0.7766286283731461	2678.6627197265625	0.1092448178678751	-111.56827735900879	-0.7394744902849197	-18.645325660705566	-0.3871936872601509	27.111206531524658	0.3156566470861435	0.014160760241793469	-3.0081012547016144	-0.017002849373966455	-0.6183388382196426	-17.247727870941162	26.978622913360596	-0.050473921932280064	-0.0031377114064525813	2.7009003162384033	2.279961049556732	0.21758481115102768	0.1497046761214733	0.1998714990913868	0.21487552300095558
grp-11	T1	2	60.0	0.18118510767817497	31.01143789291382	0.16821589693427086	6.777609467506409	31.01143789291382	0.16821589693427086	30.000108242034912	32.203660011291504	33.992074966430664	3.991966724395752	376.1981735229492	490.6780471801758	98.22491264343262	161.65696334838867	0.18118510767817497	0.9465694576501846	0.04648815933614969	0.13250854797661304	0.2827567756175995	0.23626861348748207	3.0885229110717773	2.500349372625351	2.444091334939003	2.0580142438411713	0.039489705581218004	2.2054197788238525	1.0696647465229034	0.8587449043989182	6.777609467506409	0.6877110451459885	8.979916095733643	2.0763248801231384	30.298126697540283	0.5327357351779938	518.23193359375	0.2948356866836548	1204.3482360839844	0.1592017561197281	-113.04718208312988	-0.8263157606124878	1659.7891540527344	0.15113425254821777	-120.64295387268066	-0.6884042024612427	2731.2294921875	0.09454617463052273	-122.84906387329102	-0.6559517234563828	-22.739824295043945	-0.29197800531983376	31.385931968688965	0.2649300768971443	0.014690633790451102	-9.249103754758835	-0.022281428799033165	-0.5063923746347427	-21.394178867340088	31.666192054748535	-0.057383617386221886	-0.0037932730483589694	1.8089362978935242	2.146675705909729	0.20680880546569824	0.1547858640551567	0.24814347550272942	0.47644271701574326
grp-11	T1	3	90.0	0.1593948546797037	24.16982412338257	0.20214587077498436	2.871554911136627	24.16982412338257	0.20214587077498436	20.965965747833252	24.41711139678955	27.06872320175171	6.102757453918457	330.2712860107422	343.0816192626953	122.75203514099121	180.2184238433838	0.1593948546797037	0.9392995238304138	0.04697622824460268	0.09896803926676512	0.24232323467731476	0.1953470092266798	3.321103036403656	2.981282502412796	2.349714234471321	2.008884221315384	0.04699600953608751	2.1451252102851868	1.2650648653507233	0.783017486333847	2.871554911136627	1.9138759672641754	4.395213723182678	4.626473426818848	25.095376014709473	0.49401359260082245	504.4741973876953	0.390934519469738	1204.2172546386719	0.18511657789349556	-123.32625770568848	-0.742435872554779	1575.0176086425781	0.17016546428203583	-128.89291763305664	-0.6513507813215256	2614.26171875	0.1064612828195095	-130.77646255493164	-0.6234365254640579	-19.463179111480713	-0.36686914414167404	28.10299777984619	0.29565131664276123	-0.005696658045053482	-0.5530506372451782	-0.015907132532447577	-0.9091096818447113	-21.131734371185303	31.738191604614258	-0.05698228068649769	-0.0035712771787075326	1.867289125919342	2.1050685048103333	0.18330971524119377	0.16683252900838852	0.2808590978384018	0.4039188548922539
grp-11	T1	4	120.0	0.18734153173863888	24.366887092590332	0.18116919323801994	3.3327683806419373	24.366887092590332	0.18116919323801994	22.41889238357544	24.505009174346924	27.083256721496582	4.664364337921143	277.3358955383301	256.96690940856934	107.66740036010742	134.3636074066162	0.18734153173863888	1.071813240647316	0.03958804067224264	0.07672434113919735	0.33330754935741425	0.29371950775384903	4.07042396068573	2.7104067504405975	3.3067732453346252	2.7044995427131653	0.04428283870220184	2.2462460696697235	1.1731719076633453	0.8209463208913803	3.3327683806419373	1.2733435779809952	3.5355100631713867	0.04902386665344238	19.934612274169922	0.6511733159422874	522.6072158813477	0.4354277774691582	1197.2106323242188	0.18749918416142464	-132.17239379882812	-0.689973846077919	1564.6578979492188	0.17515787482261658	-134.65959548950195	-0.6413924098014832	2596.347412109375	0.12568469531834126	-136.31743621826172	-0.6175056844949722	-15.343453884124756	-0.4276380017399788	23.45972204208374	0.3152523636817932	0.010652989305526717	-38.73549824953079	-0.013706969795748591	-0.8906147927045822	-22.543078422546387	33.641982555389404	-0.06407167762517929	-0.0019552698577172123	1.5921973884105682	1.436205804347992	0.24033459648489952	0.2843913584947586	0.4408285692334175	1.3172051012516022
grp-11	T1	5	150.0	0.18250285647809505	28.298861026763916	0.21488898247480392	5.0110884308815	28.298861026763916	0.21488898247480392	23.26779556274414	28.551671028137207	33.810784339904785	10.542988777160645	263.3380241394043	427.68627166748047	105.34887313842773	180.3260440826416	0.18250285647809505	0.97745580971241	0.0481162965297699	0.11324384063482285	0.283624030649662	0.23550773784518242	4.148255884647369	3.5968990474939346	3.021709054708481	2.8908678144216537	0.036309128161519766	2.0321248173713684	1.2418924868106842	0.8260344117879868	5.0110884308815	1.0441971123218536	7.159481048583984	2.2280082404613495	24.336546897888184	0.4985888674855232	543.8275909423828	0.3744072988629341	1226.0735168457031	0.17626292631030083	-119.10858535766602	-0.7738019526004791	1632.3541564941406	0.1724170595407486	-123.13916778564453	-0.6924182921648026	2659.2693481445312	0.12093456089496613	-124.89602088928223	-0.6658606380224228	-18.987953186035156	-0.39610015600919724	26.585266590118408	0.3007228225469589	0.005561396712437272	5.913931846618652	-0.017441117204725742	-0.7817837595939636	-20.971447467803955	31.72101879119873	-0.06239972822368145	-0.0012151880000601523	1.6588863134384155	2.0798531770706177	0.2027815617620945	0.16865753382444382	0.2761051468551159	0.5823232978582382
grp-11	T1	6	180.0	0.19915339350700378	28.59755516052246	0.20500338077545166	4.738020420074463	28.59755516052246	0.20500338077545166	24.582550525665283	29.335212230682373	33.170745849609375	8.588195323944092	351.4171371459961	469.10997009277344	160.00741577148438	250.57636260986328	0.19915339350700378	1.292922019958496	0.04476006980985403	0.09535065479576588	0.2952928878366947	0.2505328208208084	4.373440504074097	3.6346696615219116	3.9997572898864746	3.4997673630714417	0.05945420265197754	1.9994603395462036	1.3226091265678406	0.7863020598888397	4.738020420074463	0.9773093014955521	3.7886921763420105	4.448776423931122	23.62118911743164	0.5991924777626991	530.8398590087891	0.3626936227083206	1222.76513671875	0.19059664383530617	-122.48139953613281	-0.7552521526813507	1608.4840393066406	0.15079207718372345	-126.75728225708008	-0.672438845038414	2646.6843872070312	0.10681543126702309	-128.79253387451172	-0.6425643712282181	-18.92963218688965	-0.3659386485815048	27.39780282974243	0.30544812232255936	0.008299676177557558	7.260806381702423	-0.019354932010173798	-0.620860680937767	-21.928292989730835	33.00012397766113	-0.06365746818482876	-0.0020500974060269073	1.4254751801490784	1.611556500196457	0.25379933044314384	0.2264425791800022	0.36881912499666214	0.7812050879001617
grp-11	T1	7	210.0	0.2856229357421398	30.1965913772583	0.22438909485936165	4.395597875118256	30.1965913772583	0.22438909485936165	24.173405170440674	31.466773509979248	34.59298038482666	10.419575214385986	338.8731994628906	424.2713317871094	186.22067260742188	343.5159683227539	0.2856229357421398	1.2821848690509796	0.05392493959516287	0.13744640536606312	0.4473007544875145	0.39337582141160965	8.383949279785156	9.22178864479065	6.5784900188446045	5.843828916549683	0.05935116671025753	1.881051242351532	1.2995087206363678	0.760850578546524	4.395597875118256	1.0817164182662964	5.202038288116455	3.1378865838050842	21.467362880706787	0.7183917164802551	531.8947296142578	0.39593613147735596	1197.26123046875	0.19792520254850388	-121.46382522583008	-0.774788573384285	1617.1556091308594	0.1414017230272293	-123.21373558044434	-0.7064473032951355	2674.1013793945312	0.10063600540161133	-124.85844802856445	-0.681818276643753	-16.21967387199402	-0.44762999564409256	24.45889663696289	0.3520878106355667	0.025450735120102763	1.9979375898838043	-0.019348312634974718	-0.5900697857141495	-18.120194911956787	29.022727966308594	-0.05253629293292761	-0.002294611360412091	1.3337779641151428	1.7368070185184479	0.23773200064897537	0.22524826601147652	0.3266584947705269	0.6624240577220917
grp-11	T1	8	240.0	0.15211558900773525	25.2958083152771	0.2109806016087532	3.5377489924430847	25.2958083152771	0.2109806016087532	22.319704055786133	24.540031909942627	27.214234352111816	4.894530296325684	257.0708694458008	336.7364158630371	109.86706352233887	180.85543632507324	0.15211558900773525	1.009095311164856	0.043230898678302765	0.07678004913032055	0.2396632917225361	0.19643239676952362	3.429635524749756	2.7548955976963043	2.659973919391632	2.0814868211746216	0.033381061628460884	1.9144884943962097	1.2733175456523895	0.7574815005064011	3.5377489924430847	1.2964051216840744	2.4754340052604675	1.7989473342895508	23.928447246551514	0.5815782770514488	530.8480987548828	0.3878101035952568	1238.4747619628906	0.18613258376717567	-139.89834213256836	-0.6282045394182205	1599.5513610839844	0.17720015347003937	-143.61944198608398	-0.5639971047639847	2628.5772705078125	0.11949300579726696	-145.11963653564453	-0.5430288687348366	-19.567903995513916	-0.34799133986234665	27.203968048095703	0.2882097512483597	0.007986519194673747	16.50612187385559	-0.017322602914646268	-0.7508244663476944	-21.934812545776367	32.91994333267212	-0.06162341125309467	-0.0021591193944914266	1.5171723812818527	1.6200432479381561	0.18882274255156517	0.17400476709008217	0.3990156576037407	1.05945385992527
grp-11	T1	9	270.0	0.3712943457067013	31.918679237365723	0.16275611147284508	6.042435646057129	31.918679237365723	0.16275611147284508	30.332018852233887	32.86543560028076	35.20681953430176	4.874800682067871	368.5620651245117	470.0545425415039	105.22304916381836	163.21001434326172	0.3712943457067013	0.9644296616315842	0.10314849764108658	0.27070578932762146	0.5542090982198715	0.45106060057878494	5.994410395622253	4.846795678138733	5.236914217472076	4.306763023138046	0.0492170974612236	2.0787084698677063	1.168585479259491	0.7997708320617676	6.042435646057129	0.7737302482128143	6.496170163154602	2.468298763036728	23.055996417999268	0.6515390947461128	492.4952163696289	0.29055844247341156	1138.9264831542969	0.1769683174788952	-81.36950492858887	-1.1457741856575012	1642.9519348144531	0.1327332705259323	-89.73106575012207	-0.9245001822710037	2657.3251342773438	0.09159975126385689	-90.54255676269531	-0.9079795628786087	-17.102506160736084	-0.4357159063220024	23.995694637298584	0.3793058842420578	0.028373788110911846	1.6640514582395554	-0.022944488562643528	-0.45332515239715576	-16.628639936447144	25.774492740631104	-0.04322014469653368	-0.0057960207923315465	2.0423474311828613	2.5229771733283997	0.23667709529399872	0.16953346878290176	0.14701541513204575	0.17598602175712585
grp-11	T1	10	300.0	0.36298955976963043	30.517176151275635	0.19682154804468155	6.371479630470276	30.517176151275635	0.19682154804468155	25.266785621643066	32.40195369720459	34.7548131942749	9.488027572631836	326.8227844238281	452.77208709716797	115.89712715148926	178.00241088867188	0.36298955976963043	0.8534038662910461	0.11368551477789879	0.2774002179503441	0.5629700422286987	0.44928453862667084	5.484233021736145	3.848336011171341	4.590645998716354	4.096648007631302	0.041746084578335285	2.4589845538139343	1.0632995665073395	0.8673216551542282	6.371479630470276	0.7996335625648499	6.252021908760071	2.2981558442115784	23.9419002532959	0.5727393478155136	518.2922973632812	0.31857435405254364	1165.4483032226562	0.1785721406340599	-78.9820785522461	-1.1686634421348572	1673.2310791015625	0.1506613902747631	-88.20476150512695	-0.940181091427803	2680.2276000976562	0.10080033540725708	-89.37515830993652	-0.916954442858696	-18.088751792907715	-0.4034738689661026	24.86287212371826	0.3526303991675377	0.02650856366381049	1.632567122578621	-0.024811331182718277	-0.4500746726989746	-16.559927225112915	25.05925989151001	-0.03898847661912441	-0.007620880496688187	2.2757586240768433	2.2552624344825745	0.27043435350060463	0.23009421303868294	0.15909640491008759	0.17158517241477966
grp-11	T1	11	330.0	0.3957320526242256	31.974151134490967	0.21371392533183098	5.397287130355835	31.974151134490967	0.21371392533183098	26.146995544433594	33.252896308898926	37.637349128723145	11.49035358428955	349.85069274902344	477.27713775634766	171.4931411743164	253.42463302612305	0.3957320526242256	1.395493984222412	0.09445660002529621	0.20210915803909302	0.5231173485517502	0.4286607503890991	12.993919849395752	15.532800912857056	8.878255367279053	9.826056718826294	0.04753521829843521	1.977155089378357	1.2387700080871582	0.7240304052829742	5.397287130355835	0.9298296719789505	7.83206582069397	1.9910535216331482	21.165452003479004	0.6802379786968231	517.1847839355469	0.3720926120877266	1185.8136901855469	0.19471487030386925	-92.87734794616699	-1.0075642615556717	1608.9971313476562	0.15240838378667831	-92.62386703491211	-0.920767292380333	2630.89697265625	0.10651140287518501	-94.54170608520508	-0.8840344995260239	-15.477650165557861	-0.4652049392461777	23.28309154510498	0.36835096776485443	0.01965335663408041	2.1146092116832733	-0.020032945089042187	-0.5391199812293053	-16.713788270950317	25.78836679458618	-0.03935741353780031	-0.006441409233957529	1.0003334432840347	2.7392463088035583	0.20806923136115074	0.19835970550775528	0.1495489440858364	0.13848237693309784
grp-11	T1	12	360.0	0.16956532560288906	34.792829513549805	0.1882706768810749	6.8386924266815186	34.792829513549805	0.1882706768810749	32.25942897796631	36.289695739746094	38.382137298583984	6.122708320617676	406.2786178588867	514.5497360229492	270.93616485595703	475.0461483001709	0.16956532560288906	1.0685123652219772	0.0562660051509738	0.11290325969457626	0.2273084782063961	0.17104247212409973	5.0909833908081055	5.3844397366046906	3.9044635891914368	4.180170834064484	0.033141575288027525	1.9925057888031006	1.2322001457214355	0.762071967124939	6.8386924266815186	0.7055895179510117	10.002871751785278	1.8210329711437225	23.92917776107788	0.5621526837348938	524.0683288574219	0.30765701085329056	1197.0906677246094	0.17857881635427475	-124.53811454772949	-0.7357742786407471	1616.6797485351562	0.13804219663143158	-123.19685935974121	-0.6862646192312241	2702.3355712890625	0.08717096224427223	-125.38712310791016	-0.6535810232162476	-17.94264054298401	-0.38851000368595123	26.995747089385986	0.2954777404665947	0.00725108856568113	10.285401701927185	-0.01879289490170777	-0.6140186861157417	-19.517990112304688	29.732728481292725	-0.049132087267935276	-0.0051206179196015	1.7005668729543686	2.864293158054352	0.13976515643298626	0.11212997138500214	0.19499122351408005	0.3652245104312897
grp-11	T1	15	450.0	0.042743779718875885	20.182612895965576	0.28242532163858414	2.222767695784569	20.182612895965576	0.28242532163858414	13.06041955947876	21.234405517578125	25.921977043151855	12.861557483673096	109.20901870727539	53.7026629447937	12.839232444763184	22.49589490890503	0.042743779718875885	0.5925265476107597	0.035479686222970486	0.037884076591581106	0.04384369496256113	0.008364008739590645	0.26811467204242945	0.3479734091088176	0.29433710500597954	0.27994048222899437	0.027068062219768763	0.905762106180191	1.45204696059227	0.8934261798858643	2.222767695784569	-1.5530745685100555	25.88196861743927	2.8441584706306458	26.29560947418213	0.7065203487873077	693.5696258544922	0.3680235594511032	1414.0668029785156	0.1226468812674284	-197.89030075073242	-0.11044012382626534	1772.8493041992188	0.17068655230104923	-197.96685028076172	-0.10573445446789265	2830.0265502929688	0.13980071991682053	-197.97952270507812	-0.1055139135569334	-21.942850589752197	-0.2344227358698845	29.81847858428955	0.21344557031989098	-0.04257703106850386	-0.5895718857645988	-0.011601997073739767	-0.7606089413166046	-26.926148891448975	39.022422790527344	-0.08035478554666042	-0.0006336121587082744	0.24174724519252777	0.13360054418444633	0.11880952306091785	0.1117269117385149	5.395666420459747	4.755943655967712
grp-11	T1	16	480.0	0.058441562578082085	30.438560962677002	0.31738270819187164	5.453701734542847	30.438560962677002	0.31738270819187164	19.762897729873657	33.94853687286377	38.477203369140625	18.714305877685547	240.2926788330078	170.97353744506836	281.2261543273926	275.76917839050293	0.058441562578082085	0.6718801632523537	0.03676760662347078	0.041275651194155216	0.06388488970696926	0.027117283083498478	1.168699711561203	0.9859209656715393	1.0139345079660416	0.9624505937099457	0.058953290805220604	1.8031672537326813	1.3833725154399872	0.7141342759132385	5.453701734542847	1.3119711726903915	5.355025291442871	5.488729178905487	19.105809688568115	1.11684912443161	572.0225219726562	0.3793365955352783	1279.7868041992188	0.1653163880109787	-189.17337799072266	-0.21787305548787117	1686.47021484375	0.14354069158434868	-187.93180084228516	-0.21887044981122017	2767.78466796875	0.08980834111571312	-188.20427322387695	-0.2137686051428318	-25.2698016166687	-0.2843281850218773	35.2685489654541	0.24156282097101212	-0.029516209149733186	-1.6219535022974014	-0.01669880491681397	-0.6957261860370636	-25.462392330169678	37.003050804138184	-0.07518256641924381	-0.001617497193365125	1.2420806884765625	0.6763917952775955	0.09660941176116467	0.08521228097379208	1.1485427021980286	2.257131040096283
grp-11	T1	17	510.0	0.3244819864630699	30.347631454467773	0.2331947758793831	4.723492860794067	30.347631454467773	0.2331947758793831	23.831880569458008	30.99601125717163	36.40278625488281	12.570905685424805	364.32203674316406	560.6268692016602	144.35684394836426	221.1087989807129	0.3244819864630699	1.1814117282629013	0.0709637813270092	0.19030942022800446	0.47311724722385406	0.40215346217155457	6.761574864387512	5.087861597537994	6.37923002243042	5.467339277267456	0.053991084918379784	1.82218536734581	1.3433934450149536	0.7345601916313171	4.723492860794067	1.0216351449489594	6.818392515182495	2.4658937454223633	21.21739673614502	0.6806813031435013	529.8997497558594	0.3747078627347946	1202.3456420898438	0.19278527423739433	-87.80518531799316	-1.064186468720436	1619.7912902832031	0.13873552531003952	-91.65151023864746	-0.9266339093446732	2632.7782592773438	0.10636460594832897	-93.71602630615234	-0.8879560083150864	-16.185688734054565	-0.4200650751590729	24.21191120147705	0.34448885172605515	0.016648228047415614	2.954407513141632	-0.016957682324573398	-0.7001435607671738	-19.46669626235962	29.467025756835938	-0.05184759106487036	-0.003359080437803641	1.650550216436386	2.563460409641266	0.22600087895989418	0.22256331890821457	0.15463490039110184	0.19663572683930397
grp-11	T2	0	0.0	0.15008063986897469	34.75992965698242	0.19438562542200089	6.703668713569641	34.75992965698242	0.19438562542200089	33.711607933044434	36.491108894348145	38.42876720428467	4.717159271240234	424.9055709838867	607.4690475463867	178.43908309936523	220.8586769104004	0.15008063986897469	1.0785055309534073	0.06734050624072552	0.10896353237330914	0.18455727770924568	0.11721677146852016	4.963052272796631	6.734710872173309	3.3588679432868958	4.958082467317581	0.033480873331427574	2.1442152857780457	1.1989749073982239	0.7520045787096024	6.703668713569641	0.7670455425977707	8.207090258598328	2.219832181930542	23.589365005493164	0.5910079777240753	532.2677154541016	0.29798997938632965	1191.7864990234375	0.1695464476943016	-134.67202949523926	-0.6560964435338974	1600.5617980957031	0.13536804541945457	-133.38137817382812	-0.621291771531105	2717.2717895507812	0.09132527559995651	-135.9011936187744	-0.5846542194485664	-17.306880950927734	-0.3782263547182083	27.08670425415039	0.2933916561305523	-0.0014176317054079846	-55.17366647720337	-0.015460197115316987	-0.7261787950992584	-17.7884418964386	27.91753625869751	-0.04746919311583042	-0.004713800793979317	1.1170390099287033	2.7063148617744446	0.1233943123370409	0.10353314690291882	0.2278694324195385	0.3827149383723736
grp-11	T2	1	30.0	0.12092705816030502	35.44853973388672	0.13461588695645332	7.649972200393677	35.44853973388672	0.13461588695645332	34.807565689086914	35.83924865722656	38.0429801940918	3.235414505004883	440.5750560760498	583.7964553833008	141.5871024131775	326.1764249801636	0.12092705816030502	0.5930940806865692	0.05882331449538469	0.1023502703756094	0.1732495129108429	0.11442619934678078	1.580263152718544	1.0533405095338821	1.0856778621673584	0.6947512403130531	0.02270385017618537	2.0995044112205505	1.1502366065979004	0.7152949124574661	7.649972200393677	0.5690659880638123	7.088752031326294	2.5410100370645523	23.069380283355713	0.5803603604435921	489.3521270751953	0.2799011543393135	1197.22265625	0.1614997237920761	-123.3767204284668	-0.7426438480615616	1536.9788818359375	0.1543450467288494	-119.84629821777344	-0.7181140333414078	2634.8222045898438	0.10580775514245033	-122.96796035766602	-0.6675510182976723	-16.98782444000244	-0.38482576608657837	27.098161697387695	0.28654445707798004	-0.0023460520897060633	-10.961122930049896	-0.017155258683487773	-0.6598379760980606	-20.645638942718506	30.60211992263794	-0.04781973361968994	-0.006507522193714976	3.2927643060684204	3.2325427532196045	0.12258785776793957	0.08042038232088089	0.16179856657981873	0.19424645230174065
grp-11	T2	2	60.0	0.12395254150032997	34.57070255279541	0.18173079565167427	6.677164435386658	34.57070255279541	0.18173079565167427	34.112470626831055	35.7177038192749	38.014198303222656	3.9017276763916016	432.95310974121094	566.5638275146484	165.85358047485352	331.2304563522339	0.12395254150032997	0.6564391106367111	0.05666159652173519	0.10144559107720852	0.1779205985367298	0.12125900201499462	1.8009031116962433	1.4235948622226715	1.1532860845327377	0.9134985059499741	0.029844997450709343	2.452993929386139	1.1682348847389221	0.7073574811220169	6.677164435386658	0.7050223499536514	7.108207702636719	2.6647386252880096	21.456944465637207	0.6430021673440933	517.0459136962891	0.2959752753376961	1189.3628540039062	0.17302478477358818	-129.53336906433105	-0.6946752741932869	1600.7251586914062	0.13874469324946404	-127.91384315490723	-0.6582653075456619	2696.7133178710938	0.0964196715503931	-130.2013645172119	-0.6234396398067474	-16.58238124847412	-0.3915961906313896	25.590858459472656	0.30795398354530334	-0.00022498096723211347	-418.51800537109375	-0.016572890803217888	-0.6458519175648689	-20.334562301635742	30.410900592803955	-0.05111605208367109	-0.005069422768428922	2.6092031002044678	2.772211253643036	0.13235878571867943	0.10102650243788958	0.19669537991285324	0.27846333757042885
grp-11	T2	5	150.0	0.052536023780703545	10.623213768005371	0.08729068655520678	-2.4909932613372803	10.623213768005371	0.08729068655520678	9.479966878890991	10.566910028457642	11.875527143478394	2.3955602645874023	76.36309242248535	57.0024528503418	94.11040878295898	57.760108947753906	0.052536023780703545	0.602265015244484	0.036985356360673904	0.04238507431000471	0.06014822702854872	0.023162870667874813	1.0230603143572807	1.558271624147892	1.0099671557545662	1.5939654409885406	0.007801734376698732	0.09120627492666245	1.4086223542690277	0.3411070182919502	-2.4909932613372803	-0.6409197002649307	5.018081903457642	-0.2726036310195923	-6.967215001583099	-4.001058701425791	581.3819580078125	0.26553089916706085	1012.7996826171875	0.1334381178021431	-200.08015060424805	-0.04105196613818407	1347.9938354492188	0.14353851228952408	-200.08233642578125	-0.04067085077986121	2179.469970703125	0.08503531292080879	-200.1016387939453	-0.03973622806370258	-17.84584617614746	-0.1671624444425106	27.12335205078125	0.1145360879600048	-0.05810035206377506	-0.1763821505010128	-0.0008356750522580114	39.73814108967781	-23.826252937316895	35.671278953552246	-0.07317766547203064	0.00013113146997056901	0.5668556094169617	0.08350034151226282	0.017749999184161425	0.0033898083493113518	13.100178122520447	5.066863596439362
grp-11	T2	6	180.0	0.1269455198198557	31.927471160888672	0.21061255037784576	6.359347581863403	31.927471160888672	0.21061255037784576	28.943626880645752	33.9188117980957	35.9434757232666	6.99984884262085	468.5463104248047	577.2929077148438	138.97247886657715	222.99648094177246	0.1269455198198557	1.019840732216835	0.045311760157346725	0.07578463386744261	0.17522352188825607	0.12991175800561905	3.015026092529297	2.605854243040085	2.294701009988785	2.2855391204357147	0.042988667730242014	2.022872805595398	1.233237236738205	0.8247337192296982	6.359347581863403	0.8409467339515686	7.372549295425415	2.4306524097919464	24.02575922012329	0.6667882800102234	527.7151947021484	0.34969300776720047	1216.9705200195312	0.17811305075883865	-159.41308975219727	-0.4771234020590782	1617.7879028320312	0.16151053085923195	-159.77006912231445	-0.44591613858938217	2678.8507080078125	0.10330987721681595	-160.70418548583984	-0.4322833865880966	-19.792129039764404	-0.3521377146244049	28.885183811187744	0.2936578132212162	0.00784883699088823	-14.586840033531189	-0.017887784400954843	-0.6577308923006058	-20.33747434616089	31.329314708709717	-0.061235785484313965	-0.0019254044455010444	1.4088029265403748	1.5281845331192017	0.141755111515522	0.10731933824717999	0.4654642641544342	0.8386972397565842
grp-11	T2	7	210.0	0.22608288377523422	25.389474868774414	0.26221413165330887	3.7100552916526794	25.389474868774414	0.26221413165330887	20.81782627105713	24.802374362945557	30.853986740112305	10.036160469055176	291.19922637939453	310.90552520751953	242.7601661682129	481.1764144897461	0.22608288377523422	0.8592669516801834	0.061072567477822304	0.1442146860063076	0.3694157563149929	0.30834319442510605	3.643108367919922	2.5377583354711533	2.862602084875107	2.3684608936309814	0.04485927615314722	2.1750075221061707	1.224521428346634	0.8314900696277618	3.7100552916526794	1.3003119081258774	3.0140734873712063	18.403899610042572	21.79057264328003	0.7067436426877975	531.5157623291016	0.390688955783844	1203.1266174316406	0.18733471632003784	-106.0947036743164	-0.8842958807945251	1593.9720153808594	0.1737876497209072	-110.46725463867188	-0.7898671329021454	2639.8928833007812	0.12326020933687687	-112.60866737365723	-0.7544475793838501	-17.363837242126465	-0.44937868416309357	25.767549991607666	0.36473651975393295	0.0034264975984115154	6.419300675392151	-0.016461302991956472	-0.7510658353567123	-17.33524990081787	27.30453062057495	-0.05525751505047083	-0.0017110678745666519	2.3674558103084564	2.388723373413086	0.19839253276586533	0.15270312502980232	0.19744011759757996	0.20466546341776848
grp-11	T2	8	240.0	0.26217275112867355	31.827631950378418	0.1820053905248642	5.7110689878463745	31.827631950378418	0.1820053905248642	29.32758331298828	32.9787540435791	35.77791976928711	6.450336456298828	475.6400604248047	669.88671875	137.22440910339355	196.1579360961914	0.26217275112867355	0.8720146864652634	0.0592653788626194	0.18541151843965054	0.44122491031885147	0.38195953145623207	4.696452587842941	3.1484878063201904	3.764782428741455	2.59550304710865	0.04752895329147577	2.2538039684295654	1.2171024978160858	0.7919476628303528	5.7110689878463745	0.8692304641008377	4.820835709571838	4.360507428646088	21.54026985168457	0.7082181125879288	519.9085464477539	0.3141949325799942	1164.51318359375	0.1871558614075184	-113.95824813842773	-0.8170216232538223	1622.064453125	0.14163339138031006	-117.11559867858887	-0.7273248434066772	2667.6537475585938	0.09340632893145084	-118.5641975402832	-0.7050716727972031	-16.59155035018921	-0.4080769792199135	24.763601303100586	0.34237655997276306	0.014140753075480461	-2.9028734266757965	-0.01978730922564864	-0.5863033682107925	-18.48041033744812	28.428060054779053	-0.05026378855109215	-0.0047855586162768304	2.3924641609191895	2.6480714678764343	0.16586505994200706	0.1301491241902113	0.19145715236663818	0.2355661243200302
grp-11	T2	9	270.0	0.16980411857366562	27.39439821243286	0.2606298662722111	4.10002076625824	27.39439821243286	0.2606298662722111	19.60867166519165	29.82824945449829	33.74733829498291	14.13866662979126	387.4597625732422	510.0969009399414	140.81232452392578	151.74015998840332	0.16980411857366562	0.8261065632104874	0.05770959984511137	0.12587552703917027	0.25062460638582706	0.19291500560939312	2.976768285036087	2.305554911494255	2.2866344451904297	2.141843467950821	0.0558984512463212	1.7271053493022919	1.201145887374878	0.7803425490856171	4.10002076625824	1.378923460841179	3.7190030217170715	8.193927645683289	24.224245071411133	0.7953476458787918	540.2594757080078	0.2955230847001076	1230.22265625	0.1623949259519577	-114.46123313903809	-0.8094604909420013	1665.0233459472656	0.14899330213665962	-119.99967384338379	-0.70240518450737	2756.0120849609375	0.1018192209303379	-122.11079788208008	-0.6701218634843826	-20.353926181793213	-0.321494422852993	29.21731996536255	0.2723149284720421	-7.687881588935852e-05	0.34191930294036865	-0.0195697327144444	-0.5854123681783676	-20.482548713684082	30.697922229766846	-0.053285401314496994	-0.005386947770603001	1.8672890961170197	2.4382097721099854	0.1783174928277731	0.1515090148895979	0.2128748670220375	0.2317158617079258
grp-11	T2	10	300.0	0.25605257973074913	32.88874816894531	0.1530916541814804	6.856959223747253	32.88874816894531	0.1530916541814804	31.03644895553589	33.52879810333252	35.9870719909668	4.950623035430908	387.01610565185547	566.2132797241211	98.3853759765625	124.7538013458252	0.25605257973074913	0.7163918018341064	0.07754949294030666	0.20708657801151276	0.4159805700182915	0.33843108266592026	4.211936116218567	2.7700687050819397	3.2412361204624176	2.050316661596298	0.032755539286881685	2.0820786356925964	1.081477403640747	0.8939999639987946	6.856959223747253	0.6833830773830414	7.451300144195557	1.8621911704540253	24.666016101837158	0.5413935631513596	548.6151123046875	0.34423792362213135	1223.6207580566406	0.20372487604618073	-101.41198921203613	-0.914184108376503	1627.0652160644531	0.16633277386426926	-104.86762809753418	-0.8058631122112274	2683.2506103515625	0.10874633863568306	-107.70512771606445	-0.7592130750417709	-17.985644340515137	-0.4900203123688698	27.277231216430664	0.3317602276802063	0.02121953247115016	3.0447807013988495	-0.017331166425719857	-0.755837619304657	-16.267045497894287	26.581907749176025	-0.05076641496270895	-0.0022917701135156676	3.326108694076538	2.3574737906455994	0.22169164195656776	0.18102515116333961	0.18752022460103035	0.26668020337820053
grp-11	T2	11	330.0	0.19682349637150764	31.032209873199463	0.20514187589287758	5.694911479949951	31.032209873199463	0.20514187589287758	28.878329277038574	32.321534156799316	35.115864753723145	6.23753547668457	323.65520095825195	505.9621047973633	195.7859001159668	306.6761817932129	0.19682349637150764	0.9643461406230927	0.05539535265415907	0.1414101254194975	0.29642197117209435	0.2410266138613224	3.818140983581543	3.108997166156769	2.9867957532405853	2.842225283384323	0.04862682428210974	2.0539768636226654	1.158462941646576	0.7986308634281158	5.694911479949951	0.8425301760435104	5.085235178470612	3.022187829017639	25.497681617736816	0.5827201530337334	540.3098983764648	0.32802849262952805	1202.1964416503906	0.1866435669362545	-119.12202644348145	-0.7685259282588959	1649.3129272460938	0.17084219679236412	-123.27141380310059	-0.6771896034479141	2730.55126953125	0.10436678305268288	-125.31665229797363	-0.646951362490654	-19.581488609313965	-0.40066657215356827	28.569385528564453	0.30546823143959045	0.016835484420880675	2.7713378369808197	-0.0204625241458416	-0.5716272667050362	-18.261638164520264	28.722400665283203	-0.053194993175566196	-0.0036136261915089563	1.967322438955307	2.22945898771286	0.18907739594578743	0.16467902436852455	0.2515774071216583	0.3914725258946419
grp-11	T2	12	360.0	0.2042306549847126	31.16294574737549	0.18896880373358727	6.086590766906738	31.16294574737549	0.18896880373358727	29.22201681137085	31.97752094268799	34.71994495391846	5.497928142547607	381.9252014160156	518.1237869262695	129.63769340515137	135.6553897857666	0.2042306549847126	1.0125634223222733	0.05597781389951706	0.13272454775869846	0.28829435631632805	0.2323165461421013	4.104545325040817	3.509122520685196	3.302374243736267	3.211371198296547	0.04579763673245907	2.122398257255554	1.0945846736431122	0.8344190567731857	6.086590766906738	0.790718212723732	5.076685070991516	3.551975905895233	24.95584774017334	0.7271702140569687	525.0065536499023	0.2855040952563286	1196.9390563964844	0.1846226491034031	-108.85135841369629	-0.8633831590414047	1648.3758239746094	0.15810320153832436	-114.51336288452148	-0.7430953979492188	2729.00830078125	0.09035686030983925	-116.53000450134277	-0.7116455286741257	-19.717862606048584	-0.4193035960197449	27.763833045959473	0.3376810625195503	0.013489833800122142	4.228752762079239	-0.02200625417754054	-0.5575214102864265	-20.12896156311035	30.42335033416748	-0.05501896608620882	-0.004982869490049779	2.1507169008255005	2.271209239959717	0.20759079605340958	0.18283053115010262	0.21639615669846535	0.2537990137934685
grp-11	T2	13	390.0	0.211874607950449	27.125667095184326	0.21892966330051422	4.057680070400238	27.125667095184326	0.21892966330051422	21.855523586273193	28.22214365005493	32.04440402984619	10.188880443572998	396.7455139160156	478.46619415283203	109.95796394348145	111.55964088439941	0.211874607950449	0.9115480035543442	0.06612514983862638	0.14591317251324654	0.3128216378390789	0.24669649079442024	4.3220765590667725	3.6050670444965363	3.8151270151138306	3.53319551050663	0.053659787867218256	1.9687742590904236	1.2703019678592682	0.7313526123762131	4.057680070400238	1.115520566701889	4.098578870296478	4.907061815261841	24.922240734100342	0.6247091144323349	519.8641128540039	0.3343351185321808	1215.0247192382812	0.17960190400481224	-105.98763656616211	-0.8861053138971329	1590.1124267578125	0.17105773091316223	-112.44445610046387	-0.7623192667961121	2618.431640625	0.10869548469781876	-114.99211883544922	-0.7209909856319427	-19.243757724761963	-0.36633144319057465	27.973228454589844	0.30465099960565567	0.007561459438875318	1.6336711049079895	-0.020169092807918787	-0.6172158569097519	-18.696937561035156	28.683958053588867	-0.047198797576129436	-0.00489514198852703	1.9423141181468964	2.51419997215271	0.18810351006686687	0.1394783016294241	0.1892108991742134	0.2806941047310829
grp-11	T2	14	420.0	0.19550327770411968	28.45685911178589	0.2052992843091488	5.148025751113892	28.45685911178589	0.2052992843091488	24.345508575439453	30.01119327545166	32.85101890563965	8.505510330200195	355.939697265625	483.66175079345703	164.15048217773438	346.5064296722412	0.19550327770411968	0.83138607442379	0.053998968563973904	0.170713784173131	0.31167805939912796	0.25767908804118633	2.9166419208049774	2.139056146144867	2.212967336177826	1.8388646841049194	0.0445359805598855	2.3009538650512695	1.114769607782364	0.7715912014245987	5.148025751113892	0.9573664665222168	3.446209669113159	4.112469017505646	24.025647163391113	0.5546827614307404	535.3688659667969	0.3030935078859329	1195.2226257324219	0.17840244621038437	-110.91201972961426	-0.8524263203144073	1657.13916015625	0.14946992322802544	-117.52507209777832	-0.7323080748319626	2760.543701171875	0.0844162106513977	-119.25445747375488	-0.7052893787622452	-18.980024814605713	-0.32612884789705276	26.669020652770996	0.28917910903692245	0.006088081543566659	13.28589642047882	-0.0236471532844007	-0.4953139051795006	-19.28288698196411	29.32387351989746	-0.0502153979614377	-0.004972474853275344	2.1923975199460983	2.09601753950119	0.21918229758739471	0.18975045904517174	0.24286260455846786	0.29949258267879486
grp-11	T2	15	450.0	0.22646392323076725	31.534306526184082	0.19234663620591164	6.848801493644714	31.534306526184082	0.19234663620591164	28.36784791946411	33.437355041503906	35.22657585144043	6.858727931976318	400.5173225402832	582.9888229370117	153.25572967529297	212.06801223754883	0.22646392323076725	0.9169326722621918	0.06916251592338085	0.16951325722038746	0.34066973254084587	0.2715072091668844	3.3389537930488586	2.8560594618320465	2.934830754995346	2.5327591001987457	0.031319379806518555	2.09660866856575	1.052853062748909	0.8615498691797256	6.848801493644714	0.743494339287281	7.680521249771118	2.2326730489730835	25.344688892364502	0.5504206940531731	505.00439453125	0.2898903340101242	1188.5002136230469	0.16190656274557114	-103.78969955444336	-0.9165128022432327	1621.4650268554688	0.15144393220543861	-111.28225135803223	-0.7639188021421432	2658.16064453125	0.09766212292015553	-112.81047439575195	-0.7390377670526505	-19.407068729400635	-0.3217545747756958	27.542574882507324	0.2820833772420883	0.02112816763110459	2.5492874085903168	-0.02020595269277692	-0.5522675290703773	-19.244340181350708	29.009475231170654	-0.04938263911753893	-0.005523204221390188	1.9589863419532776	2.2461591362953186	0.21495648846030235	0.19593819603323936	0.2031685635447502	0.27088789641857147
grp-11	T2	16	480.0	0.26802437752485275	31.940293788909912	0.13857505284249783	6.7345194816589355	31.940293788909912	0.13857505284249783	30.781081199645996	32.56113910675049	34.49793338775635	3.7168521881103516	329.9797554016113	473.3122367858887	90.7097339630127	152.79782676696777	0.26802437752485275	0.8925293833017349	0.06911986228078604	0.18451064452528954	0.42849552258849144	0.35937565565109253	4.818606615066528	3.4046986997127533	3.9274961352348328	3.0126930624246597	0.03452818747609854	2.1161789298057556	1.0834220051765442	0.8567837625741959	6.7345194816589355	0.6414500996470451	8.540202617645264	1.5373353064060211	27.10934352874756	0.4574452042579651	525.5095291137695	0.31952183693647385	1234.3086547851562	0.1866595484316349	-89.57759094238281	-1.0431690365076065	1595.9629821777344	0.16078279167413712	-96.92353248596191	-0.8725547790527344	2638.2473754882812	0.091807646676898	-100.06900215148926	-0.8169121295213699	-18.478707313537598	-0.4329628124833107	27.874484062194824	0.3078431934118271	0.020384115166962147	2.741569012403488	-0.018178580794483423	-0.7361948192119598	-18.51781129837036	28.690683364868164	-0.049043504521250725	-0.004608234245097265	2.4674891531467438	2.4966601133346558	0.22369370982050896	0.21891942247748375	0.15935178846120834	0.16572705656290054
grp-11	T2	17	510.0	0.40358002483844757	32.68222951889038	0.22381531447172165	5.536704897880554	32.68222951889038	0.22381531447172165	28.12055015563965	32.83323287963867	35.81630897521973	7.695758819580078	381.2478942871094	547.3486862182617	140.73274421691895	203.02432823181152	0.40358002483844757	1.3615413010120392	0.07379182986915112	0.22036736831068993	0.582821398973465	0.5090295672416687	13.653255462646484	15.556057929992676	11.293935775756836	11.467134475708008	0.046962215565145016	1.9841152429580688	1.2542396187782288	0.8080566227436066	5.536704897880554	0.843280628323555	7.055192708969116	1.9129731059074402	21.448484420776367	0.5675839185714722	561.0617980957031	0.3878078907728195	1208.7205200195312	0.20058296620845795	-98.04605102539062	-0.9530564248561859	1628.3475952148438	0.15112650394439697	-99.65658760070801	-0.85782890021801	2663.1058349609375	0.09914090111851692	-101.8531551361084	-0.8192564249038696	-15.471455812454224	-0.5052411779761314	23.86999273300171	0.3516727611422539	0.020261898869648576	2.589223861694336	-0.017086104955524206	-0.7124995291233063	-16.334428071975708	26.445083141326904	-0.046690698713064194	-0.003988430951721966	1.1587195694446564	2.4893593192100525	0.21711081266403198	0.18126994743943214	0.17635350301861763	0.3484574109315872
grp-11	T2	18	540.0	0.513535413891077	28.649574279785156	0.25062473490834236	4.043462693691254	28.649574279785156	0.25062473490834236	24.06551456451416	27.26767635345459	32.75136661529541	8.68585205078125	336.7848892211914	427.67469024658203	135.70737838745117	193.40516471862793	0.513535413891077	1.1353664249181747	0.1348984446376562	0.33393144607543945	0.7504522651433945	0.6155538111925125	17.39578115940094	17.62228763103485	12.101892948150635	9.966539144515991	0.04293495789170265	1.9991291761398315	1.3131976127624512	0.7221510857343674	4.043462693691254	1.0764974355697632	4.3231034725904465	7.2787365317344666	20.225117206573486	0.5810743570327759	544.9214019775391	0.4518725648522377	1184.3509826660156	0.21042248979210854	-71.63810157775879	-1.2487342953681946	1579.1879272460938	0.17147988826036453	-75.60538101196289	-1.0897707045078278	2582.8262939453125	0.12424846552312374	-78.26094436645508	-1.0267536342144012	-14.404208421707153	-0.5247941985726357	22.667236328125	0.3423621281981468	0.022349576465785503	1.8968573212623596	-0.013966161757707596	-0.9592702090740204	-13.477229118347168	22.098843574523926	-0.03934063110500574	-0.002869312622351572	2.0006668716669083	2.4718220233917236	0.2644423805177212	0.23598209396004677	0.12493283301591873	0.16755221411585808
grp-11	T2	19	570.0	0.4539586082100868	35.68481254577637	0.22651013359427452	5.866031765937805	35.68481254577637	0.22651013359427452	30.91433572769165	36.0353479385376	39.374634742736816	8.460299015045166	377.6386260986328	520.0287780761719	186.8149528503418	309.6510314941406	0.4539586082100868	1.1851634979248047	0.1312529258430004	0.2929559461772442	0.6248732358217239	0.4936203062534332	15.509323596954346	16.303770065307617	11.167489886283875	12.438483715057373	0.050410614348948	1.8559109270572662	1.2636894285678864	0.6940451264381409	5.866031765937805	0.8498580753803253	5.631256937980652	2.919673264026642	17.703383445739746	0.7260812222957611	550.5216674804688	0.41274090111255646	1177.084716796875	0.20904818549752235	-81.71599578857422	-1.1299125850200653	1598.2079467773438	0.1545952409505844	-75.87037086486816	-1.0769346803426743	2663.5643920898438	0.09877395071089268	-78.96671104431152	-1.0042355805635452	-13.356195211410522	-0.506961815059185	22.372238636016846	0.3439079448580742	0.023728286381810904	1.8227177858352661	-0.017407196341082454	-0.6862548589706421	-12.87914490699768	22.36673355102539	-0.028512548189610243	-0.006359196035191417	1.475491851568222	2.790368139743805	0.23677078634500504	0.22674185410141945	0.11599183827638626	0.10816628485918045
grp-11	T2	20	600.0	0.48341649025678635	34.64585781097412	0.21499691158533096	6.079705119132996	34.64585781097412	0.21499691158533096	30.07014274597168	33.932801246643066	38.71572780609131	8.645585060119629	306.5125541687012	446.9701156616211	151.81104278564453	248.0633201599121	0.48341649025678635	1.377263367176056	0.06509008817374706	0.24469753727316856	0.716760128736496	0.651670053601265	17.476550579071045	14.735935926437378	12.291953563690186	10.35371446609497	0.04778442997485399	1.8887639343738556	1.2406249344348907	0.7495995759963989	6.079705119132996	0.8054066151380539	5.793949246406555	2.2769790589809418	20.137337684631348	0.6368080526590347	550.9995880126953	0.38086266070604324	1205.6606750488281	0.21671733260154724	-99.42329788208008	-0.9670898914337158	1595.1196594238281	0.15470894798636436	-96.5673885345459	-0.9167850464582443	2627.5484008789062	0.10129387490451336	-99.45035552978516	-0.863116443157196	-14.801589488983154	-0.47514860332012177	23.90822696685791	0.34484367817640305	0.0345586808398366	1.266392707824707	-0.019820354878902435	-0.5999190658330917	-17.53298854827881	27.572240352630615	-0.05126778967678547	-0.0032773485872894526	1.383794590830803	1.8793853521347046	0.2951021082699299	0.3441770672798157	0.2360200695693493	0.35914959758520126
grp-11	T2	21	630.0	0.4042063429951668	33.71298313140869	0.17399247363209724	6.108239412307739	33.71298313140869	0.17399247363209724	31.614209175109863	34.24502086639404	37.167341232299805	5.553132057189941	318.28736114501953	476.0237045288086	120.45396995544434	202.00335311889648	0.4042063429951668	1.2121740877628326	0.07080336846411228	0.20569579303264618	0.6378398090600967	0.5670364499092102	11.509361147880554	8.123051166534424	9.9541135430336	9.372124791145325	0.04559668060392141	1.9962773025035858	1.2372569143772125	0.7979217320680618	6.108239412307739	0.8036813139915466	6.1200560331344604	2.8653315603733063	22.691030502319336	0.6958382278680801	540.8825836181641	0.3236237242817879	1225.433837890625	0.19163626059889793	-95.80891799926758	-0.9897553473711014	1624.2376403808594	0.1517883762717247	-96.24612998962402	-0.8905534744262695	2674.0869750976562	0.09447538107633591	-99.07470893859863	-0.8397285044193268	-17.27129316329956	-0.43591830879449844	26.13322639465332	0.32423873245716095	0.03172127949073911	1.553739070892334	-0.022043959703296423	-0.5412939265370369	-17.64039373397827	28.09415340423584	-0.05042323190718889	-0.004225162498187274	1.6338779628276825	2.288863778114319	0.2442408874630928	0.2016800232231617	0.18579262122511864	0.4226885661482811
grp-11	T2	22	660.0	0.22415951825678349	28.82902240753174	0.23829135671257973	5.0364015102386475	28.82902240753174	0.23829135671257973	23.277570724487305	27.207940578460693	35.214616775512695	11.93704605102539	424.8355407714844	573.1479797363281	150.02013778686523	285.88428497314453	0.22415951825678349	1.3487513661384583	0.040024294052273035	0.09287016838788986	0.3289184160530567	0.2888941206037998	6.53820276260376	6.9046483635902405	4.835776388645172	4.144211530685425	0.03528807312250137	1.983299732208252	1.2507210075855255	0.8206563293933868	5.0364015102386475	0.9357681274414062	6.291718885302544	5.841101944446564	22.45367741584778	0.7190907746553421	560.8825225830078	0.4233642593026161	1174.0066528320312	0.20664920285344124	-135.0378704071045	-0.6684890389442444	1643.7293395996094	0.17125214636325836	-136.84074020385742	-0.6151972264051437	2655.5896606445312	0.10651848837733269	-138.2249412536621	-0.5947851538658142	-17.59533977508545	-0.42358216643333435	25.365183353424072	0.3475847914814949	0.02059638686478138	2.524713397026062	-0.019408016465604305	-0.694476842880249	-21.295260429382324	31.936994552612305	-0.06400485057383776	-0.0025599726068321615	1.0836945623159409	1.7877335250377655	0.19111142307519913	0.2539205960929394	0.37608741223812103	0.8767776489257812
grp-11	T2	23	690.0	0.2780037634074688	32.55557155609131	0.1875678449869156	5.795032262802124	32.55557155609131	0.1875678449869156	29.01220464706421	34.09700107574463	36.82247066497803	7.810266017913818	390.9834442138672	527.7302551269531	82.70132637023926	99.12285709381104	0.2780037634074688	1.2246426939964294	0.04817002173513174	0.14143847860395908	0.4268128201365471	0.3786427900195122	6.482687175273895	5.088845193386078	5.323482155799866	4.400282323360443	0.043717868626117706	1.8148686289787292	1.2345001101493835	0.7644568681716919	5.795032262802124	0.8699794560670853	7.42777943611145	1.8308712542057037	24.13429880142212	0.5210082903504372	512.534309387207	0.36089959740638733	1180.2660827636719	0.20371264964342117	-116.11584663391113	-0.8145535290241241	1594.1797790527344	0.16489636525511742	-115.35042190551758	-0.7524499744176865	2662.864501953125	0.10177758522331715	-117.22646522521973	-0.7228954136371613	-17.159547805786133	-0.41370488703250885	25.422192096710205	0.33870764821767807	0.027329702395945787	1.701809972524643	-0.021578777115792036	-0.5445476621389389	-20.0575590133667	30.4603590965271	-0.057455601170659065	-0.004892818222288042	1.5588529706001282	2.05443474650383	0.22308730706572533	0.1649184562265873	0.25034744292497635	0.32553813606500626
grp-11	T2	24	720.0	0.11275575682520866	30.352615356445312	0.2772121876478195	4.5467435121536255	30.352615356445312	0.2772121876478195	22.42074489593506	32.98903465270996	37.11270046234131	14.69195556640625	623.7919082641602	712.3352508544922	164.82124137878418	227.74695014953613	0.11275575682520866	1.08936108648777	0.039400691632181406	0.06568139512091875	0.1527232676744461	0.11332257464528084	3.69387149810791	3.700170159339905	2.9354277551174164	2.4313342571258545	0.0653429077938199	1.8254650235176086	1.4666016399860382	0.8043123185634613	4.5467435121536255	1.2227098941802979	6.364880561828613	3.6379328966140747	21.89492130279541	0.9314917027950287	571.1100463867188	0.34892870485782623	1199.0320434570312	0.16721583902835846	-171.6763572692871	-0.3821175545454025	1669.9208068847656	0.1701192408800125	-171.07614135742188	-0.36778537929058075	2717.2197875976562	0.10956583172082901	-171.71241760253906	-0.3583342507481575	-19.003224849700928	-0.3665122911334038	27.547314643859863	0.27485087141394615	0.005867533851414919	6.606253385543823	-0.020341865718364716	-0.6227058321237564	-21.11188268661499	32.13464593887329	-0.06132993567734957	-0.003628059261245653	1.2004001289606094	1.3110724687576294	0.11557629518210888	0.11462625488638878	0.5574645102024078	1.3180818110704422
grp-11	T2	26	780.0	0.21801981702446938	35.93718719482422	0.23376477509737015	4.660314440727234	35.93718719482422	0.23376477509737015	31.082590103149414	34.842742919921875	42.668357849121094	11.58576774597168	275.16048431396484	299.3100242614746	186.83402633666992	169.74891471862793	0.21801981702446938	1.770195484161377	0.03585908655077219	0.04240640811622143	0.34581058844923973	0.3099514991044998	12.30751121044159	10.869359135627747	10.066634058952332	6.760294556617737	0.0653514601290226	1.4449280202388763	1.5260958671569824	0.6506349593400955	4.660314440727234	0.9467427879571915	4.193271338939667	4.251765340566635	14.702093124389648	0.9638956189155579	606.0534210205078	0.42962662875652313	1154.4282836914062	0.23842857033014297	-166.23773574829102	-0.4315040558576584	1672.8011169433594	0.1485525444149971	-159.48845672607422	-0.4611632525920868	2708.7847290039062	0.10103096999228	-160.1829490661621	-0.45075829327106476	-13.208974123001099	-0.518538661301136	21.370630741119385	0.356301873922348	0.03002766612917185	1.5742807686328888	-0.017821860499680042	-0.6693757027387619	-23.44843864440918	34.84506607055664	-0.06999165657907724	-0.001290097730816342	1.2087362408638	1.2358049750328064	0.1757333092391491	0.19625005312263966	0.6605620831251144	2.5957092940807343
grp-11	T2	27	810.0	0.065201953984797	23.225518226623535	0.37228741496801376	2.0051103197038174	23.225518226623535	0.37228741496801376	14.4951913356781	21.34179925918579	30.98065996170044	16.48546862602234	233.69196319580078	193.98418807983398	198.56888580322266	186.35294151306152	0.065201953984797	0.9859830290079117	0.03681126330047846	0.04422570485621691	0.07826122269034386	0.0414499593898654	1.2244813442230225	1.5801575183868408	0.8182416185736656	0.9008329957723618	0.05934120900928974	1.2111857235431671	1.6236213445663452	0.6842600032687187	2.0051103197038174	12.685476154088974	7.6968467235565186	4.719080626964569	16.06055521965027	1.5355621874332428	676.5276794433594	0.4283236190676689	1244.0031127929688	0.22854477912187576	-192.8558349609375	-0.18183786794543266	1708.8321228027344	0.16385289281606674	-192.49077987670898	-0.18099097535014153	2800.51513671875	0.13437318988144398	-192.62570571899414	-0.17824886739253998	-19.773826599121094	-0.34657173603773117	29.04843235015869	0.2851817421615124	-0.040503932163119316	-1.10604926943779	-0.005719577660784125	-2.2396700382232666	-23.49986219406128	35.03462791442871	-0.07269013114273548	-0.0003037729620700702	0.5668556094169617	0.4759993553161621	0.09002019837498665	0.08785082399845123	1.6448979079723358	2.8163508772850037
grp-11	T2	28	840.0	0.08453765884041786	28.139543056488037	0.1699625961482525	4.959216892719269	28.139543056488037	0.1699625961482525	28.041833877563477	29.28998374938965	31.139230251312256	3.0973963737487793	297.7245044708252	341.0046634674072	70.15911102294922	65.765296459198	0.08453765884041786	0.8026823699474335	0.0399604719132185	0.051539408043026924	0.10986094735562801	0.06990047637373209	2.0100883692502975	1.9381500482559204	1.7480333894491196	1.8340580761432648	0.042359699960798025	2.3877622485160828	1.204673856496811	0.8387920260429382	4.959216892719269	0.8958943635225296	4.768737614154816	4.22913458943367	30.942203998565674	0.4931551441550255	514.5676651000977	0.3314071521162987	1262.7870178222656	0.14785641804337502	-176.03279876708984	-0.3594081401824951	1590.7933349609375	0.17154955491423607	-177.66371536254883	-0.32529884576797485	2658.0646362304688	0.09402281045913696	-178.64120864868164	-0.30931754410266876	-22.395156860351562	-0.32704958319664	33.01606893539429	0.23119936510920525	0.007407049066387117	1.8389832973480225	-0.016493921633809805	-0.7520290315151215	-22.835381031036377	34.30988168716431	-0.07100398652255535	-0.0006383807049132884	1.6288105845451355	0.6744604259729385	0.18759198486804962	0.13246533833444118	1.061051994562149	2.34730863571167
grp-11	T3	0	0.0	0.24493477493524551	33.053284645080566	0.22192038968205452	5.622601747512817	33.053284645080566	0.22192038968205452	29.371519565582275	35.06162357330322	37.29862403869629	7.927104473114014	524.34912109375	700.6859588623047	139.3042984008789	152.73659324645996	0.24493477493524551	1.7188868522644043	0.07204814534634352	0.12776076421141624	0.25988438352942467	0.18783623725175858	12.219816088676453	10.962008476257324	11.081985235214233	11.639320254325867	0.03940749727189541	2.041530817747116	1.2490194439888	0.7798799127340317	5.622601747512817	0.9492955654859543	7.0539023876190186	2.6001328825950623	21.387192726135254	0.746658593416214	527.5655822753906	0.356596477329731	1185.6107788085938	0.2151186615228653	-123.60329055786133	-0.7354874759912491	1605.5418090820312	0.13966456055641174	-122.79391098022461	-0.6886167079210281	2671.4614868164062	0.09951382130384445	-124.8661003112793	-0.6562230214476585	-16.415523767471313	-0.4643087461590767	25.3664608001709	0.33355554938316345	0.009190858865622431	6.946607828140259	-0.015832337783649564	-0.7304628938436508	-16.487443923950195	26.170377731323242	-0.039682955481112	-0.005150985263753682	0.666888952255249	3.125386416912079	0.12545187398791313	0.11818621680140495	0.1774994172155857	0.2286640629172325
grp-11	T3	1	30.0	0.15487251617014408	35.33328437805176	0.13763394579291344	7.057660937309265	35.33328437805176	0.13763394579291344	34.45976543426514	35.90999984741211	37.82241916656494	3.3626537322998047	366.54800033569336	498.5321445465088	204.2192211151123	398.78410148620605	0.15487251617014408	1.1292152404785156	0.06681861635297537	0.11226709559559822	0.1885395608842373	0.12172094359993935	4.436292052268982	3.7766791582107544	3.6496432721614838	3.30196151137352	0.025477728806436062	1.976346492767334	1.1326361894607544	0.6952495723962784	7.057660937309265	0.606686607003212	9.447034120559692	1.4720878601074219	22.67097234725952	0.5463574975728989	522.5895919799805	0.3267940431833267	1173.8570861816406	0.19421715289354324	-119.86726760864258	-0.7809915095567703	1628.388671875	0.13076068460941315	-120.07603454589844	-0.7186677530407906	2718.8075561523438	0.09319663047790527	-121.98335456848145	-0.6880924105644226	-16.327909469604492	-0.42114560306072235	24.613590717315674	0.3303183987736702	0.011634928174316883	3.263913005590439	-0.016871044877916574	-0.6236347705125809	-19.18887758255005	28.788126468658447	-0.0440294798463583	-0.005907408194616437	1.2420807182788849	2.823251724243164	0.14355569519102573	0.114753982052207	0.18796273320913315	0.2198895663022995
grp-11	T3	2	60.0	0.09742463566362858	31.056152820587158	0.23811014741659164	5.835866212844849	31.056152820587158	0.23811014741659164	24.980339527130127	33.83907413482666	35.893147468566895	10.912807941436768	366.34058380126953	398.92404556274414	187.20900344848633	148.78678607940674	0.09742463566362858	0.7777581661939621	0.044122844003140926	0.06932943873107433	0.1305389665067196	0.08641612250357866	1.7822202444076538	2.3178996443748474	1.1267703175544739	1.5640681236982346	0.039376331958919764	1.6675381511449814	1.2094618082046509	0.735368400812149	5.835866212844849	0.896859422326088	7.471321105957031	2.7895827293395996	20.94894790649414	0.7792140245437622	541.0173645019531	0.3330758884549141	1198.3648071289062	0.172174870967865	-182.89580154418945	-0.2865181751549244	1674.2787170410156	0.14383799210190773	-182.9039306640625	-0.2724771797657013	2719.6162109375	0.10012195259332657	-183.2257308959961	-0.26677296310663223	-20.081596851348877	-0.37048880010843277	29.176342964172363	0.287092924118042	-0.00894566549686715	2.1727287769317627	-0.01538618071936071	-0.7080735564231873	-18.751566886901855	29.2478985786438	-0.05874513927847147	-0.0010042228914244333	1.2837612628936768	0.9355162531137466	0.09393616206943989	0.07744494639337063	0.8928472250699997	1.9704673886299133
grp-11	T3	3	90.0	0.13889653235673904	35.53687572479248	0.16620472073554993	7.427881479263306	35.53687572479248	0.16620472073554993	34.04034614562988	36.32152843475342	38.53748035430908	4.497134208679199	359.0272521972656	404.75	216.33017349243164	404.3295669555664	0.13889653235673904	1.1244297325611115	0.04883093759417534	0.08601663634181023	0.18053613603115082	0.13170519471168518	3.7612046003341675	4.635789692401886	2.3122854232788086	2.478196233510971	0.035927767399698496	1.9503213763237	1.0847297310829163	0.79559525847435	7.427881479263306	0.6563652008771896	9.437703251838684	1.757254034280777	24.006746768951416	0.6131168454885483	603.2155456542969	0.35650601983070374	1225.7098693847656	0.19153772667050362	-151.07995986938477	-0.533049151301384	1662.4445190429688	0.15529460087418556	-148.4211540222168	-0.5215728133916855	2787.90625	0.08871828950941563	-150.20632934570312	-0.4963241294026375	-18.66048288345337	-0.4336036965250969	28.570035457611084	0.31199144572019577	0.011420389986597002	6.115371227264404	-0.015526101691648364	-0.7313816100358963	-20.170971393585205	31.072882652282715	-0.05549081414937973	-0.003277848125435412	1.0420140326023102	1.6700067222118378	0.16842364892363548	0.14910192787647247	0.3944954201579094	1.026543453335762
grp-11	T3	4	120.0	0.0642823688685894	24.448776721954346	0.3335278108716011	1.923568144440651	24.448776721954346	0.3335278108716011	14.510271310806274	27.387511253356934	32.08178663253784	17.571515560150146	294.9364433288574	219.8384246826172	193.5852394104004	223.96748733520508	0.0642823688685894	1.048673376441002	0.03846378531306982	0.04394792020320892	0.06774276122450829	0.029278975911438465	5.500706076622009	8.351444125175476	1.315596103668213	1.5587557405233383	0.03995179943740368	1.7801356613636017	1.5021024346351624	0.8327501714229584	1.923568144440651	7.014741003513336	12.33983850479126	2.6816471815109253	26.45206069946289	0.8526004329323769	592.9549255371094	0.3872552439570427	1333.1940307617188	0.15457919239997864	-189.97345733642578	-0.21568115428090096	1676.2073059082031	0.17815260216593742	-190.5446548461914	-0.19897239282727242	2732.0162963867188	0.13231996074318886	-190.79373168945312	-0.19393665716052055	-21.852591037750244	-0.2814469560980797	30.799344062805176	0.2413780428469181	-0.015145903103984892	-12.249172449111938	-0.014411606127396226	-0.6861278638243675	-24.26449203491211	35.96790409088135	-0.07349645718932152	-0.0006880008440930396	0.29176391661167145	0.5262363478541374	0.09616070985794067	0.09659028146415949	1.5687476694583893	2.1658213138580322
grp-11	T3	5	150.0	0.06608579587191343	31.63741397857666	0.2570052742958069	6.101681113243103	31.63741397857666	0.2570052742958069	25.24825620651245	34.35722255706787	37.94787883758545	12.699622631072998	237.1019401550293	170.58465766906738	151.73078536987305	102.4049129486084	0.06608579587191343	1.0676067024469376	0.037101545836776495	0.041305748745799065	0.06328981835395098	0.026188272517174482	2.6580545008182526	2.4281550347805023	2.1516789942979813	1.9897986948490143	0.05128770787268877	2.066102921962738	1.4178077280521393	0.7695097029209137	6.101681113243103	0.9387611895799637	5.001993715763092	9.516962051391602	20.54270887374878	1.000227689743042	512.3460998535156	0.35866866260766983	1249.6578063964844	0.16670075431466103	-185.43173599243164	-0.26896653696894646	1591.389892578125	0.13723301142454147	-183.50904846191406	-0.27315929532051086	2679.8841552734375	0.10143164359033108	-184.0605125427246	-0.26373007521033287	-20.626014232635498	-0.28470490872859955	30.624824047088623	0.25374002754688263	-0.019273482030257583	-3.9087159633636475	-0.0170472317840904	-0.6258697509765625	-25.479623794555664	37.40417289733887	-0.0774869192391634	-0.0007579091470688581	0.6502167284488678	0.6764113306999207	0.1418080348521471	0.1625485885888338	1.364891916513443	2.3535481095314026
grp-11	T3	6	180.0	0.4764830023050308	33.41630220413208	0.22239398956298828	4.692110657691956	33.41630220413208	0.22239398956298828	28.289474964141846	33.595709800720215	38.07452964782715	9.785054683685303	303.2137794494629	365.5886878967285	202.97285842895508	300.8870315551758	0.4764830023050308	1.2218781113624573	0.09810353070497513	0.28768976405262947	0.7320035174489021	0.633899986743927	14.171207189559937	13.152257442474365	11.429981470108032	11.483886122703552	0.06651299353688955	1.746515929698944	1.4333057403564453	0.6897960752248764	4.692110657691956	1.0138574838638306	5.2561293840408325	3.3317429423332214	19.134575843811035	0.8458336740732193	555.6554565429688	0.4071010872721672	1196.2073669433594	0.1958479881286621	-88.98373985290527	-1.0448063611984253	1620.5979309082031	0.15221786499023438	-87.56522369384766	-0.9559564143419266	2662.6973876953125	0.09948528558015823	-89.6831169128418	-0.9130841940641403	-15.380613565444946	-0.47411462664604187	23.93233871459961	0.3410491421818733	0.03161691315472126	1.4619049727916718	-0.01814647577702999	-0.6122692972421646	-15.864587306976318	25.835690021514893	-0.04311360977590084	-0.00354915828211233	1.7922640889883041	2.515311598777771	0.2427615076303482	0.23755726590752602	0.15564604476094246	0.30726582556962967
grp-11	T3	7	210.0	0.2710070312023163	33.21986198425293	0.1995352767407894	5.96722412109375	33.21986198425293	0.1995352767407894	29.768425464630127	34.38941669464111	37.46379566192627	7.695370197296143	402.0264129638672	593.4414901733398	235.78796005249023	456.1649932861328	0.2710070312023163	1.021712213754654	0.07591076195240021	0.16807153448462486	0.39995405822992325	0.32404330372810364	7.913281202316284	7.728916347026825	5.565275192260742	5.397553712129593	0.04951998870819807	1.9949336051940918	1.2770134210586548	0.7513593286275864	5.96722412109375	0.8156059235334396	8.513260960578918	2.160282999277115	23.530756950378418	0.6571171283721924	539.7726287841797	0.35021480917930603	1201.7279968261719	0.19125574082136154	-103.7231502532959	-0.9018335342407227	1627.9547119140625	0.1546865552663803	-105.31728553771973	-0.8004564195871353	2692.5162963867188	0.10436633788049221	-107.32939720153809	-0.7669711112976074	-18.28457546234131	-0.4092663526535034	27.183520793914795	0.3087867572903633	0.016398716252297163	2.9060881435871124	-0.018797381315380335	-0.6102148070931435	-17.85154128074646	28.253446578979492	-0.05005666520446539	-0.00473923230310902	2.1673891246318817	2.5968605279922485	0.19790781661868095	0.19513161480426788	0.17252452298998833	0.2933858521282673
grp-11	T3	8	240.0	0.16280694492161274	32.480727672576904	0.17716291174292564	6.778843522071838	32.480727672576904	0.17716291174292564	30.505049228668213	33.8123254776001	36.34836959838867	5.843320369720459	600.4353713989258	672.0424041748047	100.47085189819336	113.51786613464355	0.16280694492161274	0.9111132025718689	0.05203130096197128	0.08867063280194998	0.25384338200092316	0.20181208290159702	3.8661690950393677	2.810884177684784	3.413217604160309	2.716275453567505	0.027744345599785447	2.0978742241859436	1.0615158081054688	0.7737690210342407	6.778843522071838	0.6888612508773804	6.245817124843597	3.2092379927635193	22.823691368103027	0.6689993739128113	502.8351287841797	0.31219232082366943	1176.3728332519531	0.16889341548085213	-146.07855606079102	-0.5781204253435135	1597.6141357421875	0.14437172934412956	-147.3016815185547	-0.5351107195019722	2654.761962890625	0.09737790375947952	-148.48399353027344	-0.5184612348675728	-17.114225149154663	-0.42818397283554077	25.6901798248291	0.3314674571156502	0.0116547482466558	13.700852066278458	-0.017471801955252886	-0.6377444565296173	-19.468720197677612	30.527568340301514	-0.05898383632302284	-0.0009527349611744285	1.9506502747535706	1.838266372680664	0.1481384765356779	0.11175065115094185	0.3595079705119133	0.9591521173715591
grp-11	T3	9	270.0	0.22947359457612038	33.846853256225586	0.16942089051008224	7.011279582977295	33.846853256225586	0.16942089051008224	30.02501344680786	34.14330291748047	37.86586380004883	7.840850353240967	294.8524875640869	513.2382431030273	111.8401107788086	163.6907081604004	0.22947359457612038	1.2467982172966003	0.04434344172477722	0.11914237774908543	0.3489638902246952	0.304620448499918	5.686558663845062	5.5455896854400635	4.622635781764984	4.426113992929459	0.03656436689198017	2.078577071428299	1.055481344461441	0.8064823001623154	7.011279582977295	0.6106473803520203	7.8614513874053955	1.6375181078910828	23.993942737579346	0.5355058237910271	521.4181823730469	0.33685803413391113	1216.1517944335938	0.185200285166502	-126.85269927978516	-0.7289910614490509	1608.1890258789062	0.14661698043346405	-125.63799285888672	-0.6831242591142654	2666.3973388671875	0.10369139723479748	-127.52537155151367	-0.654459148645401	-16.603514432907104	-0.4849281683564186	25.680437088012695	0.3558286875486374	0.01974022900685668	2.455596089363098	-0.01701091742143035	-0.6448711007833481	-20.45331048965454	31.538835525512695	-0.06473496649414301	-0.0007112835592124611	1.450483500957489	1.7129041254520416	0.23726441338658333	0.24255913496017456	0.34192775189876556	0.8247452676296234
grp-11	T3	10	300.0	0.35035546869039536	34.156015396118164	0.18349049985408783	5.863687634468079	34.156015396118164	0.18349049985408783	30.709866523742676	34.832858085632324	38.05133533477783	7.341468811035156	240.4091911315918	429.66312408447266	225.84197998046875	353.6821823120117	0.35035546869039536	1.2038235813379288	0.08479424752295017	0.2353108488023281	0.4861452281475067	0.4013509675860405	8.343684494495392	6.788154304027557	7.055441737174988	6.408011198043823	0.058546354062855244	2.0074192583560944	1.2477939128875732	0.723111554980278	5.863687634468079	0.812793955206871	7.586548686027527	1.8487712144851685	19.69281816482544	0.5936826914548874	531.0700378417969	0.3467252552509308	1208.5678405761719	0.21433932706713676	-98.56165885925293	-0.9538968950510025	1649.705322265625	0.14768096432089806	-96.25342750549316	-0.8894824683666229	2721.5631103515625	0.0901259072124958	-97.46194839477539	-0.8667561262845993	-14.919318675994873	-0.4820614382624626	22.92930269241333	0.3806627616286278	0.025607472518458962	1.93522310256958	-0.017753248568624258	-0.6005198061466217	-14.884765863418579	24.30419111251831	-0.03820944111794233	-0.0023781386989867315	1.8422807306051254	2.3060174584388733	0.2426728792488575	0.2460862472653389	0.1825435273349285	0.2684055119752884
grp-11	T3	11	330.0	0.33400071784853935	26.81891679763794	0.2379213236272335	4.393863797187805	26.81891679763794	0.2379213236272335	23.22691583633423	25.911359786987305	32.29511022567749	9.068194389343262	415.98475646972656	567.3218460083008	211.9037265777588	470.67115020751953	0.33400071784853935	0.9216653853654861	0.09811670891940594	0.22212042100727558	0.5170942470431328	0.4189775474369526	5.4865400195121765	4.489158540964127	4.825899213552475	5.0581443309783936	0.040364934131503105	2.3241094946861267	1.1647188067436218	0.8149706572294235	4.393863797187805	0.9752807468175888	3.708178371191025	4.347387194633484	22.023894786834717	0.5667977556586266	517.2314987182617	0.40386832505464554	1189.9794616699219	0.19257666915655136	-82.8072395324707	-1.1199623197317123	1568.6831359863281	0.1632525585591793	-89.05260467529297	-0.9575271159410477	2593.5700073242188	0.12242377363145351	-91.44146919250488	-0.9079694002866745	-16.21669602394104	-0.45199428498744965	24.187872409820557	0.3479181081056595	0.01635048585012555	2.4655977189540863	-0.016452633077278733	-0.7665815204381943	-15.54775094985962	24.82319736480713	-0.04419664107263088	-0.003074681502766907	1.8756252229213715	2.5064669251441956	0.2360871247947216	0.23313478007912636	0.1508300080895424	0.21396882086992264
grp-11	T3	12	360.0	0.6794624105095863	31.885496139526367	0.2070004679262638	5.1404677629470825	31.885496139526367	0.2070004679262638	25.665207386016846	33.549580574035645	37.130619049072266	11.46541166305542	292.56148529052734	439.7602844238281	108.38725280761719	137.52088356018066	0.6794624105095863	1.2845945954322815	0.12724788673222065	0.3626982420682907	1.031068280339241	0.9038204029202461	16.046217918395996	15.064855813980103	13.555773258209229	12.213744163513184	0.040562085807323456	2.002712666988373	1.1865259110927582	0.7554996907711029	5.1404677629470825	0.916483148932457	3.958041191101074	3.2657886743545532	18.81096315383911	0.6393065005540848	555.4094696044922	0.3929777964949608	1186.2380676269531	0.20684876292943954	-70.10448265075684	-1.2802937626838684	1652.2969665527344	0.14443503692746162	-71.5223159790039	-1.1317030191421509	2676.8494262695312	0.1094400454312563	-73.02396202087402	-1.0938758254051208	-13.080202579498291	-0.5497978553175926	20.387928009033203	0.3996753543615341	0.03499141801148653	1.245706394314766	-0.01979285106062889	-0.6100233942270279	-15.443195343017578	24.805426597595215	-0.04151356406509876	-0.004728115920443088	1.4004668295383453	2.1467036604881287	0.31963444501161575	0.34476136416196823	0.139848493039608	0.14650258421897888
grp-11	T3	13	390.0	0.3370981179177761	30.75465202331543	0.24024878069758415	4.82171893119812	30.75465202331543	0.24024878069758415	23.92414617538452	32.32308769226074	36.6946907043457	12.770544528961182	273.88128662109375	418.56156158447266	185.65424728393555	321.42048263549805	0.3370981179177761	1.3620677888393402	0.06262614950537682	0.174252575263381	0.5029002167284489	0.44027406722307205	11.17530345916748	10.005887627601624	8.714744687080383	8.488813161849976	0.06404713355004787	1.913926213979721	1.31285360455513	0.7731356769800186	4.82171893119812	1.0486825704574585	4.797062277793884	3.5582324862480164	19.784111976623535	0.7887756526470184	594.9318237304688	0.3821184039115906	1219.2056884765625	0.2159389853477478	-104.62785720825195	-0.8872144520282745	1702.7469177246094	0.14538073539733887	-106.2313232421875	-0.8023514151573181	2735.7294311523438	0.10884873569011688	-107.43791389465332	-0.782520055770874	-17.41057062149048	-0.42386939376592636	24.69290018081665	0.3593861386179924	0.014380315667949617	5.079584717750549	-0.019020913168787956	-0.6343212276697159	-15.624531745910645	24.86060667037964	-0.038390081375837326	-0.002209080397733487	1.300433486700058	2.2254040837287903	0.22922727838158607	0.1927931196987629	0.21038416400551796	0.25416097417473793
grp-11	T3	14	420.0	0.11293290369212627	34.256547927856445	0.1931988038122654	7.384365200996399	34.256547927856445	0.1931988038122654	31.785649299621582	36.78837871551514	37.941866874694824	6.156217575073242	679.0718841552734	808.2061920166016	211.69118309020996	393.53553199768066	0.11293290369212627	1.1004409492015839	0.0450477646663785	0.07614296581596136	0.13781257346272469	0.09276480972766876	3.2358693182468414	3.3564646393060684	3.380985364317894	3.904062509536743	0.025243171956390142	2.219514787197113	1.144401878118515	0.7985636740922928	7.384365200996399	0.6809321269392967	10.175428628921509	1.9951619803905487	24.08554458618164	0.6411106884479523	502.52276611328125	0.3109685480594635	1184.4486083984375	0.1644049622118473	-153.1774024963379	-0.5182260051369667	1604.3268432617188	0.1464148722589016	-151.62582778930664	-0.4943913444876671	2673.3927001953125	0.09908173605799675	-153.08993530273438	-0.4738567844033241	-19.27230453491211	-0.34082628786563873	28.38984775543213	0.28906024992465973	-6.901827873662114e-07	-16.21048927307129	-0.01702567865140736	-0.575475387275219	-21.555540084838867	32.55539321899414	-0.05580177158117294	-0.003424237293074839	1.2670890539884567	2.2636152505874634	0.10455694235861301	0.0987337976694107	0.3284161500632763	0.44210997223854065
grp-11	T3	15	450.0	0.1542895082384348	29.965981483459473	0.2205197662115097	5.6248486042022705	29.965981483459473	0.2205197662115097	24.122626304626465	31.65730619430542	35.146761894226074	11.02413558959961	397.44801330566406	461.3367233276367	140.54115676879883	217.83744049072266	0.1542895082384348	1.2060580402612686	0.045828807167708874	0.08892692066729069	0.1995064616203308	0.15367765724658966	4.137635111808777	3.6813266277313232	3.462522566318512	3.534206748008728	0.04635727312415838	2.069565087556839	1.3275069892406464	0.8233548849821091	5.6248486042022705	0.8640808761119843	10.363185405731201	1.6930928826332092	26.81340265274048	0.5315883010625839	510.1893615722656	0.3352847769856453	1221.6118469238281	0.17130408063530922	-128.92834281921387	-0.7022850811481476	1610.8406372070312	0.14770685881376266	-132.68947410583496	-0.6198350936174393	2661.6194458007812	0.09644008241593838	-134.17873764038086	-0.5987003743648529	-20.035407543182373	-0.3302021101117134	28.595016479492188	0.2799855023622513	0.006683068815618753	1.4701033234596252	-0.017605283297598362	-0.6415538191795349	-21.16481876373291	32.19498538970947	-0.05715193785727024	-0.003099051522440277	1.3004334717988968	2.2964518070220947	0.15546435117721558	0.15368271991610527	0.2540818303823471	0.35280536860227585
grp-11	T3	16	480.0	0.15698563307523727	31.257261753082275	0.2517332322895527	5.492693781852722	31.257261753082275	0.2517332322895527	23.794379234313965	33.93685436248779	37.74057197570801	13.946192741394043	303.3656806945801	441.73775482177734	172.54050064086914	270.4406671524048	0.15698563307523727	1.3683932721614838	0.05142823979258537	0.08707969449460506	0.1982385665178299	0.14681032672524452	4.65473872423172	4.307708561420441	3.3848254084587097	2.9576413333415985	0.04041401343420148	1.9596120715141296	1.186940759420395	0.7528937458992004	5.492693781852722	0.9555701166391373	7.068450331687927	2.64505398273468	24.036187648773193	0.6561481803655624	528.4336853027344	0.3385837525129318	1216.1262512207031	0.1766180694103241	-140.9470100402832	-0.6140851005911827	1612.9187927246094	0.1399945579469204	-139.59329414367676	-0.588367722928524	2692.4191284179688	0.11323225125670433	-141.4894256591797	-0.5613406300544739	-18.325798511505127	-0.3937770798802376	27.24635362625122	0.30252424627542496	0.004447691499080975	30.75645625591278	-0.018059692811220884	-0.5848423093557358	-19.880540370941162	30.366318225860596	-0.05783499125391245	-0.00266982944594929	0.8419473320245743	1.8119573295116425	0.17589837685227394	0.22612576000392437	0.35542181879282	0.6263300999999046
grp-12	T1	0	0.0	0.15106605365872383	32.81860971450806	0.2136838510632515	6.326200008392334	32.81860971450806	0.2136838510632515	25.575896739959717	35.427053451538086	36.95906734466553	11.38317060470581	382.6210021972656	495.42736053466797	138.40486240386963	250.96268272399902	0.15106605365872383	1.0416761487722397	0.05763185303658247	0.10328051075339317	0.19034242443740368	0.13271057233214378	3.626169055700302	3.267130732536316	3.196426346898079	2.9387349784374237	0.030261184088885784	2.007045179605484	1.1341121792793274	0.6731321513652802	6.326200008392334	0.6743710190057755	7.824259519577026	1.9162448048591614	23.60871982574463	0.5049621388316154	500.5094680786133	0.34771107137203217	1161.0046691894531	0.18067065253853798	-121.33925247192383	-0.7563818693161011	1586.7657775878906	0.13829242810606956	-122.49605751037598	-0.689484566450119	2698.06640625	0.09129945188760757	-124.57244491577148	-0.6581273153424263	-18.08143663406372	-0.3544851616024971	26.394962787628174	0.2989024370908737	0.002427854371489957	9.646768808364868	-0.015377382514998317	-0.6796599626541138	-20.860888957977295	31.09636640548706	-0.05320133361965418	-0.0036946440814062953	1.3337779194116592	2.4974942207336426	0.16088672168552876	0.16234131529927254	0.21125705167651176	0.33085761219263077
grp-12	T1	1	30.0	0.14033799432218075	36.63821792602539	0.10061970725655556	8.663681626319885	36.63821792602539	0.10061970725655556	35.19321346282959	36.25086212158203	39.037479400634766	3.844265937805176	225.10501098632812	390.5660629272461	137.2255892753601	284.7822666168213	0.14033799432218075	0.5309177190065384	0.0752782030031085	0.12692193686962128	0.19418884441256523	0.11891064047813416	1.6187364906072617	1.302507758140564	1.0437274128198624	0.683814287185669	0.018987831892445683	2.0161108672618866	0.9496525675058365	0.7298783957958221	8.663681626319885	0.41869403794407845	8.497312664985657	1.5730708539485931	22.95860242843628	0.4248717650771141	500.45452880859375	0.25671592727303505	1145.0330505371094	0.17685816437005997	-111.85641479492188	-0.8493170142173767	1610.6543579101562	0.14435617625713348	-111.2081069946289	-0.774035282433033	2705.6384887695312	0.09293937496840954	-113.17807006835938	-0.739915244281292	-17.267425537109375	-0.362945094704628	25.14328622817993	0.2761628180742264	0.0004347367212176323	-0.1431165337562561	-0.01749793952330947	-0.5757680386304855	-18.58633303642273	27.675588607788086	-0.0457023810595274	-0.006176688359118998	2.9009669423103333	2.8731566071510315	0.16137565299868584	0.11897478438913822	0.16235118359327316	0.203670933842659
grp-12	T1	2	60.0	0.13291269354522228	34.9620304107666	0.14928368851542473	7.26969838142395	34.9620304107666	0.14928368851542473	34.03364181518555	34.99876022338867	37.53989315032959	3.506251335144043	400.81201171875	555.6726455688477	148.05473136901855	238.79224967956543	0.13291269354522228	1.2114411145448685	0.0639955522492528	0.10992372967302799	0.1734297014772892	0.10943414829671383	5.226647615432739	6.044803857803345	2.478875771164894	2.388490706682205	0.030757087282836437	2.3693249821662903	1.0478972494602203	0.7680215090513229	7.26969838142395	0.5857114493846893	7.534136533737183	2.1622820794582367	23.332143306732178	0.5219906941056252	497.01947021484375	0.26549259945750237	1161.1159973144531	0.17022060230374336	-119.50777816772461	-0.7801903709769249	1590.4612121582031	0.16251413896679878	-121.02293586730957	-0.702650673687458	2717.8281860351562	0.08128603920340538	-122.98255920410156	-0.6694176718592644	-18.14818239212036	-0.3641517385840416	26.763324737548828	0.29780638217926025	0.00031854130793362856	-5.5207672119140625	-0.018911199178546667	-0.546733446419239	-19.712111234664917	29.140267848968506	-0.04428503196686506	-0.006243769021239132	0.8752917647361755	2.831350564956665	0.14145699329674244	0.10791384428739548	0.1897970736026764	0.2130480483174324
grp-12	T1	3	90.0	0.13605505414307117	33.831061363220215	0.1664728969335556	7.228214979171753	33.831061363220215	0.1664728969335556	32.08851909637451	35.20114707946777	37.18503475189209	5.096515655517578	405.85509490966797	566.5094032287598	140.24057006835938	271.0174312591553	0.13605505414307117	0.7664217799901962	0.055045606568455696	0.10580351576209068	0.18824142962694168	0.13319582119584084	2.371331214904785	2.1004142463207245	1.8268671184778214	1.8162216693162918	0.02487960923463106	1.9464626014232635	1.1157352924346924	0.7172448039054871	7.228214979171753	0.5807721987366676	6.209615230560303	2.4967502653598785	23.250997066497803	0.5062907934188843	499.9843444824219	0.28180424124002457	1175.6055908203125	0.16821499168872833	-124.68383598327637	-0.7378938347101212	1589.5654296875	0.15316801518201828	-126.31574058532715	-0.667773649096489	2697.167236328125	0.08504260331392288	-128.0052604675293	-0.6416256129741669	-18.09353733062744	-0.35766106843948364	26.37019443511963	0.2895103543996811	0.0018607326201163232	-4.97491455078125	-0.018319989554584026	-0.6208144277334213	-20.67174005508423	30.5476393699646	-0.05472479574382305	-0.004893496530712582	2.2424141466617584	2.7805612683296204	0.13579766638576984	0.09801545552909374	0.20369984582066536	0.3249714747071266
grp-12	T1	6	180.0	0.044657979160547256	11.30307650566101	0.13752673752605915	-1.713778018951416	11.30307650566101	0.13752673752605915	9.520519971847534	10.0138521194458	13.565526723861694	4.04500675201416	162.33103370666504	114.89731788635254	-92.28823280334473	30.252656936645508	0.044657979160547256	0.3068845048546791	0.03622005321085453	0.04015846876427531	0.048644110560417175	0.012424057349562645	0.18871481344103813	0.267197422683239	0.16636332497000694	0.20086860284209251	0.09783869795501232	0.08442215621471405	1.5337255001068115	0.490050308406353	-1.713778018951416	-1.4773422926664352	13.395448759198189	34.970388650894165	14.178785622119904	2.7231773883104324	588.9023590087891	0.284282386302948	1018.9204406738281	0.10174631141126156	-200.09796905517578	-0.04237969219684601	1352.7101440429688	0.13950517773628235	-200.1229133605957	-0.0411610072478652	2186.8868408203125	0.08692709542810917	-200.1462860107422	-0.039683218114078045	-15.562124729156494	-0.28199373558163643	25.02448844909668	0.17190393060445786	-0.04368348978459835	-0.42753269523382187	-0.0014163180312607437	1.997619703412056	-26.728957176208496	38.590341091156006	-0.07852360978722572	-0.0004469876876100898	0.6002000570297241	0.09185037389397621	0.02446428546682	0.007461537141352892	13.18983268737793	5.078914403915405
grp-12	T1	7	210.0	0.12160416506230831	32.85285949707031	0.2065400518476963	7.2651753425598145	32.85285949707031	0.2065400518476963	26.309914588928223	35.69461441040039	37.73954200744629	11.429627418518066	563.4610214233398	584.5589981079102	73.52358865737915	88.72111654281616	0.12160416506230831	0.8930691480636597	0.047072709538042545	0.07815154083073139	0.1595478653907776	0.11247515678405762	3.0304823219776154	2.2649480551481247	2.769659399986267	2.2718636095523834	0.025542803574353456	2.627490282058716	1.0484192967414856	0.7371783256530762	7.2651753425598145	0.5487373024225235	8.433476686477661	1.718205749988556	24.21984577178955	0.4578479304909706	491.3770294189453	0.3091217279434204	1167.0031127929688	0.16968156024813652	-155.9235725402832	-0.5050754621624947	1596.8155517578125	0.12893946841359138	-155.72563552856445	-0.4775049239397049	2659.0305786132812	0.10075120255351067	-156.92503356933594	-0.4597640484571457	-18.251965045928955	-0.3360355719923973	26.173221111297607	0.2809610366821289	-0.0015284773617167957	-30.949233651161194	-0.018165010726079345	-0.6153986304998398	-20.257684230804443	30.60689640045166	-0.056067182682454586	-0.0022778814964112826	1.7422474026679993	1.6533066928386688	0.13893220759928226	0.1349285077303648	0.42275726050138474	0.8529105484485626
grp-12	T1	8	240.0	0.22433548979461193	23.59705877304077	0.16251302137970924	3.0051806569099426	23.59705877304077	0.16251302137970924	20.925015449523926	24.304157733917236	26.13130521774292	5.206289768218994	292.69150161743164	416.72862243652344	84.73299789428711	104.73504829406738	0.22433548979461193	0.7540120184421539	0.0670421989634633	0.15000574104487896	0.3572867978364229	0.29024459794163704	4.744733542203903	3.1063279807567596	3.3910595774650574	2.3554748371243477	0.037077249959111214	2.0895054936408997	1.2466939389705658	0.7403591424226761	3.0051806569099426	1.5162608474493027	4.981371432542801	4.017264097929001	24.76864528656006	0.48101504147052765	474.76475524902344	0.35635674744844437	1227.2730407714844	0.18666264787316322	-106.65370559692383	-0.8896466791629791	1536.9145812988281	0.1596040278673172	-114.39312553405762	-0.7480369657278061	2539.8287963867188	0.10792059265077114	-115.8440055847168	-0.722856879234314	-19.682758808135986	-0.340909481048584	26.56815195083618	0.29901669919490814	0.00023414805764332414	7.191147089004517	-0.01701142219826579	-0.7160692512989044	-18.057665824890137	27.66286849975586	-0.04956317879259586	-0.002471544741638354	2.8176059126853943	2.2881045937538147	0.2017413955181837	0.18487625755369663	0.21527886390686035	0.3073268495500088
grp-12	T1	9	270.0	0.2355187050998211	27.200927257537842	0.19505738466978073	4.750580310821533	27.200927257537842	0.19505738466978073	23.99736738204956	25.61890459060669	32.76740503311157	8.770037651062012	463.7568130493164	562.5262145996094	62.44758319854736	68.39170551300049	0.2355187050998211	0.850143551826477	0.06892948318272829	0.16979972831904888	0.3629308305680752	0.29400134459137917	4.640164852142334	3.3716922402381897	4.069435685873032	3.2220976799726486	0.036788574419915676	2.208167612552643	1.2269542217254639	0.7920955568552017	4.750580310821533	0.9031469076871872	3.728644121438265	18.019192814826965	23.956255435943604	0.4709080830216408	497.4723434448242	0.35899224877357483	1189.5255737304688	0.18564483895897865	-104.52048683166504	-0.8926065415143967	1588.1817626953125	0.16398081928491592	-111.86205101013184	-0.7555574476718903	2583.9202270507812	0.11447265185415745	-113.24961471557617	-0.7338592261075974	-19.45176649093628	-0.3713030219078064	26.719907760620117	0.3151967376470566	0.0029477809730451554	10.623535513877869	-0.016865522833541036	-0.6847731918096542	-17.301369428634644	26.850372314453125	-0.04736526496708393	-0.003683106411699555	2.734244793653488	2.539080262184143	0.1878313086926937	0.14846881851553917	0.18422848731279373	0.2319638505578041
grp-12	T1	10	300.0	0.10736204870045185	24.13009738922119	0.269115898758173	2.9017577171325684	24.13009738922119	0.269115898758173	19.52699899673462	23.45878028869629	30.354677200317383	10.827678203582764	267.6878318786621	290.4184341430664	120.08671474456787	177.07564544677734	0.10736204870045185	0.8673304468393326	0.03952366579324007	0.07040151674300432	0.16841169074177742	0.12888802587985992	2.272344559431076	1.9182902574539185	2.137365475296974	2.2624599784612656	0.03789111692458391	1.9485501050949097	1.2602894008159637	0.7481192052364349	2.9017577171325684	2.2076141387224197	4.537025809288025	6.833048760890961	23.817035675048828	0.6702023148536682	511.13684844970703	0.34464719891548157	1276.9439086914062	0.16595693677663803	-141.75983047485352	-0.5955035984516144	1564.8742980957031	0.17524150386452675	-145.16263961791992	-0.5378951728343964	2614.3722534179688	0.11265542730689049	-146.72279357910156	-0.5164784342050552	-20.075480461120605	-0.32124079018831253	28.824495315551758	0.27617229893803596	-0.01917815103661269	-2.4676836729049683	-0.01713634841144085	-0.6750996708869934	-22.32336664199829	33.020132064819336	-0.06539803091436625	-0.003299379604868591	2.0090030133724213	1.9710434973239899	0.1506398804485798	0.1466674916446209	0.3252795934677124	0.7242610603570938
grp-12	T1	11	330.0	0.1980803068727255	25.559820652008057	0.20404432341456413	4.061813652515411	25.559820652008057	0.20404432341456413	22.43663501739502	25.146215438842773	29.49475860595703	7.058123588562012	334.41626739501953	395.5616912841797	79.32678604125977	93.0510082244873	0.1980803068727255	0.8962925374507904	0.0548394164070487	0.1203550435602665	0.3247851524502039	0.2699457313865423	4.506089210510254	3.5252881348133087	3.9127748161554337	3.028341755270958	0.03424947056919336	1.9995208084583282	1.1961848139762878	0.7959965467453003	4.061813652515411	1.1015904694795609	4.494183003902435	4.0795539021492	26.12419557571411	0.519432544708252	488.3600158691406	0.3769218698143959	1207.1685485839844	0.19335191696882248	-119.67526435852051	-0.7753471732139587	1553.3041381835938	0.16849741339683533	-125.69153785705566	-0.6655257120728493	2567.8770141601562	0.11712530627846718	-127.48507308959961	-0.6386096179485321	-21.208179473876953	-0.3334544152021408	28.63185977935791	0.2823585420846939	0.0038141909171827137	4.2118465304374695	-0.01877582771703601	-0.7506675720214844	-18.671591997146606	28.305182456970215	-0.05020464118570089	-0.0027488373598316684	2.134044647216797	2.338813006877899	0.1673302911221981	0.18869129568338394	0.22840280830860138	0.37942396476864815
grp-12	T1	12	360.0	0.2061790842562914	27.09615707397461	0.2067343406379223	4.641092479228973	27.09615707397461	0.2067343406379223	23.747586727142334	25.582534790039062	32.41414260864258	8.666555881500244	355.1440124511719	486.6082534790039	106.31863403320312	169.57051944732666	0.2061790842562914	0.836955726146698	0.05922713130712509	0.13463396206498146	0.3394533582031727	0.28022622503340244	4.382488027215004	3.0046056658029556	3.9981046468019485	3.036642201244831	0.03707022313028574	2.35890656709671	1.2062271237373352	0.7474190294742584	4.641092479228973	0.9900480657815933	5.796751439571381	2.977565884590149	24.99026584625244	0.5429315119981766	490.00390625	0.3826097920536995	1164.432861328125	0.199976097792387	-115.60942268371582	-0.8059005290269852	1587.9044189453125	0.16704710200428963	-121.13790893554688	-0.6896355673670769	2583.2467651367188	0.12217976711690426	-122.25180625915527	-0.6717149168252945	-20.37613296508789	-0.35271191596984863	27.491793632507324	0.30171890556812286	-0.002579473628429696	-11.53578406572342	-0.01714984979480505	-0.7228781580924988	-18.188507318496704	27.594457626342773	-0.05440423358231783	-0.0026604430022416636	2.4258085787296295	2.3797596096992493	0.1782498825341463	0.15897191315889359	0.21894685924053192	0.4181349575519562
grp-12	T1	13	390.0	0.12359641119837761	27.80447244644165	0.27976061776280403	4.399332106113434	27.80447244644165	0.27976061776280403	19.257789611816406	31.683777332305908	33.38285827636719	14.125068664550781	411.2012710571289	511.94378662109375	185.87627029418945	189.64120864868164	0.12359641119837761	0.6917815208435059	0.04022603761404753	0.09601747430860996	0.19903302378952503	0.15880698803812265	2.229394093155861	1.653106577694416	1.6185793951153755	1.1416525579988956	0.05887930653989315	2.177285850048065	1.189284324645996	0.8530906438827515	4.399332106113434	1.330352321267128	3.7926759123802185	5.920143365859985	23.428045749664307	0.8356510251760483	484.72125244140625	0.3436639979481697	1174.2296752929688	0.2064395360648632	-146.60654258728027	-0.5684127360582352	1606.3718872070312	0.16136286035180092	-150.6386203765869	-0.49367624521255493	2614.1314697265625	0.11562431044876575	-150.95067596435547	-0.4885500520467758	-21.30787229537964	-0.3173522762954235	28.545043468475342	0.2988431453704834	-0.0046313690254464746	1.0794657468795776	-0.02076516393572092	-0.588076651096344	-21.42356824874878	31.37865924835205	-0.05999178905040026	-0.003521268896292895	2.3757919371128082	2.0297361612319946	0.1277461964637041	0.10621385648846626	0.32606180757284164	0.6912238299846649
grp-12	T1	14	420.0	0.15853850543498993	24.20094060897827	0.234432864934206	3.2116589546203613	24.20094060897827	0.234432864934206	19.662939071655273	23.722972869873047	28.73249864578247	9.069559574127197	328.70859146118164	342.94659423828125	136.36272716522217	203.53217315673828	0.15853850543498993	0.9798329174518585	0.04576823767274618	0.09769980050623417	0.20958930253982544	0.16382106766104698	4.60479399561882	2.974982999265194	3.7145481407642365	3.317550480365753	0.042254538275301456	1.8508222997188568	1.2643192112445831	0.8017560243606567	3.2116589546203613	1.560173898935318	5.623195707798004	3.2249322831630707	25.118165016174316	0.566443458199501	478.5894470214844	0.3772788569331169	1221.6402282714844	0.19199608266353607	-123.18072509765625	-0.7409651353955269	1550.4913940429688	0.16888964176177979	-128.81906700134277	-0.6400047466158867	2569.2027587890625	0.11540588364005089	-130.01278686523438	-0.6224080696702003	-21.0371150970459	-0.3127620443701744	28.204679489135742	0.27751632034778595	-0.0076319844665704295	8.29698634147644	-0.017348424531519413	-0.7223683446645737	-21.32984161376953	31.21812915802002	-0.054580576717853546	-0.004108259032364003	1.7339112758636475	2.230533480644226	0.1730141043663025	0.20702208019793034	0.25393374636769295	0.5000812411308289
grp-12	T1	15	450.0	0.13852772489190102	28.919036865234375	0.2237013280391693	5.3065595626831055	28.919036865234375	0.2237013280391693	23.932117462158203	30.517684936523438	33.6674690246582	9.7353515625	405.7320098876953	470.5309753417969	107.77940559387207	142.76178169250488	0.13852772489190102	0.7732683271169662	0.05258515477180481	0.09592972882091999	0.20433422178030014	0.15174906700849533	3.1636732518672943	2.312731057405472	2.7313644737005234	2.2441208362579346	0.033660618122667074	2.031786233186722	1.1416316032409668	0.7913527637720108	5.3065595626831055	0.8693191260099411	3.254716247320175	-0.7333755195140839	24.917550563812256	0.6920664981007576	518.2887496948242	0.3207784593105316	1206.2792053222656	0.183261226862669	-123.44822883605957	-0.7225775420665741	1642.9685668945312	0.1596488170325756	-129.2502841949463	-0.6246803849935532	2682.6759643554688	0.11090504750609398	-130.73548126220703	-0.6033583581447601	-21.109107494354248	-0.3449394553899765	29.74476194381714	0.29058318585157394	-0.01061089406721294	-0.48780667781829834	-0.01823445176705718	-0.60337133705616	-19.623099088668823	29.620997428894043	-0.054732135497033596	-0.004004709277069196	2.359119728207588	2.496660053730011	0.1545550599694252	0.15426097810268402	0.223382156342268	0.5258815661072731
grp-12	T1	16	480.0	0.12923034839332104	29.707152366638184	0.2536681592464447	4.736070513725281	29.707152366638184	0.2536681592464447	22.887807369232178	32.196298599243164	34.30584144592285	11.418034076690674	571.3058166503906	589.4026184082031	180.82994842529297	271.5776138305664	0.12923034839332104	0.6065372452139854	0.05436353664845228	0.11459066905081272	0.1829612124711275	0.1285976767539978	2.0759595036506653	1.2854653894901276	1.5345111936330795	1.0884722545742989	0.043914299458265305	2.085875153541565	1.2202559411525726	0.771204262971878	4.736070513725281	1.2014869302511215	-0.3870936632156372	8.178887367248535	21.706050395965576	1.1129176616668701	538.8437576293945	0.3104519173502922	1179.0541687011719	0.17840315029025078	-130.18096733093262	-0.6761042922735214	1673.7054443359375	0.16256891191005707	-135.14829063415527	-0.58939528465271	2754.31787109375	0.09429570287466049	-136.8050880432129	-0.5647051557898521	-19.9444260597229	-0.3408660814166069	28.931452751159668	0.2956319823861122	-0.009773473488166928	-1.02628955245018	-0.020858576521277428	-0.5185053795576096	-18.89125680923462	28.535887718200684	-0.0545380525290966	-0.005571410991251469	3.6595532298088074	2.839960038661957	0.11787392385303974	0.10943825356662273	0.20229485258460045	0.2793896198272705
grp-12	T1	17	510.0	0.10097659938037395	26.09056806564331	0.23961125686764717	3.7537639141082764	26.09056806564331	0.23961125686764717	20.86616802215576	27.020896911621094	30.822670459747314	9.956502437591553	344.4820861816406	434.3279228210449	172.15532302856445	196.53723526000977	0.10097659938037395	1.0710352510213852	0.041370379738509655	0.055850026197731495	0.12395139783620834	0.08258101716637611	3.6145800352096558	2.9307911694049835	2.8027073591947556	2.1031970530748367	0.05408014263957739	1.9611705541610718	1.3235244452953339	0.7552415281534195	3.7537639141082764	1.2415864020586014	6.9612191915512085	3.603201448917389	25.68746280670166	0.6679554283618927	571.9617156982422	0.41263678669929504	1226.8516235351562	0.2007298581302166	-162.26839065551758	-0.4481800049543381	1636.9665832519531	0.18902774527668953	-163.81634140014648	-0.41521139442920685	2726.3348388671875	0.11076745577156544	-164.87635803222656	-0.39943283796310425	-21.071467876434326	-0.33779724687337875	30.52931833267212	0.26151545345783234	-0.01678095944225788	-2.3130298256874084	-0.013758510816842318	-1.1193495094776154	-23.08289861679077	34.11407709121704	-0.06964951660484076	-0.00090199692567694	1.3504501432180405	1.4612559080123901	0.1346283871680498	0.1410348992794752	0.5066824480891228	1.2825877964496613
grp-12	T1	18	540.0	0.153774319216609	22.801527976989746	0.2718677669763565	2.4364313185214996	22.801527976989746	0.2718677669763565	19.387935638427734	20.7927508354187	28.290843963623047	8.902908325195312	270.5451469421387	365.7484130859375	122.54620361328125	175.59850692749023	0.153774319216609	0.8034118115901947	0.06652577966451645	0.128843292593956	0.20950357615947723	0.14297780022025108	3.7635680735111237	3.4757862985134125	3.077902600169182	3.176997810602188	0.040852016769349575	1.9679881036281586	1.2346009612083435	0.7494789958000183	2.4364313185214996	2.3373305201530457	5.648936033248901	3.193740338087082	23.603078365325928	0.6109412685036659	513.9177551269531	0.34972505271434784	1270.183837890625	0.17628251016139984	-108.914306640625	-0.8512768745422363	1575.3912353515625	0.16892747953534126	-114.79261589050293	-0.7323647141456604	2615.4996948242188	0.11901214718818665	-116.75974082946777	-0.7003776282072067	-20.297324180603027	-0.3353871554136276	28.15227460861206	0.2827010676264763	-0.008105721382889897	1.1644650399684906	-0.016288404120132327	-0.7853518277406693	-17.89136290550232	26.83018159866333	-0.05184813681989908	-0.0033138920516648795	1.7672557681798935	2.615944743156433	0.1755616907030344	0.17719499580562115	0.17702312394976616	0.21056531369686127
grp-12	T1	19	570.0	0.15202589891850948	31.548213958740234	0.19241918623447418	6.220458507537842	31.548213958740234	0.19241918623447418	29.355224609375	33.13083076477051	34.92580509185791	5.57058048248291	501.7124328613281	613.9114532470703	111.3748664855957	171.252947807312	0.15202589891850948	0.7572095990180969	0.06021592766046524	0.12472662329673767	0.2161962352693081	0.155980309471488	3.6487217247486115	2.304972067475319	2.7396932244300842	1.8923485428094864	0.0338987079448998	2.4912191033363342	1.1363967657089233	0.7855156362056732	6.220458507537842	0.7219627350568771	0.6379732638597488	7.917273581027985	22.38808584213257	0.6721606850624084	524.2509460449219	0.3019701838493347	1202.7950744628906	0.18138126283884048	-115.97837829589844	-0.7810014337301254	1617.0421447753906	0.1535620614886284	-119.92583274841309	-0.6936854869127274	2693.9716796875	0.10241446644067764	-122.52629089355469	-0.6551026254892349	-19.15939712524414	-0.39756495505571365	28.72528839111328	0.31692637503147125	-0.013700156938284636	-1.4069285243749619	-0.01731685036793351	-0.616895318031311	-18.96210765838623	28.83130645751953	-0.057813962921500206	-0.0036466977326199412	2.7342447489500046	3.066299259662628	0.13935387693345547	0.11429635062813759	0.1722642369568348	0.21800943464040756
grp-12	T1	20	600.0	0.0958621297031641	34.005327224731445	0.2336030788719654	7.120946645736694	34.005327224731445	0.2336030788719654	30.80393886566162	36.06525754928589	38.77074432373047	7.966805458068848	381.5673408508301	562.0809097290039	187.43553161621094	257.9635581970215	0.0958621297031641	0.7765876054763794	0.042703726794570684	0.07003182265907526	0.13159740343689919	0.08889367617666721	1.7162349820137024	1.3563993126153946	1.2329546362161636	0.9913160353899002	0.029744104016572237	2.0563991963863373	1.0839783698320389	0.7690614014863968	7.120946645736694	0.8070120587944984	8.950098872184753	2.1716355979442596	24.857999801635742	0.6282197535037994	520.4639892578125	0.32240229845046997	1226.4668884277344	0.17625106871128082	-163.8371810913086	-0.440049447119236	1588.0583801269531	0.15991723909974098	-158.32419967651367	-0.4540818929672241	2699.2677612304688	0.09855587035417557	-159.73859405517578	-0.43318698555231094	-19.097336769104004	-0.36379799246788025	28.926589012145996	0.28777535632252693	-0.012221390614286065	-3.212295353412628	-0.01656021596863866	-0.649278461933136	-21.508466720581055	32.242393493652344	-0.06238196324557066	-0.0032201209105551243	1.808936357498169	1.8292684257030487	0.11811655014753342	0.12124431133270264	0.3832478001713753	1.0569346994161606
grp-12	T2	0	0.0	0.08982760738581419	35.756296157836914	0.1561538204550743	7.490452408790588	35.756296157836914	0.1561538204550743	35.200636863708496	36.884297370910645	38.45127868652344	3.2506418228149414	478.8191337585449	531.9488792419434	142.3933401107788	164.83535766601562	0.08982760738581419	0.6773125231266022	0.04029478691518307	0.06775939930230379	0.13525870814919472	0.09496392216533422	1.4506077468395233	1.6613773703575134	0.7891337126493454	0.7475175112485886	0.022466719849035144	2.139728546142578	1.060677856206894	0.7285913825035095	7.490452408790588	0.5848232135176659	9.80738377571106	1.8369557559490204	23.98377513885498	0.5624432116746902	493.29158782958984	0.2851618304848671	1139.4580078125	0.16763759031891823	-164.93824768066406	-0.43198129907250404	1582.0330810546875	0.1310497559607029	-161.68159103393555	-0.43100006878376007	2714.4779663085938	0.08083522692322731	-163.0604591369629	-0.4111561179161072	-17.966939210891724	-0.3514190837740898	28.04858112335205	0.2589612491428852	-0.012221959070302546	-5.389675408601761	-0.014640261186286807	-0.6681563854217529	-22.34043550491333	33.42381286621094	-0.06511251907795668	-0.0014978772487665992	1.6088696718215942	1.5702136754989624	0.12186162173748016	0.10594748985022306	0.44487401098012924	1.3741542100906372
grp-12	T2	1	30.0	0.10981621593236923	35.49186611175537	0.14171357452869415	7.708887338638306	35.49186611175537	0.14171357452869415	34.86103820800781	36.09165573120117	37.90120506286621	3.0401668548583984	367.2354927062988	478.1798439025879	241.1536407470703	492.64910888671875	0.10981621593236923	0.595029890537262	0.05732095241546631	0.09748350083827972	0.15558440051972866	0.09826344810426235	1.3255462795495987	0.9059926569461823	0.8330225795507431	0.6163523644208908	0.023825203999876976	2.1094342172145844	1.0650413185358047	0.7101200073957443	7.708887338638306	0.5387759506702423	8.33570122718811	1.9045916199684143	24.255263328552246	0.5541088134050369	494.44593811035156	0.2835789993405342	1171.3262329101562	0.16293463855981827	-128.18298530578613	-0.7041435688734055	1566.6938171386719	0.14458316937088966	-127.26806259155273	-0.6563443467020988	2688.8959350585938	0.09301421418786049	-129.89678573608398	-0.616201251745224	-18.497775554656982	-0.33545421063899994	28.330714225769043	0.2664247080683708	-0.00478561656200327	11.919242322444916	-0.016555684618651867	-0.6106164455413818	-20.664056301116943	30.89161491394043	-0.0467683132737875	-0.005557577183935791	2.667555883526802	2.9672747254371643	0.12292569503188133	0.09307881258428097	0.18947245553135872	0.21201279014348984
grp-12	T2	2	60.0	0.15050181560218334	34.28947067260742	0.16191145405173302	7.068089008331299	34.28947067260742	0.16191145405173302	33.46273231506348	35.18952465057373	37.39974403381348	3.93701171875	414.11000061035156	532.6123352050781	126.74319076538086	186.38871002197266	0.15050181560218334	0.7249144911766052	0.060690307058393955	0.11568781547248363	0.2220047265291214	0.16131441667675972	2.2937096059322357	2.1822820007801056	1.474531039595604	1.196842074394226	0.031317093409597874	2.493903160095215	1.0609351694583893	0.8229690939188004	7.068089008331299	0.6692432314157486	4.549318432807922	3.704563021659851	23.908156394958496	0.6138427183032036	518.1304092407227	0.27630841732025146	1198.4115905761719	0.17803432792425156	-112.44352912902832	-0.8362579196691513	1580.8877563476562	0.15041327103972435	-113.25131416320801	-0.7656063288450241	2719.260986328125	0.09184739924967289	-116.70147514343262	-0.7118532061576843	-16.978052616119385	-0.3946264013648033	26.842463493347168	0.30672337114810944	0.006392821203917265	1.32763010263443	-0.01814899779856205	-0.610132709145546	-19.290468454360962	29.337940216064453	-0.051371488720178604	-0.005170810152776539	2.7259086966514587	2.723020553588867	0.16622638329863548	0.1434706561267376	0.18808072805404663	0.2707989811897278
grp-12	T2	3	90.0	0.09684211108833551	34.840630531311035	0.1507300529628992	7.612033724784851	34.840630531311035	0.1507300529628992	34.60085868835449	35.63322067260742	38.17411708831787	3.573258399963379	297.3163757324219	466.2975082397461	116.81103229522705	150.24271965026855	0.09684211108833551	0.5589377284049988	0.04970719665288925	0.08393072430044413	0.13508207350969315	0.0853748768568039	1.2252226322889328	0.8432271182537079	0.8322927057743073	0.5438162758946419	0.0341136334463954	2.552088499069214	1.0966426134109497	0.7118043005466461	7.612033724784851	0.5844469927251339	8.84735095500946	1.7425848245620728	24.66352128982544	0.5022887885570526	491.1343307495117	0.26304274424910545	1193.9021606445312	0.1526217870414257	-150.6429672241211	-0.5364112928509712	1585.8451843261719	0.14453016966581345	-148.4671974182129	-0.5176317691802979	2715.0366821289062	0.08953103423118591	-150.28719329833984	-0.49196815490722656	-19.792226791381836	-0.3130180686712265	29.28565740585327	0.25734520703554153	-0.004238136811181903	-3.2997286319732666	-0.017850351752713323	-0.5637103766202927	-20.521164894104004	30.939286708831787	-0.05234677344560623	-0.003988788084825501	2.5758586823940277	2.1543086767196655	0.12212671898305416	0.09729268122464418	0.3129933178424835	1.0678947865962982
grp-12	T2	4	120.0	0.10644807852804661	22.637502670288086	0.22714952379465103	1.5284695196896791	22.637502670288086	0.22714952379465103	19.076669216156006	21.31144380569458	27.106749057769775	8.03007984161377	222.43635749816895	225.7372055053711	107.85115337371826	126.2840347290039	0.10644807852804661	1.4914892762899399	0.04002542607486248	0.05387573130428791	0.1282842792570591	0.08825885411351919	6.467277884483337	6.409620672464371	4.770254820585251	4.310899794101715	0.037387029733508825	1.3380789458751678	1.3913071155548096	0.6824484318494797	1.5284695196896791	14.416171908378601	8.518607258796692	2.877312421798706	20.174846649169922	0.9387362599372864	568.9620819091797	0.4619041085243225	1225.5876770019531	0.21595142781734467	-180.33414840698242	-0.3151058480143547	1619.8491516113281	0.17455409094691277	-181.12146759033203	-0.29731862246990204	2636.4545288085938	0.12463984079658985	-181.51533126831055	-0.290893729776144	-17.20996618270874	-0.415780209004879	24.76855754852295	0.3442371115088463	-0.018728312803432345	-3.106368899345398	-0.011206042836420238	-0.9972615242004395	-21.770971298217773	32.66286611557007	-0.06803004909306765	0.0003412863297853619	0.49183060228824615	0.6513026356697083	0.1598705779761076	0.1800551749765873	1.2476190477609634	3.130719929933548
grp-12	T2	5	150.0	0.15276672132313251	25.774056434631348	0.1990613229572773	3.9209465384483337	25.774056434631348	0.1990613229572773	23.461610794067383	25.753340244293213	27.848227500915527	4.3866167068481445	308.71142196655273	419.1360168457031	108.96244430541992	194.8135280609131	0.15276672132313251	0.9285923689603806	0.044520286843180656	0.07352023478597403	0.25952954590320587	0.21500925812870264	3.6557810306549072	2.7549552023410797	3.0344119668006897	2.31865656375885	0.03343823179602623	1.9743563830852509	1.2108753621578217	0.7797040194272995	3.9209465384483337	1.2579884827136993	4.937646329402924	2.800074577331543	23.065474033355713	0.5405990555882454	503.8924255371094	0.4135875925421715	1223.6132202148438	0.18714307248592377	-161.1171417236328	-0.46843942254781723	1522.6050415039062	0.18369225412607193	-161.50997161865234	-0.44420889765024185	2582.7003784179688	0.11720678769052029	-162.7425537109375	-0.42663007974624634	-18.85054302215576	-0.4218492656946182	27.0599684715271	0.3302537500858307	-0.0027779440861195326	-8.437093615531921	-0.015597624238580465	-0.8885848522186279	-20.6178138256073	32.04593324661255	-0.06493772845715284	0.0005478253442561254	1.8172724545001984	1.2445707321166992	0.1625821702182293	0.1447822842746973	0.6184754595160484	1.5792006701231003
grp-12	T2	6	180.0	0.2037444207817316	23.274492263793945	0.18304666131734848	2.6896492540836334	23.274492263793945	0.18304666131734848	20.805063247680664	23.62129783630371	25.12020492553711	4.315141677856445	403.2884979248047	523.9052429199219	103.61174392700195	233.90102100372314	0.2037444207817316	0.6703402772545815	0.07906376197934151	0.16644373536109924	0.3007879927754402	0.2217242270708084	3.141300246119499	2.086731880903244	2.840002954006195	2.076289877295494	0.030784702394157648	1.9600982069969177	1.2565746009349823	0.7320824712514877	2.6896492540836334	1.9190694838762283	5.893698871135712	3.8046204149723053	23.959257125854492	0.6187281087040901	498.3637161254883	0.36990732699632645	1243.9773864746094	0.19083420932292938	-112.23645210266113	-0.8325092792510986	1540.9042663574219	0.16816559806466103	-117.87080192565918	-0.7234775796532631	2561.8055419921875	0.11768342182040215	-120.16357231140137	-0.6855300590395927	-19.228429317474365	-0.35062288492918015	27.160120010375977	0.2855476662516594	-0.006836117943748832	-5.031440079212189	-0.01588468113914132	-0.8573204874992371	-16.742404222488403	26.715596199035645	-0.0474937055259943	-0.0033244488377022208	3.1843947768211365	2.7063149213790894	0.15777152590453625	0.12409874983131886	0.1900833323597908	0.29174502193927765
grp-12	T2	7	210.0	0.16022022999823093	31.268879890441895	0.20493482425808907	6.144824981689453	31.268879890441895	0.20493482425808907	27.48907470703125	33.18941593170166	35.261802673339844	7.772727966308594	476.2148246765137	551.0553665161133	146.13009071350098	217.72364044189453	0.16022022999823093	0.7545490860939026	0.05000198446214199	0.12086787912994623	0.2590538263320923	0.20905184000730515	3.059156656265259	2.213489130139351	2.3561088293790817	1.6595460698008537	0.04219982214272022	2.0767915546894073	1.1576138138771057	0.8289335668087006	6.144824981689453	0.7899478226900101	6.538057088851929	2.8204180896282196	22.74021339416504	0.6453402936458588	482.46795654296875	0.3687749430537224	1141.0088500976562	0.19505663216114044	-130.29321670532227	-0.6852244511246681	1603.2850036621094	0.1704499050974846	-132.71788215637207	-0.610744796693325	2643.1195678710938	0.10965878516435623	-133.6048698425293	-0.5972244516015053	-19.68800926208496	-0.37143078446388245	27.9278302192688	0.3032060042023659	-0.0057929319445975125	-20.964756160974503	-0.015484689036384225	-0.7472158670425415	-19.783034801483154	29.850485801696777	-0.05608618725091219	-0.0017173318228742573	2.1090363562107086	2.3799660205841064	0.15051233395934105	0.15679358504712582	0.24074474349617958	0.5426757708191872
grp-12	T2	8	240.0	0.1459774672985077	20.838411808013916	0.20219731330871582	1.3380565345287323	20.838411808013916	0.20219731330871582	18.70924472808838	20.085640907287598	22.453569889068604	3.7443251609802246	254.2051010131836	292.0660095214844	73.85522651672363	112.8461503982544	0.1459774672985077	0.7999527305364609	0.04778998717665672	0.13152830116450787	0.20757393166422844	0.15978394635021687	2.5273425728082657	2.3428287729620934	1.8525584638118744	1.560960941016674	0.03071074513718486	1.7709632515907288	1.2604902982711792	0.720423698425293	1.3380565345287323	0.5949104130268097	7.181580483913422	3.5645655393600464	22.191306591033936	0.8369094580411911	497.13643646240234	0.3500138074159622	1287.6067199707031	0.1721789389848709	-122.22523880004883	-0.7550760582089424	1543.3091430664062	0.16415228694677353	-126.99226188659668	-0.6672625616192818	2548.7526245117188	0.11523367278277874	-128.68592643737793	-0.6400127559900284	-18.720277309417725	-0.34699746966362	26.262341022491455	0.2899402417242527	-0.012883332907222211	-4.381622344255447	-0.013901865109801292	-0.8113913536071777	-19.729689598083496	30.064115047454834	-0.0552000654861331	-0.0017880535178846912	2.1840613931417465	2.09651979804039	0.2029564008116722	0.1615034155547619	0.26649241521954536	0.5322509706020355
grp-12	T2	9	270.0	0.21655982173979282	27.9098219871521	0.2153538465499878	4.9188443422317505	27.9098219871521	0.2153538465499878	23.702731132507324	26.49891185760498	34.14743614196777	10.44470500946045	437.36905670166016	544.1599655151367	112.81729507446289	224.190767288208	0.21655982173979282	0.7096812576055527	0.08100046589970589	0.14087284728884697	0.35203827917575836	0.2710378095507622	4.485735401511192	3.171206995844841	3.8861806839704514	2.6970668584108353	0.03657015413045883	2.080684781074524	1.1130732893943787	0.8087869733572006	4.9188443422317505	0.9351850003004074	5.628064692020416	3.2058311104774475	25.537442207336426	0.5597842335700989	483.0744400024414	0.34995923191308975	1188.3215942382812	0.1847827136516571	-101.78010940551758	-0.9254797548055649	1564.6990661621094	0.1693377047777176	-109.4049015045166	-0.7579781636595726	2608.8064575195312	0.10979061760008335	-111.21831130981445	-0.7263922914862633	-20.30107545852661	-0.37422898411750793	28.127837657928467	0.3027467578649521	0.002407837426289916	-0.4222094714641571	-0.015790435019880533	-0.7178650945425034	-17.028218984603882	26.47501039505005	-0.040961272083222866	-0.0033735545293893665	3.1843947768211365	3.1176647543907166	0.15380807779729366	0.1274985931813717	0.14105808176100254	0.16096742823719978
grp-12	T2	10	300.0	0.14673763699829578	23.582576274871826	0.27949170768260956	2.569014549255371	23.582576274871826	0.27949170768260956	18.670899868011475	22.62470769882202	30.122282028198242	11.451382160186768	307.53075408935547	363.0002250671387	89.05203151702881	151.26263809204102	0.14673763699829578	0.7515749335289001	0.059018539264798164	0.11426248028874397	0.22218093276023865	0.16316238977015018	2.225672274827957	1.597044512629509	1.6779424995183945	1.294635385274887	0.03477370413020253	1.9772441387176514	1.2488218247890472	0.7590768486261368	2.569014549255371	2.680536702275276	6.479641318321228	4.415869981050491	22.305702686309814	0.6927914395928383	483.6651916503906	0.34491221606731415	1229.1519470214844	0.17481597140431404	-114.47038459777832	-0.8036412000656128	1525.8759765625	0.16156720370054245	-119.47236251831055	-0.7122519314289093	2562.3252563476562	0.11084001883864403	-121.92027854919434	-0.6738687008619308	-18.068878650665283	-0.379918210208416	26.778148651123047	0.2995399720966816	-0.012022111564874649	0.3818524479866028	-0.013923744671046734	-0.7885992303490639	-19.67644739151001	29.35804510116577	-0.04790513589978218	-0.004521758412010968	2.450816974043846	2.689581334590912	0.1605946496129036	0.16792231425642967	0.19782628491520882	0.39262470602989197
grp-12	T2	11	330.0	0.12505237013101578	29.712373733520508	0.2377663441002369	4.720626354217529	29.712373733520508	0.2377663441002369	28.34176254272461	31.109665870666504	34.029459953308105	5.687697410583496	391.8804702758789	442.7613983154297	133.7999725341797	130.75023651123047	0.12505237013101578	0.6005444526672363	0.056305792182683945	0.10936771146953106	0.18017781525850296	0.12387202493846416	1.8250913172960281	1.3239067196846008	1.424897015094757	1.1392079666256905	0.04229384660720825	2.3660422563552856	1.1232537627220154	0.7615283578634262	4.720626354217529	1.0432279258966446	1.5927417129278183	6.302585244178772	22.23332643508911	0.9267711639404297	474.69242095947266	0.26651810482144356	1130.780517578125	0.18722203001379967	-127.06320762634277	-0.7124637812376022	1574.3079223632812	0.16122504323720932	-131.11818504333496	-0.6264400631189346	2638.2469482421875	0.09713825210928917	-132.92383575439453	-0.5992206782102585	-19.41653347015381	-0.3261835053563118	28.01663827896118	0.2933623939752579	-0.0034240822824358474	-176.97562244534492	-0.021283430512994528	-0.49968400597572327	-19.46826171875	29.190633296966553	-0.055338988080620766	-0.0053142422693781555	3.3927977085113525	2.646960735321045	0.13770893774926662	0.1138002909719944	0.20901694148778915	0.2804143354296684
grp-12	T2	12	360.0	0.13162206672132015	29.219162940979004	0.25304966419935226	4.121879577636719	29.219162940979004	0.25304966419935226	23.87672758102417	31.281131267547607	33.94143581390381	10.064708232879639	528.0647659301758	648.9558715820312	160.42125701904297	197.2893123626709	0.13162206672132015	0.7507552206516266	0.05195312388241291	0.10367820225656033	0.19080457836389542	0.13885145634412766	2.1058163940906525	1.919746533036232	1.8919806778430939	2.7640083134174347	0.04929406754672527	2.0425673723220825	1.1723193526268005	0.769262969493866	4.121879577636719	1.3369698822498322	0.15535679459571838	8.855329036712646	21.50272560119629	1.0325419306755066	509.69942474365234	0.30904755741357803	1156.4703979492188	0.18007445335388184	-134.94784545898438	-0.643961176276207	1604.4754333496094	0.17035947740077972	-137.79702949523926	-0.5822082459926605	2693.3345947265625	0.09516260959208012	-139.76160049438477	-0.5541771426796913	-18.41870355606079	-0.38671161234378815	27.28602409362793	0.31959135830402374	-0.005122438247781247	-3.0670228600502014	-0.020965267904102802	-0.5588522702455521	-19.742761611938477	29.83556079864502	-0.05746444780379534	-0.005158113955985755	2.284094661474228	2.7555111050605774	0.11460043676197529	0.12130634300410748	0.22264793887734413	0.3132254183292389
grp-12	T2	13	390.0	0.21275544911623	25.607183933258057	0.18131545186042786	4.162072479724884	25.607183933258057	0.18131545186042786	23.777491092681885	25.32261323928833	27.272109508514404	3.4946184158325195	300.0866394042969	333.156982421875	134.4649658203125	220.43642807006836	0.21275544911623	0.7631028890609741	0.06329886708408594	0.16516084037721157	0.3455970399081707	0.28229817375540733	3.530119687318802	2.8241078853607178	3.5272044837474823	2.7792114317417145	0.03407192416489124	2.3249993920326233	1.1944280862808228	0.7478823661804199	4.162072479724884	1.0575218200683594	4.821912348270416	3.5813270211219788	25.929548740386963	0.5037919953465462	484.79454040527344	0.3762554004788399	1228.0492858886719	0.20058289915323257	-105.25957489013672	-0.8913700878620148	1535.9089660644531	0.17321773245930672	-111.6979808807373	-0.7620389014482498	2576.9287109375	0.11953697726130486	-114.05894660949707	-0.7243816405534744	-20.21106195449829	-0.34816961735486984	28.542108058929443	0.29303500801324844	-0.00694029062287882	-10.519439160823822	-0.01792886946350336	-0.79598668217659	-19.71221613883972	30.328002452850342	-0.052168370224535465	-0.0035974047204945236	2.709236443042755	2.380554676055908	0.2029751017689705	0.19991405680775642	0.20363768935203552	0.28342270851135254
grp-12	T2	14	420.0	0.17259405925869942	21.670518398284912	0.1947578564286232	1.8576955497264862	21.670518398284912	0.1947578564286232	18.85028648376465	20.96212339401245	24.472919464111328	5.62263298034668	220.49887084960938	246.10729598999023	81.9172716140747	130.73969554901123	0.17259405925869942	0.5797281935811043	0.08431358821690083	0.15085802227258682	0.2434217557311058	0.15910816751420498	2.3358889520168304	1.6495917439460754	1.8011846393346786	1.5037160068750381	0.03432051697745919	1.8998539447784424	1.3039543628692627	0.7502750605344772	1.8576955497264862	-5.814997136592865	5.4136587381362915	5.931455224752426	24.04902696609497	0.7937411889433861	502.3639221191406	0.3705062046647072	1265.9530639648438	0.17702168971300125	-107.5963191986084	-0.8756871670484543	1540.65576171875	0.16781572252511978	-114.20501136779785	-0.7494970262050629	2580.6637573242188	0.11427593976259232	-116.9547290802002	-0.7034394219517708	-19.918701171875	-0.299561470746994	28.17418384552002	0.25023987516760826	-0.011020889854989946	-5.5454792976379395	-0.015224250964820385	-0.8414094746112823	-16.25837516784668	25.864312648773193	-0.04348474182188511	-0.0026153339822485577	2.6675558984279633	2.4298598766326904	0.19258523732423782	0.20565759390592575	0.19663800299167633	0.3092781752347946
grp-12	T2	15	450.0	0.1399095682427287	25.266634941101074	0.1688428893685341	4.073298752307892	25.266634941101074	0.1688428893685341	23.64527702331543	24.7935152053833	26.497642040252686	2.852365016937256	346.07808685302734	413.9238815307617	62.816752433776855	68.10798072814941	0.1399095682427287	0.877553328871727	0.04082557372748852	0.07022551540285349	0.2402403149753809	0.19941474497318268	3.3312994688749313	2.689161628484726	2.6876343339681625	1.9802441075444221	0.030735577456653118	2.3793689906597137	1.176915556192398	0.7852114737033844	4.073298752307892	1.1127353608608246	5.242403611540794	4.023762971162796	24.30934476852417	0.5703801810741425	482.93323516845703	0.3786398097872734	1244.5510559082031	0.18613187968730927	-151.9515609741211	-0.5329036191105843	1545.7330322265625	0.15836436301469803	-154.2672462463379	-0.4869850128889084	2543.8452758789062	0.12288601696491241	-155.32379150390625	-0.47243155539035797	-20.066303730010986	-0.3778734728693962	27.6815824508667	0.31580426543951035	-0.007245703076478094	-5.457806289196014	-0.014413691125810146	-0.8782237321138382	-21.608900547027588	32.47944784164429	-0.06835613306611776	0.0002332238364033401	1.875625193119049	1.302714079618454	0.1914499867707491	0.14533875323832035	0.5584774166345596	1.916756808757782
grp-12	T2	16	480.0	0.25821091793477535	25.74885368347168	0.17878343537449837	4.104354202747345	25.74885368347168	0.17878343537449837	23.683743476867676	25.21084976196289	28.738186836242676	5.054443359375	290.9380798339844	388.32152557373047	101.08819103240967	247.39089965820312	0.25821091793477535	0.8240909576416016	0.08245961833745241	0.19188868813216686	0.4040185399353504	0.3215589299798012	4.18896096944809	2.9623537957668304	3.9726632833480835	2.9426967799663544	0.040508643724024296	2.3146902322769165	1.2083265483379364	0.7340967953205109	4.104354202747345	1.0774231255054474	4.641845703125	4.032528638839722	24.53179359436035	0.5067487433552742	477.8547592163086	0.372267484664917	1224.2287292480469	0.1837306097149849	-95.16233825683594	-1.001793533563614	1533.5711364746094	0.16395611688494682	-102.1612548828125	-0.8409850746393204	2551.4085693359375	0.117570910602808	-104.52264595031738	-0.7983918786048889	-19.669229984283447	-0.3500477448105812	27.329561710357666	0.2940964624285698	0.005160485132364556	-7.097866892814636	-0.01704610511660576	-0.7492500841617584	-17.172158002853394	27.352263927459717	-0.043800372164696455	-0.0036352853749122005	2.200733572244644	2.0802049934864044	0.2581215761601925	0.23373180255293846	0.201034028083086	0.3570588752627373
grp-12	T2	17	510.0	0.2160998359322548	27.99885892868042	0.24364886432886124	4.646747350692749	27.99885892868042	0.24364886432886124	20.78889274597168	29.78016757965088	33.857117652893066	13.068224906921387	375.7382125854492	490.0751419067383	161.02663230895996	356.39585876464844	0.2160998359322548	0.7956510484218597	0.08797612413764	0.16168479062616825	0.3083546943962574	0.22037857212126255	3.9989232420921326	3.5217014253139496	3.216589406132698	3.1209476441144943	0.042187923565506935	1.962347000837326	1.1271126866340637	0.7912043929100037	4.646747350692749	1.0968604236841202	4.533617794513702	4.072108030319214	23.9336838722229	0.6931175738573074	478.5982208251953	0.34974008053541183	1195.4754638671875	0.19259782135486603	-92.77947807312012	-1.0114416480064392	1554.9884948730469	0.1714230291545391	-99.80588340759277	-0.833208367228508	2623.6849975585938	0.10475793853402138	-102.32869338989258	-0.7879702895879745	-19.714574337005615	-0.3619632124900818	28.126139640808105	0.2875106818974018	-0.0022135306207928807	-5.504986345767975	-0.016631401842460036	-0.7585466504096985	-16.531875133514404	25.789910316467285	-0.04390458296984434	-0.004858186584897339	2.175725221633911	2.973089098930359	0.18192067928612232	0.19314932450652122	0.13803137838840485	0.11702655255794525
grp-12	T2	18	540.0	0.2679875548928976	26.254972457885742	0.22441916167736053	3.6184791326522827	26.254972457885742	0.22441916167736053	22.311913013458252	25.131802558898926	30.8890962600708	8.577183246612549	334.85520935058594	448.9274597167969	147.9020290374756	226.6273250579834	0.2679875548928976	1.102158859372139	0.08145108632743359	0.17567566968500614	0.3877270631492138	0.30627597868442535	5.958216190338135	5.408933460712433	5.3324408531188965	5.077912926673889	0.045729199424386024	2.0589824616909027	1.256828099489212	0.7466718852519989	3.6184791326522827	1.2044265866279602	4.468324780464172	3.7187387347221375	22.90361976623535	0.6211739182472229	482.8499450683594	0.3853219673037529	1172.4508056640625	0.20039081573486328	-103.1623706817627	-0.9152479916810989	1546.3772888183594	0.16931572183966637	-108.4528865814209	-0.7893913984298706	2566.4609985351562	0.10813280567526817	-110.34358978271484	-0.758028194308281	-18.120118141174316	-0.39728543907403946	25.813770294189453	0.3169829249382019	0.003207845235010609	19.153442561626434	-0.01763127651065588	-0.7553650587797165	-16.491379976272583	26.35038948059082	-0.04408248094841838	-0.002631506640682346	1.3004335016012192	2.539470911026001	0.19534027017652988	0.18965493515133858	0.17831023037433624	0.2869475297629833
grp-12	T2	19	570.0	0.1737972293049097	27.456380367279053	0.2758747898042202	3.9191821217536926	27.456380367279053	0.2758747898042202	19.424100875854492	29.263174533843994	33.51439380645752	14.090292930603027	398.3839416503906	498.42118072509766	197.936279296875	351.2562026977539	0.1737972293049097	1.0217241942882538	0.05403359234333038	0.11692456156015396	0.24959877133369446	0.19556518085300922	3.610420674085617	2.8969103693962097	3.212985083460808	2.9854480922222137	0.06217807997018099	2.0072632431983948	1.2191286385059357	0.7699980288743973	3.9191821217536926	1.5345233380794525	4.429669141769409	5.265585362911224	22.317317485809326	0.8199138045310974	473.4435272216797	0.3552587181329727	1163.2025756835938	0.19444768130779266	-121.29226303100586	-0.7652345895767212	1571.8729858398438	0.16378600895404816	-126.18375396728516	-0.6565145328640938	2608.9381103515625	0.10740097984671593	-127.3401050567627	-0.6394046619534492	-19.531681537628174	-0.3724735453724861	27.63545274734497	0.3215249255299568	-0.0007093528984114528	1.4409865736961365	-0.016911428421735764	-0.6550467312335968	-21.317885398864746	31.746415615081787	-0.05388878472149372	-0.0047476043400820345	1.7589196115732193	2.630483865737915	0.14677410572767258	0.14369134046137333	0.22104500234127045	0.32486147433519363
grp-12	T2	20	600.0	0.23726698011159897	31.21859645843506	0.2518208958208561	4.526981174945831	31.21859645843506	0.2518208958208561	24.67600107192993	33.31893253326416	37.94194984436035	13.26594877243042	424.8100128173828	551.1980590820312	191.41041564941406	334.0980167388916	0.23726698011159897	1.561387300491333	0.06231768615543842	0.11065437830984592	0.25515537708997726	0.19283769093453884	11.86338472366333	11.377585172653198	9.94802063703537	7.956698894500732	0.03960243472829461	2.250532388687134	1.2496113181114197	0.7174049019813538	4.526981174945831	1.0969376266002655	6.111133813858032	2.903706282377243	19.637330055236816	0.6953329294919968	527.4970092773438	0.3771580308675766	1219.0826721191406	0.1977294236421585	-137.24161338806152	-0.6339970380067825	1574.9178771972656	0.15329661965370178	-135.5940818786621	-0.6100688651204109	2619.69677734375	0.11565802991390228	-137.23416328430176	-0.5867158100008965	-15.1787428855896	-0.456788145005703	23.50077199935913	0.3473370000720024	0.0036401943070814013	3.517759621143341	-0.01536932191811502	-0.7043299973011017	-17.14741086959839	27.034773349761963	-0.04493857081979513	-0.004120249795960262	0.7502500861883163	2.3726263642311096	0.13650151155889034	0.14744917675852776	0.26695094257593155	0.4198511466383934
grp-12	T2	21	630.0	0.21750482730567455	28.26557731628418	0.20865687727928162	4.2976051568984985	28.26557731628418	0.20865687727928162	24.21526575088501	28.12486457824707	33.235355377197266	9.020089626312256	469.85838317871094	574.9016876220703	107.89725494384766	134.97178268432617	0.21750482730567455	0.9333969205617905	0.07152129337191582	0.13685918226838112	0.3301161825656891	0.2585948836058378	4.282000362873077	3.5358592569828033	4.2522130608558655	3.819300502538681	0.040575144812464714	2.114337205886841	1.1748653650283813	0.7410012781620026	4.2976051568984985	1.072995513677597	3.199780687689781	10.670959055423737	23.461660385131836	0.5526361465454102	511.5013732910156	0.3659961596131325	1180.2111206054688	0.1996735781431198	-108.41321563720703	-0.8494813591241837	1575.7542114257812	0.16692710295319557	-112.87751007080078	-0.7495222985744476	2630.275390625	0.11628570966422558	-115.25752258300781	-0.7137228697538376	-18.289698123931885	-0.39497894793748856	26.634929180145264	0.31592532247304916	-0.0016720691055525094	-8.809271037578583	-0.019090281566604972	-0.716534823179245	-17.78964400291443	28.012903213500977	-0.04934681672602892	-0.004073195363162085	1.9173057675361633	2.8733713030815125	0.16047721356153488	0.13774659857153893	0.16842827945947647	0.1936785951256752
grp-12	T2	22	660.0	0.20978138595819473	28.323296546936035	0.2328113429248333	4.040931463241577	28.323296546936035	0.2328113429248333	21.95192003250122	30.85459041595459	33.18607807159424	11.234158039093018	361.10597229003906	419.4330749511719	140.32757472991943	241.1741819381714	0.20978138595819473	0.9697657972574234	0.06652919016778469	0.14002141915261745	0.31003742665052414	0.24350823648273945	4.963808476924896	3.8440521359443665	4.18742561340332	3.6830060482025146	0.05350107327103615	1.9370692670345306	1.2212049961090088	0.7535026520490646	4.040931463241577	1.2720241397619247	5.556938350200653	3.1485480070114136	24.24849843978882	0.5991500988602638	493.6259765625	0.387230284512043	1161.9909973144531	0.19908402487635612	-117.19362449645996	-0.7928396910429001	1556.3647155761719	0.16996845602989197	-121.91000556945801	-0.6936539560556412	2624.786865234375	0.11245651543140411	-123.86165428161621	-0.664333663880825	-17.60767364501953	-0.4134073331952095	26.125590324401855	0.3225526660680771	0.001546377425256651	11.760473132133484	-0.015644710045307875	-0.8224160820245743	-17.37827777862549	27.677311897277832	-0.04941984452307224	-0.0023503573902416974	1.9923308044672012	2.563460350036621	0.1576156821101904	0.15142757073044777	0.19817016273736954	0.38016243278980255
grp-12	T2	23	690.0	0.1732405237853527	27.040175914764404	0.28369829803705215	3.640912353992462	27.040175914764404	0.28369829803705215	19.537379264831543	28.766297340393066	33.60606288909912	14.068683624267578	362.1394271850586	494.06432342529297	187.45915985107422	232.628568649292	0.1732405237853527	0.8085870668292046	0.06737850792706013	0.11741472221910954	0.26816704869270325	0.20078854262828827	3.5668003261089325	2.5926700234413147	2.986251085996628	2.2473666816949844	0.05280375387519598	1.8572975397109985	1.2178889513015747	0.7555945962667465	3.640912353992462	1.569304347038269	5.342624545097351	4.70039701461792	23.435758590698242	0.7555349171161652	476.4850311279297	0.357208214700222	1183.5177612304688	0.19596163928508759	-101.19193840026855	-0.9141199290752411	1556.9019775390625	0.15862036868929863	-107.66377639770508	-0.770915076136589	2607.43994140625	0.10729520581662655	-109.647705078125	-0.7388209998607635	-19.434448719024658	-0.35558345913887024	27.7287278175354	0.2965677008032799	-0.0014377686311490834	8.831959247589111	-0.017773526720702648	-0.6550235599279404	-18.901004791259766	28.42949342727661	-0.04930321965366602	-0.005505830398760736	2.859286367893219	2.857571065425873	0.17497991397976875	0.2242707870900631	0.16036703065037727	0.20104022324085236
grp-12	T2	24	720.0	0.16625631600618362	28.077027797698975	0.25877728313207626	4.315283954143524	28.077027797698975	0.25877728313207626	20.463547706604004	30.055940628051758	33.707563400268555	13.24401569366455	363.52573013305664	432.3628044128418	198.7486572265625	423.21066093444824	0.16625631600618362	0.8801081627607346	0.0692955981940031	0.11693396233022213	0.23083226010203362	0.16153666004538536	3.0450924038887024	2.5973090529441833	2.431090831756592	2.3504228591918945	0.0438368609175086	2.22509229183197	1.1179745197296143	0.7765227556228638	4.315283954143524	1.1674451977014542	5.720727860927582	4.066430300474167	25.16712522506714	0.6671108454465866	511.8933410644531	0.3460758626461029	1246.0321655273438	0.1873858906328678	-105.0274658203125	-0.8792282342910767	1571.5179443359375	0.17569611594080925	-110.6079216003418	-0.7601937353610992	2642.7328491210938	0.11717559397220612	-113.48694038391113	-0.715848982334137	-19.534934043884277	-0.37854624539613724	28.942749500274658	0.3071236237883568	-0.004555681254714727	-1.6128126382827759	-0.018604517448693514	-0.6448629945516586	-18.64524531364441	28.377683639526367	-0.05239890143275261	-0.004681129066739231	1.8839613050222397	2.7736698985099792	0.1726599968969822	0.1896655336022377	0.16365494951605797	0.1856585256755352
grp-12	T2	25	750.0	0.34379948675632477	27.838131427764893	0.2623942419886589	3.4254483580589294	27.838131427764893	0.2623942419886589	21.06716299057007	28.190616607666016	33.550110816955566	12.482947826385498	404.43202209472656	472.47167205810547	133.51005363464355	164.52446746826172	0.34379948675632477	1.3430125564336777	0.1002318887040019	0.19410723075270653	0.45202895253896713	0.35179707035422325	11.999197363853455	10.92135739326477	11.567378878593445	12.118662118911743	0.049413188360631466	1.904366821050644	1.3200209438800812	0.7775490581989288	3.4254483580589294	1.4901025295257568	4.54767918586731	4.795445084571838	20.3039870262146	0.82074373960495	516.6205062866211	0.40716492384672165	1175.7854614257812	0.20172733068466187	-105.30500411987305	-0.8832147717475891	1566.64599609375	0.17312615737318993	-108.64834594726562	-0.7857323586940765	2609.85986328125	0.11202656850218773	-110.59789657592773	-0.7533149719238281	-16.326308965682983	-0.4443132355809212	24.782084465026855	0.33933909237384796	0.006874899263493717	1.1020748019218445	-0.01598317828029394	-0.7395507246255875	-12.871267080307007	22.21068239212036	-0.037283011712133884	-0.004019314073957503	1.4504835158586502	2.95611834526062	0.16559603810310364	0.20266659930348396	0.15985618345439434	0.1941368244588375
grp-12	T2	26	780.0	0.26131244748830795	27.210091590881348	0.27055593580007553	3.4929673075675964	27.210091590881348	0.27055593580007553	19.94806146621704	27.984866619110107	33.51299285888672	13.564931392669678	255.32978057861328	213.07301330566406	129.96158599853516	136.76469039916992	0.26131244748830795	1.7129655480384827	0.05737440660595894	0.10947347432374954	0.295083686709404	0.23770928010344505	12.243764162063599	10.973550021648407	12.228314638137817	9.681423246860504	0.05212217662483454	2.0030049085617065	1.1984847486019135	0.7388367503881454	3.4929673075675964	1.5328151732683182	4.019835986196995	22.565925300121307	21.373586654663086	0.8776408582925797	550.0536041259766	0.40755201131105423	1222.9913635253906	0.20925025269389153	-121.74234962463379	-0.7543805986642838	1600.4268798828125	0.1717902570962906	-124.13774299621582	-0.6895163506269455	2652.8135375976562	0.10975783132016659	-126.0069637298584	-0.6610742658376694	-16.977086305618286	-0.4919503629207611	25.573766708374023	0.3563033416867256	-8.858024375513196e-05	0.568058967590332	-0.015419915784150362	-0.7871822118759155	-19.008953332901	29.355104446411133	-0.054191707633435726	-0.00262847616977524	0.8002667427062988	2.1139011085033417	0.19339267909526825	0.22249433398246765	0.2714598663151264	0.4668009802699089
grp-12	T2	27	810.0	0.3501179628074169	27.06545925140381	0.19192428141832352	4.145968854427338	27.06545925140381	0.19192428141832352	23.200822830200195	26.72855806350708	30.753894805908203	7.553071975708008	229.98730850219727	297.67711448669434	104.13292694091797	124.3553466796875	0.3501179628074169	1.1807858496904373	0.08374574221670628	0.22737877070903778	0.5310885235667229	0.44734276458621025	9.655805766582489	6.529599845409393	8.853634655475616	6.628127694129944	0.040280685760080814	1.7941217422485352	1.2300728559494019	0.732354536652565	4.145968854427338	0.9822794944047928	4.1336864829063416	2.881304144859314	23.384828090667725	0.46956488490104675	530.1803207397461	0.4140918627381325	1235.8904418945312	0.1831359677016735	-90.24386024475098	-1.0414183139801025	1559.4435119628906	0.18847335129976273	-95.46266174316406	-0.9022194892168045	2578.2835693359375	0.1197400912642479	-98.28282165527344	-0.8505540639162064	-17.546396255493164	-0.4099370166659355	25.31135320663452	0.3115316927433014	0.012688379967585206	4.081246018409729	-0.017784923315048218	-0.8199805617332458	-17.73780918121338	28.264110565185547	-0.05049961246550083	-0.001776506847818382	1.8605378866195679	2.259887158870697	0.2450219690799713	0.3188607133924961	0.17932284250855446	0.23482711613178253
grp-13	T1	0	0.0	0.10149591229856014	26.1350736618042	0.18437432125210762	3.5993326902389526	26.1350736618042	0.18437432125210762	22.99036741256714	26.997912406921387	29.788692951202393	6.798325538635254	280.6652717590332	330.971923828125	100.19238090515137	108.39434623718262	0.10149591229856014	0.8444203734397888	0.0373996552079916	0.06012942921370268	0.16501634195446968	0.12761668488383293	1.6648950576782227	1.103873834013939	1.2557854652404785	0.8193854838609695	0.040678015910089016	1.9864193499088287	1.380118876695633	0.7064144462347031	3.5993326902389526	1.3199206292629242	3.280456982553005	16.881981432437897	23.947676181793213	0.5016042739152908	455.5367126464844	0.4170588329434395	1143.8473815917969	0.19701500609517097	-145.1404914855957	-0.5978094935417175	1477.0611267089844	0.17502691969275475	-148.43904876708984	-0.5399557128548622	2508.5696411132812	0.1023284550756216	-150.18600463867188	-0.5152440220117569	-18.50464105606079	-0.3320312425494194	27.180935859680176	0.271596223115921	0.011060983524657786	3.572291374206543	-0.009907430387102067	-1.2989892065525055	-23.073323726654053	34.53957509994507	-0.06998254545032978	0.000583598179218825	1.792264074087143	1.478201538324356	0.183810293674469	0.16091713309288025	0.4623149558901787	0.9489773064851761
grp-13	T1	1	30.0	0.2159352134913206	24.42059564590454	0.17951364070177078	2.37978133559227	24.42059564590454	0.17951364070177078	22.611014366149902	24.906123161315918	27.52951955795288	4.9185051918029785	293.355655670166	322.85521697998047	130.41139221191406	275.1553955078125	0.2159352134913206	0.8530399054288864	0.07089282758533955	0.14943526685237885	0.3119250126183033	0.24103218130767345	4.489745557308197	3.350101724267006	4.103607729077339	2.7530807107686996	0.05429583415389061	2.017040431499481	1.455127626657486	0.6531182378530502	2.37978133559227	1.7563968300819397	1.9567159712314606	-2.9516290426254272	22.66845989227295	0.5100154727697372	470.889892578125	0.37999292463064194	1191.7952270507812	0.18564851209521294	-89.3299732208252	-1.0492143630981445	1487.2616577148438	0.17803757637739182	-96.60139083862305	-0.8936906903982162	2545.8851318359375	0.10600321367383003	-100.40916061401367	-0.8242176473140717	-17.560855865478516	-0.3793773427605629	26.80185317993164	0.26580896228551865	0.004775861045345664	9.438356637954712	-0.012956612277776003	-1.0173638463020325	-18.60441303253174	29.028057098388672	-0.04638093616813421	-0.0009635535034249187	2.392464190721512	2.5718104243278503	0.21950527280569077	0.20169270038604736	0.15917729958891869	0.20499536022543907
grp-13	T1	2	60.0	0.14116252772510052	23.48781108856201	0.17025445401668549	2.387432098388672	23.48781108856201	0.17025445401668549	21.892578125	23.624687671661377	26.054431915283203	4.161853790283203	232.0992774963379	243.14568710327148	113.06735229492188	171.95358657836914	0.14116252772510052	0.6621557027101517	0.05771014839410782	0.12354110553860664	0.20848506689071655	0.15077492222189903	1.8171269595623016	1.746078610420227	1.405293583869934	1.2758795768022537	0.04365591751411557	2.3133121132850647	1.2663919627666473	0.67347651720047	2.387432098388672	1.6885868310928345	2.4829212985932827	19.135007858276367	22.623291969299316	0.4754796251654625	440.5826416015625	0.36603880673646927	1170.0010375976562	0.1853630691766739	-103.51056480407715	-0.9270777702331543	1441.9638061523438	0.15995484218001366	-109.45211601257324	-0.8116795271635056	2499.264892578125	0.0930065643042326	-112.9156265258789	-0.7542716562747955	-17.162102699279785	-0.36310797184705734	26.514344692230225	0.2779690995812416	0.005978059693006799	3.8834214210510254	-0.011391571955755353	-1.12668077647686	-19.768864631652832	30.426233291625977	-0.05508285854011774	-6.436293188016862e-05	2.509169727563858	2.3316048979759216	0.2036024145781994	0.18899920769035816	0.20376134291291237	0.36708295345306396
grp-13	T1	3	90.0	0.10923700407147408	23.910888671875	0.17480004206299782	2.8389937579631805	23.910888671875	0.17480004206299782	21.667739868164062	24.218750476837158	27.005241870880127	5.3375020027160645	267.9559555053711	265.1919860839844	87.0590181350708	126.1303939819336	0.10923700407147408	0.8170245438814163	0.037584195379167795	0.07961949612945318	0.15790700167417526	0.1203228048980236	1.860935539007187	1.5620337575674057	1.3930136859416962	1.0827644690871239	0.04163486044853926	2.404214084148407	1.3469111621379852	0.648178443312645	2.8389937579631805	1.7092655003070831	6.081310033798218	2.652328848838806	26.40371084213257	0.34954115003347397	468.6155776977539	0.41845619678497314	1193.630859375	0.18515317887067795	-134.51405334472656	-0.6581181734800339	1479.9678344726562	0.18425938859581947	-138.6873550415039	-0.5889610648155212	2580.6346435546875	0.09955155476927757	-141.17006492614746	-0.5534192025661469	-19.40032148361206	-0.3521268144249916	28.928967475891113	0.257013663649559	-0.005610664811683819	29.257079541683197	-0.011728678829967976	-1.2293158173561096	-23.062737464904785	34.33925771713257	-0.06427181232720613	-0.0006079434533603489	1.9256418645381927	2.0053197741508484	0.1577489022165537	0.14044132642447948	0.2991166152060032	0.5621016845107079
grp-13	T1	4	120.0	0.16615606844425201	24.576283931732178	0.16090092808008194	3.1905134320259094	24.576283931732178	0.16090092808008194	22.44562005996704	24.36971426010132	26.92029094696045	4.474670886993408	359.9555892944336	514.8259429931641	86.13969612121582	139.41638851165771	0.16615606844425201	0.7729540169239044	0.06286853458732367	0.13109949603676796	0.2445036694407463	0.18163513764739037	2.7530638575553894	2.719709724187851	2.1296326518058777	2.1815488636493683	0.0350460703484714	2.0957959592342377	1.3045231699943542	0.6916242241859436	3.1905134320259094	1.1503352671861649	3.4169188290834427	8.529323160648346	22.659803867340088	0.45984188467264175	463.7885055541992	0.40634477138519287	1156.9076538085938	0.18752862140536308	-93.55243110656738	-1.0095206946134567	1493.2134399414062	0.16306240484118462	-99.90382957458496	-0.8736406713724136	2551.7224731445312	0.0994836762547493	-103.20967674255371	-0.8137791454792023	-17.174660205841064	-0.44834938645362854	26.437705993652344	0.3266254886984825	-0.0032054969924502075	-3.1715880036354065	-0.00977372971829027	-1.233447939157486	-19.594202518463135	29.889230251312256	-0.05667315050959587	-6.75022674840875e-05	2.12570858001709	2.338009476661682	0.23296014592051506	0.23327938094735146	0.1758938506245613	0.2644990012049675
grp-13	T1	5	150.0	0.05897711589932442	23.002870082855225	0.1795664206147194	1.7868519127368927	23.002870082855225	0.1795664206147194	21.589965343475342	23.46604013442993	25.647063732147217	4.057098388671875	277.9191474914551	286.60860443115234	112.5792350769043	113.35797309875488	0.05897711589932442	0.813545823097229	0.03628882300108671	0.040689876303076744	0.062993623316288	0.026704800315201283	1.082105278968811	0.6309932693839073	0.9315024018287659	0.5988151878118515	0.04635302256792784	1.9675705134868622	1.6024207472801208	0.6559934169054031	1.7868519127368927	2.327354848384857	3.7374293506145477	4.792165458202362	25.41387176513672	0.4892757013440132	464.6175231933594	0.4180617108941078	1134.2138366699219	0.18112779036164284	-180.72468185424805	-0.31385932862758636	1502.6372375488281	0.158173818141222	-182.27572631835938	-0.2852942831814289	2544.72705078125	0.09949367865920067	-182.96293258666992	-0.27340637147426605	-20.42568016052246	-0.3068387731909752	30.15357494354248	0.2510995604097843	-0.012974666082300246	-4.362250030040741	-0.009792770142666996	-1.2980158030986786	-25.450206756591797	37.30841827392578	-0.0798211619257927	0.00142215023515746	0.8836278766393661	0.7181028947234154	0.1330531444400549	0.1429164819419384	1.2147666364908218	2.5647508203983307
grp-13	T1	8	240.0	0.16676221042871475	32.565006256103516	0.16967738047242165	7.267453074455261	32.565006256103516	0.16967738047242165	31.733368396759033	33.73476982116699	35.472004890441895	3.7386364936828613	522.0229339599609	745.0444946289062	131.70476913452148	223.9657497406006	0.16676221042871475	0.6730503886938095	0.045549193397164345	0.14234933629631996	0.2690015658736229	0.22345237620174885	2.6402063369750977	1.5848465263843536	2.1865620464086533	1.550752580165863	0.029588613659143448	2.2522096633911133	1.027171790599823	0.8559877127408981	7.267453074455261	0.5977903455495834	4.405334070324898	5.299082040786743	25.819762706756592	0.5126277059316635	520.8449783325195	0.29867903143167496	1193.2285766601562	0.17783115804195404	-119.60542297363281	-0.7726258635520935	1644.2027587890625	0.14246930181980133	-124.1613655090332	-0.6743794530630112	2815.25537109375	0.09404576383531094	-126.87092590332031	-0.6351612508296967	-18.955806732177734	-0.379942387342453	28.237438678741455	0.3063758946955204	0.002028793445788324	0.42746397852897644	-0.018030540319159627	-0.6176281720399857	-20.903162002563477	31.41654348373413	-0.06012286525219679	-0.00266407999151852	2.8592864871025085	2.221851110458374	0.18664012104272842	0.16839667409658432	0.2397954985499382	0.4732258766889572
grp-13	T1	9	270.0	0.18441925011575222	30.166805267333984	0.2058079019188881	5.824776649475098	30.166805267333984	0.2058079019188881	24.71507501602173	32.62641525268555	33.702670097351074	8.987595081329346	440.6293411254883	493.87561416625977	88.62851047515869	108.78643226623535	0.18441925011575222	0.6413753628730774	0.05294300802052021	0.1650967299938202	0.2930763512849808	0.24013334698975086	3.1625831723213196	1.6924105733633041	2.388187050819397	1.5472406297922134	0.03980996599420905	1.9438796043395996	1.0934740602970123	0.8477564007043839	5.824776649475098	0.839211568236351	4.311713635921478	10.040408998727798	24.96776008605957	0.5610821843147278	497.92578125	0.2852986603975296	1172.4130859375	0.17962924018502235	-112.23691940307617	-0.836882695555687	1590.3727722167969	0.1365557685494423	-118.62569808959961	-0.7218028008937836	2747.0497436523438	0.09348148852586746	-121.07419013977051	-0.6840087175369263	-17.54781675338745	-0.3935878202319145	27.410202026367188	0.2994091473519802	0.004683922976255417	-0.514728456735611	-0.017207541270181537	-0.6275596767663956	-19.36198616027832	29.634106159210205	-0.055550807155668736	-0.0031646564602851868	3.3927976489067078	2.4131597876548767	0.18067041039466858	0.1283048540353775	0.2182236835360527	0.32317235320806503
grp-13	T1	10	300.0	0.1568385809659958	28.570035934448242	0.2328127659857273	5.025158703327179	28.570035934448242	0.2328127659857273	22.13484764099121	31.686142444610596	33.17817783355713	11.043330192565918	511.24410247802734	606.7487258911133	172.08971405029297	305.7683334350586	0.1568385809659958	0.6805156916379929	0.05038958415389061	0.1354500986635685	0.24071257188916206	0.1903229895979166	2.7222172617912292	1.5770127028226852	2.093441069126129	1.470222070813179	0.047469097189605236	2.07184961438179	1.2425834238529205	0.8432694226503372	5.025158703327179	1.0480187684297562	3.126226931810379	-0.4157808721065521	24.269104480743408	0.8084670975804329	485.48584747314453	0.3220185786485672	1180.8380737304688	0.1857043094933033	-121.46140480041504	-0.7565611749887466	1618.5678405761719	0.1560640074312687	-128.04709815979004	-0.6435239613056183	2737.8587036132812	0.09133319742977619	-129.24831581115723	-0.6252630800008774	-19.655685424804688	-0.34955696761608124	28.619094848632812	0.300622820854187	-0.003868306986987591	1.3679539263248444	-0.018391372403129935	-0.6342839002609253	-19.880889415740967	30.12458896636963	-0.058269585482776165	-0.002826581650879234	2.9176392257213593	2.597080886363983	0.14633581973612309	0.14809463918209076	0.2119307778775692	0.2946353331208229
grp-13	T1	11	330.0	0.1644684001803398	24.94649076461792	0.15838928520679474	3.3419615626335144	24.94649076461792	0.15838928520679474	24.102949142456055	25.60743474960327	26.7165789604187	2.6136298179626465	295.3771781921387	345.0199546813965	116.6964111328125	193.2548599243164	0.1644684001803398	0.5888471007347107	0.06755802221596241	0.14681632071733475	0.252601720392704	0.18504370003938675	2.1465341448783875	1.15613704174757	1.8601038455963135	1.4073413759469986	0.044175888411700726	2.491538882255554	1.181675136089325	0.7346638590097427	3.3419615626335144	1.6810857206583023	6.960347805172205	14.479367762804031	26.424299240112305	0.371273398399353	453.0000686645508	0.346395380795002	1169.8916015625	0.1760147400200367	-98.57287979125977	-0.9425006657838821	1461.4071655273438	0.15250255912542343	-105.32917404174805	-0.8128268718719482	2536.4928588867188	0.09519392065703869	-109.54890823364258	-0.743650496006012	-19.085471630096436	-0.35369723290205	29.245145320892334	0.25159522145986557	-0.011120293875137577	-56.659483432769775	-0.012765732826665044	-0.8658542186021805	-18.28057599067688	28.988125324249268	-0.05568191036581993	0.0008903451671358198	3.2260754108428955	2.339797019958496	0.22396692261099815	0.18743078038096428	0.18935606628656387	0.2766001746058464
grp-13	T1	12	360.0	0.15314955450594425	24.53020668029785	0.14246835000813007	4.18681526184082	24.53020668029785	0.14246835000813007	23.79076099395752	24.660606384277344	26.07264804840088	2.2818870544433594	315.7385139465332	330.87756729125977	72.7626895904541	170.67576789855957	0.15314955450594425	0.8163339346647263	0.043247868306934834	0.1251815240830183	0.23615537211298943	0.19290750846266747	2.812915623188019	2.2606329321861267	2.530906707048416	2.0986281037330627	0.030517637729644775	2.290437400341034	1.1372129619121552	0.7908705323934555	4.18681526184082	0.8795164376497269	12.9706871509552	1.1674916744232178	26.907253742218018	0.36620355397462845	469.78944396972656	0.450190968811512	1182.0017395019531	0.19942060858011246	-126.37053489685059	-0.7067819982767105	1518.5469970703125	0.16498319804668427	-129.32269668579102	-0.6492287963628769	2556.5636596679688	0.11344760097563267	-131.4536952972412	-0.6183493137359619	-18.58767795562744	-0.31436706334352493	27.785366535186768	0.25482356175780296	-0.024878516793251038	-1.4577640891075134	-0.00833843310829252	-1.583611398935318	-19.594653606414795	30.515060901641846	-0.06597970705479383	0.0017247444375243504	2.2340779900550842	1.9805577099323273	0.20168709382414818	0.1594882868230343	0.2909916564822197	0.45914415270090103
grp-13	T1	13	390.0	0.18239025957882404	23.82654094696045	0.19281962141394615	3.121105134487152	23.82654094696045	0.19281962141394615	22.556403160095215	24.028576374053955	25.42623472213745	2.8698315620422363	278.0950050354004	342.4025115966797	125.30538940429688	154.35474014282227	0.18239025957882404	0.9528176933526993	0.05607052519917488	0.12098344787955284	0.2733693029731512	0.21729877591133118	4.0372739136219025	3.0863697081804276	3.4808913618326187	2.710446149110794	0.03895193990319967	2.126531720161438	1.3083684146404266	0.7609676420688629	3.121105134487152	1.3662963062524796	9.473907947540283	1.8224400877952576	26.76283836364746	0.41176946461200714	508.4856948852539	0.434018537402153	1206.6822204589844	0.20350227877497673	-114.15821838378906	-0.7893326729536057	1553.6786499023438	0.17350459098815918	-118.45047569274902	-0.7065988332033157	2623.1763916015625	0.12043669447302818	-121.0709228515625	-0.6668304353952408	-19.851147651672363	-0.361010879278183	28.974883556365967	0.2800789549946785	-0.021227724850177765	-1.8253508508205414	-0.010175758739933372	-1.290969043970108	-18.88008403778076	29.537139892578125	-0.06002967432141304	0.0008816506742732599	1.8922974318265915	2.713978588581085	0.16121002659201622	0.13498452119529247	0.18578315153717995	0.2505456954240799
grp-13	T1	14	420.0	0.15597887337207794	22.986454010009766	0.2183811329305172	2.764554977416992	22.986454010009766	0.2183811329305172	20.245264530181885	23.640607833862305	25.296542167663574	5.0512776374816895	423.72496032714844	484.3356170654297	143.66643619537354	292.4356174468994	0.15597887337207794	0.7811175137758255	0.05392092000693083	0.11785353906452656	0.22636369988322258	0.17244278453290462	3.110700935125351	2.189412400126457	2.481330379843712	1.853891834616661	0.04615429090335965	2.207695335149765	1.2420791983604431	0.8100610226392746	2.764554977416992	2.629210188984871	3.733124077320099	4.220934987068176	28.003278732299805	0.3861207067966461	478.9819107055664	0.3982769399881363	1220.5821533203125	0.19232185930013657	-114.35225486755371	-0.803839698433876	1517.3948364257812	0.18496468663215637	-120.70641136169434	-0.6901589930057526	2613.752197265625	0.11082224920392036	-124.11162948608398	-0.6377108097076416	-21.76864194869995	-0.33086133748292923	31.652522563934326	0.258260577917099	-0.014869257807731628	-2.64200359582901	-0.011966469697654247	-1.1500440835952759	-19.884931087493896	30.389089584350586	-0.05967011861503124	0.0009483657470354956	2.6092031449079514	2.4807886481285095	0.18153930827975273	0.18063852936029434	0.20761171728372574	0.2603370472788811
grp-13	T1	15	450.0	0.1363898515701294	26.804511070251465	0.18924303352832794	4.729579448699951	26.804511070251465	0.18924303352832794	24.49593448638916	25.709519863128662	31.996363639831543	7.500429153442383	424.45681381225586	434.6132469177246	116.00048065185547	194.43212699890137	0.1363898515701294	0.9773706942796707	0.04317651782184839	0.08563424088060856	0.2048119232058525	0.1616354063153267	3.4436766505241394	3.0899215787649155	2.2989277839660645	2.4237343817949295	0.03588756965473294	2.435730993747711	1.0877745449543	0.8256069272756577	4.729579448699951	0.9729571267962456	7.483418583869934	2.519529938697815	26.94364833831787	0.4737055152654648	492.5062255859375	0.3842295929789543	1213.0648803710938	0.17960086837410927	-124.00364875793457	-0.733843982219696	1545.0939636230469	0.17876331135630608	-129.29693412780762	-0.6455089598894119	2654.86181640625	0.10832050070166588	-131.88128280639648	-0.6081441044807434	-20.057096481323242	-0.34967371821403503	29.881425380706787	0.2663582004606724	-0.013465702999383211	-6.722640216350555	-0.01413968438282609	-0.856758177280426	-21.31330442428589	32.48256301879883	-0.06463103089481592	-0.000210382178920554	1.6838946491479874	1.887738198041916	0.2089792713522911	0.17881299182772636	0.32470110058784485	0.54135562479496
grp-13	T1	16	480.0	0.18026036024093628	25.811607360839844	0.2090284302830696	4.008151412010193	25.811607360839844	0.2090284302830696	23.404251098632812	24.770465850830078	29.512484550476074	6.108233451843262	334.34471130371094	396.6533966064453	172.15029907226562	345.94249725341797	0.18026036024093628	0.9037544280290604	0.044845327734947205	0.12388951890170574	0.27117051742970943	0.22632519714534283	3.186852663755417	2.434163376688957	2.583090364933014	2.335833504796028	0.04563267435878515	2.27006334066391	1.1696679294109344	0.7985073775053024	4.008151412010193	1.1225773394107819	9.818434119224548	1.6348409950733185	24.15101432800293	0.4826946556568146	479.0480422973633	0.40606000274419785	1154.9967346191406	0.19273725897073746	-120.64839935302734	-0.7623508423566818	1553.8716125488281	0.1658814400434494	-124.73995208740234	-0.6828201338648796	2594.4545288085938	0.11435524187982082	-126.50012588500977	-0.6557826474308968	-17.373350620269775	-0.357463076710701	25.72652816772461	0.2782798632979393	-0.005466532194986939	0.6146001815795898	-0.011786028044298291	-0.9474181681871414	-19.852266311645508	30.465709686279297	-0.05942682735621929	-0.000167327427334385	2.150716930627823	2.062625765800476	0.1952565759420395	0.15951374173164368	0.2595553286373615	0.3660780042409897
grp-13	T1	17	510.0	0.15137211419641972	25.39682674407959	0.19082418084144592	3.9266505241394043	25.39682674407959	0.19082418084144592	23.248305797576904	25.61765146255493	28.2542462348938	5.0059404373168945	367.90230560302734	473.02664947509766	144.53827095031738	202.09329795837402	0.15137211419641972	0.8707973957061768	0.04409454111009836	0.10287320613861084	0.23818716406822205	0.19409262016415596	2.8205863535404205	2.496984362602234	2.2986161559820175	2.1297113597393036	0.04736005887389183	2.373390018939972	1.1331238150596619	0.8448672294616699	3.9266505241394043	1.1992477774620056	7.041678249835968	3.0171094238758087	24.887681007385254	0.45505136996507645	467.90509033203125	0.371360644698143	1169.9635009765625	0.17450415715575218	-119.76613807678223	-0.7693191170692444	1480.6981506347656	0.16808662563562393	-124.78744506835938	-0.6827594935894012	2542.7589721679688	0.1090310662984848	-127.70964813232422	-0.6403553485870361	-18.818554401397705	-0.3218463510274887	28.551209926605225	0.24554609134793282	-0.007267708584549837	14.015035808086395	-0.01354366890154779	-0.793791338801384	-21.040133953094482	32.235843658447266	-0.06790946144610643	0.0002021554610109888	1.7422474324703217	2.02070814371109	0.20481538772583008	0.18758279085159302	0.2759539932012558	0.4475410729646683
grp-13	T1	18	540.0	0.1687690131366253	25.382298469543457	0.23595624789595604	3.214307278394699	25.382298469543457	0.23595624789595604	20.918182373046875	25.29047393798828	30.054492950439453	9.136310577392578	389.67901611328125	408.51139068603516	126.2103214263916	199.26433563232422	0.1687690131366253	0.881329208612442	0.05298416782170534	0.11542610824108124	0.2441856451332569	0.19120147824287415	3.766860991716385	3.2946721464395523	2.85971300303936	2.3892800360918045	0.05670960247516632	2.1252405643463135	1.2679844796657562	0.7866635173559189	3.214307278394699	1.847703754901886	6.585653185844421	3.1655741930007935	26.470261096954346	0.47936903685331345	478.68333435058594	0.38820111006498337	1211.4258117675781	0.19577766582369804	-110.35930824279785	-0.8289179354906082	1521.42529296875	0.17023715749382973	-116.18037986755371	-0.7223151475191116	2636.2552490234375	0.10332074575126171	-119.37644004821777	-0.6744638383388519	-19.744869232177734	-0.35460124909877777	29.681979656219482	0.2707836329936981	-0.010982198611600325	-9.536284655332565	-0.013811626471579075	-0.8291260302066803	-18.95238947868347	29.69536781311035	-0.057233478873968124	-0.0008366721958736889	2.1090363562107086	2.5300602316856384	0.184622123837471	0.1838369183242321	0.20009198784828186	0.2956828102469444
grp-13	T1	19	570.0	0.13616767153143883	28.65804100036621	0.19186334311962128	5.242441177368164	28.65804100036621	0.19186334311962128	25.762609481811523	27.561462879180908	32.550198554992676	6.787589073181152	279.468936920166	368.8681182861328	395.2304153442383	740.9438934326172	0.13616767153143883	1.126503348350525	0.04138702340424061	0.06531126983463764	0.1935844086110592	0.15219738706946373	2.7796476781368256	2.557851791381836	2.392799288034439	3.1423530876636505	0.03892133804038167	2.2295979857444763	1.160668432712555	0.7700929641723633	5.242441177368164	0.7734437137842178	7.0087761878967285	2.2312046587467194	25.96955108642578	0.4159697890281677	473.85337829589844	0.39566520601511	1201.7791137695312	0.19930391386151314	-139.0418243408203	-0.6386401951313019	1525.177734375	0.17936449870467186	-140.5183563232422	-0.5850201100111008	2575.5657348632812	0.11519491858780384	-142.40706253051758	-0.5577061623334885	-19.21235704421997	-0.3532165437936783	28.46679401397705	0.27365434914827347	0.005468812567414716	-4.741439998149872	-0.014417671132832766	-0.871214970946312	-22.574559688568115	34.34365129470825	-0.07321246713399887	0.000753938245907193	1.214470237493515	1.3867289423942566	0.2343166545033455	0.2196684442460537	0.46702222526073456	0.563659094274044
grp-13	T2	0	0.0	0.17312156781554222	26.06789493560791	0.20674322172999382	3.744096100330353	26.06789493560791	0.20674322172999382	22.59175729751587	26.390501976013184	30.425750255584717	7.833992958068848	283.0868110656738	347.40042877197266	161.22784423828125	281.1602325439453	0.17312156781554222	1.146095022559166	0.05107105057686567	0.10288681276142597	0.2432718276977539	0.19220077618956566	4.803674221038818	5.977940022945404	3.9714991450309753	3.9722820222377777	0.045575423166155815	2.174721449613571	1.3313294351100922	0.6852067559957504	3.744096100330353	1.2114506959915161	2.1796793225221336	187.2998524904251	23.19583797454834	0.5396148413419724	481.7364807128906	0.429525688290596	1145.98095703125	0.19889869913458824	-117.65693473815918	-0.7945906072854996	1530.1127014160156	0.16360151395201683	-122.11497497558594	-0.7056216299533844	2564.4888305664062	0.11749608255922794	-124.44441223144531	-0.6710899025201797	-17.61982822418213	-0.36451078951358795	26.883610725402832	0.2834368869662285	0.006735306669725105	10.812171816825867	-0.011565636843442917	-0.9929152429103851	-20.567973136901855	31.519090175628662	-0.06341926753520966	0.0003475212142802775	1.1420473456382751	2.26346218585968	0.18484511971473694	0.19029054418206215	0.234520073980093	0.4155125170946121
grp-13	T2	1	30.0	0.10744602046906948	22.765480518341064	0.22705577313899994	1.3853282928466797	22.765480518341064	0.22705577313899994	16.944237232208252	24.27876901626587	26.446289539337158	9.502052307128906	359.0713653564453	388.3037796020508	111.65796279907227	100.82058143615723	0.10744602046906948	0.7688704878091812	0.03991261497139931	0.08650483470410109	0.15664125978946686	0.1167286429554224	1.194149225950241	0.8487056642770767	0.9388409554958344	0.6689678281545639	0.06288094818592072	1.7128963768482208	1.4114218056201935	0.6232105940580368	1.3853282928466797	3.2498157024383545	3.8531977012753487	15.559567332267761	23.432350635528564	0.5194071605801582	451.9595031738281	0.39106807857751846	1159.3781433105469	0.19536500051617622	-130.2927532196045	-0.6975467428565025	1471.5604248046875	0.1660938300192356	-135.22289085388184	-0.6150704398751259	2525.2072143554688	0.10072790831327438	-137.3805809020996	-0.5836822018027306	-18.79762887954712	-0.35761067271232605	27.46401834487915	0.27077269181609154	0.004033195858937688	9.544325351715088	-0.011693385662510991	-0.9709490090608597	-21.578522205352783	32.402527809143066	-0.06040879711508751	-0.0007310680957743898	2.167389139533043	2.096344232559204	0.1633490640670061	0.132400531321764	0.28388312086462975	0.3721178397536278
grp-13	T2	2	60.0	0.12122276425361633	23.558011531829834	0.23276213183999062	1.986748367547989	23.558011531829834	0.23276213183999062	18.468524932861328	25.27761745452881	26.857434272766113	8.388909339904785	331.7724609375	390.1166343688965	120.96798706054688	124.65817832946777	0.12122276425361633	0.8135570585727692	0.05208030063658953	0.09945355169475079	0.164565771818161	0.11248546838760376	1.3261726051568985	0.9705281108617783	0.993942454457283	0.8619720190763474	0.06666755210608244	2.097178816795349	1.387938529253006	0.64274463057518	1.986748367547989	2.6591176986694336	4.434122934937477	-1.185325801372528	25.210481643676758	0.461010105907917	449.37843322753906	0.3939611166715622	1148.9369201660156	0.17680830508470535	-124.4922866821289	-0.7459866404533386	1476.4651184082031	0.16756830364465714	-129.93067741394043	-0.6523669958114624	2534.2626953125	0.0966354738920927	-132.39385795593262	-0.6156033575534821	-19.730477333068848	-0.3011608347296715	29.175577640533447	0.2329971343278885	0.0035134166246280074	-2.8292558789253235	-0.007310864399187267	-1.639786720275879	-20.51534366607666	31.27849578857422	-0.05974812526255846	0.0008486505394103006	2.075691908597946	2.2044088542461395	0.16686039604246616	0.14578712917864323	0.25869350507855415	0.36857185512781143
grp-13	T2	3	90.0	0.10749514773488045	24.659759521484375	0.2195785753428936	2.789862781763077	24.659759521484375	0.2195785753428936	20.869489192962646	26.128007888793945	27.990256786346436	7.120767593383789	314.46302032470703	316.6080665588379	151.34353828430176	175.64394187927246	0.10749514773488045	0.878001868724823	0.03978626895695925	0.0736356321722269	0.15004453249275684	0.11025826539844275	1.475436806678772	1.0853662490844727	1.084982454776764	0.8339439705014229	0.058178188279271126	1.84875950217247	1.3795740604400635	0.6947129964828491	2.789862781763077	1.730522334575653	2.4803035110235214	-12.565664947032928	23.740692615509033	0.5028264597058296	451.01551055908203	0.40971948951482773	1122.8019714355469	0.18179981783032417	-146.52736282348633	-0.5805422812700272	1477.0749206542969	0.17160138860344887	-149.58819961547852	-0.5250376835465431	2531.1272583007812	0.09800494462251663	-151.34163284301758	-0.5004633069038391	-18.683862686157227	-0.3411470577120781	27.89677667617798	0.2606131546199322	0.012250103347469121	5.419585585594177	-0.014035790460184216	-0.9236591309309006	-22.768598079681396	34.097243309020996	-0.0652747480198741	-0.00043793406803160906	1.76725572347641	1.469605952501297	0.18125752918422222	0.18805461004376411	0.4476144015789032	0.7066882103681564
grp-13	T2	5	150.0	0.06529298890382051	33.07603216171265	0.22852717712521553	7.393664598464966	33.07603216171265	0.22852717712521553	29.92520809173584	35.208181381225586	37.2405309677124	7.3153228759765625	243.73854064941406	171.6465835571289	127.02360439300537	127.37555718421936	0.06529298890382051	1.1686663180589676	0.03655627649277449	0.0401197699829936	0.05455833114683628	0.018002054654061794	2.771295815706253	2.2031656354665756	1.6400652676820755	1.806918203830719	0.03965008398517966	2.1107002794742584	1.110003799200058	0.8106192350387573	7.393664598464966	0.7173220440745354	5.884365677833557	3.7918440103530884	23.43369197845459	0.8457168340682983	586.3560180664062	0.3869978114962578	1235.7480773925781	0.2205434888601303	-187.04529190063477	-0.2542542703449726	1642.2575988769531	0.14852572232484818	-186.11243057250977	-0.25264186039566994	2836.72900390625	0.09924031980335712	-186.77800750732422	-0.23966149613261223	-18.98953342437744	-0.46947287768125534	30.533486366271973	0.2833913266658783	-0.004918537655612454	5.890493839979172	-0.009686536039225757	-1.1472832709550858	-25.80245876312256	38.076748847961426	-0.08179830387234688	0.000843270877339819	0.5085028260946274	0.48438286781311035	0.16490121372044086	0.13952707685530186	1.697353184223175	3.4401093125343323
grp-13	T2	6	180.0	0.21146964468061924	32.43149709701538	0.17779233306646347	6.911272406578064	32.43149709701538	0.17779233306646347	31.522974491119385	33.54997730255127	35.6509895324707	4.128015041351318	369.14077377319336	523.7968597412109	101.8000717163086	122.29407501220703	0.21146964468061924	0.7622382491827011	0.04911818075925112	0.16693445295095444	0.3525118827819824	0.3033936992287636	3.9648821353912354	2.3318925201892853	3.1609117686748505	2.1720515340566635	0.033035879489034414	2.4283896684646606	1.0706510841846466	0.8017377406358719	6.911272406578064	0.6451758816838264	4.029798671603203	-34.850573390722275	23.83470344543457	0.6906636357307434	506.6077423095703	0.31735315173864365	1160.8814392089844	0.1993907280266285	-116.5914421081543	-0.8102751672267914	1608.4670104980469	0.14975739270448685	-119.68346214294434	-0.7255610376596451	2756.0142211914062	0.09983279556035995	-122.60547256469727	-0.6815856546163559	-16.546197652816772	-0.47213782370090485	26.396344661712646	0.35385778546333313	0.008717367774806917	-1.165854662656784	-0.017010389594361186	-0.7093268036842346	-18.827444076538086	29.074798107147217	-0.053512852638959885	-0.002351265706238337	2.6425475478172302	2.023074597120285	0.2127661593258381	0.1666477508842945	0.2649880424141884	0.38530196249485016
grp-13	T2	7	210.0	0.17528698220849037	29.057137489318848	0.2093019261956215	5.459035754203796	29.057137489318848	0.2093019261956215	22.664045810699463	31.506482124328613	32.78291988372803	10.118874073028564	440.33919525146484	577.2537841796875	100.40877723693848	104.64986991882324	0.17528698220849037	0.6642976105213165	0.06343089044094086	0.1526913233101368	0.2599877491593361	0.19655685499310493	2.92970409989357	1.9571386724710464	1.9961686581373215	1.4860662296414375	0.043620433658361435	2.330622375011444	1.1817147731781006	0.8293885886669159	5.459035754203796	0.8915985524654388	3.6036277189850807	-13.504583775997162	27.17445135116577	0.6076298430562019	499.6131057739258	0.294734463095665	1198.6565246582031	0.17622293159365654	-111.19670867919922	-0.8416028022766113	1595.4114379882812	0.15425236150622368	-118.23548698425293	-0.714168131351471	2762.9163208007812	0.0959930382668972	-121.11485481262207	-0.6706584841012955	-19.52213954925537	-0.3648475706577301	29.001837730407715	0.2806496433913708	0.0010921998182311654	0.2623193860054016	-0.01903408020734787	-0.6190818846225739	-17.985905170440674	28.047346115112305	-0.04894612357020378	-0.003023359808139503	2.9176392555236816	2.7146677374839783	0.1647754143923521	0.1183039229363203	0.18976754695177078	0.23483389616012573
grp-13	T2	8	240.0	0.12759318947792053	30.098374843597412	0.20888079330325127	5.823828101158142	30.098374843597412	0.20888079330325127	25.59905481338501	32.342909812927246	34.18914031982422	8.590085506439209	463.7256317138672	534.6888961791992	183.65636253356934	330.48504638671875	0.12759318947792053	0.8083650320768356	0.03852904122322798	0.07028757687658072	0.21746014431118965	0.1789311058819294	2.9108687341213226	2.4153382927179337	2.185648962855339	1.7122183591127396	0.04124708566814661	2.001384288072586	1.1492491364479065	0.8540503978729248	5.823828101158142	0.8608469814062119	4.530624158680439	-29.26260733604431	26.266209602355957	0.6777090728282928	515.2070465087891	0.3226671889424324	1192.7242126464844	0.1760249175131321	-143.43188095092773	-0.5953749716281891	1618.2257995605469	0.16514695808291435	-147.62029647827148	-0.525896392762661	2762.7732543945312	0.10235683619976044	-149.34344863891602	-0.5018877685070038	-20.164307594299316	-0.3451742008328438	30.345266819000244	0.2691901959478855	-0.0022255739895626903	1.311815232038498	-0.01720267510972917	-0.6760735064744949	-22.726335048675537	33.734084606170654	-0.07141602598130703	-0.0009387356489014564	2.0006668865680695	1.6953274607658386	0.1707225665450096	0.1171888206154108	0.4003280699253082	0.6786348819732666
grp-13	T2	9	270.0	0.22830184549093246	27.088850498199463	0.17802637815475464	4.934250831604004	27.088850498199463	0.17802637815475464	24.770324230194092	26.60491132736206	31.672793865203857	6.902469635009766	343.5110397338867	401.82765197753906	100.40010833740234	134.58185005187988	0.22830184549093246	0.7652843594551086	0.07312454469501972	0.15993066877126694	0.370024137198925	0.29689960181713104	3.8936208486557007	2.73533695936203	3.18538436293602	2.310888260602951	0.032252751756459475	2.383044481277466	1.061461716890335	0.8074145466089249	4.934250831604004	0.8304160237312317	4.059679687023163	4.051880776882172	22.93651008605957	0.5748118534684181	481.8466491699219	0.38126639276742935	1154.5334167480469	0.20607221499085426	-88.8692741394043	-1.0411532521247864	1535.6715393066406	0.17030658572912216	-96.40797805786133	-0.8803961873054504	2613.3231201171875	0.1030934602022171	-99.23362159729004	-0.8296383172273636	-16.815261602401733	-0.39260009676218033	25.684267044067383	0.2931572198867798	0.000305169727653265	0.049855709075927734	-0.01397637790068984	-0.8634238243103027	-18.46561574935913	28.699706554412842	-0.050284537486732006	-0.002636781398905441	2.967655897140503	2.348191738128662	0.23786259442567825	0.2516765296459198	0.16754283756017685	0.2210603877902031
grp-13	T2	10	300.0	0.16593047231435776	24.531857013702393	0.1525196209549904	3.9172489643096924	24.531857013702393	0.1525196209549904	23.908811569213867	25.065617561340332	26.20436668395996	2.2955551147460938	350.71954345703125	387.99378204345703	108.8343620300293	163.12997436523438	0.16593047231435776	0.6778971999883652	0.05366228800266981	0.16004617512226105	0.2514726985245943	0.19781041145324707	2.295612633228302	1.4410327672958374	1.8942923247814178	1.1850477755069733	0.04476754181087017	2.367934823036194	1.2014288902282715	0.79512719810009	3.9172489643096924	0.9573360681533813	12.521806478500366	1.4181886911392212	27.53931427001953	0.3910718783736229	507.2138671875	0.42746860533952713	1200.2696228027344	0.2107277661561966	-121.74081611633301	-0.7323131114244461	1561.7700805664062	0.18078743666410446	-125.42858505249023	-0.6627096235752106	2605.2849731445312	0.12982680834829807	-127.87137603759766	-0.6270687952637672	-19.47789430618286	-0.33297083526849747	28.451590061187744	0.2601982094347477	-0.022685370407998562	-1.6001389473676682	-0.012805795529857278	-1.0730507969856262	-18.395116329193115	29.202913284301758	-0.06079841870814562	0.0007049023934087018	2.9343114644289017	2.3966466188430786	0.17350539192557335	0.13584834150969982	0.23368099704384804	0.36495283991098404
grp-13	T2	11	330.0	0.1471909899264574	24.11856698989868	0.14294209331274033	3.9274359941482544	24.11856698989868	0.14294209331274033	23.80763006210327	24.664798736572266	25.810423851013184	2.002793788909912	274.15706634521484	387.0775375366211	78.80994415283203	146.07608032226562	0.1471909899264574	0.9993779063224792	0.04127689730376005	0.10659202374517918	0.23310853354632854	0.19183164089918137	4.305052012205124	3.4898023903369904	2.9155548214912415	2.4454167634248734	0.029515362810343504	2.473523199558258	1.1243727207183838	0.8145719766616821	3.9274359941482544	0.870434433221817	12.310551643371582	1.3603791892528534	27.890350818634033	0.363377146422863	470.9964141845703	0.3948670029640198	1186.310791015625	0.18985163420438766	-131.9128932952881	-0.6733887642621994	1490.783447265625	0.17431870102882385	-135.69685173034668	-0.6128735169768333	2533.2009887695312	0.113067377358675	-138.16151428222656	-0.5777851790189743	-18.903979778289795	-0.36978350579738617	28.261601448059082	0.2784642279148102	-0.016181581187993288	-2.537627100944519	-0.012026879470795393	-1.022878110408783	-21.383126735687256	32.580586433410645	-0.06862127222120762	0.0009645663376431912	1.9423141032457352	1.779026210308075	0.19602835178375244	0.1356438845396042	0.33751538395881653	0.6656240448355675
grp-13	T2	12	360.0	0.23098299652338028	27.157973289489746	0.12551842257380486	5.031989932060242	27.157973289489746	0.12551842257380486	25.329374313354492	26.962190628051758	29.03817129135132	3.708796977996826	335.5456771850586	419.3287582397461	47.94789695739746	57.42644691467285	0.23098299652338028	0.6746874153614044	0.060335585847496986	0.21008054167032242	0.37689417228102684	0.3165585845708847	3.2504962384700775	1.8000888973474503	2.672455757856369	1.7046392858028412	0.02755343448370695	2.621192157268524	1.093135952949524	0.8255115151405334	5.031989932060242	0.6969987452030182	3.198587942868471	26.918066561222076	21.52599048614502	0.4722718223929405	450.56392669677734	0.372917540371418	1141.1685180664062	0.19286788254976273	-98.98924255371094	-0.9577081650495529	1449.2013854980469	0.1545943133533001	-103.99659538269043	-0.8521203845739365	2522.018310546875	0.08567349798977375	-107.43014907836914	-0.7934762686491013	-15.261916160583496	-0.40185683965682983	24.42834711074829	0.2788599319756031	0.0022323917946778238	-2.3097445964813232	-0.01038636127486825	-0.9939616620540619	-17.52984046936035	28.14466381072998	-0.05920051317662001	0.0010864695068448782	3.0676892399787903	2.013030529022217	0.2534850053489208	0.204923614859581	0.2263565957546234	0.34882550686597824
grp-13	T2	13	390.0	0.2435780093073845	27.03326177597046	0.17962421476840973	4.711086869239807	27.03326177597046	0.17962421476840973	24.705941200256348	26.222643852233887	29.838072299957275	5.132131099700928	385.47576904296875	524.3923568725586	104.67677974700928	188.85162544250488	0.2435780093073845	0.7851187139749527	0.07846429571509361	0.19237712398171425	0.36012305691838264	0.28165876865386963	4.018242955207825	2.890258401632309	3.1857560873031616	2.4950472116470337	0.032315775752067566	2.439355790615082	1.1191380321979523	0.7550458312034607	4.711086869239807	0.8389828950166702	3.9231849014759064	4.982479840517044	23.4321551322937	0.4677543267607689	462.9873809814453	0.3589521273970604	1185.3152465820312	0.1900080181658268	-88.79170608520508	-1.037992537021637	1487.4064636230469	0.16654787212610245	-95.5068302154541	-0.8889061212539673	2553.2705078125	0.10248352214694023	-98.99681282043457	-0.8259013593196869	-17.128601551055908	-0.41468169540166855	26.282569885253906	0.29946986958384514	0.0015697786875534803	-3.740196168422699	-0.01359953242354095	-0.8886481821537018	-16.515822649002075	26.483919620513916	-0.05231435131281614	-0.0008586097173974849	2.8842947483062744	2.4975194334983826	0.22593174129724503	0.16705351322889328	0.16855163499712944	0.2730929106473923
grp-13	T2	14	420.0	0.2166623454540968	31.041268825531006	0.18024882301688194	6.05834436416626	31.041268825531006	0.18024882301688194	29.388339519500732	32.727187156677246	34.26382255554199	4.87548303604126	355.1132125854492	422.9302444458008	191.7479248046875	366.52796936035156	0.2166623454540968	0.6393273025751114	0.07983166724443436	0.19257533736526966	0.32178037986159325	0.24194871075451374	3.3429293036460876	2.04039803147316	2.658898264169693	1.818482667207718	0.038922378327697515	2.229048579931259	1.1655117869377136	0.8506554067134857	6.05834436416626	0.7598925977945328	5.071778327226639	4.061560899019241	25.480704307556152	0.5509202554821968	478.9322509765625	0.32699698209762573	1162.1282653808594	0.19257733598351479	-100.54357147216797	-0.9351016879081726	1553.17724609375	0.15407151356339455	-106.41317939758301	-0.7977787852287292	2710.3889770507812	0.09010891988873482	-109.54833602905273	-0.7470120191574097	-17.640146255493164	-0.4039844647049904	27.146332263946533	0.31239207834005356	0.008295552572235465	-1.770554393529892	-0.0163831973914057	-0.7316934466362	-17.147000074386597	26.966660499572754	-0.04808775149285793	-0.003151553130010143	3.2677559852600098	2.9900402426719666	0.16876508109271526	0.1263695191591978	0.14991965517401695	0.1800413727760315
grp-13	T2	15	450.0	0.1648209597915411	25.730012893676758	0.17612775787711143	4.5094077587127686	25.730012893676758	0.17612775787711143	24.22770118713379	25.227890968322754	27.042871475219727	2.8151702880859375	335.0237808227539	325.22972869873047	76.1621961593628	152.99956512451172	0.1648209597915411	0.8340872675180435	0.044126671738922596	0.1286954190582037	0.24965261667966843	0.2055259495973587	3.919997662305832	3.666536271572113	2.6538099199533463	1.8987874388694763	0.03238571947440505	2.2001277208328247	1.1717798113822937	0.7947462946176529	4.5094077587127686	0.8196726441383362	10.476694226264954	1.6642657220363617	27.479785919189453	0.43421586602926254	477.4622497558594	0.35593388974666595	1192.3612670898438	0.1969117745757103	-116.98820114135742	-0.7827938795089722	1551.33984375	0.17218292132019997	-122.1175537109375	-0.68990758061409	2607.54150390625	0.11642768606543541	-124.53094863891602	-0.6540035903453827	-20.243684768676758	-0.33194293826818466	29.099453449249268	0.26202599704265594	-0.01678621512837708	-2.2063947916030884	-0.017112867208197713	-0.7823924422264099	-20.718543529510498	31.645736694335938	-0.06422819942235947	-0.0009388960170326754	2.267422467470169	2.2134982645511627	0.19907077960669994	0.14718532748520374	0.23595620319247246	0.34603436291217804
grp-13	T2	16	480.0	0.19390222989022732	25.95603322982788	0.18700989708304405	4.357556343078613	25.95603322982788	0.18700989708304405	24.534234523773193	25.645081520080566	27.252752780914307	2.7185182571411133	277.3252372741699	293.7719192504883	94.43306064605713	162.2222728729248	0.19390222989022732	0.9928756803274155	0.049056343734264374	0.1510908603668213	0.28730710223317146	0.2382507584989071	4.4224033653736115	4.251275658607483	4.0225566029548645	4.324479013681412	0.0383575027808547	2.37119060754776	1.1416384875774384	0.7854359447956085	4.357556343078613	0.9681645184755325	10.594279527664185	1.4126966744661331	25.321234703063965	0.3612629547715187	476.0846633911133	0.3866799473762512	1146.5244445800781	0.20362736284732819	-113.53043174743652	-0.8081065565347672	1548.7333984375	0.1585463061928749	-117.72676467895508	-0.7232425808906555	2568.8878784179688	0.11940935626626015	-119.7492561340332	-0.6927046626806259	-18.376023769378662	-0.3502105847001076	26.56253147125244	0.26758312061429024	-0.013321912614628673	-2.744267553091049	-0.01526571111753583	-0.8144945800304413	-18.806915283203125	29.64948797225952	-0.059305671602487564	-4.662964056478813e-05	1.8089363276958466	2.0541083812713623	0.21749629080295563	0.20716815069317818	0.2440742664039135	0.4172665625810623
grp-13	T2	17	510.0	0.21488667652010918	30.61872959136963	0.18088142946362495	6.043156266212463	30.61872959136963	0.18088142946362495	27.93348264694214	32.147544860839844	34.209839820861816	6.276357173919678	399.410831451416	602.322883605957	105.3616771697998	179.45947265625	0.21488667652010918	0.9116193801164627	0.04738997481763363	0.16936254873871803	0.33854784071445465	0.29115787521004677	3.9795742630958557	2.7608222365379333	2.920116603374481	2.6085222512483597	0.03172022430226207	2.1907020807266235	1.1433187425136566	0.8457822501659393	6.043156266212463	0.7420743778347969	5.317350089550018	3.129319041967392	25.73188591003418	0.5556620582938194	490.92132568359375	0.3086072504520416	1174.1250610351562	0.1948232501745224	-107.82895278930664	-0.8751830607652664	1590.48876953125	0.14465491473674774	-113.59841346740723	-0.7574902325868607	2747.0391235351562	0.09942575357854366	-116.42344856262207	-0.7130870074033737	-16.931259393692017	-0.41958659142255783	26.464637756347656	0.31404147297143936	0.00746852729935199	-1.9899868071079254	-0.016918046632781625	-0.6597764939069748	-20.240813732147217	30.364227294921875	-0.058574373833835125	-0.002889789320761338	2.200733572244644	2.497494339942932	0.1849348582327366	0.16820751130580902	0.19730990380048752	0.2749836668372154
grp-13	T2	18	540.0	0.2044348083436489	30.787795066833496	0.19053902477025986	6.366486430168152	30.787795066833496	0.19053902477025986	25.709465503692627	33.029446601867676	35.46388530731201	9.754419803619385	428.8789978027344	549.1585464477539	130.3203639984131	241.07090377807617	0.2044348083436489	0.8580762445926666	0.04959751758724451	0.13876953348517418	0.32655541598796844	0.2769579067826271	4.1801735162734985	2.843386858701706	3.1482640504837036	2.56327086687088	0.03350946446880698	2.2818262577056885	1.0933032631874084	0.9087961167097092	6.366486430168152	0.7435701414942741	4.52087676525116	3.7367853224277496	23.767361640930176	0.503159686923027	495.4705047607422	0.32474321126937866	1166.6839904785156	0.20716963708400726	-109.8515739440918	-0.8493574559688568	1576.4706726074219	0.17381847277283669	-114.68061256408691	-0.7446675598621368	2689.8847045898438	0.10950129479169846	-117.3847827911377	-0.7032513618469238	-17.601962566375732	-0.4117414951324463	26.790839672088623	0.3033199869096279	0.006432172376662493	-1.2604700028896332	-0.01726429513655603	-0.6947812438011169	-19.965112686157227	30.311157703399658	-0.05780086014419794	-0.0030998838774394244	2.625875324010849	2.364580750465393	0.1957191303372383	0.14241143316030502	0.21456503123044968	0.29441699385643005
grp-13	T2	19	570.0	0.1527763083577156	25.02339506149292	0.19615493342280388	2.9811525344848633	25.02339506149292	0.19615493342280388	23.64400815963745	25.041746616363525	27.473044872283936	3.8290367126464844	326.54271697998047	316.586856842041	148.3981113433838	240.76428985595703	0.1527763083577156	1.2995905876159668	0.04332033172249794	0.08831498399376869	0.21049867570400238	0.1671783458441496	5.079714596271515	4.977922081947327	4.406229794025421	4.798732161521912	0.051661767065525055	2.115601360797882	1.3456569612026215	0.7710343450307846	2.9811525344848633	1.4921001195907593	6.499405860900879	3.820134997367859	24.347344398498535	0.6050430163741112	473.8048095703125	0.3779609650373459	1171.3052978515625	0.19820454344153404	-129.16831016540527	-0.6865532398223877	1512.0566711425781	0.16856485977768898	-133.91481971740723	-0.6111613214015961	2561.709716796875	0.11182711273431778	-136.22741317749023	-0.5791615098714828	-19.27287197113037	-0.3582547977566719	28.63324546813965	0.27660538628697395	-0.012887724442407489	-2.8559036254882812	-0.013871429255232215	-0.83929643034935	-20.651520252227783	31.982882499694824	-0.061573250219225883	-0.0010102280143655662	1.017005667090416	2.2628591656684875	0.15631981194019318	0.1440571565181017	0.2715650424361229	0.4786875322461128
grp-13	T2	20	600.0	0.2999650575220585	29.02688694000244	0.22796174883842468	4.95959746837616	29.02688694000244	0.22796174883842468	24.564246654510498	27.20151662826538	36.5665397644043	12.002293109893799	358.7553939819336	484.12646484375	110.5827579498291	177.92455959320068	0.2999650575220585	1.3557689785957336	0.048501658253371716	0.14885414205491543	0.424150675535202	0.37564901635050774	9.063352346420288	7.215365409851074	8.720853805541992	6.463958442211151	0.038465806283056736	2.1133550107479095	1.1880377531051636	0.7601806670427322	4.95959746837616	0.844914436340332	6.686549663543701	2.631584495306015	22.33400869369507	0.5277556106448174	486.75071716308594	0.4009021073579788	1207.7648315429688	0.20055652037262917	-111.08181762695312	-0.8324001729488373	1509.2619323730469	0.17056143283843994	-108.91131019592285	-0.7989576756954193	2566.0205688476562	0.11266236566007137	-111.84313201904297	-0.7514588534832001	-16.426979064941406	-0.5001377910375595	25.816341876983643	0.36707616597414017	-0.0033840107498690486	-2.5806546211242676	-0.014361521694809198	-0.9167982786893845	-20.18002414703369	31.378923416137695	-0.06036941893398762	-0.0006922522343302262	1.3587862253189087	2.254509150981903	0.21944912523031235	0.20493252202868462	0.2241232469677925	0.4218248575925827
grp-13	T2	21	630.0	0.24523114785552025	31.40777063369751	0.19150080159306526	6.1589192152023315	31.40777063369751	0.19150080159306526	25.647244930267334	33.317946434020996	36.38987636566162	10.742631435394287	330.1754455566406	465.4646987915039	115.48442840576172	185.14454650878906	0.24523114785552025	1.300644889473915	0.042276134714484215	0.1213176790624857	0.3820858299732208	0.33980970084667206	6.834589421749115	5.284447431564331	4.914776057004929	4.206029564142227	0.03195609292015433	2.4225318133831024	1.1161746382713318	0.8691655099391937	6.1589192152023315	0.7977317422628403	5.463744819164276	2.7432734966278076	22.441246032714844	0.5456466227769852	503.4176940917969	0.34652625769376755	1198.4907531738281	0.1866370365023613	-127.99164390563965	-0.7103209048509598	1551.0497436523438	0.1655413806438446	-127.2323169708252	-0.6787934750318527	2640.171630859375	0.10436945967376232	-129.98614883422852	-0.6383953839540482	-16.08359456062317	-0.5216903164982796	25.919654369354248	0.34744252264499664	0.005726274277549237	-4.829505205154419	-0.015513923484832048	-0.8447003364562988	-20.1149320602417	31.48145627975464	-0.0650540441274643	0.00011670183675960288	1.5755252093076706	1.7790036499500275	0.22269358858466148	0.19121739268302917	0.3373149409890175	0.5434790849685669
grp-13	T2	22	660.0	0.443024717271328	31.29597282409668	0.21851862594485283	4.750210881233215	31.29597282409668	0.21851862594485283	25.7933030128479	30.297819137573242	37.70465564727783	11.911352634429932	418.2344512939453	545.7324295043945	126.54879379272461	148.04268264770508	0.443024717271328	1.1379481852054596	0.060408201068639755	0.21226627752184868	0.781625896692276	0.7212177067995071	11.497135758399963	8.716925024986267	9.568715751171112	7.427571177482605	0.04725587088614702	1.7959501147270203	1.2928141355514526	0.7060785740613937	4.750210881233215	0.9380173534154892	4.396267414093018	3.0850191712379456	20.257595539093018	0.5667475312948227	502.12499237060547	0.4121803492307663	1148.2852783203125	0.2152486927807331	-101.4625072479248	-0.9378330856561661	1542.0514221191406	0.1688247099518776	-96.57609367370605	-0.9118816405534744	2608.257080078125	0.11690950393676758	-99.31622695922852	-0.8629307448863983	-14.278366804122925	-0.557529628276825	23.148000240325928	0.38867323100566864	0.019973751856014132	2.5657233595848083	-0.01768661360256374	-0.7061687409877777	-18.04914379119873	28.760300636291504	-0.05581313278526068	-0.00011789769268943928	2.1673891246318817	2.038088947534561	0.2719553932547569	0.23812058568000793	0.23007449880242348	0.2700040116906166
grp-13	T2	23	690.0	0.21350976452231407	35.408785820007324	0.20677677914500237	7.834796190261841	35.408785820007324	0.20677677914500237	27.281750679016113	38.85907745361328	40.07285213470459	12.791101455688477	232.4118480682373	228.88080215454102	188.41599464416504	279.48475646972656	0.21350976452231407	0.9466841667890549	0.042021323926746845	0.11691855639219284	0.3842310607433319	0.34220974147319794	5.176720678806305	2.849319040775299	4.15482833981514	2.7555626928806305	0.03593524219468236	2.142309546470642	1.1416039168834686	0.8858637660741806	7.834796190261841	0.6684221923351288	1.9333219649270177	11.114156365394592	19.191916942596436	0.7183291614055634	560.4658203125	0.34321312606334686	1229.5943603515625	0.20019506290555	-134.2092113494873	-0.6713682562112808	1601.826904296875	0.14537714794278145	-124.91450309753418	-0.6949830800294876	2710.82958984375	0.07744858227670193	-127.54553413391113	-0.6562505662441254	-14.879389524459839	-0.5244944766163826	25.964667320251465	0.34078017622232437	0.015815208695130423	-2.5794384330511093	-0.016459120204672217	-0.7831648141145706	-22.069926738739014	33.82035827636719	-0.06573920138180256	-0.0014876872664899565	2.7737752199172974	2.032616049051285	0.19666895270347595	0.13828097842633724	0.2776547595858574	0.5283324867486954
grp-14	T1	0	0.0	0.06632023211568594	33.24180507659912	0.26544851064682007	5.66045355796814	33.24180507659912	0.26544851064682007	27.592106342315674	35.99473476409912	38.96182632446289	11.369719982147217	739.1835479736328	732.6508331298828	196.77764701843262	210.65885543823242	0.06632023211568594	0.7634751498699188	0.036346991546452045	0.04587926436215639	0.08793530706316233	0.05158831551671028	1.603329062461853	1.427488625049591	0.7488823533058167	0.6178058981895447	0.035519893281161785	1.9552350640296936	1.2185130715370178	0.7492257952690125	5.66045355796814	1.014202430844307	8.286128044128418	2.7137413024902344	21.160225868225098	0.6780783459544182	550.7057647705078	0.31910358369350433	1248.0693969726562	0.17915093526244164	-186.2948341369629	-0.25174572318792343	1597.0404663085938	0.14538918808102608	-185.13995361328125	-0.25352250039577484	2698.4489135742188	0.10434357263147831	-185.76787567138672	-0.24126122146844864	-16.18532371520996	-0.46101444214582443	27.941114902496338	0.2587967664003372	-0.007088782032951713	7.334580481052399	-0.008861184236593544	-1.0195190012454987	-23.27175760269165	34.55268907546997	-0.06927303411066532	-0.00038090377347543836	1.1170390248298645	0.8268375843763351	0.08574616443365812	0.07469058921560645	0.9181077778339386	2.41631817817688
grp-14	T1	1	30.0	0.10810566321015358	35.39889717102051	0.12555337883532047	7.870623469352722	35.39889717102051	0.12555337883532047	34.02596664428711	35.49012565612793	38.240641593933105	4.214674949645996	322.2230339050293	605.1920318603516	88.85288524627686	144.37499809265137	0.10810566321015358	0.5153302848339081	0.05580050405114889	0.10118267312645912	0.15135213360190392	0.0955516304820776	1.287830650806427	0.7332077771425247	0.7864690870046616	0.47969721257686615	0.023477382492274046	2.113769292831421	1.0480360984802246	0.6708297431468964	7.870623469352722	0.48618074506521225	8.472977042198181	1.9052236378192902	24.47057008743286	0.4689798727631569	503.9138488769531	0.27389031648635864	1205.4832458496094	0.15789152309298515	-126.14644622802734	-0.7249684184789658	1584.235595703125	0.15816431120038033	-126.23893547058105	-0.659173995256424	2698.4683227539062	0.09647748991847038	-129.10555458068848	-0.6132011786103249	-17.715927124023438	-0.4013932794332504	28.250383853912354	0.2724172845482826	-0.003979663131758571	-1.6621883511543274	-0.013768976787105203	-0.7632280588150024	-19.778769493103027	29.949732780456543	-0.039331851061433554	-0.004751181171741337	3.201067090034485	2.952144503593445	0.12672569788992405	0.0923875318840146	0.1783771701157093	0.2285340614616871
grp-14	T1	2	60.0	0.11170493625104427	34.883328437805176	0.12259370274841785	7.512872934341431	34.883328437805176	0.12259370274841785	33.905978202819824	34.8139123916626	36.55548286437988	2.6495046615600586	342.2396240234375	494.7842025756836	144.21371269226074	319.87913513183594	0.11170493625104427	0.5435623228549957	0.055919642560184	0.09748894348740578	0.1607920601963997	0.10487241856753826	1.4149017482995987	0.9425029456615448	0.9509822130203247	0.5656796246767044	0.024001451674848795	2.168418049812317	1.109080195426941	0.7024412751197815	7.512872934341431	0.47056733071804047	6.378244519233704	2.3094713985919952	24.06149673461914	0.5032491162419319	483.9991760253906	0.27651889622211456	1182.3807678222656	0.16758820414543152	-125.85415458679199	-0.73427914083004	1551.8876037597656	0.15201090276241302	-127.26989555358887	-0.6648041307926178	2668.8726806640625	0.0967063196003437	-129.97021675109863	-0.621235579252243	-17.328635215759277	-0.42489714175462723	27.744498252868652	0.2969299256801605	0.0039462955901399255	1.0302874445915222	-0.012998634949326515	-0.7681824713945389	-20.032130241394043	29.902573108673096	-0.043987227603793144	-0.004493867250857875	3.5845282077789307	2.8473615050315857	0.1271207295358181	0.10023781098425388	0.1963166892528534	0.2415892742574215
grp-14	T1	3	90.0	0.09558268263936043	34.13072395324707	0.1493253204971552	7.011066198348999	34.13072395324707	0.1493253204971552	33.78586769104004	34.78741931915283	36.52857971191406	2.7427120208740234	455.8520202636719	623.0328826904297	146.52777099609375	288.94347381591797	0.09558268263936043	0.6342640519142151	0.04114495776593685	0.0792293306440115	0.14194084703922272	0.10079589113593102	1.313301756978035	0.8954029083251953	0.8341937735676765	0.5297990962862968	0.029451307840645313	2.2548719346523285	1.0850162208080292	0.690298855304718	7.011066198348999	0.5845220685005188	6.957564473152161	2.302280157804489	24.902352333068848	0.5044668391346931	480.2260437011719	0.264742661267519	1178.8120727539062	0.17111163213849068	-141.31661987304688	-0.6137158274650574	1544.872802734375	0.14317190647125244	-142.04978942871094	-0.5670661255717278	2669.3688354492188	0.08931959792971611	-144.47660636901855	-0.5319326668977737	-17.806767463684082	-0.3891392797231674	28.147961616516113	0.27222205325961113	0.0026796791062224656	-18.833365321159363	-0.01325899176299572	-0.780336931347847	-22.82832098007202	33.71727705001831	-0.05851692985743284	-0.0033730965078575537	2.500833570957184	2.280147910118103	0.1303722159937024	0.09599574189633131	0.2882979214191437	0.7442652359604836
grp-14	T1	4	120.0	0.04927173815667629	28.615294456481934	0.3720201179385185	3.753055512905121	28.615294456481934	0.3720201179385185	14.468290567398071	32.23130130767822	36.92690658569336	22.45861577987671	421.82777214050293	166.0568618774414	113.59696340560913	50.47035026550293	0.04927173815667629	0.49728062748908997	0.03543416550382972	0.0393504505045712	0.05737863574177027	0.02194447023794055	0.8338586688041687	0.9744903594255447	0.5507870689034462	0.6596652343869209	0.051801737397909164	1.181893453001976	1.5165619552135468	0.6438817232847214	3.753055512905121	1.7325764894485474	13.7340726852417	2.0450841188430786	22.182231426239014	0.8042613714933395	543.1614151000977	0.3580997809767723	1221.006591796875	0.1733851470053196	-195.7432746887207	-0.13849713653326035	1635.6454467773438	0.14599077589809895	-195.6656951904297	-0.1327053140848875	2694.6543579101562	0.10818698070943356	-195.7766456604004	-0.12972308322787285	-21.36522388458252	-0.2681444510817528	31.098514080047607	0.24675540626049042	-0.014105488429777324	-4.0347384214401245	-0.011491993791423738	-0.7744829803705215	-25.707215309143066	37.600576400756836	-0.0745684988796711	-0.0005289862820063718	1.1420473754405975	0.3424602076411247	0.0593019463121891	0.036134735913947225	2.1771076023578644	4.629612863063812
grp-14	T1	5	150.0	0.039989943616092205	12.498814344406128	0.02261753473430872	-1.8931231908500195	12.498814344406128	0.02261753473430872	12.273910999298096	12.387747049331665	12.7784583568573	0.5045473575592041	12.619226455688477	2.8775741308927536	7.508567293640226	0.2165936678647995	0.039989943616092205	0.3867400214076042	0.03455465380102396	0.0363428620621562	0.040606421418488026	0.0060517676174640656	0.19007079489529133	0.2126646600663662	0.19552508182823658	0.18548883125185966	0.03644959256052971	0.0	1.7446250319480896	0.4879872798919678	-1.8931231908500195	-1.3698081001639366	18.239429473876953	1.836904764175415	15.210047483444214	1.033944383263588	884.7454071044922	0.16198497638106346	1526.2523803710938	0.0915915397927165	-200.37085723876953	-0.03442674456164241	1754.2704162597656	0.10262786410748959	-200.38940048217773	-0.033444235334172845	2858.47216796875	0.07833214662969112	-200.39995956420898	-0.03268085652962327	-25.85481071472168	-0.17731104046106339	38.61241626739502	0.11977406591176987	-0.06467328872531652	-0.27923448383808136	-0.002647599409101531	2.6260757595300674	-27.221020698547363	39.388572692871094	-0.08068017475306988	-2.1292376914061606e-05	0.4001333713531494	0.0417501712217927	0.016249999403953552	0.0012499999720603228	12.283999383449554	3.5027008652687073
grp-14	T1	6	180.0	0.06787457317113876	34.647467613220215	0.17206896096467972	6.7683268785476685	34.647467613220215	0.17206896096467972	34.4176082611084	36.03959846496582	37.856483459472656	3.438875198364258	381.51067876815796	470.6553153991699	122.71241474151611	244.8265552520752	0.06787457317113876	0.7882053256034851	0.03556071827188134	0.040680717676877975	0.09754294157028198	0.06198222376406193	1.1575500071048737	0.9862593114376068	0.706157959997654	0.46202302724123	0.024526312481611967	1.9911291003227234	1.0882238298654556	0.702720507979393	6.7683268785476685	0.6461762860417366	9.649675250053406	2.0242947936058044	22.75121831893921	0.5544194430112839	528.0069274902344	0.31749526411294937	1199.5199890136719	0.17461660876870155	-175.94899368286133	-0.34850013256073	1642.2726745605469	0.15071377903223038	-174.47738647460938	-0.34435272216796875	2741.7758178710938	0.09917813166975975	-175.1421775817871	-0.33379339054226875	-17.27668333053589	-0.3827589899301529	25.671957969665527	0.30599503964185715	-0.000374326336896047	-7.841430425643921	-0.01495907618664205	-0.691948413848877	-25.511802196502686	37.00455284118652	-0.07108276896178722	-0.0016172496762010269	1.5588529407978058	0.97695392370224	0.13286251202225685	0.10763544868677855	0.7736490368843079	2.134145438671112
grp-14	T1	7	210.0	0.14193702675402164	25.082608222961426	0.3185791149735451	3.0677721202373505	25.082608222961426	0.3185791149735451	17.464460134506226	23.700554370880127	34.04273223876953	16.578271865844727	264.97520446777344	358.4815788269043	196.3300380706787	389.68336296081543	0.14193702675402164	1.083349347114563	0.044361245818436146	0.07694208435714245	0.19000707939267159	0.14564583450555801	4.868448555469513	3.6626248955726624	3.0667415261268616	3.1272185295820236	0.04060979699715972	1.9053907096385956	1.282168596982956	0.7856593132019043	3.0677721202373505	2.0576027631759644	2.549022290855646	81.61259451508522	20.896385192871094	0.8096872419118881	504.3843231201172	0.33197104185819626	1194.2977600097656	0.19744090363383293	-141.0764923095703	-0.6140052229166031	1592.2124633789062	0.14899424836039543	-145.10033416748047	-0.5474564582109451	2649.791748046875	0.10859124176204205	-146.3636589050293	-0.529914453625679	-19.19917917251587	-0.36897993087768555	27.425187587738037	0.27206142246723175	0.0024452991783618927	4.489295125007629	-0.01629683654755354	-0.7723293900489807	-20.926472187042236	31.166340827941895	-0.055435881949961185	-0.002687970350962132	1.3837945759296417	1.6700067520141602	0.17597932741045952	0.16535687819123268	0.36879319697618484	0.5043372288346291
grp-14	T1	8	240.0	0.18242967687547207	31.232360363006592	0.22829366102814674	6.120349884033203	31.232360363006592	0.22829366102814674	30.014193534851074	32.54885768890381	35.71672534942627	5.702531814575195	475.36273193359375	582.7914199829102	147.7590103149414	220.7590789794922	0.18242967687547207	0.6855915784835815	0.0498101906850934	0.15654277801513672	0.28429828211665154	0.2344880886375904	2.7746791541576385	1.9378773272037506	2.0187410414218903	1.6059136092662811	0.04093591216951609	2.4291176199913025	1.0904786586761475	0.8654392510652542	6.120349884033203	0.864215150475502	4.1416406109929085	-9.181569576263428	22.577386379241943	0.8082032650709152	532.6183242797852	0.3525785505771637	1233.35546875	0.19063729047775269	-123.13812255859375	-0.7456002980470657	1582.598876953125	0.1891426369547844	-124.44357681274414	-0.6856700628995895	2706.947509765625	0.11985632963478565	-126.94594192504883	-0.6470598578453064	-17.946340322494507	-0.39412038028240204	27.245837211608887	0.28935129195451736	0.0029854660388082266	-0.4705869257450104	-0.01887803850695491	-0.6569057255983353	-19.352700233459473	29.518001079559326	-0.05507828760892153	-0.00392994967114646	2.367455840110779	2.1710087656974792	0.18958665430545807	0.16825024411082268	0.24835685640573502	0.3138781413435936
grp-14	T1	9	270.0	0.1447963546961546	23.800334453582764	0.2703924849629402	2.1418163776397705	23.800334453582764	0.2703924849629402	18.25835371017456	22.933919429779053	30.789955139160156	12.531601428985596	377.24395751953125	485.6026916503906	188.69615173339844	327.6282196044922	0.1447963546961546	0.7476661577820778	0.05438103713095188	0.10139834322035313	0.2253238931298256	0.17094285786151886	2.87619948387146	2.0728573352098465	2.2905532717704773	1.6620414555072784	0.056063443422317505	1.9366900026798248	1.3118848204612732	0.7723040729761124	2.1418163776397705	3.665073961019516	0.992667444050312	20.58650004863739	21.806452751159668	1.0805054008960724	531.0923080444336	0.3741823062300682	1236.8565063476562	0.18453702330589294	-125.97908592224121	-0.716112032532692	1617.6593017578125	0.16646165028214455	-131.67237091064453	-0.6253751367330551	2657.4013671875	0.1305176131427288	-133.14138984680176	-0.6044042557477951	-20.064946174621582	-0.2899254783987999	28.510211944580078	0.2526305317878723	-0.004213984007947147	-2.360367476940155	-0.016107572941109538	-0.7239822894334793	-20.12484884262085	30.35347080230713	-0.05271664448082447	-0.0037866653583478183	2.8259420096874237	2.6401878595352173	0.1365486178547144	0.1389418113976717	0.221498753875494	0.37757303565740585
grp-14	T1	10	300.0	0.16422905586659908	21.491543292999268	0.19318945705890656	0.758662823587656	21.491543292999268	0.19318945705890656	18.471999645233154	21.977338790893555	23.809168338775635	5.3371686935424805	256.4716796875	309.70846939086914	116.58052825927734	173.10365867614746	0.16422905586659908	0.5743354186415672	0.05664789769798517	0.1552592571824789	0.254629697650671	0.1979817971587181	2.5732253789901733	1.4566633850336075	2.148193195462227	1.310337319970131	0.054366533644497395	1.5505788624286652	1.4528544247150421	0.6801082789897919	0.758662823587656	-14.009539186954498	2.6860396231058985	2070.5172068178654	25.369758129119873	0.556411474943161	488.3080062866211	0.36773818731307983	1209.9536437988281	0.18710258230566978	-116.46145820617676	-0.7944506108760834	1539.7738952636719	0.15690673515200615	-123.13367080688477	-0.6836635023355484	2521.7869873046875	0.13918010145425797	-124.87494850158691	-0.6573529690504074	-20.417612075805664	-0.2885638065636158	28.32651662826538	0.23752031475305557	0.0007264965679496527	-7.112150430679321	-0.014848052524030209	-0.754192054271698	-19.893518447875977	29.67595863342285	-0.04857237637042999	-0.002668736031409935	3.7762587666511536	2.897461712360382	0.14063724502921104	0.12802546098828316	0.18780533969402313	0.23456358909606934
grp-14	T1	11	330.0	0.1526387296617031	25.35206890106201	0.2957051694393158	3.1907332241535187	25.35206890106201	0.2957051694393158	17.4985830783844	26.49183702468872	32.54581928253174	15.04723596572876	357.0919723510742	440.95570373535156	163.83817291259766	200.80822372436523	0.1526387296617031	0.7169321328401566	0.04586947802454233	0.11907005496323109	0.24514678306877613	0.19927729945629835	3.1025101393461227	2.224099822342396	1.9447873011231422	1.5771407037973404	0.07206873968243599	1.878204107284546	1.3626615405082703	0.821949377655983	3.1907332241535187	1.8398098647594452	-3.30449128895998	-18.48030424118042	20.088578701019287	1.2857020050287247	543.4595260620117	0.3022260516881943	1210.2084045410156	0.17886639013886452	-123.27987670898438	-0.7461398839950562	1677.1990966796875	0.16494320705533028	-129.3917751312256	-0.6372036188840866	2702.3335571289062	0.11342514678835869	-130.9874439239502	-0.6124608889222145	-21.73106575012207	-0.27073759958148	29.5247163772583	0.26931970939040184	-0.0014754971489310265	-6.343888461589813	-0.024969129357486963	-0.46519380807876587	-22.31449031829834	32.22575378417969	-0.0546516589820385	-0.006370998220518231	2.7342447638511658	2.3471434712409973	0.1615806333720684	0.14240712486207485	0.24084825813770294	0.2474663145840168
grp-14	T1	12	360.0	0.15722227096557617	29.320847034454346	0.2731194272637367	5.5435240268707275	29.320847034454346	0.2731194272637367	22.166268825531006	31.9622220993042	35.27439594268799	13.108127117156982	440.5959243774414	607.9805297851562	153.92648315429688	220.94277954101562	0.15722227096557617	1.0829909592866898	0.04765349347144365	0.11372190807014704	0.2215096689760685	0.17385617457330227	3.9977372586727142	2.983416974544525	2.6727138608694077	2.6767764538526535	0.056088163517415524	2.151367723941803	1.2280392348766327	0.9318758249282837	5.5435240268707275	1.1737269014120102	-0.6813498586416245	6.434237480163574	20.437556266784668	1.211986556649208	572.5948028564453	0.3206516429781914	1215.1951293945312	0.18393151089549065	-130.00158309936523	-0.6860464289784431	1697.5497436523438	0.161967895925045	-134.13674545288086	-0.6041608229279518	2764.1962280273438	0.11333449929952621	-136.00920486450195	-0.5764114558696747	-21.001219749450684	-0.31382759287953377	29.61555814743042	0.2654796205461025	0.0010193036869168282	-0.3611457943916321	-0.022097046487033367	-0.5421990007162094	-20.62705373764038	30.093313694000244	-0.0494310287758708	-0.0059287045150995255	1.925641804933548	2.2552623450756073	0.15327974408864975	0.14120211824774742	0.27435047924518585	0.34224187582731247
grp-14	T1	13	390.0	0.189797168597579	29.960294723510742	0.20758866518735886	5.262097954750061	29.960294723510742	0.20758866518735886	27.809669971466064	31.518794536590576	33.56497573852539	5.755305767059326	485.6985321044922	545.414924621582	160.6840648651123	271.1921844482422	0.189797168597579	0.669175922870636	0.06583121605217457	0.16551856324076653	0.28959447145462036	0.22376325726509094	2.8702941834926605	1.9312865436077118	1.9285939931869507	1.4884995222091675	0.044681375846266747	2.2771178483963013	1.1169978976249695	0.8523256182670593	5.262097954750061	0.9833183437585831	1.4059261605143547	-16.37800168991089	21.553680419921875	0.9613949060440063	532.9840393066406	0.3253808990120888	1210.2775268554688	0.1730518378317356	-106.1130256652832	-0.8919685333967209	1618.9272766113281	0.16460789367556572	-112.02078056335449	-0.769305020570755	2707.151123046875	0.11107486300170422	-114.28316307067871	-0.7335551232099533	-18.595511436462402	-0.34822552651166916	27.48105001449585	0.289595291018486	0.009913768153637648	1.3736702501773834	-0.022702114656567574	-0.5329868420958519	-19.074350595474243	29.043242931365967	-0.04915658105164766	-0.005189957752008922	2.77592533826828	2.549134314060211	0.18390671908855438	0.1611732356250286	0.18963749706745148	0.25411688163876534
grp-14	T1	14	420.0	0.22371604666113853	27.348930835723877	0.28308550268411636	3.795959234237671	27.348930835723877	0.28308550268411636	20.636654376983643	26.81865644454956	35.48866081237793	14.852006435394287	356.22937774658203	385.8046073913574	170.70679473876953	258.06384086608887	0.22371604666113853	1.274872899055481	0.051842390559613705	0.11874924041330814	0.32879678905010223	0.27695440500974655	8.184824585914612	7.1626511216163635	6.089517712593079	5.70712023973465	0.05453234724700451	1.8443399667739868	1.4278432726860046	0.791074812412262	3.795959234237671	1.4669895768165588	4.740795373916626	4.74050772190094	21.53102970123291	0.7890755236148834	548.1669921875	0.3928004130721092	1190.6333923339844	0.20773843675851822	-114.44897270202637	-0.8027038276195526	1637.8721618652344	0.1637708991765976	-118.76829147338867	-0.7059745788574219	2681.40283203125	0.12120670638978481	-120.22596740722656	-0.6839748173952103	-19.57534885406494	-0.37826787680387497	27.59049654006958	0.3091021105647087	0.007960199960507452	-14.044636368751526	-0.01810830389149487	-0.640090137720108	-19.530999660491943	29.47321891784668	-0.04573618620634079	-0.004846694529987872	1.3837946057319641	2.790919303894043	0.1564127318561077	0.14801795035600662	0.18871423602104187	0.26759524270892143
grp-14	T2	0	0.0	0.06603539362549782	34.313435554504395	0.18367270939052105	6.388648986816406	34.313435554504395	0.18367270939052105	30.009432077407837	36.0313720703125	37.613579750061035	7.604147911071777	188.09709930419922	189.5850191116333	148.3457326889038	281.9294767379761	0.06603539362549782	0.6422770768404007	0.03711070865392685	0.044711627066135406	0.09659256972372532	0.05948186106979847	0.9273979365825653	0.747418999671936	0.6554572582244873	0.4817209243774414	0.03277869243174791	2.2216871678829193	1.1198153793811798	0.6242224797606468	6.388648986816406	0.7731212675571442	6.714318513870239	2.3723971247673035	24.292690753936768	0.46138348430395126	536.3372955322266	0.3034554347395897	1210.289306640625	0.1844753473997116	-175.8569793701172	-0.34268107637763023	1611.5292358398438	0.14556249976158142	-174.96851348876953	-0.3326393887400627	2760.4390869140625	0.0957544595003128	-176.20158767700195	-0.3135939761996269	-18.28780460357666	-0.3528755083680153	29.146252632141113	0.2372257076203823	-0.01271911633466516	143.36546233296394	-0.01122341922018677	-0.8811899572610855	-23.74623394012451	35.68050765991211	-0.06826205737888813	-0.0003145157534163445	1.7839279770851135	1.2778788805007935	0.09546447172760963	0.0715129803866148	0.6211156994104385	2.2074358463287354
grp-14	T2	3	90.0	0.08157403208315372	34.359758377075195	0.1728406623005867	6.403216481208801	34.359758377075195	0.1728406623005867	34.02571487426758	35.3122615814209	37.145002365112305	3.1192874908447266	406.8539047241211	477.5398750305176	248.35747528076172	421.27124786376953	0.08157403208315372	0.7878570407629013	0.03706137277185917	0.055012368597090244	0.11750168353319168	0.08044031076133251	1.316932499408722	1.1788869351148605	0.8708817064762115	0.7683693468570709	0.03280913503840566	2.0580937266349792	1.1986147463321686	0.6775117069482803	6.403216481208801	0.70433010160923	4.930831074714661	3.9700451493263245	21.516604900360107	0.7774038091301918	521.4712219238281	0.3299527168273926	1173.798095703125	0.17139720916748047	-170.3239860534668	-0.3905136100947857	1612.578857421875	0.14121199771761894	-168.9859619140625	-0.38047604635357857	2688.8984985351562	0.11072306893765926	-169.98772811889648	-0.36568498238921165	-17.393494606018066	-0.410958930850029	27.052892684936523	0.3080543205142021	0.0025859996385406703	-3.2995532751083374	-0.0132213793694973	-0.7684367001056671	-22.712175369262695	33.87914848327637	-0.06109355017542839	-0.0013578921730186266	1.5755251348018646	1.4612558782100677	0.10717198811471462	0.07339948136359453	0.5354892462491989	1.6099660694599152
grp-14	T2	4	120.0	0.04367724247276783	10.763307571411133	0.0744763604234322	-2.9318414330482483	10.763307571411133	0.0744763604234322	9.713206768035889	10.612002849578857	12.369742155075073	2.6565353870391846	83.75349235534668	46.153581619262695	41.327311277389526	5.996338844299316	0.04367724247276783	0.40580154582858086	0.03576659690588713	0.03828930063173175	0.046114963479340076	0.01034836657345295	0.43951162323355675	0.6866935342550278	0.26981192640960217	0.291264271363616	0.0	0.0	1.5943919122219086	0.2444745972752571	-2.9318414330482483	-0.677957110106945	-3.168315887451172	-2.783956490457058	1.5791969299316406	0.4233612362295389	767.5459136962891	0.13946559699252248	987.9921264648438	0.09282238595187664	-200.62622833251953	-0.024305042577907443	1560.5828247070312	0.07331243471708149	-200.62380599975586	-0.023904613917693496	2395.9523315429688	0.05652917269617319	-200.63217544555664	-0.02332654711790383	-19.483964443206787	-0.09477319288998842	28.743497848510742	0.07386910915374756	-0.0632860567420721	-0.14898620452731848	-0.002506710181478411	0.7543350523337722	-26.322476387023926	38.33413028717041	-0.07867699675261974	-0.000165106082931743	0.9503167867660522	0.02505010273307562	0.011249999515712261	0.0012499999720603228	18.318374156951904	2.3678627014160156
grp-14	T2	5	150.0	0.039766477420926094	13.342094659805298	0.06494077667593956	-2.1797010973095894	13.342094659805298	0.06494077667593956	12.789575576782227	13.193881750106812	14.001916885375977	1.21234130859375	20.17750734090805	6.572283744812012	58.704779386520386	1.9725250005722046	0.039766477420926094	0.14963274635374546	0.03581281378865242	0.037923155818134546	0.04221267532557249	0.006399861536920071	0.18224679864943027	0.2072648648172617	0.1620497666299343	0.16908589005470276	0.025054594269022346	0.30699901282787323	2.3126468658447266	0.45978157222270966	-2.1797010973095894	0.5591866075992584	-6.402173340320587	2.2434793412685394	7.042818784713745	0.1551900953054428	850.6530151367188	0.3199565187096596	1327.6244201660156	0.16465012356638908	-200.38695526123047	-0.034116581082344055	1944.49169921875	0.16677911952137947	-200.41044998168945	-0.032730923034250736	3037.7190551757812	0.10710583068430424	-200.42174911499023	-0.032098173163831234	-26.30694580078125	-0.18763449601829052	38.681458473205566	0.14126446470618248	-0.07414105534553528	-0.3177928142249584	-0.0019211720355087891	0.0027153193950653076	-27.16834020614624	39.43497085571289	-0.08045364357531071	-0.00031349629716714844	2.4258085787296295	0.016705647110939026	0.004999999888241291	0.0	9.153095245361328	4.593477129936218
grp-14	T2	6	180.0	0.09680226631462574	26.08492088317871	0.3297903686761856	3.800570785999298	26.08492088317871	0.3297903686761856	17.803495407104492	24.58320665359497	35.87305927276611	18.06956386566162	330.53040313720703	457.28656005859375	114.83106231689453	106.68297386169434	0.09680226631462574	1.2442229688167572	0.037766148801892996	0.05115054454654455	0.11169073916971684	0.0739245917648077	3.1059080958366394	3.0797488689422607	2.617285802960396	2.317717045545578	0.044772238470613956	1.9134986698627472	1.272012710571289	0.8510830849409103	3.800570785999298	1.856444001197815	2.0704076290130615	16.15647554397583	21.21565866470337	0.8236101567745209	524.5567169189453	0.39826588332653046	1233.2803039550781	0.1985621526837349	-171.07727813720703	-0.38785799592733383	1623.7588806152344	0.17521129921078682	-170.8223114013672	-0.3668155148625374	2682.1626586914062	0.11606191657483578	-171.45019912719727	-0.3577980101108551	-21.92856502532959	-0.3366739824414253	29.998372554779053	0.3142225071787834	-0.008475224138237536	1.6516700685024261	-0.01481321849860251	-0.9317027479410172	-22.945237636566162	34.00684213638306	-0.06358035560697317	-0.0014178899618855212	1.0420139878988266	1.1022044718265533	0.14483081363141537	0.14488664641976357	0.6857074201107025	1.6614457666873932
grp-14	T2	7	210.0	0.284489743411541	29.578681468963623	0.33293236792087555	4.26261842250824	29.578681468963623	0.33293236792087555	18.25888681411743	31.56992197036743	37.644347190856934	19.385460376739502	412.9214172363281	587.6781234741211	199.6198387145996	319.3019142150879	0.284489743411541	1.5205075442790985	0.04591652564704418	0.10926883853971958	0.4036873057484627	0.35777078568935394	13.729779958724976	10.765480518341064	12.008444428443909	10.745379209518433	0.05413555819541216	1.8802762031555176	1.4002182483673096	0.8235142976045609	4.26261842250824	1.5445259064435959	3.011432409286499	5.990778803825378	18.472861289978027	0.8236303180456161	574.1168365478516	0.3887484520673752	1184.9841003417969	0.20119459554553032	-121.57220840454102	-0.7456464171409607	1649.4388427734375	0.16733914613723755	-121.42718887329102	-0.6947088837623596	2711.2174072265625	0.12591338157653809	-123.21064949035645	-0.668528214097023	-17.51033353805542	-0.4426504448056221	26.01768732070923	0.32832933217287064	0.008159547112882137	1.6315549612045288	-0.016157539328560233	-0.6864580065011978	-21.11737060546875	31.71941566467285	-0.055289301089942455	-0.003462570282863453	1.0920306742191315	2.096558779478073	0.20809709653258324	0.2144988626241684	0.2846375107765198	0.4497590810060501
grp-14	T2	8	240.0	0.13137094303965569	27.485196590423584	0.3141414448618889	3.9635130763053894	27.485196590423584	0.3141414448618889	17.208168029785156	31.54963254928589	34.15690803527832	16.948740005493164	421.1332702636719	499.7660446166992	187.29682159423828	355.715145111084	0.13137094303965569	0.966726616024971	0.03910321835428476	0.08642406947910786	0.19236529991030693	0.1532620843499899	3.6686706244945526	3.619074046611786	2.5386800915002823	2.4627205431461334	0.04269362147897482	2.2413190603256226	1.1771982610225677	0.8489793986082077	3.9635130763053894	1.5862363874912262	1.392935648560524	16.852795720100403	19.446841716766357	1.0135356336832047	516.7434463500977	0.33206553012132645	1220.5426025390625	0.18402917310595512	-145.78887176513672	-0.5748077630996704	1622.8671264648438	0.1606510728597641	-147.69682693481445	-0.5257125645875931	2648.7879028320312	0.1250250432640314	-148.68004608154297	-0.5118666589260101	-19.4578800201416	-0.3786926046013832	28.49100685119629	0.31007932126522064	-0.006206505619047675	-21.747461020946503	-0.017398422351107	-0.6282965838909149	-21.22951078414917	31.95587682723999	-0.060353025794029236	-0.002463635331878322	1.5005001723766327	1.8798798024654388	0.15073249116539955	0.1420601848512888	0.3703998848795891	0.5409883558750153
grp-14	T2	9	270.0	0.31420396640896797	29.690856456756592	0.3496604487299919	4.313120603561401	29.690856456756592	0.3496604487299919	20.065773487091064	27.43994140625	39.786648750305176	19.72087526321411	355.97574615478516	513.4000625610352	136.67206001281738	151.19994354248047	0.31420396640896797	1.2996592819690704	0.07602197211235762	0.1523044817149639	0.4531228244304657	0.3771008513867855	9.72645127773285	8.827522039413452	6.9055235385894775	5.842089414596558	0.052636975422501564	1.8104340434074402	1.3251464366912842	0.7700349986553192	4.313120603561401	1.570954978466034	5.176278471946716	4.000555098056793	21.86551856994629	0.6934057772159576	539.5178985595703	0.39574822783470154	1215.0267333984375	0.19775289297103882	-104.9005184173584	-0.8859999030828476	1586.6572875976562	0.16838541999459267	-103.82506561279297	-0.8192651122808456	2652.5565795898438	0.12559865973889828	-106.62565994262695	-0.7731818556785583	-18.063379287719727	-0.4160448834300041	27.54786777496338	0.28595317155122757	0.014187284046784043	-1.1496740579605103	-0.017147961305454373	-0.6658915430307388	-17.074243307113647	27.09102153778076	-0.04287496116012335	-0.002715340437134728	1.4754918217658997	2.522318482398987	0.20561079680919647	0.21978957578539848	0.18036099150776863	0.24357225373387337
grp-14	T2	10	300.0	0.1996346153318882	21.55320167541504	0.2294432520866394	0.5143220731988549	21.55320167541504	0.2294432520866394	17.209282875061035	21.68808078765869	24.653183460235596	7.4439005851745605	290.00767517089844	383.15233612060547	167.43817710876465	216.69342041015625	0.1996346153318882	0.6881114989519119	0.06384805031120777	0.1823365893214941	0.31099482253193855	0.24714676849544048	3.0921898782253265	2.1317997872829437	2.51257486641407	1.906065508723259	0.0662607429549098	1.6709536612033844	1.4825800061225891	0.7192919254302979	0.5143220731988549	-32.326436161994934	0.314046710729599	1.4585133790969849	24.978445529937744	0.6251889318227768	493.42884826660156	0.37972765415906906	1234.9712829589844	0.19235459342598915	-104.56532096862793	-0.9076893180608749	1526.1741638183594	0.16938525065779686	-111.8681869506836	-0.7691059112548828	2536.456298828125	0.1472393162548542	-114.15077209472656	-0.7326589524745941	-21.644958019256592	-0.28016166016459465	29.375607013702393	0.24306609854102135	0.007049800071399659	7.445579141378403	-0.018603540491312742	-0.7261501550674438	-19.053810596466064	28.97951078414917	-0.0438011484220624	-0.003437063831370324	2.8176059424877167	2.5722065567970276	0.18706364929676056	0.15800617821514606	0.1904822774231434	0.260783638805151
grp-14	T2	11	330.0	0.1581951193511486	27.607133865356445	0.275428906083107	4.463926434516907	27.607133865356445	0.275428906083107	20.616511344909668	26.965046405792236	35.5220251083374	14.905513763427734	370.23339080810547	485.5072784423828	155.84728050231934	208.92222023010254	0.1581951193511486	1.0416231006383896	0.044265628792345524	0.09489502757787704	0.23307667672634125	0.1888110488653183	4.085649996995926	3.2739341109991074	2.9001553803682327	2.7913117706775665	0.05409297998994589	2.0688386261463165	1.2963782846927643	0.8051139861345291	4.463926434516907	1.3271763324737549	3.5087354481220245	6.392231583595276	25.06159543991089	0.6422348394989967	538.4642028808594	0.40058500319719315	1243.1339416503906	0.1831188090145588	-128.32527542114258	-0.7017180472612381	1586.696533203125	0.18973690643906593	-131.1350803375244	-0.6307055652141571	2667.7328491210938	0.14154741913080215	-133.54453086853027	-0.5958373695611954	-21.47200059890747	-0.29764798656105995	30.083162307739258	0.25655265897512436	0.005757340113632381	-5.349271714687347	-0.01895564910955727	-0.7741071134805679	-20.68683910369873	31.203393936157227	-0.048240337520837784	-0.0029048712458461523	2.0840280055999756	2.3817442059516907	0.1534239612519741	0.16109329834580421	0.2350601814687252	0.3206653967499733
grp-14	T2	12	360.0	0.17649795673787594	30.612319469451904	0.21683892607688904	5.972207188606262	30.612319469451904	0.21683892607688904	23.631033420562744	33.72719764709473	34.93625354766846	11.305220127105713	509.70196533203125	572.6606140136719	175.5325222015381	260.8835849761963	0.17649795673787594	0.7546608299016953	0.05800563097000122	0.13665058091282845	0.2659110240638256	0.20790540054440498	3.0262030363082886	2.429485246539116	1.9201215207576752	1.5191668942570686	0.059338745661079884	1.9441730082035065	1.3030921816825867	0.7963610589504242	5.972207188606262	0.8340509235858917	4.027651280164719	6.696498811244965	24.036964893341064	0.746156170964241	557.0419540405273	0.3183814138174057	1197.2300415039062	0.18466003984212875	-114.81338882446289	-0.816554345190525	1679.344482421875	0.15821725875139236	-120.67056083679199	-0.6896468997001648	2733.6830444335938	0.10138699598610401	-122.90451431274414	-0.6532785966992378	-21.557091236114502	-0.31311364844441414	30.57663345336914	0.26898691430687904	0.004718155672890134	10.899902403354645	-0.020959555404260755	-0.5768787264823914	-20.59269952774048	30.603355407714844	-0.05048282817006111	-0.005656300811097026	2.492497503757477	2.481839209794998	0.1682613119482994	0.1466986984014511	0.21689541265368462	0.22055479139089584
grp-14	T2	13	390.0	0.1656656600534916	28.73415470123291	0.2735609635710716	4.7418524622917175	28.73415470123291	0.2735609635710716	20.949811458587646	32.842275619506836	34.77756118774414	13.827749729156494	338.9869613647461	444.6470718383789	182.01385116577148	225.85896682739258	0.1656656600534916	0.9631586521863937	0.05557557847350836	0.13152332231402397	0.23196767643094063	0.17639210168272257	4.410974740982056	2.7911658883094788	3.3386420011520386	2.9824309200048447	0.06173121463507414	1.8003421127796173	1.3977349400520325	0.7373852431774139	4.7418524622917175	1.1373073309659958	1.6918931007385254	-8.871105194091797	24.999796390533447	0.8271051198244095	538.3191680908203	0.3234064504504204	1227.5024719238281	0.17215921357274055	-114.71615028381348	-0.8302365243434906	1619.1648864746094	0.1725962907075882	-120.81183815002441	-0.6949054077267647	2706.27783203125	0.1094978116452694	-123.82843208312988	-0.6458166688680649	-22.573832988739014	-0.31490759551525116	32.50577116012573	0.2673116475343704	0.0077099654445191845	9.4850594997406	-0.023079431150108576	-0.5469301417469978	-21.21345043182373	31.33469533920288	-0.05073216836899519	-0.005822968640131876	2.5425141602754593	2.4640830159187317	0.1712956614792347	0.15614966861903667	0.21369004622101784	0.2675067037343979
grp-14	T2	14	420.0	0.20042557083070278	27.966137886047363	0.2472982108592987	4.64037561416626	27.966137886047363	0.2472982108592987	21.470021724700928	30.07919979095459	33.89256286621094	12.42254114151001	248.4404067993164	295.75336837768555	198.44793319702148	338.57324981689453	0.20042557083070278	0.8702953904867172	0.05055763479322195	0.12924003787338734	0.3373127914965153	0.28675515577197075	4.126859128475189	3.0477053225040436	3.094816267490387	2.444384515285492	0.03985214699059725	2.2500688433647156	1.1430274546146393	0.8507653325796127	4.64037561416626	1.14704729616642	3.9524409770965576	4.252143085002899	24.81492328643799	0.5846680924296379	538.9431610107422	0.37994951009750366	1220.23046875	0.19025347009301186	-110.07287979125977	-0.8562277257442474	1595.1860656738281	0.1815706454217434	-115.02910423278809	-0.749796137213707	2666.6511840820312	0.13985570892691612	-117.57351303100586	-0.7103884667158127	-18.83558416366577	-0.36731743067502975	27.82518434524536	0.28390851244330406	0.012208361178636551	18.415941417217255	-0.01807445683516562	-0.7157474458217621	-19.327888011932373	29.488358974456787	-0.051846014335751534	-0.002718674120842479	2.38412806391716	2.4131597876548767	0.18947818875312805	0.16308730468153954	0.21561966836452484	0.3000841587781906
grp-14	T2	15	450.0	0.20400680601596832	29.576679229736328	0.2629750035703182	4.820258378982544	29.576679229736328	0.2629750035703182	21.962421894073486	31.775033950805664	35.673208236694336	13.71078634262085	415.3931427001953	481.6276206970215	134.06132698059082	216.7758321762085	0.20400680601596832	0.9554722458124161	0.04819009359925985	0.1308872140944004	0.316830076277256	0.2686399780213833	4.408917248249054	3.649737536907196	3.65498885512352	3.197098582983017	0.04809444397687912	2.0962864458560944	1.2868753373622894	0.8582162857055664	4.820258378982544	1.1526760160923004	4.035817742347717	4.8640143275260925	21.865713596343994	0.7656123042106628	529.3690719604492	0.37209702283143997	1202.4725646972656	0.19643595442175865	-117.44065856933594	-0.790722206234932	1592.7396545410156	0.16056736931204796	-119.16450691223145	-0.7188366949558258	2667.3099975585938	0.11172540485858917	-121.28288459777832	-0.6864056289196014	-17.856029987335205	-0.37085195630788803	26.70496129989624	0.28099890798330307	0.008364368695765734	1.4378809034824371	-0.018016516463831067	-0.6447538435459137	-19.874935150146484	30.05855417251587	-0.05204423516988754	-0.0036120143195148557	1.9756585359573364	2.371409595012665	0.18238285183906555	0.1702020764350891	0.22339637205004692	0.30911431461572647
grp-14	T2	16	480.0	0.25000346824526787	29.0960693359375	0.26353302225470543	5.241234064102173	29.0960693359375	0.26353302225470543	20.27098321914673	31.776604652404785	35.575438499450684	15.304455280303955	486.42603302001953	570.6946716308594	112.19272422790527	166.19596767425537	0.25000346824526787	0.9593713879585266	0.06866355612874031	0.17107120528817177	0.37543220072984695	0.30676865205168724	5.215917646884918	4.455154627561569	3.9844145476818085	4.157811880111694	0.04343824367970228	2.3761815428733826	1.1780638098716736	0.8747162073850632	5.241234064102173	1.1313648372888565	4.283955216407776	4.374987483024597	22.806272983551025	0.6933977454900742	528.1340866088867	0.3575325384736061	1217.6109924316406	0.1801464594900608	-96.07074356079102	-0.9730186015367508	1602.7658081054688	0.187859695404768	-100.95824241638184	-0.8442725092172623	2668.7423706054688	0.12298477813601494	-103.3713264465332	-0.802962526679039	-18.67394256591797	-0.38381750136613846	27.446959972381592	0.29559554904699326	0.010746543761342764	0.7833466827869415	-0.019563368055969477	-0.6464222371578217	-18.428924083709717	28.203948974609375	-0.0471280412748456	-0.005156963772606105	1.8006002306938171	2.413762390613556	0.22153465077280998	0.1885213553905487	0.18083981424570084	0.18363728746771812
grp-14	T2	17	510.0	0.1680376399308443	23.891955852508545	0.2700870484113693	1.8950411975383759	23.891955852508545	0.2700870484113693	18.515339851379395	23.180553913116455	31.498780250549316	12.983440399169922	353.0968933105469	426.46875762939453	156.30251502990723	178.41585731506348	0.1680376399308443	1.0252594202756882	0.05496572982519865	0.1125852856785059	0.247971098870039	0.19300537183880806	3.430356115102768	2.9693579971790314	2.9743078351020813	3.28085058927536	0.06800068449229002	1.755498319864273	1.4434219896793365	0.7592181265354156	1.8950411975383759	2.8118465542793274	0.24404019117355347	-10.040439128875732	23.152940273284912	0.9681318253278732	516.7959823608398	0.32361190021038055	1221.944580078125	0.17372499033808708	-117.24247932434082	-0.7919193878769875	1590.9853210449219	0.16931015253067017	-123.81780242919922	-0.6772923693060875	2618.9135131835938	0.13086414337158203	-125.95051193237305	-0.6442306563258171	-21.030959129333496	-0.32117458432912827	29.450907707214355	0.26300352811813354	0.0022586221457459033	-1.548190414905548	-0.020333925262093544	-0.6354226022958755	-20.34285831451416	30.62375831604004	-0.0480619203299284	-0.004218911664793268	1.6088696271181107	2.7313539385795593	0.14441940747201443	0.13324647769331932	0.2066929116845131	0.27717841416597366
grp-14	T2	18	540.0	0.19635088555514812	27.99972629547119	0.33211684972047806	4.688013434410095	27.99972629547119	0.33211684972047806	17.86946964263916	31.3925838470459	37.097280502319336	19.227810859680176	291.72557830810547	373.8100280761719	173.03326606750488	245.66318893432617	0.19635088555514812	1.1886425614356995	0.04215088114142418	0.09408487752079964	0.2912486232817173	0.24909774400293827	4.347694396972656	3.2477666586637497	3.2483464777469635	3.410589799284935	0.044501228258013725	2.225101947784424	1.1988521814346313	0.9033515304327011	4.688013434410095	1.5014792382717133	0.4165301024913788	-7.200975298881531	19.21277379989624	0.9661684185266495	527.1150512695312	0.34906622022390366	1189.61865234375	0.17542357370257378	-124.79867935180664	-0.7334419786930084	1609.0283508300781	0.17784543335437775	-126.30097198486328	-0.6714267879724503	2642.1506958007812	0.12440495006740093	-128.1990966796875	-0.6434821933507919	-18.901564598083496	-0.38266588747501373	27.400227069854736	0.2789165526628494	0.006699145887978375	1.7748350501060486	-0.017831696663051844	-0.6455524861812592	-21.847814559936523	32.45910882949829	-0.0572984479367733	-0.003419658576603979	1.558852955698967	2.054454267024994	0.19241422042250633	0.1906561776995659	0.2812483608722687	0.4435383975505829
grp-14	T2	19	570.0	0.228129331022501	28.66838312149048	0.35853032022714615	3.632018029689789	28.66838312149048	0.35853032022714615	17.004159927368164	31.21714162826538	37.99564266204834	20.991482734680176	425.14947509765625	544.3161239624023	137.66779708862305	194.35146141052246	0.228129331022501	1.296189308166504	0.04913964308798313	0.11122914403676987	0.3180905804038048	0.2689509354531765	6.366602957248688	5.970677673816681	5.384915262460709	4.862805366516113	0.0649129943922162	1.869132786989212	1.348983645439148	0.8011132627725601	3.632018029689789	2.0584860146045685	-2.196243792772293	-9.355574131011963	18.594902753829956	1.4218124896287918	580.0093841552734	0.33995914459228516	1232.8497924804688	0.19085825234651566	-122.02698135375977	-0.749394103884697	1642.6388244628906	0.16278690099716187	-122.01969528198242	-0.6994380205869675	2749.7814331054688	0.11158652976155281	-124.74825477600098	-0.6575381308794022	-17.987159729003906	-0.43537772446870804	28.257986068725586	0.2988339960575104	0.007245243643410504	3.6119674742221832	-0.01968879997730255	-0.6678932309150696	-20.848170280456543	31.333998203277588	-0.05260627996176481	-0.0056392603437416255	1.6338780224323273	2.6144338250160217	0.1582035832107067	0.17968012392520905	0.2156904637813568	0.2786845974624157
grp-14	T2	20	600.0	0.23282359167933464	24.445724964141846	0.33282792568206787	1.2247227430343628	24.445724964141846	0.33282792568206787	17.083487510681152	22.426207542419434	32.96465492248535	15.8811674118042	349.48267364501953	406.68067932128906	215.9437484741211	300.4237403869629	0.23282359167933464	1.6376933455467224	0.03935097809880972	0.08366670925170183	0.2658412419259548	0.22649025917053223	10.37438714504242	8.37395915389061	10.018569678068161	7.661409795284271	0.08288657944649458	1.7513212859630585	1.5898099839687347	0.696542352437973	1.2247227430343628	5.522691071033478	2.635460913181305	9.232571601867676	20.179333209991455	0.9437528401613235	537.8585968017578	0.41206078976392746	1227.2784118652344	0.18704283609986305	-135.85036277770996	-0.6414148211479187	1612.2370300292969	0.1589188203215599	-137.3282642364502	-0.5911625921726227	2634.4300537109375	0.13746725395321846	-138.41220474243164	-0.576052188873291	-18.72868537902832	-0.37637608498334885	26.50786828994751	0.30588553100824356	0.005824443767778575	1.2627914547920227	-0.01726466417312622	-0.7253556847572327	-22.819091320037842	33.309614181518555	-0.05860544927418232	-0.003221237857360393	1.0836945623159409	2.3046093583106995	0.14602584764361382	0.1619269698858261	0.2924295850098133	0.46106887608766556
grp-14	T2	21	630.0	0.14026742987334728	26.060544967651367	0.3383054658770561	3.0679816007614136	26.060544967651367	0.3383054658770561	17.95074772834778	23.751869201660156	36.208126068115234	18.257378101348877	325.24706268310547	387.3798408508301	202.73575973510742	354.9959716796875	0.14026742987334728	0.9262504130601883	0.03980510449036956	0.08223244734108448	0.22027135267853737	0.18046624958515167	2.981920540332794	2.2767823934555054	2.552262529730797	2.0771577954292297	0.05098026804625988	1.9795547723770142	1.3253255188465118	0.823331207036972	3.0679816007614136	2.461735188961029	5.522240042686462	4.33647757768631	23.561291217803955	0.722960576415062	522.0038833618164	0.3583436831831932	1212.3826599121094	0.18097395077347755	-143.16744995117188	-0.5937819480895996	1619.7794189453125	0.177206888794899	-145.43764114379883	-0.5380922183394432	2634.1836547851562	0.13249284774065018	-146.66554260253906	-0.5212141275405884	-21.150935173034668	-0.3089722990989685	28.90005111694336	0.2694864980876446	0.00621577282436192	4.04744365811348	-0.019173312932252884	-0.6459655314683914	-21.455248832702637	32.22486925125122	-0.05757477134466171	-0.002337514524697326	2.234078049659729	2.087943911552429	0.1388403195887804	0.12381603196263313	0.32054243236780167	0.4145946055650711
grp-14	T2	22	660.0	0.2012224905192852	23.31742525100708	0.3169422894716263	0.9204594977200031	23.31742525100708	0.3169422894716263	16.436571836471558	22.162829875946045	30.79721736907959	14.360645771026611	285.5118942260742	331.86367416381836	178.32032775878906	238.87393188476562	0.2012224905192852	1.1391133666038513	0.04504087846726179	0.1229289136826992	0.2970504052937031	0.25200952403247356	5.492320418357849	5.409568667411804	4.175002068281174	4.951635986566544	0.07720622979104519	1.6066802144050598	1.5494435131549835	0.6795587539672852	0.9204594977200031	15.564515709877014	-0.8587667718529701	-15.682709693908691	21.960416793823242	0.8398978114128113	528.6584777832031	0.39396220445632935	1243.258056640625	0.1930597461760044	-122.2960433959961	-0.7535813897848129	1574.4754638671875	0.17252957820892334	-127.14592361450195	-0.6607407927513123	2603.4961547851562	0.13864024356007576	-129.15313339233398	-0.6315740495920181	-20.78970193862915	-0.31326794624328613	28.90531301498413	0.26615118235349655	0.006947702291654423	-10.24888789653778	-0.018112848978489637	-0.7748553305864334	-20.254598140716553	30.59938669204712	-0.05221575777977705	-0.0033359903609380126	1.2420806884765625	2.3673876523971558	0.16640956699848175	0.15426264144480228	0.25813697651028633	0.4393370449542999
grp-14	T2	23	690.0	0.11567579675465822	22.99180841445923	0.32874205708503723	1.6269547492265701	22.99180841445923	0.32874205708503723	15.33922529220581	21.477073669433594	32.424431800842285	17.085206508636475	300.0408515930176	417.35693359375	218.51312065124512	273.9026870727539	0.11567579675465822	0.9326561242341995	0.04018503054976463	0.08154462743550539	0.164084168151021	0.12389913573861122	2.311990052461624	1.9786389768123627	1.9622278064489365	2.1251611411571503	0.0743942940607667	1.706087201833725	1.5045634508132935	0.7483908981084824	1.6269547492265701	1.5706146657466888	-4.149985253810883	-5.628855466842651	18.78502321243286	1.525997057557106	533.6595230102539	0.37078626453876495	1204.53955078125	0.18327436223626137	-141.9882297515869	-0.591801106929779	1648.8447570800781	0.16074635833501816	-147.073579788208	-0.510009154677391	2673.0741577148438	0.12360012158751488	-148.16193389892578	-0.49451810121536255	-23.034727096557617	-0.253070455044508	31.498132705688477	0.237529207020998	-0.008003298426046968	-0.8994686603546143	-0.01833272445946932	-0.6864252835512161	-22.67904043197632	33.27405786514282	-0.05882399994879961	-0.0039885567866804195	1.6505501717329025	2.262859135866165	0.11925083771348	0.11841896176338196	0.3235980086028576	0.48575976490974426
grp-14	T2	24	720.0	0.1830502524971962	21.13167953491211	0.26787278056144714	0.11672267317771912	21.13167953491211	0.26787278056144714	16.478149890899658	21.11908483505249	24.23728609085083	7.759136199951172	266.23530197143555	302.44848251342773	127.34923362731934	170.96848678588867	0.1830502524971962	1.06886987388134	0.04406717512756586	0.13331936672329903	0.2643994018435478	0.22033222392201424	6.371151685714722	5.397461444139481	4.770712822675705	4.5099150240421295	0.06507824268192053	1.584802895784378	1.525274932384491	0.7070208340883255	0.11672267317771912	-0.48597586154937744	1.5949040353298187	-2.600855767726898	23.407206535339355	0.7061038464307785	503.6227035522461	0.3630053326487541	1232.7210693359375	0.19925377517938614	-124.50577163696289	-0.72959104180336	1572.4170532226562	0.16275928169488907	-129.77856636047363	-0.6382915824651718	2567.2384033203125	0.13457507267594337	-131.170560836792	-0.6179374009370804	-20.355209827423096	-0.3227403238415718	27.74792194366455	0.26378488913178444	0.0004427546991792042	120.29145419597626	-0.017978457268327475	-0.6539057195186615	-20.845935821533203	31.104727268218994	-0.05411871708929539	-0.002950301190139726	1.608869656920433	2.464082956314087	0.15305430255830288	0.12424290180206299	0.24485573172569275	0.39596935361623764
grp-14	T3	0	0.0	0.09271995164453983	35.15426254272461	0.19812431186437607	7.001046299934387	35.15426254272461	0.19812431186437607	34.805755615234375	36.22509956359863	38.8935661315918	4.087810516357422	358.22673416137695	442.21240997314453	154.0916576385498	158.44413661956787	0.09271995164453983	0.8776696920394897	0.03992598270997405	0.0616933386772871	0.13225246593356133	0.09232648275792599	1.8583838492631912	2.2713218480348587	0.8909666612744331	1.0342506021261215	0.027954647783190012	2.452573299407959	1.0874950736761093	0.735618457198143	7.001046299934387	0.7180047705769539	6.787809729576111	3.409090578556061	19.226701021194458	0.9688944220542908	537.1337738037109	0.3566213622689247	1195.5657958984375	0.1758524887263775	-167.59049606323242	-0.41063158214092255	1593.7668762207031	0.148751400411129	-163.75311279296875	-0.42073653638362885	2728.6812744140625	0.098896948620677	-165.1964225769043	-0.39950208365917206	-17.572895526885986	-0.4308718740940094	28.239025592803955	0.30022212117910385	-0.006898542516864836	-1.2302391529083252	-0.00925585493678227	-1.2937884628772736	-22.590432167053223	33.87200307846069	-0.06337304878979921	-0.0008712283852219116	1.3087695986032486	1.5536251962184906	0.11653316020965576	0.0968408640474081	0.471267931163311	0.8799090087413788
grp-14	T3	1	30.0	0.10753646865487099	34.428711891174316	0.13372997753322124	7.100536823272705	34.428711891174316	0.13372997753322124	34.187262535095215	35.07972812652588	36.46296215057373	2.2756996154785156	389.16805362701416	488.9209280014038	180.00470876693726	312.36580657958984	0.10753646865487099	0.5703017711639404	0.0586242638528347	0.09506047237664461	0.14256261102855206	0.08393834810703993	1.5064229667186737	1.7352004945278168	1.148732990026474	1.4375874996185303	0.024378531146794558	2.194463014602661	1.063457727432251	0.6443933993577957	7.100536823272705	0.558969184756279	9.349051713943481	2.0978493094444275	25.055447578430176	0.5125671252608299	483.9395523071289	0.27918945252895355	1156.7675476074219	0.1714576706290245	-132.5761013031006	-0.6787400469183922	1578.9812622070312	0.15276562795042992	-134.7379264831543	-0.6048986464738846	2698.134765625	0.0876567717641592	-136.72696495056152	-0.5739231333136559	-17.876124382019043	-0.3942975625395775	27.590293884277344	0.28342825174331665	0.005937196809099987	-7.002642035484314	-0.01361384498886764	-0.7766425162553787	-20.4755859375	30.529219150543213	-0.04225455364212394	-0.004832791863009334	2.2424142211675644	2.705410957336426	0.11917753424495459	0.09278701432049274	0.21343694999814034	0.23254035040736198
grp-14	T3	2	60.0	0.09711896628141403	33.10255432128906	0.20421131700277328	6.146098375320435	33.10255432128906	0.20421131700277328	31.836277961730957	35.04542636871338	36.801798820495605	4.965520858764648	464.48887634277344	648.3518218994141	292.1786003112793	423.3378601074219	0.09711896628141403	0.7736826092004776	0.04498042818158865	0.07221977226436138	0.1325290948152542	0.08754866570234299	2.1047765016555786	1.9785391688346863	1.593291163444519	2.1608125790953636	0.0422162557952106	2.131372094154358	1.2628559470176697	0.7094538360834122	6.146098375320435	0.7730574607849121	5.982966780662537	4.904091715812683	22.15595769882202	0.8296480774879456	517.2978744506836	0.3233180046081543	1201.5181884765625	0.16566726192831993	-159.6160430908203	-0.4724540635943413	1584.6461181640625	0.1429147571325302	-159.24242401123047	-0.45136281847953796	2688.999267578125	0.10032311826944351	-160.8572769165039	-0.4287959635257721	-17.34894561767578	-0.3894598037004471	27.372334480285645	0.2835759185254574	-0.002206176257459447	-14.126705765724182	-0.011566135566681623	-0.9796867668628693	-21.634978771209717	32.64442729949951	-0.056685893796384335	-0.001982189161935821	1.6588863283395767	1.7368070185184479	0.11881359666585922	0.08908364921808243	0.39533259719610214	0.9095152020454407
grp-14	T3	3	90.0	0.04097191896289587	13.082217454910278	0.04594436753541231	-1.6435276791453362	13.082217454910278	0.04594436753541231	12.660059690475464	12.897904634475708	13.34400224685669	0.6839425563812256	73.48076343536377	39.947744369506836	56.809024810791016	52.609628677368164	0.04097191896289587	0.2924157567322254	0.03595905564725399	0.03824579855427146	0.04308216366916895	0.007123108021914959	0.1323371957987547	0.15570476278662682	0.11412114277482033	0.14874926209449768	0.02558374695945531	0.12385404855012894	1.4891517460346222	0.42988986521959305	-1.6435276791453362	-3.9092242270708084	4.581856369972229	-0.36682677268981934	15.500877112150192	11.803491421043873	959.6046600341797	0.20050067454576492	1292.9298400878906	0.08826662041246891	-200.41167068481445	-0.03401701804250479	2043.6757202148438	0.11457842960953712	-200.43237686157227	-0.03281402587890625	3090.7255249023438	0.07671679183840752	-200.44089126586914	-0.032361870631575584	-29.008591175079346	-0.17063897103071213	41.51687240600586	0.12700282037258148	-0.0818172562867403	-0.32339292019605637	0.001046590186888352	-1.451841026544571	-26.832031726837158	39.277732849121094	-0.07841509766876698	-0.0001473025004088413	1.1170390099287033	0.03340013697743416	0.009999999776482582	0.0	10.399285554885864	9.534249484539032
grp-14	T3	4	120.0	0.0424818298779428	13.83339810371399	0.08291768655180931	2.970476408023387	13.83339810371399	0.08291768655180931	13.168494939804077	13.483425855636597	14.334661960601807	1.1661670207977295	10.552084818482399	0.9118849635124207	57.520381927490234	11.329839706420898	0.0424818298779428	0.29977405816316605	0.03642173716798425	0.03873058781027794	0.04524049162864685	0.008818754460662603	0.5451967716217041	0.8251135498285294	0.4738997332751751	0.7634149491786957	0.04786032997071743	0.0	2.9941873997449875	0.20485271513462067	2.970476408023387	-18.23223450779915	-4.534267999231815	14.886093810200691	9.933259725570679	-1.6182040348649025	847.8184356689453	0.19833609089255333	1308.1600646972656	0.08989318273961544	-200.349853515625	-0.035813082940876484	1997.8792724609375	0.09647336788475513	-200.35500717163086	-0.03495219675824046	3006.4620361328125	0.07429679296910763	-200.36346054077148	-0.03456332813948393	-27.293319702148438	-0.15236109867691994	39.13761234283447	0.1218979936093092	-0.07289502862840891	-0.24727318063378334	-0.004145583952777088	0.3408418148756027	-26.608720302581787	38.947272300720215	-0.07821330614387989	-0.00012536425492726266	1.258752927184105	0.0417501712217927	0.016249999403953552	0.0012499999720603228	9.641145586967468	7.430962085723877
grp-14	T3	5	150.0	0.04772139061242342	13.139812231063843	0.05175753263756633	-1.3901074975728989	13.139812231063843	0.05175753263756633	12.666066646575928	12.922188997268677	13.468956232070923	0.8028895854949951	36.166677474975586	27.05585503578186	52.06169929355383	25.28968620300293	0.04772139061242342	0.5025660768151283	0.036676198709756136	0.04022212838754058	0.049858877435326576	0.01318267872557044	0.35749538987874985	0.5134152173995972	0.18854431435465813	0.36473580077290535	0.003509308211505413	0.0	2.0289622247219086	0.18241829425096512	-1.3901074975728989	-0.4105955809354782	38.838053584098816	1.2846078872680664	14.933787822723389	0.48250792548060417	855.0572509765625	0.2352791167795658	1400.6214904785156	0.10544984228909016	-200.56673431396484	-0.03034777333959937	1945.6542358398438	0.09457686636596918	-200.57837677001953	-0.029643106274306774	3042.4345703125	0.05254901177249849	-200.5837516784668	-0.029167281463742256	-24.320863723754883	-0.1614051703363657	34.90513038635254	0.13446165435016155	-0.06985419429838657	-0.30619751289486885	0.00015171353425103007	-22.481575533747673	-25.535250663757324	37.46624755859375	-0.072605324909091	-0.0005260479701973964	0.9169723242521286	0.03340013697743416	0.018749999348074198	0.0012499999720603228	12.697749733924866	8.31334137916565
grp-14	T3	6	180.0	0.04258560296148062	13.265585660934448	0.08771127834916115	-2.8680785596370697	13.265585660934448	0.08771127834916115	12.404049158096313	12.69795823097229	13.800909519195557	1.3968603610992432	46.613680839538574	20.367485523223877	118.8657054901123	81.18097233772278	0.04258560296148062	0.33096520975232124	0.03631931496784091	0.038680487778037786	0.044647885486483574	0.008328570518642664	0.24642779678106308	0.29031722620129585	0.19626883789896965	0.22142044454813004	0.04220993630588055	0.10154281556606293	1.423458069562912	0.4490364342927933	-2.8680785596370697	-0.6964187473058701	12.869430899620056	2.33432374894619	11.950077176094055	2.1225508973002434	882.8127746582031	0.25815558433532715	1297.7809143066406	0.1257503181695938	-200.05941772460938	-0.043936534551903605	2000.2667236328125	0.12498729303479195	-200.09978103637695	-0.04198686499148607	3022.4509887695312	0.08460865542292595	-200.11417388916016	-0.04130365350283682	-26.671184539794922	-0.17902465909719467	38.527299880981445	0.1516309268772602	-0.081321831792593	-0.26628898829221725	-0.0014202359052433167	8.556718200445175	-26.444700241088867	38.70695209503174	-0.07745129615068436	-7.600828394060954e-05	0.9336445480585098	0.05845023971050978	0.018749999348074198	0.005580127006396651	11.03458297252655	3.3990169167518616
grp-14	T3	7	210.0	0.04103774670511484	13.371209144592285	0.07879849011078477	-4.865747094154358	13.371209144592285	0.07879849011078477	12.727996826171875	12.969791650772095	13.52318787574768	0.7951910495758057	89.89522361755371	77.77700901031494	24.22278053406626	52.48321342468262	0.04103774670511484	0.25027811899781227	0.036129165440797806	0.03857862390577793	0.044039283879101276	0.00791011843830347	0.3183268830180168	0.5381440818309784	0.3691221661865711	0.7721613422036171	0.025024676462635398	0.2445594035089016	2.4431325793266296	0.44037698209285736	-4.865747094154358	-0.781826838850975	31.965975880622864	5.321312248706818	5.514828264713287	-3.4071529507637024	841.6914367675781	0.2786896675825119	1436.3497924804688	0.1739870421588421	-200.11161422729492	-0.046544318087399006	1921.0031433105469	0.17312633991241455	-200.14509201049805	-0.04473949782550335	2992.6652221679688	0.11434422805905342	-200.17137145996094	-0.0432031131349504	-23.50654363632202	-0.2773621156811714	36.82359981536865	0.1691288873553276	-0.06590112578123808	-0.4270663410425186	-0.003655975087895058	-1.825209453701973	-26.830052852630615	39.22502326965332	-0.07694844342768192	-0.000756922469008714	0.48349449038505554	0.0584502387791872	0.026249999180436134	0.008321067551150918	7.764583230018616	2.5214712619781494
grp-14	T3	8	240.0	0.04809629824012518	31.62455654144287	0.3302685171365738	5.61749005317688	31.62455654144287	0.3302685171365738	19.50045657157898	37.61128520965576	38.728769302368164	19.228312969207764	464.82665252685547	287.31505966186523	201.8958396911621	257.1630001068115	0.04809629824012518	0.5477755665779114	0.03614288894459605	0.03915518335998058	0.051852036267519	0.015709147322922945	0.6799526959657669	0.8583500385284424	0.3866722583770752	0.4166500121355057	0.04743162216618657	1.4970106929540634	1.4508996605873108	0.6555841118097305	5.61749005317688	0.9841059148311615	10.735700488090515	2.922126203775406	17.211885929107666	1.2683704793453217	550.1095581054688	0.40983041375875473	1200.1438598632812	0.1520160473883152	-196.99880981445312	-0.11641797050833702	1684.9812622070312	0.14004747942090034	-195.45198822021484	-0.13452450558543205	2687.1965942382812	0.10781169310212135	-195.50354385375977	-0.13340289145708084	-21.277698516845703	-0.2463078796863556	29.562650203704834	0.24994312226772308	-0.03197380853816867	-1.132836326956749	-0.01101630728226155	-0.8748679459095001	-26.483304977416992	38.68505001068115	-0.07843328081071377	-0.00010517923146835528	0.9669889956712723	0.3594032749533653	0.06257925275713205	0.04849231569096446	2.332135647535324	3.7235361635684967
grp-14	T3	9	270.0	0.10129198059439659	33.094709396362305	0.23535500094294548	5.921910881996155	33.094709396362305	0.23535500094294548	30.345476627349854	35.512203216552734	37.812411308288574	7.466934680938721	395.6077766418457	383.6858615875244	126.92349433898926	155.86992835998535	0.10129198059439659	1.1443271785974503	0.04008501395583153	0.06314935814589262	0.13122138567268848	0.0911363735795021	3.3634730875492096	3.1660895943641663	2.5785593688488007	2.4984412491321564	0.0410328758880496	2.4854027032852173	1.2566861808300018	0.7680537402629852	5.921910881996155	0.9771480411291122	5.0192208886146545	4.834989428520203	19.097208976745605	1.0331712663173676	543.7751007080078	0.39451030641794205	1241.8694152832031	0.17969778180122375	-168.60274505615234	-0.3948976397514343	1611.7879943847656	0.14955919608473778	-166.1240692138672	-0.39610421657562256	2690.4122924804688	0.11382107995450497	-167.26118087768555	-0.37900834530591965	-17.282491207122803	-0.43984830379486084	27.284664154052734	0.29489269852638245	-0.007852538081351668	1.3534880876541138	-0.008938077837228775	-1.1088422536849976	-22.200122356414795	33.260950565338135	-0.06140278838574886	-0.001096130654332228	0.9169723242521286	1.436205804347992	0.11808753199875355	0.1080781240016222	0.4936770796775818	1.2756681442260742
grp-14	T3	10	300.0	0.16346056200563908	24.068180084228516	0.34529633820056915	2.594018667936325	24.068180084228516	0.34529633820056915	18.12114143371582	20.11817693710327	32.004316329956055	13.883174896240234	328.3763656616211	433.7528533935547	229.15287590026855	371.91847038269043	0.16346056200563908	1.1892604529857635	0.04316928517073393	0.07902186177670956	0.24739476665854454	0.2042254786938429	5.449278473854065	4.172070205211639	4.519966721534729	3.8210461139678955	0.05363386310636997	1.6254470646381378	1.466512143611908	0.7375120967626572	2.594018667936325	2.1636236906051636	2.977535456418991	8.887126684188843	19.74201250076294	0.9398296624422073	539.8934478759766	0.4293036535382271	1187.062744140625	0.1913568712770939	-147.16322326660156	-0.5701811015605927	1595.8104248046875	0.17488469928503036	-148.4815330505371	-0.5258263945579529	2667.2329711914062	0.14316068217158318	-149.69165802001953	-0.5094679519534111	-19.519595623016357	-0.30086323618888855	27.841734409332275	0.2526916638016701	-0.0050365563947707415	1.3487236499786377	-0.011482834350317717	-0.9323064684867859	-20.60396099090576	31.314858436584473	-0.05932039860635996	-0.0008965262713900302	1.1337112337350845	1.3944556415081024	0.20163357630372047	0.2379799634218216	0.4810955598950386	1.0377527922391891
grp-14	T3	11	330.0	0.2138398438692093	24.838088989257812	0.3012862354516983	2.146081119775772	24.838088989257812	0.3012862354516983	18.61643934249878	23.51888084411621	31.391619205474854	12.775179862976074	305.062744140625	393.1878547668457	186.99282455444336	213.93771743774414	0.2138398438692093	1.3569765239953995	0.05317691247910261	0.13533467426896095	0.29928097128868103	0.24610406160354614	11.756054043769836	9.241042792797089	9.916895985603333	9.328576982021332	0.0703548938035965	1.7978953123092651	1.374106764793396	0.7443308234214783	2.146081119775772	2.8206083476543427	3.9225755631923676	7.253331422805786	21.89347267150879	0.7228129804134369	502.5055923461914	0.3944958299398422	1207.2763366699219	0.19730917364358902	-114.85275459289551	-0.8030493259429932	1570.8849182128906	0.15797113254666328	-119.17911338806152	-0.7061149477958679	2582.8909912109375	0.1346520073711872	-120.51879119873047	-0.6853460967540741	-19.082168579101562	-0.33991938829421997	26.9020938873291	0.27764274552464485	0.0049432604282628745	9.176301658153534	-0.01596631179563701	-0.7188779413700104	-19.02569580078125	28.62622594833374	-0.04602957051247358	-0.002758915739832446	1.2587529569864273	2.8987680077552795	0.1485725063830614	0.13019869476556778	0.17843594029545784	0.3007854074239731
grp-14	T3	12	360.0	0.3273971527814865	27.9002366065979	0.30698902904987335	3.4421032071113586	27.9002366065979	0.30698902904987335	20.041723251342773	26.58517360687256	36.4968786239624	16.45515537261963	388.74723052978516	549.8601837158203	193.86095809936523	268.53231048583984	0.3273971527814865	1.5533330142498016	0.06535208225250244	0.15117455087602139	0.42212220281362534	0.3567701242864132	13.637867450714111	10.921516060829163	14.95126736164093	13.540503740310669	0.06976492889225483	1.847750037908554	1.398006021976471	0.7932000011205673	3.4421032071113586	1.8563562333583832	3.155988484621048	10.342385292053223	20.078445434570312	0.8975637257099152	544.1067581176758	0.42023415118455887	1210.7792053222656	0.19269588217139244	-109.1485652923584	-0.839937224984169	1603.2655944824219	0.17417407035827637	-108.87992095947266	-0.780048668384552	2652.9537353515625	0.13535244017839432	-111.22199630737305	-0.7429168671369553	-18.205132007598877	-0.3869202062487602	26.839346885681152	0.29655225574970245	0.009033304173499346	1.7845113575458527	-0.016545097343623638	-0.7203996032476425	-18.56075668334961	28.393574714660645	-0.04571110475808382	-0.0031124064116738737	1.000333458185196	2.730461061000824	0.17918027564883232	0.2004900500178337	0.16985179111361504	0.2606632113456726
grp-15	T1	0	0.0	0.09544599615037441	25.14827251434326	0.18537843227386475	3.481017291545868	25.14827251434326	0.18537843227386475	22.50456142425537	24.96562385559082	29.640562534332275	7.136001110076904	249.33483123779297	267.28968048095703	102.19168949127197	157.0006275177002	0.09544599615037441	0.9707457572221756	0.03925378993153572	0.05930648557841778	0.12844470143318176	0.08919091243296862	1.9506414979696274	3.0455184280872345	1.2556341290473938	1.545771524310112	0.036096916534006596	2.332794725894928	1.2588631808757782	0.7017699480056763	3.481017291545868	1.2657234370708466	3.2971626967191696	7.92359983921051	24.263089179992676	0.47910793125629425	482.3386535644531	0.4019531011581421	1149.2869262695312	0.1771487444639206	-162.2198257446289	-0.4657414183020592	1557.2463989257812	0.1628856398165226	-164.96208953857422	-0.42099393904209137	2580.2796630859375	0.10525427386164665	-165.6848030090332	-0.4105188325047493	-18.289271354675293	-0.3520697355270386	26.393359661102295	0.27746378630399704	0.0013123396784067154	20.183367013931274	-0.013204841408878565	-0.9813609272241592	-22.218531131744385	33.64145374298096	-0.06489631719887257	0.0010439993784530088	1.1587195843458176	1.1027906388044357	0.1682187970727682	0.1745368205010891	0.6652462929487228	1.3176516890525818
grp-15	T1	1	30.0	0.11172937043011189	23.81890344619751	0.18556814268231392	2.677867114543915	23.81890344619751	0.18556814268231392	21.71473503112793	23.193769931793213	26.620800971984863	4.906065940856934	213.50829696655273	218.28043365478516	106.23254489898682	178.33093738555908	0.11172937043011189	0.757490947842598	0.043556482531130314	0.08863839972764254	0.1603482887148857	0.11679180525243282	1.377038985490799	1.2228243798017502	0.8607490211725235	0.8018796294927597	0.035990596283227205	2.17885759472847	1.2521357834339142	0.6968105286359787	2.677867114543915	1.5150089710950851	2.445621343329549	-45.980730175971985	20.575112342834473	0.7615081891417503	450.9384765625	0.36819837987422943	1136.5095825195312	0.20762014016509056	-129.74565887451172	-0.7036481499671936	1477.4856262207031	0.16400133073329926	-133.8782844543457	-0.6311070919036865	2542.2267456054688	0.0898529551923275	-135.80753707885742	-0.6019524857401848	-17.705294132232666	-0.37402158975601196	26.071621417999268	0.2880012318491936	0.00032262460445053875	-2.9427140951156616	-0.015459114219993353	-0.8192304074764252	-20.972015380859375	31.42426586151123	-0.05551453027874231	-0.001175513956695795	1.8422807455062866	2.0631419122219086	0.16117405705153942	0.1729368157684803	0.2841399274766445	0.41485388576984406
grp-15	T1	2	60.0	0.1028602235019207	23.493029594421387	0.11871418729424477	2.7547158896923065	23.493029594421387	0.11871418729424477	22.07955312728882	23.46638822555542	24.981358528137207	2.9018054008483887	214.49584579467773	237.7546787261963	129.3543529510498	329.40347480773926	0.1028602235019207	0.6735874563455582	0.04109717207029462	0.08135279174894094	0.15646694600582123	0.1153697744011879	1.1511878073215485	0.7460456565022469	0.8354611918330193	0.5098461732268333	0.03051662538200617	2.0915004909038544	1.2486161589622498	0.6545041799545288	2.7547158896923065	1.4658079147338867	4.304393708705902	3.1655919551849365	23.355544567108154	0.42065318673849106	436.55262756347656	0.33614661544561386	1125.9129943847656	0.19030195474624634	-125.9878044128418	-0.7353667914867401	1472.7074279785156	0.14477313123643398	-131.29211807250977	-0.6463345363736153	2524.6250610351562	0.07984139025211334	-133.40329551696777	-0.6134926825761795	-18.132965564727783	-0.36481906473636627	26.749632358551025	0.2673756033182144	-0.007047054095892236	1.9909313917160034	-0.012338054599240422	-0.8441744595766068	-22.334199905395508	33.04067850112915	-0.05810906924307346	-0.0019205080607207492	2.4591530561447144	1.8376211822032928	0.195504542440176	0.16234967857599258	0.30742158740758896	0.6397329866886139
grp-15	T1	3	90.0	0.07784031424671412	22.13303804397583	0.17544648423790932	1.3833561092615128	22.13303804397583	0.17544648423790932	20.53024387359619	21.89077854156494	24.870187759399414	4.339943885803223	292.02198028564453	334.0096740722656	141.97070121765137	155.96282768249512	0.07784031424671412	0.7476410418748856	0.03966955281794071	0.06197807937860489	0.10472928918898106	0.06505973637104034	3.5175158083438873	4.6233431696891785	2.2452590242028236	2.399771973490715	0.04230572562664747	2.208987683057785	1.43055659532547	0.605008527636528	1.3833561092615128	-0.11427554488182068	2.2584991212934256	-85.77573651075363	23.717020988464355	0.7794241085648537	460.15506744384766	0.35874007642269135	1176.7552490234375	0.19260544702410698	-165.41134643554688	-0.42441268265247345	1491.3804321289062	0.15768331289291382	-168.11867904663086	-0.3815178722143173	2566.8360595703125	0.09036507457494736	-169.40937042236328	-0.36290329322218895	-20.726420402526855	-0.2995790094137192	30.84035587310791	0.24011610448360443	-0.006810131191741675	0.021176040172576904	-0.012290782062336802	-0.8635349720716476	-22.004934787750244	33.47887325286865	-0.062535778619349	-0.0001345881973975338	1.0086695551872253	1.3193053603172302	0.12290647532790899	0.10903936810791492	0.5878527536988258	1.369543343782425
grp-15	T1	4	120.0	0.04267720738425851	13.436579704284668	0.06016919296234846	-2.285754770040512	13.436579704284668	0.06016919296234846	12.677693367004395	13.24280309677124	14.151248216629028	1.4735548496246338	64.89798545837402	29.225533485412598	48.435302734375	37.139899253845215	0.04267720738425851	0.30783679708838463	0.035487314220517874	0.037981641478836536	0.04656269773840904	0.011075383517891169	0.2480444312095642	0.27140863984823227	0.17917425557971	0.1601207721978426	0.05403298977762461	0.4419662803411484	1.980199933052063	0.5282999947667122	-2.285754770040512	-2.0255403220653534	5.285128742456436	20.88734397292137	-1.9970969259738922	-7.6580696403980255	930.8644256591797	0.273294847458601	1299.0835876464844	0.16631641797721386	-199.82561111450195	-0.05197674036026001	2030.8400268554688	0.14600110612809658	-199.85987854003906	-0.050483045168221	3049.0345458984375	0.08209984377026558	-199.8671417236328	-0.050218322314321995	-26.10880756378174	-0.23305612802505493	37.89582347869873	0.18718131631612778	-0.09055815078318119	-0.27120717987418175	0.0023425636463798583	2.2079800963401794	-26.3527889251709	38.149335861206055	-0.08310350589454174	0.0010541319934418425	2.625875324010849	0.10020040906965733	0.019999999552965164	0.0	5.47393923997879	3.162116587162018
grp-15	T1	5	150.0	0.04174637934193015	13.582311868667603	0.04251766996458173	-0.6281932592391968	13.582311868667603	0.04251766996458173	13.010132074356079	13.533648014068604	14.082421779632568	1.0722897052764893	20.61436286009848	0.0	0.22861486673355103	0.27919355034828186	0.04174637934193015	0.2659917436540127	0.035362405236810446	0.038148532155901194	0.0448729582130909	0.00951055297628045	0.2189483344554901	0.18133828416466713	0.1749176848679781	0.15364962816238403	0.010428250767290592	0.0	1.1556395292282104	0.25597677379846573	-0.6281932592391968	-2.093651160597801	6.119293451309204	1.276438146829605	2.8131271600723267	-2.295017536729574	955.4484405517578	0.1746768280863762	1351.2981567382812	0.1291919918730855	-200.5150489807129	-0.032522803638130426	2042.5736694335938	0.1141471927985549	-200.52959060668945	-0.03148716455325484	3085.0465698242188	0.08737432304769754	-200.53440856933594	-0.031235820148140192	-28.52809238433838	-0.1639493629336357	40.23993682861328	0.1276897806674242	-0.09045684337615967	-0.16794259333983064	0.0004802714101970196	-0.1132257878780365	-26.320470809936523	38.37151050567627	-0.08026300556957722	0.0009052296954905614	2.8676225692033768	0.01670006848871708	0.012499999720603228	0.0	9.776309490203857	4.811811953783035
grp-15	T1	6	180.0	0.0835168780758977	23.940351963043213	0.22787001729011536	2.4389700889587402	23.940351963043213	0.22787001729011536	20.436413764953613	23.188498497009277	27.814505577087402	7.378091812133789	282.145263671875	281.2732448577881	271.4939250946045	410.2505474090576	0.0835168780758977	1.272210106253624	0.036916663870215416	0.04677390959113836	0.09305289387702942	0.056136230006814	3.111355736851692	3.173521503806114	1.952892504632473	2.6367921978235245	0.03337188810110092	2.0087445080280304	1.3196821212768555	0.6821422129869461	2.4389700889587402	2.1363580226898193	4.345487177371979	7.707687556743622	22.202686309814453	0.8129140734672546	494.48133087158203	0.3902120515704155	1183.6740417480469	0.18331417813897133	-181.2432632446289	-0.3130761608481407	1515.9557189941406	0.16561507806181908	-181.9777374267578	-0.2945677414536476	2603.872314453125	0.09706255607306957	-182.71142578125	-0.2815142869949341	-18.048441886901855	-0.3412303030490875	28.464890003204346	0.2480107992887497	-0.01406469033099711	-2.6288156509399414	-0.011109674349427223	-1.016830936074257	-23.52958393096924	35.24409770965576	-0.07070970349013805	0.0007288986817002296	0.5668556094169617	0.5846976637840271	0.1698821745812893	0.18317198753356934	1.523314118385315	2.7829994559288025
grp-15	T1	7	210.0	0.4071905389428139	23.168258666992188	0.1852841041982174	2.7003004252910614	23.168258666992188	0.1852841041982174	20.39936876296997	22.325621128082275	25.261935234069824	4.8625664710998535	207.44260025024414	280.64628982543945	86.8094425201416	125.46865177154541	0.4071905389428139	0.9838762581348419	0.12382744997739792	0.2821980491280556	0.5805214941501617	0.4566940553486347	12.693370699882507	11.311374127864838	8.757854163646698	6.8592179119586945	0.033300806768238544	1.9725351929664612	1.2986694276332855	0.7810495644807816	2.7003004252910614	1.3767980933189392	2.7393491715192795	4.377761363983154	22.20399808883667	0.5384805276989937	441.2615203857422	0.35477080196142197	1136.1181030273438	0.17838508635759354	-57.04467010498047	-1.5422937870025635	1440.7717590332031	0.14626052975654602	-66.07115077972412	-1.2218587100505829	2538.4121704101562	0.09032655879855156	-71.64562034606934	-1.078374058008194	-16.117340564727783	-0.42018259316682816	26.038976669311523	0.3075702413916588	0.02048196643590927	1.888946533203125	-0.013824872206896544	-0.8125432729721069	-17.166600704193115	28.140995502471924	-0.038088805973529816	-0.0016210000540013425	2.184061422944069	2.213498294353485	0.3287333622574806	0.37907200306653976	0.13320481777191162	0.18829220160841942
grp-15	T1	8	240.0	0.32146945782005787	23.190433025360107	0.17896056175231934	2.5494580268859863	23.190433025360107	0.17896056175231934	21.027963638305664	22.57776117324829	24.48657512664795	3.458611488342285	218.3613624572754	238.32733535766602	106.6882152557373	164.579833984375	0.32146945782005787	0.9842332154512405	0.08829083107411861	0.23007144033908844	0.4700402729213238	0.38174944184720516	7.7162114679813385	5.868761986494064	6.185776650905609	4.968414857983589	0.03714744094759226	1.9248153567314148	1.3682322800159454	0.7616957575082779	2.5494580268859863	1.524057149887085	0.3069721907377243	12.409771084785461	24.357484817504883	0.48887044191360474	466.80907440185547	0.3181801661849022	1224.9373474121094	0.17247303947806358	-77.11538314819336	-1.2374062836170197	1481.2610168457031	0.16082841530442238	-87.1980209350586	-0.9877665340900421	2528.2294921875	0.10901284776628017	-91.35225486755371	-0.9060778915882111	-19.362328052520752	-0.34025973081588745	28.347537994384766	0.25046999007463455	0.022801374085247517	1.4722537100315094	-0.021591705735772848	-0.6180671751499176	-17.189151525497437	27.578584671020508	-0.03505425527691841	-0.0032853117318154546	2.4424808025360107	2.4465599060058594	0.2493288740515709	0.2526266351342201	0.15222802013158798	0.23066290840506554
grp-15	T1	9	270.0	0.14373830147087574	30.29451274871826	0.2761809751391411	4.664534568786621	30.29451274871826	0.2761809751391411	21.532283306121826	34.18596076965332	36.140442848205566	14.60815954208374	491.2742614746094	705.5631103515625	165.9923439025879	209.46388053894043	0.14373830147087574	0.8150423616170883	0.05291476845741272	0.1124769039452076	0.2041139341890812	0.15119916759431362	2.3676335215568542	2.169924736022949	1.8111614435911179	1.720172941684723	0.041920194402337074	1.9326153099536896	1.2304082810878754	0.7734483629465103	4.664534568786621	1.2870793342590332	5.137064874172211	5.351719379425049	20.248428344726562	0.9270152747631073	486.4269790649414	0.2962963655591011	1205.3488464355469	0.1617513671517372	-125.99862670898438	-0.7176377922296524	1548.5103759765625	0.14396824687719345	-126.96000289916992	-0.6601013541221619	2634.8201293945312	0.0974354762583971	-129.32062149047852	-0.6253050565719604	-18.52811574935913	-0.3900700956583023	28.70646381378174	0.2964111156761646	0.00302908883895725	-0.2534734308719635	-0.01635682745836675	-0.6596997082233429	-19.04662036895752	29.83625078201294	-0.047440849244594574	-0.003551209927536547	2.0840280055999756	2.6727059483528137	0.14357781037688255	0.11880430579185486	0.20772774145007133	0.27585897222161293
grp-15	T1	10	300.0	0.2933320179581642	26.975884914398193	0.27279315888881683	3.64155375957489	26.975884914398193	0.27279315888881683	20.737404346466064	25.653014183044434	35.13588333129883	14.398478984832764	320.3678092956543	490.1663284301758	165.9351348876953	302.4364585876465	0.2933320179581642	1.370632529258728	0.06157277524471283	0.13873722776770592	0.4112403988838196	0.34966763108968735	6.494724750518799	5.854350447654724	7.213805317878723	7.169275641441345	0.0465683788061142	1.8699240982532501	1.2694356739521027	0.779053807258606	3.64155375957489	1.7353963404893875	3.932684600353241	4.3463247418403625	21.47949743270874	0.6167698502540588	476.7389221191406	0.3592321053147316	1215.3922119140625	0.17387765273451805	-99.88190841674805	-0.9532810896635056	1517.3621520996094	0.15833730250597	-104.36086654663086	-0.83221834897995	2565.30615234375	0.10846690274775028	-107.47418403625488	-0.7809472233057022	-18.10879421234131	-0.38805313408374786	27.717411518096924	0.30751991271972656	0.015818020328879356	3.0729482769966125	-0.016912230756133795	-0.6357428282499313	-19.259851932525635	29.896520137786865	-0.046051859855651855	-0.0023558932880405337	1.2087362259626389	2.4056132435798645	0.21342549845576286	0.2822701707482338	0.1958630159497261	0.2648146227002144
grp-15	T1	11	330.0	0.47113387286663055	28.289475440979004	0.24289177358150482	3.357294023036957	28.289475440979004	0.24289177358150482	22.765117645263672	26.797555923461914	34.978485107421875	12.213367462158203	332.2137336730957	465.1926040649414	168.8564682006836	310.90557861328125	0.47113387286663055	1.3014723360538483	0.07774709910154343	0.2261917181313038	0.7006586790084839	0.6229115724563599	14.714895367622375	13.366624891757965	12.103451550006866	11.533411800861359	0.05251681059598923	1.669666588306427	1.3691459894180298	0.7200289666652679	3.357294023036957	1.4182113111019135	2.780719131231308	5.870787143707275	20.1665096282959	0.6580275744199753	492.2182083129883	0.37845852226018906	1203.6594543457031	0.17567769810557365	-85.69416427612305	-1.105757713317871	1537.4295959472656	0.16097018495202065	-89.02221488952637	-0.9659304469823837	2567.9285888671875	0.10864201001822948	-92.04317474365234	-0.9079508632421494	-16.57667064666748	-0.4367283657193184	25.235907554626465	0.318210631608963	0.026524907909333706	1.5274414718151093	-0.01924597704783082	-0.5883972495794296	-17.461467742919922	27.736612796783447	-0.04287420026957989	-0.002910178853198886	1.5088362991809845	2.5476112365722656	0.22785437479615211	0.2265927717089653	0.15306248888373375	0.21676095202565193
grp-15	T1	12	360.0	0.45924030989408493	23.149031162261963	0.19712193682789803	2.133530557155609	23.149031162261963	0.19712193682789803	20.593444347381592	22.74967670440674	24.818705558776855	4.225261211395264	225.21522903442383	300.54370880126953	110.296142578125	234.00890731811523	0.45924030989408493	0.9992734491825104	0.13061298057436943	0.315389908850193	0.7028082385659218	0.5721952430903912	10.365723967552185	9.967097103595734	9.583633661270142	10.66233229637146	0.041816974990069866	1.9383779466152191	1.3910136818885803	0.7295134216547012	2.133530557155609	2.21280238032341	1.422525018453598	-6.749702215194702	22.661902904510498	0.5132238864898682	461.6778259277344	0.3778797835111618	1188.7105407714844	0.1816207766532898	-57.9281530380249	-1.514131486415863	1468.2008056640625	0.16588369384407997	-67.69921016693115	-1.1781719326972961	2539.63671875	0.10607266053557396	-72.65360260009766	-1.0538334995508194	-17.08320713043213	-0.40414705127477646	26.43662118911743	0.2993636727333069	0.023649599170312285	1.5977586805820465	-0.017446949379518628	-0.7060848325490952	-14.250571489334106	23.55781316757202	-0.023087215144187212	-0.004601402848493308	1.8339446187019348	2.6322953701019287	0.2667362131178379	0.25839467346668243	0.10783716849982738	0.11073598824441433
grp-15	T1	13	390.0	0.33808090537786484	25.0999493598938	0.28319191187620163	2.3953119814395905	25.0999493598938	0.28319191187620163	19.221084594726562	22.933997631072998	32.71224927902222	13.491164684295654	329.2914581298828	489.16588592529297	100.73585319519043	115.87105941772461	0.33808090537786484	1.340261846780777	0.07788607478141785	0.15988674014806747	0.4542258381843567	0.37633976340293884	11.68066668510437	10.558152675628662	9.178174614906311	9.771411418914795	0.04952383879572153	1.8697876334190369	1.4001616835594177	0.7388217151165009	2.3953119814395905	2.0814595222473145	4.036757171154022	4.392488420009613	21.755281448364258	0.6059906631708145	458.6005172729492	0.34231963753700256	1166.7481384277344	0.16991190612316132	-93.59132957458496	-1.0235409140586853	1480.4118041992188	0.1440737210214138	-99.33392143249512	-0.8825459778308868	2564.4310302734375	0.09215566515922546	-103.15526390075684	-0.8147699981927872	-17.009762048721313	-0.39686258882284164	26.578388214111328	0.31280670315027237	0.016356834559701383	5.399842917919159	-0.016366126714274287	-0.6630358844995499	-17.09237551689148	28.21375036239624	-0.03960933443158865	-0.002126247789419722	1.0586862117052078	2.4716100096702576	0.2190263718366623	0.2452772818505764	0.17680571600794792	0.23201033473014832
grp-15	T1	14	420.0	0.267509538680315	23.772239685058594	0.2449755296111107	2.766151189804077	23.772239685058594	0.2449755296111107	19.505885124206543	22.515225410461426	27.842337608337402	8.33645248413086	270.7570610046387	439.7715072631836	178.13903999328613	445.3734321594238	0.267509538680315	0.9458981454372406	0.06708880234509706	0.17430929653346539	0.4093567654490471	0.3422679677605629	5.132956922054291	3.9432107508182526	4.305938482284546	3.575388014316559	0.03862388618290424	1.906503587961197	1.3894725143909454	0.7039839774370193	2.766151189804077	1.6249105036258698	2.719746381044388	1.7766321301460266	24.600796222686768	0.5813793987035751	468.6094665527344	0.3916546478867531	1180.9241333007812	0.18933018296957016	-88.84146499633789	-1.0718497037887573	1495.7681579589844	0.1571396104991436	-96.3828067779541	-0.8994112759828568	2579.8485717773438	0.09929454140365124	-100.65041923522949	-0.8229813873767853	-18.694494247436523	-0.4028922766447067	28.488661289215088	0.29920079559087753	0.015902729704976082	2.887690156698227	-0.0135301873087883	-0.8953822255134583	-19.019636392593384	29.60377025604248	-0.04775097966194153	-0.0007252566174429376	2.35078364610672	2.4217414259910583	0.23168779537081718	0.22417207434773445	0.16698011755943298	0.23851875588297844
grp-15	T2	0	0.0	0.19568270817399025	23.554802417755127	0.22031597420573235	2.125295013189316	23.554802417755127	0.22031597420573235	19.429556846618652	23.29321527481079	27.75251340866089	8.322956562042236	257.9496040344238	317.214168548584	139.16264724731445	267.113037109375	0.19568270817399025	0.9961565136909485	0.06552580557763577	0.13878516480326653	0.2713535577058792	0.20582774840295315	4.184982657432556	4.048778772354126	3.480880469083786	3.416239619255066	0.035118325147777796	2.171357125043869	1.3960034549236298	0.7264923602342606	2.125295013189316	2.305556148290634	2.6733375191688538	6.740283250808716	21.05764389038086	0.6226968169212341	473.86346435546875	0.40377508848905563	1119.0899047851562	0.18724288046360016	-126.38843536376953	-0.7188486158847809	1513.7507629394531	0.15165050700306892	-131.11963272094727	-0.6388741657137871	2526.47998046875	0.10735192149877548	-132.66231536865234	-0.6161262392997742	-16.71534252166748	-0.4034847915172577	25.218496322631836	0.29012078046798706	0.002977108277264051	-5.404087424278259	-0.012498900992795825	-0.9561900645494461	-16.64852786064148	27.086154460906982	-0.04595421627163887	-0.0003039257135242224	1.5921973586082458	2.58937531709671	0.1360914260149002	0.16031578555703163	0.22818419709801674	0.3437456637620926
grp-15	T2	2	60.0	0.10238836891949177	23.412986755371094	0.1792323738336563	2.2598390877246857	23.412986755371094	0.1792323738336563	21.28605079650879	23.3651762008667	26.095344066619873	4.809293270111084	297.0866508483887	446.18312072753906	137.35953521728516	191.52313613891602	0.10238836891949177	0.7035407721996307	0.04279375867918134	0.08266356028616428	0.15059307776391506	0.10779931768774986	1.5777631402015686	1.9461956322193146	1.3938391208648682	2.529099240899086	0.0462829302996397	2.0116595923900604	1.3839408159255981	0.6778278052806854	2.2598390877246857	1.7520717084407806	4.476337194442749	3.1920010447502136	24.043318271636963	0.4570900425314903	451.31263732910156	0.36072538793087006	1147.8511352539062	0.18252185359597206	-144.50167846679688	-0.5860280841588974	1468.8392028808594	0.16000665351748466	-148.69160079956055	-0.5200306847691536	2523.8580932617188	0.09046512097120285	-150.0226173400879	-0.5011654570698738	-18.6548752784729	-0.3563471883535385	26.875723361968994	0.27445726096630096	-0.004827517332159914	-8.54390549659729	-0.012110982555896044	-0.9850194901227951	-20.45423460006714	30.88864803314209	-0.057156060822308064	-0.001272416760912165	1.9923307448625565	1.761857122182846	0.15048288367688656	0.14716379158198833	0.3987677991390228	0.7347681671380997
grp-15	T2	3	90.0	0.06700876262038946	21.642061233520508	0.21686121448874474	0.8602535501122475	21.642061233520508	0.21686121448874474	15.984817028045654	22.262728691101074	24.95802640914917	8.973209381103516	269.3525924682617	220.9694004058838	98.50520706176758	106.32053756713867	0.06700876262038946	0.9921748787164688	0.03576423414051533	0.04132795799523592	0.08497008867561817	0.049205854535102844	1.695376679301262	2.872099533677101	0.8161542564630508	0.7326309382915497	0.06557101011276245	1.7404202222824097	1.4767370223999023	0.5998589843511581	0.8602535501122475	0.5401597321033478	5.452191203832626	2.131683796644211	22.606810569763184	0.6622728742659092	455.3921813964844	0.4424085095524788	1147.8592834472656	0.17254968360066414	-179.0913543701172	-0.31965871527791023	1503.51611328125	0.16010569781064987	-180.46670532226562	-0.2938353233039379	2563.7542114257812	0.09644675999879837	-181.09718704223633	-0.2840007059276104	-18.751251220703125	-0.28506018221378326	27.096291542053223	0.24488281831145287	-0.007404263393254951	17.460983604192734	-0.006669690483249724	-1.2010860443115234	-25.121270179748535	36.85787487030029	-0.07446178235113621	0.00047325820196419954	0.43347781896591187	0.7181447744369507	0.14751620031893253	0.14940898772329092	1.0456273704767227	2.65577894449234
grp-15	T2	4	120.0	0.04787972383201122	23.194151878356934	0.3513062596321106	1.1908670365810394	23.194151878356934	0.3513062596321106	14.922681331634521	24.1991605758667	31.334426403045654	16.411745071411133	130.65824508666992	72.09214210510254	735.8787689208984	106.40491104125977	0.04787972383201122	0.42578040435910225	0.0367185533978045	0.04092527041211724	0.053326052613556385	0.016607499215751886	0.6462043486535549	0.9818155616521835	0.6203459799289703	0.9669891409575939	0.07945402897894382	1.0213735550642014	2.5524254739284515	0.5159521847963333	1.1908670365810394	1.5999095439910889	18.857728958129883	4.444987177848816	27.23631191253662	1.6418651416897774	589.4124298095703	0.3588636443018913	1378.4200134277344	0.1492017563432455	-199.14693069458008	-0.07897582836449146	1653.9197998046875	0.20508460700511932	-199.24388122558594	-0.07241585105657578	2744.7122192382812	0.11288224905729294	-199.30193328857422	-0.0699629569426179	-26.453569412231445	-0.27550129033625126	36.497310638427734	0.2153524737805128	-0.024840307654812932	-1.8790271878242493	-0.013524838024750352	-1.179752603173256	-24.776094913482666	36.674171447753906	-0.07309721037745476	0.0004726613042294048	0.8502834141254425	0.12525050900876522	0.054166664369404316	0.029194565024226904	5.0701189041137695	3.0333469212055206
grp-15	T2	5	150.0	0.1772155947983265	24.803542613983154	0.2529052644968033	2.459475725889206	24.803542613983154	0.2529052644968033	20.607133865356445	23.86708402633667	27.980535984039307	7.373402118682861	313.415958404541	534.6719169616699	145.56785202026367	247.7368927001953	0.1772155947983265	1.5917764604091644	0.0379031328484416	0.05254665855318308	0.24295268952846527	0.20504955761134624	10.226530730724335	14.053885102272034	5.58342981338501	5.685624897480011	0.047908407635986805	2.023929387331009	1.5443799793720245	0.81324802339077	2.459475725889206	1.9882589876651764	1.564172931946814	-76.2704530954361	22.142537593841553	0.5666120871901512	499.5503234863281	0.37950799614191055	1216.0372009277344	0.17607811093330383	-161.58152770996094	-0.4746381640434265	1513.7258605957031	0.16742875799536705	-162.47111892700195	-0.44658613204956055	2596.11279296875	0.11822501942515373	-164.08406448364258	-0.42230863124132156	-17.432589769363403	-0.37829843908548355	27.73659372329712	0.2662658095359802	0.013291321345604956	3.126911610364914	-0.017921575345098972	-0.7377746850252151	-22.30457878112793	34.02278995513916	-0.06523812469094992	-0.00037060540125821717	0.6752250641584396	1.2445707321166992	0.15630577132105827	0.12559047155082226	0.6514222323894501	1.8567788898944855
grp-15	T2	6	180.0	0.2044441495090723	22.335122108459473	0.2592318654060364	2.1180646866559982	22.335122108459473	0.2592318654060364	18.211182594299316	21.12882709503174	26.080464363098145	7.869281768798828	261.5307388305664	284.99376678466797	100.99293899536133	138.82275390625	0.2044441495090723	1.1510527282953262	0.057958570308983326	0.1215849444270134	0.29660331830382347	0.23864474892616272	7.670708447694778	7.779900789260864	6.242382198572159	6.077428996562958	0.035460133105516434	2.010773539543152	1.2690586745738983	0.8110993653535843	2.1180646866559982	2.956024616956711	3.7649173736572266	6.2767656445503235	22.509421825408936	0.6042642667889595	469.42388916015625	0.3831503242254257	1207.5836791992188	0.19110186770558357	-120.71536445617676	-0.7729299813508987	1492.5529479980469	0.16402609646320343	-125.09723281860352	-0.6861642897129059	2538.4869995117188	0.10627717152237892	-127.38763999938965	-0.6511077135801315	-18.55465316772461	-0.381349578499794	27.460113525390625	0.2923698425292969	0.0038892838929314166	-6.801330864429474	-0.016047216951847076	-0.8436635881662369	-17.743380069732666	28.502286911010742	-0.043841597624123096	-0.001073131978046149	1.2087362259626389	2.0965448915958405	0.18841268122196198	0.19461114332079887	0.2657036557793617	0.4659804552793503
grp-15	T2	7	210.0	0.4510270208120346	34.306331634521484	0.19806960597634315	6.771152496337891	34.306331634521484	0.19806960597634315	31.999326705932617	34.99007797241211	38.16748046875	6.168153762817383	346.0732841491699	502.41136932373047	151.34076309204102	330.39615631103516	0.4510270208120346	1.429917722940445	0.08284975774586201	0.22938856482505798	0.6459729075431824	0.5631231293082237	17.719056129455566	15.623810350894928	14.936646580696106	12.7757009267807	0.03669325355440378	2.070515275001526	1.1343380510807037	0.813841849565506	6.771152496337891	0.7340075820684433	5.032040655612946	3.0957804918289185	20.176002979278564	0.6167662888765335	505.6794204711914	0.3782702386379242	1157.0860900878906	0.19576071575284004	-94.95031547546387	-0.9953032582998276	1541.97607421875	0.16690272837877274	-93.13164138793945	-0.9233432710170746	2585.2987060546875	0.10897512175142765	-96.51388168334961	-0.8596229553222656	-15.96896481513977	-0.5026807487010956	25.725308418273926	0.3535948321223259	0.02255160454660654	2.3458454310894012	-0.0170551014598459	-0.6462542861700058	-16.26178216934204	26.020755767822266	-0.03692237427458167	-0.004400088568218052	1.3837946057319641	2.772211194038391	0.20531512424349785	0.15817229822278023	0.14345012977719307	0.18512987717986107
grp-15	T2	8	240.0	0.2698329836130142	27.77613067626953	0.23007742688059807	4.448816776275635	27.77613067626953	0.23007742688059807	22.708956241607666	25.723154544830322	34.01814842224121	11.309192180633545	328.988037109375	419.72848892211914	116.94094276428223	181.47259902954102	0.2698329836130142	0.9338384717702866	0.06399407517164946	0.15562661178410053	0.43137455359101295	0.3673804737627506	6.17656534910202	4.783778727054596	5.071480095386505	4.029353439807892	0.03760004881769419	2.483530342578888	1.241172045469284	0.8105720728635788	4.448816776275635	1.037931114435196	2.184389889240265	8.216408371925354	22.27680206298828	0.6024916619062424	456.4358596801758	0.2984435260295868	1185.2024841308594	0.18855848163366318	-106.36610221862793	-0.9096889793872833	1466.0857849121094	0.15717924013733864	-111.85397338867188	-0.790347158908844	2492.8950805664062	0.10818148590624332	-114.57914924621582	-0.7457135170698166	-17.58807134628296	-0.38509268313646317	26.433794498443604	0.301601842045784	0.02101416769437492	1.9466182738542557	-0.02018761821091175	-0.5878688991069794	-17.316479444503784	27.30229949951172	-0.04525543376803398	-0.0027371830656193197	2.242414116859436	2.4308950304985046	0.19121770560741425	0.15322686359286308	0.2120482660830021	0.2792843282222748
grp-15	T2	9	270.0	0.18712232448160648	27.550378799438477	0.2756802327930927	3.668877363204956	27.550378799438477	0.2756802327930927	22.28298044204712	26.548416137695312	35.35638236999512	13.073401927947998	294.448486328125	403.0489692687988	166.80259323120117	275.46964263916016	0.18712232448160648	0.8806391507387161	0.05723521392792463	0.12049419619143009	0.29489173740148544	0.23765653185546398	4.3400342762470245	2.912579655647278	3.4723367989063263	2.4864732325077057	0.04234694316983223	2.2946943044662476	1.2262401282787323	0.7892707735300064	3.668877363204956	1.566570907831192	2.4110327139496803	-2.9722846150398254	22.356306552886963	0.6162838861346245	488.5395965576172	0.3398783430457115	1219.8428344726562	0.19356947019696236	-124.50493812561035	-0.742742270231247	1522.1404113769531	0.17192885279655457	-127.30802345275879	-0.6658868342638016	2586.962646484375	0.1140695083886385	-129.82492065429688	-0.6291057914495468	-19.393420696258545	-0.38350437581539154	28.904635429382324	0.3010477274656296	0.014415086130611598	3.8336263597011566	-0.01926207123324275	-0.7144602686166763	-17.651548624038696	27.81488561630249	-0.04510592482984066	-0.0030989010992925614	2.2340780198574066	2.530286192893982	0.15016623213887215	0.14055482856929302	0.23254453018307686	0.3021591752767563
grp-15	T2	10	300.0	0.15996947698295116	32.78606986999512	0.19728871807456017	5.8407310247421265	32.78606986999512	0.19728871807456017	31.115498065948486	34.92222499847412	36.10895252227783	4.993454456329346	440.1140899658203	516.2727241516113	248.88480758666992	422.1876220703125	0.15996947698295116	0.8469085246324539	0.05820946581661701	0.12442434206604958	0.2230411395430565	0.16483167186379433	4.392757445573807	3.2574558705091476	3.182734653353691	3.023363918066025	0.044578627683222294	2.03782320022583	1.220948725938797	0.7789265960454941	5.8407310247421265	0.8787633180618286	7.26020222902298	4.504085510969162	22.31056308746338	0.725536122918129	484.28922271728516	0.31826531887054443	1196.3596496582031	0.18297583609819412	-118.34778594970703	-0.7760434448719025	1567.5649108886719	0.1611783616244793	-119.68656921386719	-0.7026036232709885	2622.4935913085938	0.10329214110970497	-121.61087036132812	-0.6741466373205185	-18.312419891357422	-0.37960194796323776	28.007608890533447	0.3095526099205017	0.013202475849539042	0.8523989617824554	-0.016646492527797818	-0.6296880543231964	-18.874390602111816	28.934725284576416	-0.04629962798207998	-0.004231782455462962	2.6258752793073654	2.8325708508491516	0.15101954340934753	0.13651901297271252	0.18016277998685837	0.20384684205055237
grp-15	T2	11	330.0	0.23434269800782204	26.20026683807373	0.2701069414615631	3.9214027523994446	26.20026683807373	0.2701069414615631	20.195825576782227	23.45664405822754	33.40263652801514	13.20681095123291	305.27659606933594	441.8472213745117	136.85144996643066	255.97732543945312	0.23434269800782204	1.0338565856218338	0.07229731418192387	0.1515337899327278	0.34925009310245514	0.276952775195241	6.921078205108643	5.737336963415146	5.826206833124161	4.957777678966522	0.03722546622157097	2.2602972388267517	1.2683173716068268	0.7917737662792206	3.9214027523994446	1.1979622840881348	3.636801838874817	4.92598956823349	24.59096908569336	0.5584159642457962	467.5490951538086	0.32626544684171677	1193.6477661132812	0.17049316316843033	-96.52413177490234	-0.9952903538942337	1493.6499328613281	0.1655961535871029	-103.0777816772461	-0.8444333076477051	2548.7824096679688	0.10950438119471073	-106.90331268310547	-0.7767075896263123	-19.018760204315186	-0.3475719019770622	28.411962509155273	0.2543655186891556	0.00846785215253476	-4.369237661361694	-0.017958363750949502	-0.7062109261751175	-17.02374243736267	27.090229988098145	-0.03837801422923803	-0.002884446599637158	1.7839279472827911	2.5148282051086426	0.20537077262997627	0.18469091318547726	0.1749858520925045	0.23444942012429237
grp-15	T2	12	360.0	0.22829649969935417	21.349133014678955	0.14789102599024773	2.1071697026491165	21.349133014678955	0.14789102599024773	19.529211044311523	20.97806978225708	22.897140502929688	3.367929458618164	214.6226577758789	262.2641830444336	72.33935642242432	91.04473972320557	0.22829649969935417	0.6675789654254913	0.07909198477864265	0.1911607477813959	0.3533034846186638	0.2742115017026663	3.1747712790966034	1.7645945101976395	2.730850636959076	1.9643217772245407	0.02873621368780732	1.9321203529834747	1.3274331986904144	0.7544160783290863	2.1071697026491165	2.471970811486244	2.804819256067276	-4.415676385164261	24.392019271850586	0.5670089423656464	452.4714889526367	0.33439891040325165	1197.0397033691406	0.18061547726392746	-82.94217872619629	-1.151528850197792	1484.6361694335938	0.14757241681218147	-92.99512481689453	-0.9256816208362579	2506.9995727539062	0.1042992863804102	-96.25564002990723	-0.8620954602956772	-19.74588394165039	-0.3436945751309395	28.61895227432251	0.2736329808831215	0.007805789267877117	-8.502842456102371	-0.014565760735422373	-0.8077720552682877	-18.23591375350952	28.249179363250732	-0.04538937844336033	-0.001171355281258002	3.3094365000724792	2.4562048614025116	0.24278901517391205	0.2516159191727638	0.16247901320457458	0.18297211453318596
grp-15	T2	13	390.0	0.18825948797166348	26.487323760986328	0.2886659651994705	3.534229338169098	26.487323760986328	0.2886659651994705	19.679823875427246	24.50314950942993	34.323068618774414	14.643244743347168	422.0153274536133	600.2346572875977	127.50966835021973	250.08011627197266	0.18825948797166348	0.9367364048957825	0.06673419289290905	0.12256146222352982	0.26878831535577774	0.20205412432551384	4.501346558332443	3.7547018826007843	3.626638263463974	3.333254501223564	0.038028483279049397	1.9715511202812195	1.2920074164867401	0.7657032310962677	3.534229338169098	1.5778862833976746	6.152436316013336	4.530853599309921	22.22612237930298	0.6010814905166626	476.1498336791992	0.3368663042783737	1199.3990478515625	0.18425732105970383	-108.17976379394531	-0.8691102117300034	1536.1899108886719	0.16725952923297882	-113.4136962890625	-0.7564077824354172	2546.2001342773438	0.10927428491413593	-115.37308502197266	-0.7259653508663177	-18.630552768707275	-0.37461601942777634	27.4402756690979	0.3055240139365196	0.007146826712414622	3.035238802433014	-0.0158374086022377	-0.720732107758522	-17.589452505111694	27.748640060424805	-0.043427685275673866	-0.002218013964011334	2.0173390805721283	2.6722201108932495	0.17194889113307	0.1693868152797222	0.195859394967556	0.2636968530714512
grp-15	T2	14	420.0	0.2287863865494728	32.33942365646362	0.13634401559829712	6.342153429985046	32.33942365646362	0.13634401559829712	30.97429895401001	32.541869163513184	34.90494251251221	3.9306435585021973	313.7770767211914	462.16968536376953	100.41470336914062	184.69318008422852	0.2287863865494728	0.7907259166240692	0.06541055999696255	0.1831946261227131	0.36357706412672997	0.29816650599241257	4.022945269942284	2.520904541015625	3.615075632929802	2.3198678344488144	0.0333518604747951	2.1391593515872955	1.1731607615947723	0.7833772301673889	6.342153429985046	0.65733203291893	4.774561583995819	3.074206590652466	24.592647552490234	0.525386281311512	478.87164306640625	0.31639867275953293	1179.1805114746094	0.17855480685830116	-108.52121162414551	-0.8713265657424927	1520.0216979980469	0.15902800485491753	-112.43395805358887	-0.7648783624172211	2548.4723510742188	0.10407721251249313	-115.43857955932617	-0.7165517956018448	-18.621942043304443	-0.3609723299741745	28.213683605194092	0.2705804109573364	0.011220576911000535	-29.31230790913105	-0.018291275016963482	-0.5655100494623184	-19.313217639923096	29.811764240264893	-0.04964373353868723	-0.0037940258625894785	3.084361433982849	2.7142130732536316	0.17188373766839504	0.1289887074381113	0.17967310920357704	0.20454421639442444
grp-15	T2	15	450.0	0.2501932419836521	33.19740962982178	0.17053328827023506	6.252625107765198	33.19740962982178	0.17053328827023506	32.679118156433105	34.60537624359131	36.177735328674316	3.498617172241211	431.7059860229492	559.5965194702148	124.47126770019531	192.0070743560791	0.2501932419836521	0.929379940032959	0.07406168431043625	0.16279267892241478	0.38825884461402893	0.3141971565783024	5.497853070497513	5.355215162038803	4.470045179128647	3.8406849652528763	0.03522760281339288	2.1722641587257385	1.1341943442821503	0.7913017868995667	6.252625107765198	0.8004789799451828	1.5241481810808182	5.966074705123901	19.862599849700928	0.8366393595933914	485.80794525146484	0.3068922460079193	1185.7820739746094	0.1691209115087986	-98.37202644348145	-0.9611351937055588	1544.9355773925781	0.16083642467856407	-101.10036659240723	-0.8545385301113129	2579.9124145507812	0.11115778237581253	-104.11642265319824	-0.8030350506305695	-16.697354078292847	-0.4163069725036621	26.53651475906372	0.3030235692858696	0.021797265886561945	-5.689669191837311	-0.01871809922158718	-0.5527190640568733	-17.48767852783203	27.3679141998291	-0.042209770530462265	-0.0047032482689246535	1.8589530289173126	2.75620037317276	0.18885135650634766	0.14460502937436104	0.16310257092118263	0.1738373450934887
grp-15	T2	16	480.0	0.24256910756230354	28.02906322479248	0.2645128257572651	3.552007734775543	28.02906322479248	0.2645128257572651	22.10431146621704	28.44224786758423	34.78509712219238	12.680785655975342	343.05570220947266	444.3386993408203	248.7502555847168	387.79986572265625	0.24256910756230354	1.3961833119392395	0.07446951046586037	0.13986231945455074	0.29023829847574234	0.21576879173517227	7.506777048110962	7.833615481853485	6.733763694763184	5.820899069309235	0.060534125193953514	1.8536145091056824	1.3525941371917725	0.7317408919334412	3.552007734775543	1.4907715022563934	2.256643146276474	15.470891237258911	19.97747039794922	0.8884338140487671	486.16871643066406	0.35022326558828354	1223.8970642089844	0.17097638919949532	-105.28056526184082	-0.8879136145114899	1532.0737609863281	0.1611621379852295	-108.61416053771973	-0.7908778339624405	2590.8856201171875	0.10796765051782131	-111.57622528076172	-0.7427668571472168	-17.961536407470703	-0.3818989768624306	27.56303119659424	0.302456758916378	0.010893368686083704	-0.692376971244812	-0.01675246166996658	-0.6807283014059067	-18.178897380828857	28.667956829071045	-0.047114383429288864	-0.003559294738806784	1.2420807033777237	3.107250452041626	0.15448571369051933	0.18813740834593773	0.15828676521778107	0.18526474386453629
grp-15	T2	17	510.0	0.5666359812021255	27.127651691436768	0.27239689230918884	2.530399888753891	27.127651691436768	0.27239689230918884	21.17786979675293	25.448337078094482	34.09720516204834	12.91933536529541	259.6894111633301	309.87366104125977	174.93932342529297	303.8312187194824	0.5666359812021255	1.5284511148929596	0.09583871439099312	0.2568434029817581	0.7354738339781761	0.6396351307630539	23.75936484336853	24.112893223762512	19.113064765930176	20.674261450767517	0.05574602074921131	1.8642755448818207	1.3890546560287476	0.7433868199586868	2.530399888753891	1.8711539804935455	2.0152421593666077	6.288131475448608	20.894574642181396	0.6260157376527786	502.29393768310547	0.3917461410164833	1207.5468444824219	0.19006961584091187	-95.89012145996094	-1.0059514194726944	1514.49609375	0.16871101036667824	-97.93508720397949	-0.9096587300300598	2566.2218627929688	0.11476613208651543	-101.51249885559082	-0.8451493978500366	-15.414212226867676	-0.4899867996573448	24.80494451522827	0.3533884361386299	0.030569065362215042	1.2441349625587463	-0.01887825969606638	-0.6285714209079742	-13.786624431610107	24.042134284973145	-0.030044306069612503	-0.0024485095891577657	1.058686226606369	2.5718104243278503	0.203659288585186	0.21510031819343567	0.17181523889303207	0.23284391313791275
grp-15	T2	18	540.0	0.2095897365361452	20.719191551208496	0.22942421212792397	0.7544888583943248	20.719191551208496	0.22942421212792397	17.887224674224854	19.999547004699707	22.82123851776123	4.934013843536377	245.47693634033203	348.1592826843262	113.07832336425781	226.99409008026123	0.2095897365361452	0.8078731596469879	0.07784384861588478	0.161355871707201	0.2967522367835045	0.2189083881676197	5.069383323192596	4.329175025224686	3.587182804942131	3.1635976135730743	0.0415687789209187	1.6814695000648499	1.4471207559108734	0.7279081642627716	0.7544888583943248	-97.70505654811859	4.146269261837006	8.144756197929382	22.923263549804688	0.680406391620636	455.2085189819336	0.3296065181493759	1209.4013977050781	0.1889566220343113	-91.71019172668457	-1.0402104258537292	1446.2610778808594	0.15939296782016754	-99.51372528076172	-0.8733535706996918	2522.4705810546875	0.09890125505626202	-103.91662788391113	-0.7922793477773666	-19.26833200454712	-0.3479003235697746	28.661753177642822	0.2770225629210472	0.0023121591366361827	-3.897566318511963	-0.017888915492221713	-0.8192648440599442	-17.076339960098267	26.930397510528564	-0.04437802638858557	-0.0029414274213195313	2.4174725115299225	2.9160152673721313	0.1846737377345562	0.1612293515354395	0.14623787254095078	0.21045995876193047
grp-15	T2	19	570.0	0.3158777579665184	23.612660884857178	0.2552536502480507	2.5334761440753937	23.612660884857178	0.2552536502480507	19.65018606185913	21.637539863586426	27.727949619293213	8.077763557434082	246.45890045166016	336.9913101196289	75.29638767242432	89.90182304382324	0.3158777579665184	0.9222779273986816	0.10408971551805735	0.21853539533913136	0.4542059004306793	0.35011618584394455	6.46711078286171	4.545321017503738	5.646509200334549	4.7133640348911285	0.035610013641417027	1.875240981578827	1.427991658449173	0.7106722146272659	2.5334761440753937	1.922071933746338	3.8339690566062927	6.511461496353149	23.17134189605713	0.5777065679430962	451.12730407714844	0.32243363559246063	1162.8053283691406	0.17886920273303986	-66.47493362426758	-1.3635762631893158	1463.2757568359375	0.14574426412582397	-76.44184112548828	-1.070439025759697	2553.1728515625	0.08476502262055874	-81.06861877441406	-0.9638858139514923	-18.20310068130493	-0.3573453649878502	27.43037509918213	0.2876127362251282	0.015430608531460166	2.61918106675148	-0.01761953649111092	-0.6500169038772583	-17.49001932144165	27.346911907196045	-0.0332287629134953	-0.005308634077664465	2.325775295495987	2.8399600982666016	0.2373553179204464	0.21990082412958145	0.11278442479670048	0.1328273043036461
grp-15	T2	20	600.0	0.25197412073612213	27.955464363098145	0.2461591400206089	4.797070562839508	27.955464363098145	0.2461591400206089	21.13598871231079	26.145352363586426	34.68639278411865	13.550404071807861	207.57964324951172	347.742374420166	95.35961723327637	176.01183891296387	0.25197412073612213	0.9794464409351349	0.070201825350523	0.16175760887563229	0.38227954506874084	0.31207771226763725	5.296078830957413	3.853841155767441	4.524868488311768	3.7974585592746735	0.03215578617528081	1.9322385787963867	1.2801408767700195	0.7722575813531876	4.797070562839508	1.0118010491132736	5.628971815109253	3.0655837655067444	25.663064002990723	0.4464932754635811	471.5290298461914	0.3298517316579819	1182.9085693359375	0.180730190128088	-92.21597099304199	-1.0345300883054733	1512.9615783691406	0.15900272876024246	-99.47575378417969	-0.8623342663049698	2580.3082885742188	0.09821039997041225	-102.67469024658203	-0.8050254583358765	-19.64822006225586	-0.3445827215909958	28.530630111694336	0.2738931104540825	0.01631942973472178	2.9212568402290344	-0.017770388163626194	-0.6423139125108719	-18.847375869750977	29.138000965118408	-0.047021834179759026	-0.002474536857334897	2.1507169008255005	2.5745527148246765	0.21434218809008598	0.19793923012912273	0.16805512085556984	0.21278782561421394
grp-15	T2	21	630.0	0.27934106811881065	26.40687847137451	0.26848234981298447	3.0508334040641785	26.40687847137451	0.26848234981298447	21.098837852478027	23.81565570831299	34.81137657165527	13.712538719177246	308.9168395996094	524.4235458374023	150.96699142456055	244.4636936187744	0.27934106811881065	1.0060558319091797	0.08144254051148891	0.15916684828698635	0.4379197135567665	0.35647717118263245	6.759793400764465	5.773697227239609	5.924889713525772	5.440850704908371	0.05219478253275156	1.9556613266468048	1.3827245831489563	0.7329593002796173	3.0508334040641785	1.6570450067520142	2.2929612398147583	10.79766982793808	21.364924430847168	0.6724642217159271	484.0344467163086	0.3366827219724655	1218.577880859375	0.1951817274093628	-97.82386207580566	-0.9753922522068024	1522.0502319335938	0.16273164376616478	-102.26001358032227	-0.8555868417024612	2573.9439086914062	0.11018930375576019	-105.36556434631348	-0.8012858629226685	-18.113036632537842	-0.4077695310115814	27.265294075012207	0.30680089443922043	0.01725855190306902	2.597377121448517	-0.020104377064853907	-0.6151384115219116	-15.652436256408691	25.090826988220215	-0.03796915989369154	-0.0037861312739551067	2.1673891097307205	2.8225653171539307	0.17968788743019104	0.19189927354454994	0.15540216118097305	0.17775924131274223
grp-15	T2	22	660.0	0.3347151316702366	24.788951873779297	0.24950873479247093	2.125724345445633	24.788951873779297	0.24950873479247093	21.666375637054443	23.23192548751831	28.463478088378906	6.797102451324463	366.25099182128906	506.2166442871094	216.96064376831055	474.5157775878906	0.3347151316702366	1.172959953546524	0.09645883087068796	0.20793476328253746	0.4778538718819618	0.38139504566788673	12.122381567955017	14.613545656204224	7.445799827575684	8.22087836265564	0.04525739885866642	1.9466546475887299	1.4905860424041748	0.7431733161211014	2.125724345445633	2.127795785665512	1.1524463817477226	-3.9206442832946777	20.774109363555908	0.8977707624435425	493.8222885131836	0.3865983486175537	1183.7475891113281	0.21013611182570457	-98.53040885925293	-0.970150038599968	1528.6304931640625	0.16334417834877968	-104.99960136413574	-0.8247451484203339	2562.21728515625	0.11016195826232433	-107.35992622375488	-0.7847126424312592	-18.321077823638916	-0.41118550300598145	26.526939392089844	0.31618643552064896	0.018907011253759265	2.0490487813949585	-0.01941865822300315	-0.6417265385389328	-13.946725368499756	23.058696269989014	-0.03414877504110336	-0.0032015056640375406	1.4504834711551666	3.0247609615325928	0.16310875117778778	0.1587455440312624	0.15664530918002129	0.17049867659807205
grp-15	T3	0	0.0	0.18675232119858265	23.94418716430664	0.22921941429376602	2.641418159008026	23.94418716430664	0.22921941429376602	19.905282497406006	23.237101078033447	29.21058464050293	9.305302143096924	283.3928413391113	393.7676010131836	168.30086517333984	274.01477432250977	0.18675232119858265	0.9045168906450272	0.07579903211444616	0.13024383410811424	0.2538721114397049	0.17807307839393616	4.871079981327057	4.984064757823944	3.5567418336868286	4.340159773826599	0.0460966182872653	1.9424236118793488	1.3922837972640991	0.6685585230588913	2.641418159008026	1.7739358246326447	4.309583604335785	5.852312505245209	23.472262859344482	0.5996117889881134	482.3791046142578	0.38302379846572876	1213.0667724609375	0.19075178354978561	-120.28630638122559	-0.7701723575592041	1511.1615600585938	0.157196544110775	-125.29044914245605	-0.6775267869234085	2577.1875	0.09882079996168613	-127.63566589355469	-0.643398717045784	-18.11800527572632	-0.3470369651913643	27.85226345062256	0.28890810906887054	-0.004258281172951683	-12.770793437957764	-0.01310324459336698	-0.911328449845314	-17.754320859909058	28.602778911590576	-0.04950999841094017	-0.0007323266690946184	1.22540844976902	2.2636152803897858	0.17611885629594326	0.1806092206388712	0.2423195280134678	0.3643106520175934
grp-15	T3	1	30.0	0.17442097701132298	25.151663780212402	0.1834086738526821	1.6151451393961906	25.151663780212402	0.1834086738526821	21.69610357284546	24.425491333007812	29.311241626739502	7.615138053894043	272.71578216552734	301.839542388916	111.94972038269043	171.20377445220947	0.17442097701132298	0.6592370569705963	0.07401728816330433	0.15347542613744736	0.2539683096110821	0.1799510270357132	1.6585932224988937	1.6675197035074234	1.226359024643898	0.7711278647184372	0.03758345078676939	1.964402973651886	1.3626233637332916	0.6185638159513474	1.6151451393961906	5.03710001707077	3.1665114760398865	3.904478967189789	17.056625366210938	0.5307598039507866	575.1385498046875	0.4372587502002716	1205.9600830078125	0.19308283179998398	-138.48154640197754	-0.6278906241059303	1604.4072265625	0.17888303846120834	-139.3443603515625	-0.5995568186044693	2638.880126953125	0.11019659228622913	-140.49991416931152	-0.5830031633377075	-11.529757261276245	-0.44101187586784363	19.889546871185303	0.31866438686847687	0.004865222959779203	11.099316954612732	-0.00820514268707484	-1.010747253894806	-14.300379514694214	25.102174282073975	-0.03463881416246295	-0.0006971907496335916	1.900633543729782	1.8878528475761414	0.16131693124771118	0.16055114194750786	0.32290781289339066	0.5600478947162628
grp-15	T3	2	60.0	0.1492907516658306	27.149728775024414	0.2647159993648529	3.061703085899353	27.149728775024414	0.2647159993648529	21.35848093032837	27.034745693206787	34.24533271789551	12.886851787567139	314.95067596435547	420.7860870361328	191.14218139648438	289.0192642211914	0.1492907516658306	0.8775209784507751	0.06775635480880737	0.11260274797677994	0.20454033836722374	0.13678398355841637	2.299207180738449	2.001989960670471	1.7975438833236694	1.8126047849655151	0.042616818100214005	2.0421980917453766	1.2582362592220306	0.7008763402700424	3.061703085899353	1.8588530719280243	2.4894871413707733	8.374467611312866	20.62600040435791	0.7030050605535507	476.38428497314453	0.35328247398138046	1212.2292785644531	0.1994536854326725	-141.7667064666748	-0.6045909523963928	1500.7486267089844	0.15698813274502754	-142.8995475769043	-0.5647802501916885	2574.37939453125	0.09831063821911812	-145.04401779174805	-0.534771054983139	-15.628268957138062	-0.402929849922657	26.105931282043457	0.3183460831642151	0.012842021766118705	6.229240953922272	-0.013607605826109648	-0.7744230777025223	-16.14644956588745	26.7490873336792	-0.03876286931335926	-0.0025647509610280395	1.3087695837020874	2.1877088844776154	0.13135153613984585	0.15786471217870712	0.2998351454734802	0.4582473486661911
grp-15	T3	3	90.0	0.07675781939178705	22.463412761688232	0.21778704226016998	1.2403494566679	22.463412761688232	0.21778704226016998	19.730347633361816	21.963322639465332	25.79689359664917	6.0665459632873535	242.1741485595703	211.22019004821777	117.15377426147461	157.00289726257324	0.07675781939178705	0.7234041094779968	0.03768561128526926	0.054237090051174164	0.10793712735176086	0.0702515160664916	1.1444856151938438	1.3096564188599586	0.665051631629467	0.5528048574924469	0.05252821184694767	1.625051200389862	1.648567259311676	0.7266639620065689	1.2403494566679	5.0523941814899445	4.844997525215149	3.8740180134773254	22.881842613220215	0.6350603401660919	496.8024368286133	0.43076417595148087	1231.1609497070312	0.1767660416662693	-172.99884033203125	-0.36678219214081764	1522.5861206054688	0.17559679597616196	-174.4501724243164	-0.3401367776095867	2617.7728271484375	0.0966255683451891	-175.17875289916992	-0.32908259332180023	-18.978167057037354	-0.31034014374017715	28.249268531799316	0.26424575224518776	-0.01691622333601117	-4.13239312171936	-0.009399702190421522	-1.1034379303455353	-22.317835330963135	33.71488380432129	-0.06450969818979502	0.0005477846571011469	1.3004335016012192	0.9603376090526581	0.13790983892977238	0.1402936577796936	0.795936182141304	2.262136161327362
grp-15	T3	4	120.0	0.040914525743573904	13.298265933990479	0.0633456064388156	2.009679853916168	13.298265933990479	0.0633456064388156	12.693429946899414	13.030734062194824	13.957945108413696	1.2645151615142822	5.994791721925139	0.0	-29.874454855918884	0.0	0.040914525743573904	0.23547828570008278	0.03514239750802517	0.03777094604447484	0.04432149417698383	0.009179096668958664	0.1920375470072031	0.24357901141047478	0.2037174552679062	0.27814337331801653	0.02128324913792312	0.10739811230450869	1.9234172105789185	0.21218173578381538	2.009679853916168	-0.5738370232284069	-9.147040367126465	-0.8081701174378395	1.4657774567604065	-4.634184924885631	820.9090423583984	0.38641175627708435	1406.7217712402344	0.19074798934161663	-200.41329193115234	-0.03215578990057111	1918.4400634765625	0.18511798232793808	-200.4180450439453	-0.03125669923610985	2927.5332641601562	0.09041990689001977	-200.42795944213867	-0.030750005273148417	-28.328059196472168	-0.1805945709347725	41.35282611846924	0.13210164941847324	-0.07741490937769413	-0.3773093521595001	0.0004383233026601374	1.2180713657289743	-26.47761297225952	38.65065383911133	-0.08077404089272022	0.0009468428215768654	1.9673224240541458	0.0	0.0	0.0	12.274999618530273	3.323164701461792
grp-15	T3	5	150.0	0.04398927465081215	13.811073303222656	0.07797247730195522	1.8162942975759506	13.811073303222656	0.07797247730195522	13.017977714538574	13.390965700149536	14.740644454956055	1.7226667404174805	28.822692394256592	21.770596027374268	63.07145953178406	4.716411590576172	0.04398927465081215	0.31413450464606285	0.035791763570159674	0.03934587771072984	0.048486486077308655	0.012694722507148981	0.25275395438075066	0.33243295550346375	0.20760201662778854	0.27436440624296665	0.04604445584118366	0.07386328279972076	2.484086960554123	0.24164216592907906	1.8162942975759506	0.15390439331531525	38.33923518657684	2.0105380415916443	-7.792100489139557	-5.550969481468201	994.9549865722656	0.14567996188998222	1244.3694458007812	0.11376143619418144	-200.39251708984375	-0.0381962968967855	2097.2935791015625	0.08565832301974297	-200.4089012145996	-0.0369913587346673	3108.3793334960938	0.05730124190449715	-200.41580963134766	-0.03661514678969979	-26.841674327850342	-0.1607784405350685	39.681840896606445	0.12279927544295788	-0.07880405895411968	-0.29227378964424133	0.0013330460351426154	1.7244409918785095	-25.2614107131958	37.14254379272461	-0.07692496106028557	0.0014330793273984455	1.425475150346756	0.0668170154094696	0.015833332668989897	0.0011785111855715513	9.146428346633911	6.9780659675598145
grp-15	T3	6	180.0	0.042025045957416296	9.987658500671387	0.05692233610898256	-1.9297398626804352	9.987658500671387	0.05692233610898256	9.35804796218872	9.963248014450073	10.415795087814331	1.0577471256256104	20.069182712584734	10.978240013122559	1.2053489685058594	20.0085506439209	0.042025045957416296	0.2262304127216339	0.035673868376761675	0.039198786951601505	0.04647654481232166	0.010802676435559988	0.22507959976792336	0.36762181110680103	0.16947702690958977	0.23050475493073463	0.026936507783830166	0.0	1.0126319974660873	0.30154649913311005	-1.9297398626804352	-0.6338174492120743	5.537075340747833	-3.6090351939201355	-9.49809455871582	-4.649685204029083	748.1100311279297	0.1368179228156805	926.3599243164062	0.0753744076937437	-200.5413589477539	-0.028030911460518837	1547.0159301757812	0.08299941569566727	-200.55621719360352	-0.02716202661395073	2336.1907958984375	0.05894472636282444	-200.55958938598633	-0.026981675997376442	-18.665242195129395	-0.1478323508054018	28.12203598022461	0.09748932160437107	-0.06117194518446922	-0.2597639784216881	0.0006232709347386844	9.36430013179779	-25.528202056884766	37.472588539123535	-0.07531417347490788	0.0007650311454199255	1.1003667712211609	0.02505010273307562	0.009999999776482582	0.0	13.324999570846558	4.528776407241821
grp-15	T3	7	210.0	0.04330687178298831	13.381327629089355	0.06470770575106144	-0.816499650478363	13.381327629089355	0.06470770575106144	12.841103315353394	13.152503728866577	13.728559255599976	0.887455940246582	39.90784227848053	34.509095191955566	71.72466468811035	57.84818458557129	0.04330687178298831	0.25561271980404854	0.035676623694598675	0.03919790172949433	0.0491424473002553	0.013465823605656624	0.21634753048419952	0.26756681874394417	0.16376532800495625	0.21684529446065426	0.019500046968460083	0.27701855450868607	2.5309789776802063	0.3862297460436821	-0.816499650478363	-0.5110515654087067	-29.54788951575756	-26.455098748207092	-22.612321868538857	50.886560559272766	912.6446533203125	0.2270110324025154	1263.3328247070312	0.1368267610669136	-200.05927276611328	-0.048099440056830645	2005.9637451171875	0.11617600545287132	-200.08742904663086	-0.04659195803105831	3090.953369140625	0.08322838135063648	-200.10422134399414	-0.045735678635537624	-25.59588861465454	-0.15483976155519485	37.377352237701416	0.12600835412740707	-0.08269292488694191	-0.20447107776999474	-4.4163061829749495e-05	-1.563711792230606	-25.592957973480225	37.549824714660645	-0.07728883251547813	0.0010326690971851349	1.7839279621839523	0.08350034058094025	0.025208333507180214	0.011645629536360502	8.071874856948853	4.867308974266052
grp-15	T3	8	240.0	0.04263987811282277	10.795928955078125	0.117176478728652	-2.445146828889847	10.795928955078125	0.117176478728652	9.52805471420288	10.198448657989502	12.37467360496521	2.846618890762329	131.9574785232544	23.273807525634766	-6.130584716796875	22.493959426879883	0.04263987811282277	0.3413149416446686	0.0356273609213531	0.03879410494118929	0.04674008674919605	0.01111272582784295	0.6271514967083931	1.0738117545843124	0.32896914705634117	0.44426561146974564	0.008933884091675282	0.0912451446056366	1.7096590995788574	0.4028480276465416	-2.445146828889847	-0.5135876834392548	-0.36414384841918945	1.5589892268180847	-0.5671463012695312	1.9531437754631042	613.0587463378906	0.2454715520143509	934.4071350097656	0.12851312570273876	-200.16240310668945	-0.03893878497183323	1413.7814025878906	0.12155331298708916	-200.1908950805664	-0.03755019046366215	2195.4923706054688	0.07868951000273228	-200.20601654052734	-0.03676544688642025	-15.33153486251831	-0.2527841329574585	24.39041805267334	0.1574842780828476	-0.04747965186834335	-0.35745786130428314	0.0006041466112947091	-3.716500610113144	-26.049362659454346	37.92123508453369	-0.07862196676433086	0.0008957745885709301	0.2667555809020996	0.05010020453482866	0.017916666343808174	0.002428511157631874	11.035249531269073	3.553995430469513
grp-15	T3	9	270.0	0.0505714938044548	13.441754341125488	0.06279917154461145	-2.527880370616913	13.441754341125488	0.06279917154461145	12.817634105682373	13.108509302139282	13.864597797393799	1.0469636917114258	20.579181671142578	2.500030040740967	-0.9536889009177685	0.9636030197143555	0.0505714938044548	0.5110005214810371	0.0361991235986352	0.040910872630774975	0.05877157114446163	0.022572447545826435	0.4447676055133343	0.4684317633509636	0.36021434143185616	0.3997534066438675	0.019647609908133745	0.1158311739563942	2.6824983656406403	0.3443473391234875	-2.527880370616913	-0.4696878045797348	-3.9171501132659614	-14.797825247049332	-1.5946866273880005	-1.7464563306421041	906.8721008300781	0.21322630147915334	1253.3905334472656	0.1384990718215704	-200.24013900756836	-0.041918591130524874	1998.1117248535156	0.1276036468334496	-200.2643585205078	-0.040520462673157454	3008.080322265625	0.0776033824076876	-200.27266693115234	-0.04018840938806534	-24.902761936187744	-0.24996996577829123	36.78172445297241	0.1841099145822227	-0.08184413332492113	-0.22097537969239056	0.002980854784254916	6.542427957057953	-23.72059202194214	35.4141263961792	-0.07152751833200455	0.0010064085072372109	0.8669556528329849	0.06680027209222317	0.021666666492819786	0.0023570223711431026	8.213109850883484	4.645253360271454
grp-15	T3	10	300.0	0.06999716255813837	23.34169340133667	0.33959033340215683	1.2454312443733215	23.34169340133667	0.33959033340215683	16.645503997802734	23.31012725830078	29.15140390396118	12.505899906158447	351.9240264892578	336.9392509460449	313.15005111694336	353.2213706970215	0.06999716255813837	0.7078795582056046	0.04067306872457266	0.05598293151706457	0.08651100844144821	0.04583793971687555	0.8032814785838127	1.0092316567897797	0.8469330444931984	1.117779180407524	0.06310570426285267	1.3605743050575256	1.5430719554424286	0.6774856746196747	1.2454312443733215	-1.1781926453113556	14.366505861282349	2.9015860557556152	22.744699478149414	0.8796305358409882	555.7715454101562	0.45969855040311813	1235.007080078125	0.1841234341263771	-188.1624526977539	-0.22534418478608131	1674.3747253417969	0.17946290597319603	-188.54041290283203	-0.2115154266357422	2724.2788696289062	0.11272521503269672	-188.7445526123047	-0.20775753632187843	-23.096002101898193	-0.2766539379954338	32.999958515167236	0.22903666272759438	-0.034040975966490805	-3.5576425790786743	-0.010133313946425915	-1.2815843969583511	-22.354473114013672	34.25387191772461	-0.06676230765879154	8.580866415286437e-05	1.1003667712211609	0.643418662250042	0.09624816477298737	0.12679210118949413	1.0700272917747498	2.027536302804947
grp-15	T3	11	330.0	0.28534863516688347	25.24085235595703	0.24376730993390083	2.307452291250229	25.24085235595703	0.24376730993390083	21.710817337036133	24.134350299835205	28.86834478378296	7.157527446746826	381.99229431152344	503.70448303222656	188.3132095336914	307.03485679626465	0.28534863516688347	1.1669926345348358	0.04966693092137575	0.16873706132173538	0.46059276163578033	0.41092582792043686	8.510980367660522	9.410640716552734	6.538129478693008	7.03991425037384	0.049561938270926476	2.0273118019104004	1.441063791513443	0.783106803894043	2.307452291250229	1.9480018615722656	0.9388048551045358	-220.63864040374756	20.92272186279297	0.8265146166086197	485.57308197021484	0.36748694628477097	1229.32177734375	0.19304580613970757	-119.56322288513184	-0.7929803431034088	1489.1111145019531	0.16186637058854103	-123.46906471252441	-0.7089519649744034	2546.1016845703125	0.11128073371946812	-125.97802352905273	-0.6708703339099884	-17.540364265441895	-0.38242705911397934	26.686098098754883	0.29898860305547714	0.02030999818816781	1.9811350405216217	-0.01944446749985218	-0.7154885977506638	-17.03641653060913	27.63809299468994	-0.04197449516505003	-0.0015685559701523744	1.5088362842798233	2.3231332898139954	0.16874520853161812	0.13300669007003307	0.24487848207354546	0.47857021540403366
grp-15	T3	12	360.0	0.1700514853000641	32.589134216308594	0.23427115380764008	5.877779483795166	32.589134216308594	0.23427115380764008	28.024601459503174	34.894537925720215	36.85144901275635	8.826847553253174	558.837646484375	774.5714874267578	208.55389785766602	301.5869140625	0.1700514853000641	1.0372132062911987	0.05739140324294567	0.1358313336968422	0.24125096574425697	0.1838595625013113	8.572100698947906	7.794971764087677	5.8685071766376495	6.290700376033783	0.047299547120928764	2.1799195408821106	1.100727066397667	0.8423672765493393	5.877779483795166	0.9872209876775742	6.012531161308289	8.754412651062012	18.973448276519775	0.9882126599550247	491.7864761352539	0.31357504427433014	1183.6040649414062	0.1834392063319683	-119.87578201293945	-0.7708996534347534	1572.0057678222656	0.15523628145456314	-120.15999031066895	-0.7042104154825211	2634.6485595703125	0.10059863142669201	-122.11472511291504	-0.6750372499227524	-17.867762565612793	-0.42819181084632874	27.73473596572876	0.34339825063943863	0.011858076672069728	2.80966380238533	-0.017757436726242304	-0.6078088358044624	-18.80649423599243	29.247296810150146	-0.050611806102097034	-0.003287266124971211	1.3087695837020874	2.7975040674209595	0.15235073864459991	0.14636391773819923	0.19251522421836853	0.2355252094566822
grp-16	T1	0	0.0	0.14863629266619682	25.72550868988037	0.20748910680413246	3.759718894958496	25.72550868988037	0.20748910680413246	21.9266300201416	25.075358390808105	30.69049835205078	8.76386833190918	271.94995880126953	297.11146545410156	131.69407844543457	175.8860969543457	0.14863629266619682	0.8818381279706955	0.05709490552544594	0.10853968746960163	0.20784858614206314	0.1507536843419075	2.691225677728653	2.3803837299346924	2.3472418785095215	2.4594843834638596	0.04737425874918699	1.978646844625473	1.331950306892395	0.7207915037870407	3.759718894958496	1.2024140655994415	4.350932419300079	3.5404422879219055	24.72067165374756	0.42059630155563354	460.9676284790039	0.3600242808461189	1164.5841979980469	0.19231674820184708	-118.34377098083496	-0.7878740578889847	1484.9693908691406	0.15533173084259033	-123.58961296081543	-0.6898428499698639	2551.887939453125	0.09954827092587948	-126.26553535461426	-0.6495926380157471	-18.70137071609497	-0.3459225818514824	28.33462429046631	0.2743108198046684	0.003681906615383923	1.709015130996704	-0.01436802907846868	-0.8330025672912598	-20.38273572921753	31.02867317199707	-0.05132768955081701	-0.0026369199040345848	1.9256418645381927	2.3636594414711	0.17146809212863445	0.17819315195083618	0.24096150323748589	0.34615153819322586
grp-16	T1	1	30.0	0.1093764416873455	24.058459281921387	0.18418429046869278	2.059914141893387	24.058459281921387	0.18418429046869278	21.938988208770752	23.736820220947266	26.493431568145752	4.554443359375	350.2124557495117	457.6415710449219	165.5962963104248	372.6919708251953	0.1093764416873455	0.8327634185552597	0.04937044996768236	0.07642138469964266	0.15443662740290165	0.10506617743521929	1.595193162560463	1.275314450263977	1.0259974002838135	0.8721169456839561	0.052310152910649776	1.8889884948730469	1.4746719300746918	0.6399031579494476	2.059914141893387	2.1152133643627167	3.0188084840774536	4.663961231708527	20.558067798614502	0.5456152707338333	466.61463928222656	0.3841206431388855	1179.3768920898438	0.23555120825767517	-149.38496780395508	-0.5528593733906746	1486.1585083007812	0.16312513127923012	-152.2138214111328	-0.5054654702544212	2541.0260620117188	0.09175757691264153	-153.28135681152344	-0.49022194743156433	-16.537009477615356	-0.41021057218313217	24.84932231903076	0.31675660610198975	-0.0030230991542339325	4.568724513053894	-0.010902688489295542	-1.1770532131195068	-20.014963626861572	30.833680152893066	-0.05669390130788088	-0.000528395023138728	1.1420473456382751	1.7458909451961517	0.14067437127232552	0.11450066417455673	0.3917274624109268	0.6028432101011276
grp-16	T1	2	60.0	0.1057041808962822	23.488073348999023	0.1819051057100296	1.9726862907409668	23.488073348999023	0.1819051057100296	21.067501544952393	23.5077543258667	26.639463424682617	5.571961879730225	215.23643493652344	227.63320541381836	144.1976547241211	193.04695892333984	0.1057041808962822	0.5832109451293945	0.04977960605174303	0.0907783517614007	0.15079639479517937	0.10101678967475891	1.2741059213876724	0.842278465628624	0.9785413444042206	0.6188423112034798	0.05618818290531635	1.8720301687717438	1.5329803824424744	0.6135350465774536	1.9726862907409668	2.227322965860367	5.636994957923889	2.891209363937378	24.558685779571533	0.3932212144136429	467.9925765991211	0.39734692871570587	1194.1834716796875	0.1864255629479885	-134.59885597229004	-0.6501178294420242	1492.1089782714844	0.1667003594338894	-138.7927303314209	-0.5810166522860527	2598.1580810546875	0.08620971068739891	-140.89854431152344	-0.5505510941147804	-18.79094386100769	-0.33743900060653687	28.64954376220703	0.27992917597293854	-0.015394907211884856	-2.790024697780609	-0.009631635271944106	-1.4282457679510117	-20.920368194580078	31.555871963500977	-0.05870248470455408	-0.0016677689272910357	3.0926976203918457	2.2879092693328857	0.14099743030965328	0.1002552630379796	0.2751406282186508	0.3466028645634651
grp-16	T1	3	90.0	0.07208877895027399	23.82283639907837	0.22097060456871986	2.1528103947639465	23.82283639907837	0.22097060456871986	20.40771770477295	23.35457468032837	28.79280185699463	8.38508415222168	258.396915435791	307.1897277832031	143.56621170043945	237.02897834777832	0.07208877895027399	0.6266234293580055	0.04159860871732235	0.049615371972322464	0.0977832917124033	0.05618468299508095	1.2902250364422798	1.425998069345951	0.9763405695557594	0.9383780360221863	0.04733324330300093	1.5107924789190292	1.6094464659690857	0.6198392659425735	2.1528103947639465	1.9957766085863113	4.0623694360256195	5.762645125389099	22.737051486968994	0.7660079598426819	468.9922103881836	0.3894864693284035	1182.0732727050781	0.18769188597798347	-179.18509674072266	-0.31245584040880203	1514.2699584960938	0.15451499447226524	-180.34393692016602	-0.28862767666578293	2577.6429443359375	0.09482814185321331	-180.9121856689453	-0.27944962307810783	-19.824169158935547	-0.3025754764676094	29.154632091522217	0.2433459721505642	-0.017037400510162115	-2.3799559473991394	-0.010574849089607596	-0.8302748650312424	-22.51444435119629	33.752058029174805	-0.061474451795220375	-0.0020423686801223084	1.5338446199893951	1.0023529529571533	0.09811904467642307	0.08359088003635406	0.8078614473342896	1.5984028279781342
grp-16	T1	4	120.0	0.04379255045205355	13.202587604522705	0.05306342974654399	0.6132963411509991	13.202587604522705	0.05306342974654399	12.650982856750488	13.099195957183838	13.61196494102478	0.960982084274292	52.52635049819946	47.46077036857605	-20.63928071653936	47.22700297832489	0.04379255045205355	0.1264271130785346	0.03997793886810541	0.04220338677987456	0.04695438779890537	0.006976448930799961	0.16248571500182152	0.16970646940171719	0.14453663490712643	0.13526015914976597	0.042107307352125645	0.38139989599585533	2.7785428762435913	0.39110563695430756	0.6132963411509991	3.1347694247961044	-12.069999933242798	-5.060284361243248	-3.23402601480484	-9.198857486248016	871.7189178466797	0.2661690302193165	1386.8840942382812	0.1317422054708004	-199.68173599243164	-0.05409582983702421	1952.7605590820312	0.12529486045241356	-199.7093048095703	-0.052453184965997934	3032.8793334960938	0.10495499707758427	-199.7282485961914	-0.051721070893108845	-27.73565149307251	-0.12212030682712793	39.879515647888184	0.10298782773315907	-0.08946656435728073	-0.19576353207230568	-0.0007646115627721883	5.194445937871933	-25.468122959136963	37.40399932861328	-0.07270205020904541	-0.0012914965409436263	3.1343781650066376	0.12530913297086954	0.016428571194410324	0.0022587699349969625	6.152101039886475	5.85654354095459
grp-16	T1	5	150.0	0.04689008370041847	11.868418455123901	0.14493525959551334	0.02241605520248413	11.868418455123901	0.14493525959551334	9.461555242538452	10.028925895690918	14.498196125030518	5.0366411209106445	41.835694313049316	20.008699655532837	110.86630964279175	13.539999961853027	0.04689008370041847	0.2388582043349743	0.03969423100352287	0.04299803031608462	0.05190448369830847	0.012210252694785595	0.43133124709129333	0.4596277307718992	0.40760500729084015	0.6352733187377453	0.060673823580145836	0.21262364089488983	1.634722352027893	0.46907147765159607	0.02241605520248413	-0.09816645085811615	-11.906183958053589	-1.9872878789901733	0.5412694215774536	1.7265374436974525	707.6103973388672	0.1851748265326023	970.6832275390625	0.1001856978982687	-199.94669342041016	-0.044252471067011356	1514.8480224609375	0.10177510231733322	-199.98457717895508	-0.04258677363395691	2304.4522705078125	0.07495206780731678	-200.00138473510742	-0.04185034707188606	-19.2624568939209	-0.15428336709737778	28.056836128234863	0.11598245054483414	-0.05119204334914684	-0.3729371279478073	-0.0010714101081248373	0.2148405909538269	-24.572018146514893	36.37482690811157	-0.07176804356276989	-0.00025261149494326673	2.8092697858810425	0.0835003424435854	0.016874999273568392	0.002332531730644405	11.521237641572952	2.5670312643051147
grp-16	T1	6	180.0	0.10367646627128124	27.225240230560303	0.2461875006556511	4.943771839141846	27.225240230560303	0.2461875006556511	21.941431999206543	25.389917373657227	35.563453674316406	13.622021675109863	260.2039375305176	360.798828125	90.79019927978516	101.67665672302246	0.10367646627128124	0.7105720639228821	0.04594327509403229	0.0771189397200942	0.13565272465348244	0.08970944955945015	1.469974160194397	1.4326072931289673	1.1239096745848656	1.2476668432354927	0.03432525647804141	2.016300767660141	1.2234099507331848	0.7124878615140915	4.943771839141846	1.0025108456611633	3.8055600821971893	3.9237465262413025	25.768691062927246	0.3973994106054306	502.22918701171875	0.38171982765197754	1233.1091918945312	0.19182346016168594	-147.9826602935791	-0.5507548823952675	1559.7591552734375	0.17338022589683533	-150.5810604095459	-0.4979666620492935	2651.439453125	0.10164057090878487	-152.26203155517578	-0.4743492156267166	-20.53443193435669	-0.3233875706791878	30.187943935394287	0.25099312141537666	-0.009264241554774344	2.3190042972564697	-0.012428571470081806	-0.9076050072908401	-20.345999240875244	31.099908351898193	-0.05439052730798721	-0.0016587924292252865	1.7422474026679993	1.7535071074962616	0.15216511022299528	0.14866755530238152	0.36192555725574493	0.5699248686432838
grp-16	T1	7	210.0	0.20260565541684628	32.582579612731934	0.1638936996459961	7.905895233154297	32.582579612731934	0.1638936996459961	31.253304481506348	33.54501724243164	36.01285934448242	4.759554862976074	205.95834350585938	236.11284828186035	127.44708251953125	290.74102210998535	0.20260565541684628	0.7981381863355637	0.06916264817118645	0.15001161210238934	0.30450556240975857	0.23534290678799152	4.32226137816906	3.3750351518392563	3.159661218523979	2.8882850632071495	0.02463223086670041	2.3746737837791443	1.008995532989502	0.8676927983760834	7.905895233154297	0.5227533802390099	4.283321797847748	3.866416096687317	24.471248626708984	0.5853987038135529	520.3616943359375	0.3243658021092415	1214.19384765625	0.18199985846877098	-115.45692825317383	-0.8086575269699097	1585.1072387695312	0.1709480620920658	-119.1982307434082	-0.7083907574415207	2663.0167846679688	0.10806482657790184	-121.87168312072754	-0.6654735207557678	-19.77908229827881	-0.34774962812662125	29.461448192596436	0.26674792915582657	0.0010994703625328839	4.0044746696949005	-0.019652203656733036	-0.6160854697227478	-16.585174083709717	27.033920288085938	-0.043398105539381504	-0.003076984365179669	2.5341781079769135	2.43861722946167	0.17963888309895992	0.15305395424365997	0.20568451285362244	0.27323107048869133
grp-16	T1	8	240.0	0.17703414149582386	32.59162902832031	0.10904818773269653	7.901216983795166	32.59162902832031	0.10904818773269653	31.62357807159424	32.65561580657959	33.96420669555664	2.3406286239624023	312.6760444641113	413.0964012145996	124.42482566833496	269.2450726032257	0.17703414149582386	0.8260449916124344	0.04951783735305071	0.1401251396164298	0.27306361496448517	0.2235457729548216	3.5357521921396255	2.9567093700170517	2.6286855041980743	2.4565042704343796	0.020843987353146076	2.7912380695343018	1.0218106657266617	0.9236046969890594	7.901216983795166	0.46091093868017197	5.8744882345199585	3.1609083116054535	26.016733646392822	0.49440499395132065	535.943962097168	0.28369665145874023	1213.197509765625	0.18001404404640198	-136.0251235961914	-0.6494097486138344	1626.3753051757812	0.17704030126333237	-140.40335655212402	-0.5697821825742722	2691.2772827148438	0.09656555578112602	-141.74461936950684	-0.5497026890516281	-19.797314167022705	-0.4029332920908928	28.514238834381104	0.30538254231214523	0.003924645250663161	-0.39319467544555664	-0.02217240398749709	-0.5775532871484756	-19.192723274230957	29.726251125335693	-0.05178234726190567	-0.0035144626162946224	2.0173391103744507	1.9127966463565826	0.1608364600688219	0.1359159369021654	0.32600025832653046	0.9910539537668228
grp-16	T1	9	270.0	0.2704543564468622	33.79758262634277	0.1207963339984417	9.075451374053955	33.79758262634277	0.1207963339984417	32.38340091705322	34.408246994018555	36.25929927825928	3.8758983612060547	205.9324188232422	274.60790634155273	94.88247680664062	179.69346714019775	0.2704543564468622	0.6484470814466476	0.07519341632723808	0.2302421499043703	0.44299833476543427	0.3678049147129059	4.487172782421112	2.801867440342903	2.9811455607414246	2.132531017065048	0.023210593033581972	2.7581281661987305	0.8450359851121902	0.9260726273059845	9.075451374053955	0.44425155222415924	9.09070110321045	1.6418051719665527	24.916470527648926	0.5780482441186905	474.73960876464844	0.3245384693145752	1192.4394836425781	0.18929892405867577	-86.64909172058105	-1.076619952917099	1556.8905334472656	0.18120956420898438	-91.2043285369873	-0.9110021889209747	2646.3150634765625	0.09530401788651943	-93.42622566223145	-0.868632048368454	-19.357747077941895	-0.36568114906549454	27.347835540771484	0.32111524045467377	0.02350855537224561	3.307683303952217	-0.020906567107886076	-0.5558609366416931	-19.30431079864502	29.93365240097046	-0.04728388134390116	-0.0030006100132595748	3.1677226424217224	1.9039499759674072	0.3243109658360481	0.2688646614551544	0.1927044801414013	0.3737153634428978
grp-16	T1	10	300.0	0.25341056287288666	33.80924987792969	0.12352585606276989	8.111167907714844	33.80924987792969	0.12352585606276989	32.53549003601074	34.08297538757324	36.27694606781006	3.7414560317993164	337.0158100128174	456.6915092468262	72.4151439666748	91.29876804351807	0.25341056287288666	0.887244924902916	0.0739123597741127	0.16482368484139442	0.3860526382923126	0.3121402747929096	6.341299504041672	4.474295735359192	4.440361201763153	3.6338188499212265	0.026702966075390577	2.5199626684188843	0.9982940256595612	0.8791795969009399	8.111167907714844	0.4896501675248146	5.3922335505485535	2.953134208917618	23.173787593841553	0.5714348256587982	490.87989044189453	0.29297109693288803	1198.9053344726562	0.1829320378601551	-101.22593116760254	-0.9374083876609802	1569.1102600097656	0.16518795862793922	-105.20469284057617	-0.8135681301355362	2630.3359985351562	0.10305495373904705	-107.23034858703613	-0.7768716365098953	-18.315507888793945	-0.408291719853878	27.065927505493164	0.3381948471069336	0.012007657962385565	6.216354548931122	-0.02268597949296236	-0.486617274582386	-18.454658269882202	28.68758773803711	-0.046710279770195484	-0.00488140425295569	2.3841280341148376	2.4977036118507385	0.20563501492142677	0.16012599878013134	0.17716486379504204	0.27567505091428757
grp-16	T1	11	330.0	0.24431565217673779	30.88489866256714	0.14027747884392738	6.597388863563538	30.88489866256714	0.14027747884392738	29.642427921295166	31.879716873168945	33.39305305480957	3.7506251335144043	360.9184265136719	485.1366424560547	112.82877349853516	177.69147109985352	0.24431565217673779	0.6926512122154236	0.08759558759629726	0.20832519978284836	0.3658686392009258	0.27827304415404797	3.8772723376750946	2.270355463027954	2.858412742614746	1.8600397408008575	0.03199771698564291	2.307140290737152	1.0901017487049103	0.873473271727562	6.597388863563538	0.6501956060528755	2.039255114272237	43.76061683893204	26.63158416748047	0.5296086743474007	523.4145355224609	0.3006521090865135	1233.6162719726562	0.17477288097143173	-96.74416542053223	-0.9866179078817368	1571.1050109863281	0.19992362335324287	-103.53061103820801	-0.8319366127252579	2699.1259155273438	0.10492779687047005	-107.35151481628418	-0.76404869556427	-19.7650146484375	-0.35917043685913086	30.247702598571777	0.2718232311308384	0.008708051551366225	-5.2948488891124725	-0.027149538975208998	-0.5270781740546227	-18.4138081073761	28.54871654510498	-0.04168870206922293	-0.007684686977881938	3.076025366783142	2.739260256290436	0.1894118282943964	0.1544784251600504	0.16125329583883286	0.15487755835056305
grp-16	T1	12	360.0	0.16274069249629974	24.86105966567993	0.21197689324617386	2.8365451097488403	24.86105966567993	0.21197689324617386	20.307866096496582	26.918496131896973	28.392117500305176	8.084251403808594	336.25846099853516	434.4725112915039	106.75415420532227	117.5470142364502	0.16274069249629974	0.8121190369129181	0.06216483097523451	0.11804530397057533	0.22640904039144516	0.16424420848488808	3.3819238245487213	2.8532630503177643	2.8562178909778595	2.4197060763835907	0.04798080027103424	2.058513045310974	1.3075382709503174	0.7948112785816193	2.8365451097488403	1.804548293352127	4.222886860370636	6.019559919834137	25.622475147247314	0.5770838037133217	471.29080963134766	0.33169781416654587	1202.1695861816406	0.17934898287057877	-103.37414741516113	-0.8964590281248093	1508.7489318847656	0.17696132138371468	-110.6886100769043	-0.7660694569349289	2576.0579833984375	0.11102727241814137	-113.24815940856934	-0.7268167734146118	-19.727919101715088	-0.3371158614754677	29.100272178649902	0.25841211155056953	0.0012598847388289869	4.34149843454361	-0.01895170332863927	-0.6234393417835236	-19.23837661743164	29.74729871749878	-0.04496786184608936	-0.004235350206727162	2.9343114495277405	2.9315988421440125	0.16295726224780083	0.15497373417019844	0.15872690081596375	0.2420741580426693
grp-16	T1	13	390.0	0.20836811512708664	21.392381191253662	0.14227788522839546	1.6088638603687286	21.392381191253662	0.14227788522839546	19.12056016921997	21.52411127090454	23.690683364868164	4.570123195648193	204.76002502441406	264.805908203125	84.16256904602051	123.86075639724731	0.20836811512708664	0.6665963530540466	0.07590232044458389	0.16576053015887737	0.32550908997654915	0.2496067676693201	3.644843965768814	2.328447476029396	3.074297696352005	2.122322380542755	0.03937544301152229	1.5977125465869904	1.355446070432663	0.7272377908229828	1.6088638603687286	2.3207481801509857	1.695233777165413	-6.133506894111633	24.100788116455078	0.4198179990053177	460.0331726074219	0.3296169489622116	1180.3669738769531	0.1749688908457756	-103.11346054077148	-0.9348012208938599	1508.5513305664062	0.17816036194562912	-111.56987953186035	-0.7779715657234192	2559.1839599609375	0.09950975887477398	-113.29953956604004	-0.7472597062587738	-19.504250049591064	-0.3105347752571106	27.829636096954346	0.24882089346647263	0.004784124321304262	2.5216474533081055	-0.0201505315490067	-0.590922623872757	-18.951531410217285	28.731168270111084	-0.045215786434710026	-0.003631834188126959	3.142714262008667	2.606100916862488	0.18343782238662243	0.13538900204002857	0.18373016640543938	0.22824186086654663
grp-16	T1	14	420.0	0.25903155468404293	27.380655765533447	0.3030439540743828	4.5240307450294495	27.380655765533447	0.3030439540743828	18.540074825286865	28.551841259002686	35.88123416900635	17.341159343719482	232.18140411376953	346.28386306762695	94.56328392028809	156.37003707885742	0.25903155468404293	0.9753629565238953	0.06499708257615566	0.15192941017448902	0.40992913395166397	0.34493204206228256	6.72307351231575	4.670740574598312	5.5913242399692535	4.1319726556539536	0.03306183312088251	1.9304063320159912	1.187474012374878	0.8336762189865112	4.5240307450294495	1.347184658050537	2.8956995457410812	8.571812629699707	21.180238246917725	0.526910275220871	469.2989044189453	0.32413937896490097	1179.7516479492188	0.18160230293869972	-99.6535758972168	-0.9543127566576004	1509.0617065429688	0.17410290986299515	-102.6326789855957	-0.8473083227872849	2587.155029296875	0.0994243398308754	-105.28977966308594	-0.7996957451105118	-17.936901569366455	-0.38823894411325455	26.504828929901123	0.2958792969584465	0.01247663410322275	19.206411004066467	-0.019423361867666245	-0.6180790960788727	-19.92910671234131	30.485613346099854	-0.0471268855035305	-0.0049411552608944476	2.292430818080902	2.330256462097168	0.2241552248597145	0.20173349604010582	0.18823020532727242	0.24373780190944672
grp-16	T2	0	0.0	0.1128968670964241	26.528635025024414	0.2574877180159092	3.3522230982780457	26.528635025024414	0.2574877180159092	22.005502700805664	25.68891191482544	32.289461612701416	10.283958911895752	245.5550308227539	271.08446502685547	192.88837051391602	241.54361724853516	0.1128968670964241	1.2692952156066895	0.04416708741337061	0.06176397763192654	0.13436041213572025	0.09019332472234964	4.839844673871994	4.13862469792366	3.988893449306488	4.109511166810989	0.05263835657387972	1.8816847205162048	1.339884877204895	0.7206965982913971	3.3522230982780457	1.675034999847412	5.9821484088897705	3.0951468348503113	22.343363761901855	0.5602431446313858	481.7488021850586	0.3741837590932846	1160.73193359375	0.20479082688689232	-163.80218124389648	-0.44752493500709534	1550.6053771972656	0.15183807536959648	-164.66193771362305	-0.4165821224451065	2575.0993041992188	0.0995964091271162	-165.40156936645508	-0.4060085862874985	-18.840700149536133	-0.3242797628045082	27.00465202331543	0.26891496032476425	0.0023931771575007588	22.68465304374695	-0.01638110913336277	-0.7333122193813324	-20.45362138748169	31.266618251800537	-0.0574936093762517	-0.0012470033252611756	0.8669556528329849	1.244372695684433	0.15039193257689476	0.16736789047718048	0.6364825516939163	1.0448539853096008
grp-16	T2	1	30.0	0.09634155686944723	23.17263650894165	0.18523456901311874	2.050205111503601	23.17263650894165	0.18523456901311874	21.075164318084717	23.49910259246826	26.245213985443115	5.170049667358398	300.49597930908203	381.8540573120117	164.98687362670898	251.39845848083496	0.09634155686944723	0.6574706435203552	0.04390211123973131	0.07839339226484299	0.13993697240948677	0.09603486303240061	1.1283960342407227	0.7509385868906975	0.8600428327918053	0.5461238920688629	0.04468758404254913	1.8823774456977844	1.4619245827198029	0.6368122100830078	2.050205111503601	2.322439894080162	4.376035451889038	3.870726853609085	23.025932788848877	0.38816628605127335	484.9880828857422	0.42460062354803085	1211.6445617675781	0.20424874126911163	-142.90806198120117	-0.5893416479229927	1514.0588684082031	0.18494484573602676	-146.18402099609375	-0.532947488129139	2578.07177734375	0.10203203000128269	-147.71392631530762	-0.5107702910900116	-18.413002967834473	-0.36206016689538956	26.944791316986084	0.2916787341237068	0.0008396189077757299	-0.6149293780326843	-0.012684116838499904	-1.089617446064949	-20.68524932861328	30.97403383255005	-0.0505259670317173	-0.001663428673055023	2.6175392270088196	2.021285831928253	0.1287245862185955	0.10961117036640644	0.30379513651132584	0.4193214997649193
grp-16	T2	2	60.0	0.09332661982625723	22.892171382904053	0.21774395927786827	1.8754133582115173	22.892171382904053	0.21774395927786827	18.33277177810669	23.63925552368164	26.326170444488525	7.993398666381836	295.9818878173828	316.75450134277344	157.79289627075195	261.3217601776123	0.09332661982625723	0.7002698183059692	0.043273355811834335	0.06927312817424536	0.1341673918068409	0.09089403692632914	1.025357335805893	0.6913456916809082	0.7546450048685074	0.5243682265281677	0.062279640696942806	1.9432458877563477	1.4747188687324524	0.6468926966190338	1.8754133582115173	2.501191347837448	2.8100444674491882	9.968034088611603	23.67525577545166	0.5516053140163422	449.8807907104492	0.3638174831867218	1162.8609313964844	0.19013385474681854	-142.6117706298828	-0.5975224748253822	1467.9754638671875	0.15356822311878204	-146.68260192871094	-0.5332650616765022	2531.2259521484375	0.09398262575268745	-148.6717872619629	-0.5048889294266701	-19.346365451812744	-0.30913420021533966	29.235297679901123	0.24446038529276848	-0.0030744960968149826	16.864872932434082	-0.011586784617975354	-0.9731984287500381	-22.05264902114868	33.0772385597229	-0.055993497371673584	-0.00233724745339714	2.117372512817383	1.7787162363529205	0.1547995563596487	0.18799866177141666	0.36879708617925644	0.5407818555831909
grp-16	T2	3	90.0	0.07104776240885258	23.071438312530518	0.2993693985044956	0.3733263686299324	23.071438312530518	0.2993693985044956	17.39504909515381	22.420114040374756	26.76903200149536	9.373982906341553	336.6101417541504	388.1162414550781	191.49248886108398	215.34483337402344	0.07104776240885258	0.7118615955114365	0.04091471154242754	0.049765368923544884	0.08949040621519089	0.04857569374144077	1.2510293871164322	1.5794477611780167	0.8286327719688416	1.0209136009216309	0.05415148939937353	1.3029719442129135	2.061129093170166	0.6068533360958099	0.3733263686299324	-3.359748214483261	2.248185735195875	143.93212801218033	19.850093364715576	1.3737577944993973	540.8006210327148	0.4400450214743614	1179.4963073730469	0.21206997334957123	-187.99586868286133	-0.23212366923689842	1557.8728637695312	0.18590306490659714	-188.55431365966797	-0.2176502887159586	2646.8480224609375	0.11474942415952682	-188.84255981445312	-0.21113533526659012	-20.086788177490234	-0.3457122966647148	30.788221836090088	0.26175056025385857	-0.025610333774238825	-1.5415197610855103	-0.008934244746342301	-1.0728257596492767	-21.652211666107178	32.82848834991455	-0.06189823802560568	-0.0008602064335718751	0.9586528837680817	0.617997370660305	0.08833250775933266	0.0880647823214531	1.2363895177841187	2.3172816932201385
grp-16	T2	4	120.0	0.04334987374022603	10.113661050796509	0.04474314022809267	-1.3944974094629288	10.113661050796509	0.04474314022809267	9.487151622772217	10.137229204177856	10.51695442199707	1.0298027992248535	29.744227409362793	15.462666749954224	20.614688396453857	3.6342005729675293	0.04334987374022603	0.15697572752833366	0.03885514382272959	0.041116587817668915	0.046463592909276485	0.007608449086546898	0.21326362155377865	0.23208597674965858	0.19773768074810505	0.2625493872910738	0.01076250895857811	0.0	1.7047562301158905	0.4871537685394287	-1.3944974094629288	-1.4834860563278198	2.7990918159484863	0.2684341073036194	9.785016238689423	-4.995657624676824	687.3810729980469	0.17648635804653168	1006.9692687988281	0.08372118882834911	-200.34661483764648	-0.03405384719371796	1504.019775390625	0.09530910663306713	-200.37013244628906	-0.03277986589819193	2316.214599609375	0.06616755574941635	-200.37895584106445	-0.0323579628020525	-20.41831064224243	-0.12274184823036194	29.59887409210205	0.10752642899751663	-0.057108210399746895	-0.21010354906320572	-0.00044958760554436594	15.78461891412735	-25.22025156021118	37.28304100036621	-0.06970968935638666	-0.0010115362820215523	1.9256418347358704	0.05010578315705061	0.014999999664723873	0.0	11.897303104400635	2.2342069149017334
grp-16	T2	5	150.0	0.05340336263179779	19.503607749938965	0.18762554973363876	3.879962608218193	19.503607749938965	0.18762554973363876	15.724870443344116	19.947574138641357	22.8984432220459	7.173572778701782	99.64725112915039	111.53298759460449	85.34801149368286	10.805511474609375	0.05340336263179779	0.4422667920589447	0.04058439703658223	0.04578678356483579	0.059463837184011936	0.018879440147429705	0.44429267942905426	0.5241726115345955	0.3837771564722061	0.48799555376172066	0.021150521468371153	0.2313620150089264	1.6181547939777374	0.4989743232727051	3.879962608218193	-1.4531075358390808	2.9677363634109497	-1.1601003408432007	10.898757576942444	5.781230688095093	716.5619354248047	0.3372049704194069	1411.0893859863281	0.1673809550702572	-199.4617156982422	-0.05812247935682535	1779.1933898925781	0.15304414182901382	-199.4220848083496	-0.059593412559479475	2845.3804321289062	0.09711930900812149	-199.4458465576172	-0.058905976358801126	-21.22953987121582	-0.15836367011070251	31.604206562042236	0.12576523050665855	-0.06746330764144659	-0.2626020312309265	-0.0012847749749198556	-1.7502882778644562	-23.759665489196777	35.5225396156311	-0.07155126705765724	-0.0007161694884416647	0.6502167284488678	0.07515030540525913	0.03232142701745033	0.02362190093845129	7.501363456249237	3.577108133584261
grp-16	T2	6	180.0	0.1611790731549263	35.26612377166748	0.10774752497673035	9.601837873458862	35.26612377166748	0.10774752497673035	34.03545093536377	35.49174499511719	37.34941864013672	3.313967704772949	364.04079818725586	472.95149993896484	104.39146137237549	151.63899421691895	0.1611790731549263	0.5861368328332901	0.052849152125418186	0.13869678508490324	0.27138814702630043	0.21853899769484997	2.7040943950414658	1.7732598930597305	1.6582335233688354	0.9776294231414795	0.019650118425488472	2.3597909808158875	0.9005551636219025	0.9559306353330612	9.601837873458862	0.3537282608449459	3.3832770586013794	4.425622344017029	28.603814125061035	0.40967702120542526	564.0474700927734	0.2970035895705223	1269.4315490722656	0.17461022362113	-130.30633735656738	-0.6916114762425423	1609.6478881835938	0.1933165080845356	-131.02002143859863	-0.6328888088464737	2752.88818359375	0.12663602270185947	-134.73285484313965	-0.5785949677228928	-21.53091335296631	-0.31619952246546745	33.48504161834717	0.23171742632985115	0.0010822239055414684	-27.81740054488182	-0.021104617975652218	-0.5120496451854706	-19.963500022888184	30.974703788757324	-0.053324608132243156	-0.004071131508680992	2.9759920239448547	1.9539079368114471	0.1925545074045658	0.1715090535581112	0.29215147346258163	0.7844595462083817
grp-16	T2	7	210.0	0.21216779202222824	30.819540977478027	0.16139698401093483	6.603578567504883	30.819540977478027	0.16139698401093483	28.760358333587646	31.65706491470337	33.84052562713623	5.080167293548584	332.6893844604492	439.34288024902344	101.87958145141602	185.17905712127686	0.21216779202222824	0.6804355680942535	0.08684879913926125	0.18337183073163033	0.31511691212654114	0.2282681129872799	3.494957983493805	2.4399451315402985	2.696901813149452	2.4339427798986435	0.03273112513124943	2.603066325187683	1.0730048716068268	0.9028721004724503	6.603578567504883	0.6719271093606949	3.178717315196991	4.624849319458008	26.931864738464355	0.438836045563221	517.8693771362305	0.28808263689279556	1237.6743469238281	0.17207011580467224	-105.92770004272461	-0.9063037931919098	1540.6072082519531	0.19515368714928627	-111.19766426086426	-0.7849809378385544	2672.0081787109375	0.10889628529548645	-115.52947044372559	-0.7105258330702782	-19.185776233673096	-0.3618362545967102	30.30277109146118	0.24768184125423431	0.007829481401131488	-6.689289554953575	-0.02475822437554598	-0.5292908698320389	-17.34917378425598	27.298046588897705	-0.04179904470220208	-0.00665460221352987	3.3177725672721863	2.522552788257599	0.1818168293684721	0.14099139347672462	0.19309282675385475	0.20295608043670654
grp-16	T2	8	240.0	0.15771399438381195	27.996500492095947	0.19947315379977226	4.251651644706726	27.996500492095947	0.19947315379977226	26.53377056121826	28.322035789489746	31.594908237457275	5.061137676239014	313.8662414550781	377.30848693847656	158.99890518188477	241.26929092407227	0.15771399438381195	0.8080160319805145	0.0567476823925972	0.12339066155254841	0.22177916765213013	0.16503148153424263	3.423679441213608	2.6195766627788544	2.893404543399811	2.3728374987840652	0.044689128175377846	2.054493010044098	1.2097117602825165	0.7805298119783401	4.251651644706726	1.1968414187431335	6.464062929153442	2.6676807403564453	26.588038444519043	0.4692734479904175	492.4941101074219	0.33490562438964844	1227.6595458984375	0.1716078370809555	-104.88849449157715	-0.8873337060213089	1537.4301452636719	0.1794016845524311	-110.7669506072998	-0.7683605849742889	2601.51220703125	0.12064685299992561	-113.63956832885742	-0.7234505116939545	-19.616459369659424	-0.35116124898195267	29.390015602111816	0.27067384496331215	0.004365102737210691	2.309443563222885	-0.018196528544649482	-0.6598168164491653	-19.837182998657227	30.577765464782715	-0.04950069170445204	-0.00337358278920874	2.450816959142685	2.80584853887558	0.16943516209721565	0.1316004879772663	0.17299489304423332	0.42240797728300095
grp-16	T2	9	270.0	0.253489101305604	33.84882926940918	0.118288304656744	8.270636081695557	33.84882926940918	0.118288304656744	32.005435943603516	34.21914005279541	36.50973701477051	4.504301071166992	324.2869529724121	455.99434661865234	114.30535316467285	192.05889701843262	0.253489101305604	0.7907334566116333	0.07694938313215971	0.16896956786513329	0.40892789140343666	0.331978514790535	5.188171625137329	3.4948878586292267	3.8527019023895264	2.3693837970495224	0.02789771743118763	2.509116053581238	1.0016291588544846	0.8802003562450409	8.270636081695557	0.49498116225004196	6.332381308078766	2.1045660972595215	24.009860515594482	0.4858291447162628	494.3999252319336	0.3161759674549103	1201.1005554199219	0.1798415295779705	-97.35462760925293	-0.9701457619667053	1545.7734375	0.17400166764855385	-100.36286354064941	-0.8510708659887314	2648.4660034179688	0.0954563170671463	-103.3997917175293	-0.7969801276922226	-18.39842653274536	-0.3707171827554703	27.741477966308594	0.2988041117787361	0.014999403254478239	10.99211573600769	-0.022006744984537363	-0.5524946451187134	-17.39181160926819	27.618823528289795	-0.044582328759133816	-0.0038542377296835184	3.0593531131744385	2.5805594325065613	0.21040095388889313	0.16842163167893887	0.16667811945080757	0.20155031606554985
grp-16	T2	10	300.0	0.23309335112571716	31.054521560668945	0.14728033356368542	6.843627214431763	31.054521560668945	0.14728033356368542	30.671793937683105	31.67785930633545	33.64424514770508	2.9724512100219727	428.26827239990234	587.1189193725586	195.07233428955078	399.60211181640625	0.23309335112571716	0.6961869895458221	0.07221266534179449	0.18882161006331444	0.3675803430378437	0.2953676786273718	3.953084886074066	2.569395422935486	2.517823427915573	1.686264842748642	0.031022810377180576	2.8266441226005554	1.067866563796997	0.9159439504146576	6.843627214431763	0.6354303285479546	3.8615191280841827	4.3985143303871155	27.692946434020996	0.4907219484448433	509.1060333251953	0.2891198769211769	1232.1840515136719	0.1638837419450283	-108.2052001953125	-0.882220983505249	1535.1286315917969	0.19994165375828743	-113.1358413696289	-0.7752407342195511	2691.4006958007812	0.1003803126513958	-117.79608726501465	-0.699176549911499	-19.238452911376953	-0.40676528960466385	30.794343948364258	0.2594590000808239	0.010991576833475847	30.82772159576416	-0.02628228859975934	-0.5803979784250259	-18.648194789886475	29.259878158569336	-0.04559444356709719	-0.005860296936589293	2.7259086668491364	2.506467282772064	0.18366081826388836	0.15177461132407188	0.201036736369133	0.24941279739141464
grp-16	T2	11	330.0	0.18283311650156975	28.495044708251953	0.17765119299292564	4.535443961620331	28.495044708251953	0.17765119299292564	27.39279794692993	29.281508922576904	31.401033878326416	4.008235931396484	304.8805236816406	442.34251403808594	112.92399406433105	130.55939483642578	0.18283311650156975	0.7948715090751648	0.0552426278591156	0.14314907602965832	0.28493042662739754	0.22968779876828194	3.005636841058731	2.3792358934879303	2.4391727447509766	2.486320659518242	0.04074517730623484	2.191660225391388	1.1975889205932617	0.8100826591253281	4.535443961620331	1.0022587776184082	3.266403079032898	6.507361710071564	23.317156314849854	0.675069198012352	471.7582015991211	0.35304201394319534	1172.427734375	0.18587734922766685	-109.12346649169922	-0.874352753162384	1513.4248962402344	0.18297050148248672	-114.01384925842285	-0.7686027437448502	2604.7604370117188	0.10644964873790741	-116.76994514465332	-0.7245674878358841	-17.966928482055664	-0.3566672280430794	27.331451892852783	0.2794606387615204	0.013809428084641695	0.203232079744339	-0.01902155950665474	-0.6539968550205231	-18.350610733032227	28.600701332092285	-0.04785342048853636	-0.0028701021219603717	2.2757586240768433	2.2469095587730408	0.20234479382634163	0.17618320882320404	0.22728881984949112	0.3005775734782219
grp-16	T2	12	360.0	0.16668886691331863	27.751755714416504	0.19962682202458382	3.8247674703598022	27.751755714416504	0.19962682202458382	26.274948596954346	28.45162296295166	31.35990810394287	5.084959506988525	398.9399948120117	448.1393051147461	116.52025413513184	170.03425979614258	0.16668886691331863	0.7516035735607147	0.061496312730014324	0.12658169120550156	0.24168958142399788	0.18019327335059643	3.078952133655548	2.259248971939087	2.1980557441711426	1.608348309993744	0.057497926987707615	2.025330752134323	1.3466123938560486	0.7312217652797699	3.8247674703598022	1.3353493213653564	5.116220474243164	4.243249356746674	26.263376235961914	0.5237068086862564	497.2814636230469	0.34254318475723267	1205.40478515625	0.18109754472970963	-100.47305297851562	-0.9241044670343399	1535.0972595214844	0.17276639118790627	-107.50244522094727	-0.7872070372104645	2612.8232421875	0.10934314876794815	-110.42438507080078	-0.7406061440706253	-19.528169631958008	-0.3544243946671486	28.97083568572998	0.27721066027879715	0.00498309382237494	2.9989021122455597	-0.01962010096758604	-0.6309039741754532	-19.35982847213745	29.84085750579834	-0.044666141271591187	-0.004572047269903123	3.442814350128174	3.1584516167640686	0.15670811384916306	0.1130434088408947	0.14983002841472626	0.23122691735625267
grp-16	T2	13	390.0	0.23310360684990883	29.83348035812378	0.17714134231209755	5.733520746231079	29.83348035812378	0.17714134231209755	27.854300022125244	31.322293281555176	32.92355537414551	5.069255352020264	325.0098457336426	416.6644477844238	131.0695915222168	188.98646926879883	0.23310360684990883	0.7226410359144211	0.09225575346499681	0.176081370562315	0.36032184585928917	0.2680660951882601	3.9550203680992126	2.707886040210724	2.8556880056858063	1.9768764227628708	0.04524854104965925	2.3056012392044067	1.199847161769867	0.8460330069065094	5.733520746231079	0.8019258230924606	2.965972773730755	-10.825585544109344	24.10477113723755	0.5776811838150024	508.3821716308594	0.2988209202885628	1212.1270141601562	0.167628463357687	-96.86633491516113	-0.9749215096235275	1538.6462707519531	0.16664602607488632	-103.03202247619629	-0.838326022028923	2639.6859741210938	0.10403156839311123	-106.94088363647461	-0.7701466232538223	-18.54175901412964	-0.37455571442842484	29.20244312286377	0.26193252205848694	0.004180307820206508	-11.98100084066391	-0.021529792807996273	-0.6207632720470428	-16.60603165626526	26.476253509521484	-0.03865606104955077	-0.006721195881254971	3.1760587096214294	2.839011490345001	0.1797894425690174	0.15780306234955788	0.15616729855537415	0.13331164419651031
grp-16	T2	14	420.0	0.15441404469311237	27.865408420562744	0.1990312561392784	4.312886118888855	27.865408420562744	0.1990312561392784	26.278450965881348	28.524430751800537	31.123696327209473	4.845245361328125	298.5032501220703	344.4925537109375	124.10678100585938	207.8742446899414	0.15441404469311237	0.8876434415578842	0.05129872914403677	0.12808255665004253	0.23624485731124878	0.18494612909853458	3.000126838684082	2.8572550415992737	2.1975842118263245	2.2611703276634216	0.046072591096162796	1.981260985136032	1.3383528292179108	0.7853510677814484	4.312886118888855	1.1541177928447723	5.698756575584412	3.4794666469097137	25.713072776794434	0.48946571350097656	460.76844787597656	0.32931405305862427	1197.2766418457031	0.17624728754162788	-102.58930587768555	-0.9174977540969849	1504.5634765625	0.1576693207025528	-108.70426940917969	-0.785371795296669	2565.9772338867188	0.10533547401428223	-111.44123268127441	-0.7417287528514862	-19.832029342651367	-0.32194964587688446	29.526519775390625	0.26174819841980934	0.006450138054788113	1.9452414512634277	-0.017048689303919673	-0.6928562372922897	-20.225778579711914	31.08018445968628	-0.04454834386706352	-0.002936990733815037	1.8756252527236938	2.5559640526771545	0.19445011764764786	0.17493046447634697	0.18216663971543312	0.3310651108622551
grp-16	T2	15	450.0	0.21773170679807663	22.540202617645264	0.1710229478776455	1.8704236149787903	22.540202617645264	0.1710229478776455	19.600858211517334	22.549808979034424	24.929677486419678	5.328819274902344	144.07298469543457	164.36569023132324	113.94159889221191	177.05908203125	0.21773170679807663	0.6470371782779694	0.08719674497842789	0.18855737708508968	0.3164508678019047	0.2292541265487671	3.3316173404455185	2.086291626095772	2.8344105929136276	2.0164916813373566	0.04550756607204676	1.76429083943367	1.3721242547035217	0.7214257568120956	1.8704236149787903	2.1495463252067566	3.079862594604492	7.9513038992881775	27.184977531433105	0.434683620929718	480.03929901123047	0.3245300129055977	1249.210693359375	0.16140159592032433	-98.24366188049316	-0.9740804880857468	1490.3568115234375	0.1862502135336399	-106.41402244567871	-0.8103334158658981	2607.2495727539062	0.0964171290397644	-109.93613624572754	-0.7486889064311981	-21.006101608276367	-0.3028627075254917	30.041691780090332	0.22866273671388626	0.0022908696555532515	6.634166598320007	-0.023114171344786882	-0.5803487002849579	-18.21031141281128	28.593741416931152	-0.04269517585635185	-0.004287185294515439	3.1843948364257812	2.7478641867637634	0.18639284558594227	0.1444626897573471	0.16761985793709755	0.22893443703651428
grp-16	T2	16	480.0	0.2533870320767164	30.23248529434204	0.25696246325969696	6.239902138710022	30.23248529434204	0.25696246325969696	21.594579219818115	33.62702512741089	36.797672271728516	15.2030930519104	162.05394744873047	199.48891639709473	89.7296028137207	130.68605422973633	0.2533870320767164	0.9604202508926392	0.06574232783168554	0.14526511542499065	0.41722341626882553	0.3514810912311077	6.465071469545364	5.153631299734116	5.064906865358353	4.373961240053177	0.0325767258182168	2.1721860468387604	1.1385512053966522	0.8727536499500275	6.239902138710022	0.9160892367362976	6.630745887756348	2.230640470981598	23.251824378967285	0.5260483399033546	486.7092056274414	0.31405310332775116	1185.4853210449219	0.17616214603185654	-97.64162063598633	-0.9629515558481216	1575.0897216796875	0.15814245492219925	-100.65303611755371	-0.8385213166475296	2633.2987670898438	0.09763596951961517	-102.35664749145508	-0.8091916888952255	-18.96750783920288	-0.37962863594293594	27.042296409606934	0.3296995311975479	0.01567673948011361	6.369446009397507	-0.019473625347018242	-0.5698723718523979	-19.469039916992188	30.113025188446045	-0.04382255580276251	-0.0038739158771932125	2.2007336020469666	2.3463594913482666	0.23929546400904655	0.2162882164120674	0.17510723322629929	0.22402430698275566
grp-16	T3	0	0.0	0.10483784973621368	22.611024379730225	0.28724171221256256	2.7289705872535706	22.611024379730225	0.28724171221256256	15.345385313034058	22.51016092300415	27.44615602493286	12.100770711898804	313.8231735229492	357.9409980773926	132.6487579345703	154.81975746154785	0.10483784973621368	0.8877276331186295	0.05454947520047426	0.07625840697437525	0.129369692876935	0.07482021674513817	3.2042463421821594	3.79214608669281	2.794986456632614	3.8361054360866547	0.06291730422526598	1.759417086839676	1.5545554459095001	0.6385242193937302	2.7289705872535706	2.1081381142139435	5.705534100532532	5.312312960624695	21.640256881713867	0.9234972074627876	542.6408843994141	0.4693441465497017	1228.3157653808594	0.2002718225121498	-160.76088333129883	-0.45178424566984177	1621.1384582519531	0.18686877191066742	-163.26124572753906	-0.4095850735902786	2656.39599609375	0.11741366982460022	-164.1027946472168	-0.3975170999765396	-21.882975578308105	-0.31562095135450363	31.885233402252197	0.26962339878082275	-0.02316998317837715	-2.2656728327274323	-0.010789451655000448	-1.0361071527004242	-21.761812210083008	32.70243549346924	-0.06709466874599457	-0.0013715533132199198	0.9753251075744629	1.6533066928386688	0.11554436199367046	0.14684594236314297	0.4190357029438019	0.5777110233902931
grp-16	T3	1	30.0	0.08602820988744497	22.2110333442688	0.2152482457458973	1.6686819642782211	22.2110333442688	0.2152482457458973	18.49510622024536	22.61037588119507	26.286636352539062	7.791530132293701	287.50477600097656	315.57540130615234	76.0906572341919	79.43178653717041	0.08602820988744497	0.6985663175582886	0.04061940312385559	0.06399600300937891	0.12171097658574581	0.0810915743932128	0.9513727053999901	0.7106144055724144	0.7244367226958275	0.5446262657642365	0.05021535139530897	1.9364344775676727	1.3392073512077332	0.6794557124376297	1.6686819642782211	2.8872168362140656	3.4560030549764633	-7.130127906799316	20.442790031433105	1.1514790654182434	459.00074768066406	0.40136975049972534	1159.6084899902344	0.19065094739198685	-160.10986709594727	-0.4572765901684761	1511.6134948730469	0.1533215530216694	-162.7127342224121	-0.4154972732067108	2542.3408203125	0.09136785566806793	-163.56415939331055	-0.4039941690862179	-18.97750186920166	-0.33420053869485855	27.283059120178223	0.2763747498393059	-0.017776885535568	-2.339714676141739	-0.00960246950853616	-1.1269068717956543	-21.219534873962402	31.950051307678223	-0.0576503723859787	-0.0016844410420162603	1.667222410440445	1.5451971292495728	0.12289583310484886	0.1093022022396326	0.4667159840464592	0.7030983120203018
grp-16	T3	2	60.0	0.07973103877156973	22.029825687408447	0.23879549279808998	1.5635264292359352	22.029825687408447	0.23879549279808998	15.748820543289185	22.72554111480713	25.930819034576416	10.181998491287231	218.7773094177246	205.9309539794922	120.20698738098145	148.89327239990234	0.07973103877156973	0.6391641050577164	0.041512630879879	0.06459483038634062	0.10655788891017437	0.06504525803029537	0.7181979566812515	0.5560348033905029	0.4777441471815109	0.4162590652704239	0.05433099344372749	2.116273194551468	1.490802377462387	0.6458745747804642	1.5635264292359352	4.372688382863998	6.452955365180969	2.54184752702713	24.913269519805908	0.4077616482973099	483.94457244873047	0.4083675295114517	1247.3319091796875	0.18286177143454552	-158.68894577026367	-0.45855459198355675	1531.2593078613281	0.16726265102624893	-161.17183303833008	-0.41794655844569206	2605.7183227539062	0.10009603574872017	-162.32118606567383	-0.40209196507930756	-20.92118787765503	-0.3304082751274109	30.373197555541992	0.27845798805356026	-0.026549608912318945	-1.3418997675180435	-0.009657048154622316	-1.0769573003053665	-21.98786211013794	32.9127721786499	-0.05936958361417055	-0.002662074868567288	1.3921307027339935	1.6950568556785583	0.12494625337421894	0.12397529929876328	0.4259798377752304	0.8383449018001556
grp-16	T3	3	90.0	0.06681657023727894	21.802547931671143	0.15252482891082764	2.037653401494026	21.802547931671143	0.15252482891082764	20.13122034072876	21.875633239746094	24.133965969085693	4.002745628356934	275.2584342956543	247.53866577148438	67.39687824249268	125.38689136505127	0.06681657023727894	0.5677568763494492	0.04096188023686409	0.0521772401407361	0.08617740217596292	0.045215521939098835	0.8222858235239983	0.792659766972065	0.55417101085186	0.4714497998356819	0.04441190790385008	1.7909951508045197	1.3119353652000427	0.613325297832489	2.037653401494026	2.4450625628232956	2.1867345683276653	-8.939903855323792	25.084909439086914	0.3964509591460228	480.9448547363281	0.39108601212501526	1201.1885986328125	0.19347204640507698	-180.08838272094727	-0.311321247369051	1562.8994750976562	0.1641256883740425	-181.90869522094727	-0.27809033915400505	2590.172607421875	0.11180829256772995	-182.3279685974121	-0.2708657570183277	-22.10518503189087	-0.2568461187183857	30.88092803955078	0.19116709008812904	-0.015732235042378306	-2.746794432401657	-0.01099870027974248	-1.0743792653083801	-22.49842929840088	33.79363298416138	-0.060992904007434845	-0.0011484129208838567	1.19206403195858	0.826756551861763	0.11166492663323879	0.12404822371900082	1.0163020640611649	2.1799602061510086
grp-16	T3	4	120.0	0.04822730924934149	11.270209789276123	0.13029356580227613	-1.474109172821045	11.270209789276123	0.13029356580227613	9.40716004371643	10.011009693145752	14.056528091430664	4.649368047714233	142.32154607772827	172.9020128250122	76.37448662519455	20.6178617477417	0.04822730924934149	0.2960529737174511	0.039777583442628384	0.043856104370206594	0.05360299535095692	0.013825411908328533	0.36861521378159523	0.6976054534316063	0.2980828434228897	0.5455117225646973	0.023981053847819567	0.5445591658353806	1.65304896235466	0.4088480919599533	-1.474109172821045	-1.2652397155761719	-5.1855199337005615	-5.81877538561821	0.5061911344528198	-5.858631584793329	581.9674530029297	0.27942851185798645	1051.7950134277344	0.15024949982762337	-199.1251678466797	-0.05814081244170666	1374.7803649902344	0.12916170433163643	-199.19203567504883	-0.05573590565472841	2144.4228515625	0.08650532551109791	-199.2384490966797	-0.054234632290899754	-17.979706287384033	-0.20343388244509697	26.681185722351074	0.17872370034456253	-0.04902198538184166	-0.3585495837032795	-0.0025465456710662693	-1.987278550863266	-25.007263660430908	36.6829309463501	-0.07100600004196167	-0.0015693680616095662	0.5668556094169617	0.13362564984709024	0.02041666628792882	0.009595369454473257	10.415919989347458	2.184513747692108
grp-16	T3	5	150.0	0.04498300515115261	12.000124216079712	0.18110970873385668	-1.236889660358429	12.000124216079712	0.18110970873385668	9.58455514907837	10.12479829788208	14.103931188583374	4.519376039505005	219.99753522872925	144.0931797027588	150.46503174304962	166.19256973266602	0.04498300515115261	0.36188437044620514	0.03876082552596927	0.041345599107444286	0.046924227848649025	0.008163402322679758	0.20202010218054056	0.27525094151496887	0.19555382430553436	0.1804264634847641	0.02719901129603386	0.152090385556221	2.001885414123535	0.32979707047343254	-1.236889660358429	-1.4288841933012009	-2.3341060280799866	-19.514865279197693	2.3929307013750076	-31.037441350519657	581.4059753417969	0.24038086459040642	1123.7030334472656	0.1305144801735878	-199.59534072875977	-0.05165009293705225	1371.089599609375	0.12458422780036926	-199.66028213500977	-0.04912465065717697	2160.5386352539062	0.07425890490412712	-199.6954116821289	-0.04779943451285362	-18.238967895507812	-0.18311485648155212	26.912708282470703	0.14558745548129082	-0.04509357921779156	-0.41419751942157745	-0.0024183024652302265	-1.3277817070484161	-25.457558155059814	37.49172019958496	-0.06932201329618692	-0.0018498830613680184	1.142047330737114	0.09187826979905367	0.02416666643694043	0.006594290724024177	10.698749542236328	3.7440109252929688
grp-16	T3	6	180.0	0.045782271306961775	13.490562677383423	0.04193730838596821	1.8687735199928284	13.490562677383423	0.04193730838596821	13.050551176071167	13.461845636367798	13.671836137771606	0.6212849617004395	39.40880632400513	13.51898980140686	13.986814498901367	10.624316692352295	0.045782271306961775	0.2912163659930229	0.03869046363979578	0.04149916162714362	0.049098760820925236	0.010408297181129456	0.33497210033237934	0.3476165849715471	0.1851790938526392	0.1851047221571207	0.0697760172188282	0.23981339670717716	1.9460912942886353	0.2745240516960621	1.8687735199928284	-0.778118833899498	-8.016615986824036	-1.231229543685913	6.747218668460846	-7.432205341756344	879.2686767578125	0.2580108195543289	1359.3605041503906	0.12292462401092052	-199.9880599975586	-0.045143608935177326	1982.2010192871094	0.13415437750518322	-200.02776718139648	-0.0432836995460093	3051.6211547851562	0.0982159972190857	-200.0424041748047	-0.042638689279556274	-28.341107845306396	-0.15158004686236382	39.693299293518066	0.13621177524328232	-0.08196503855288029	-0.27476606518030167	-0.0013329515350051224	-1.4709910303354263	-25.126567840576172	36.86266231536865	-0.06988438032567501	-0.0013733051455346867	2.184061422944069	0.08351707737892866	0.016249999403953552	0.001909406390041113	7.789221942424774	6.482850909233093
grp-16	T3	7	210.0	0.04400505917146802	10.239564657211304	0.09597348235547543	-1.5307256281375885	10.239564657211304	0.09597348235547543	9.414366245269775	9.94140887260437	10.687422513961792	1.2730562686920166	107.91726207733154	61.24878978729248	90.05246162414551	96.75567579269409	0.04400505917146802	0.1683088168501854	0.03896093927323818	0.04170554503798485	0.04772316478192806	0.00876222550868988	0.15778997726738453	0.16144046373665333	0.1561158522963524	0.16339237987995148	0.04444814287126064	0.4420076608657837	1.7637726068496704	0.4525994062423706	-1.5307256281375885	-0.8387416899204254	-7.922048091888428	-0.9629457294940948	-2.558122992515564	-3.3701659440994263	645.4469757080078	0.22648339718580246	1045.7216491699219	0.1383059211075306	-199.76851272583008	-0.04654494486749172	1447.8964538574219	0.10931674763560295	-199.79808044433594	-0.04504806734621525	2256.5478515625	0.0792484488338232	-199.8186149597168	-0.04429611191153526	-19.268561840057373	-0.13378433883190155	28.047164916992188	0.1249522753059864	-0.05341144558042288	-0.24003617465496063	-0.001521082391263917	-2.1194222271442413	-25.667983055114746	37.535637855529785	-0.0700451722368598	-0.0017302627384196967	1.5755251944065094	0.08353382721543312	0.016249999403953552	0.001909406390041113	10.217163026332855	1.9861916899681091
grp-16	T3	8	240.0	0.04523916868492961	18.297582387924194	0.3369318023324013	2.486448794603348	18.297582387924194	0.3369318023324013	13.615304946899414	15.782430648803711	24.614195108413696	10.998890161514282	106.68380749225616	84.83539199829102	129.77553570270538	29.49129343032837	0.04523916868492961	0.2513318993151188	0.03899565525352955	0.04234280390664935	0.04850901011377573	0.009513354860246181	0.3539191372692585	0.5081809647381306	0.3689456693828106	0.6796292923390865	0.1850528046488762	0.6939258426427841	2.1049880981445312	0.5041364524513483	2.486448794603348	-0.3683665692806244	18.07493206113577	-25.707034468650818	13.184184610843658	15.334180600941181	815.5244140625	0.29010165855288506	1410.5187072753906	0.16770689375698566	-199.48308181762695	-0.062185089103877544	1885.7963562011719	0.1479550302028656	-199.54803085327148	-0.059254974126815796	2921.6593627929688	0.12209358997642994	-199.58737182617188	-0.05753283202648163	-25.69742727279663	-0.22006811201572418	38.13809251785278	0.1574683990329504	-0.06283031683415174	-0.4990954287350178	-0.003356555418577045	-1.583024799823761	-25.781961917877197	37.76576614379883	-0.07116986811161041	-0.0015148403181228787	1.2004001289606094	0.15030061081051826	0.026071427389979362	0.010039059678092599	5.578166604042053	5.722691923379898
grp-16	T3	9	270.0	0.08607704378664494	25.30747699737549	0.3048546463251114	2.0450949668884277	25.30747699737549	0.3048546463251114	18.10246968269348	24.04266119003296	31.434500217437744	13.332030534744263	173.97031784057617	141.09464073181152	180.63788223266602	233.19484901428223	0.08607704378664494	1.5611091256141663	0.042196272406727076	0.05202621407806873	0.08299236744642258	0.0407960950396955	5.9458988308906555	8.499278783798218	2.30753256380558	2.701073318719864	0.052931989543139935	1.8043658882379532	1.603175789117813	0.6610996872186661	2.0450949668884277	2.3311188220977783	6.116857051849365	5.907192945480347	22.96239137649536	0.7311971783638	566.6682891845703	0.4367995411157608	1218.4737854003906	0.18815987557172775	-189.57561111450195	-0.21891017630696297	1598.4826354980469	0.20162426680326462	-190.0838508605957	-0.20540273562073708	2669.940185546875	0.12246005795896053	-190.47453689575195	-0.19732913002371788	-19.575596809387207	-0.40790369361639023	30.74997615814209	0.2754862606525421	-0.015831414100830443	22.365980446338654	-0.010429506422951818	-1.0744038373231888	-22.029558658599854	33.4327073097229	-0.0629203962162137	-0.0010192483168793842	0.29176391661167145	0.5260521322488785	0.09670063201338053	0.10190110187977552	1.5525811165571213	2.654196858406067
grp-16	T3	10	300.0	0.07734677568078041	31.600895404815674	0.24177122116088867	5.259078502655029	31.600895404815674	0.24177122116088867	25.855674743652344	31.49061679840088	38.506957054138184	12.65128231048584	288.3379096984863	404.39799880981445	127.14816093444824	168.75432634353638	0.07734677568078041	1.730348214507103	0.03941995557397604	0.04334176471456885	0.06119267735630274	0.0217727217823267	9.101194977760315	7.269520878791809	4.991261541843414	2.9592668414115906	0.046900865621864796	1.4049048572778702	1.3888980746269226	0.7414773404598236	5.259078502655029	1.0420717969536781	7.326395869255066	2.1824547797441483	20.026180744171143	0.8505431264638901	546.8304138183594	0.436801977455616	1215.9732055664062	0.19014650210738182	-188.10751342773438	-0.24076315388083458	1571.2354125976562	0.17660335078835487	-186.38098907470703	-0.24854285269975662	2647.952880859375	0.11134659685194492	-186.7731590270996	-0.24119234457612038	-18.02010440826416	-0.41962990909814835	28.149505138397217	0.30420422554016113	-9.907700587064028e-06	3.3906871676445007	-0.00827863346785307	-1.1505242735147476	-24.596930503845215	36.51864671707153	-0.07182107958942652	-0.0005788415146525949	0.41680559515953064	0.5679920166730881	0.1474033184349537	0.13928859308362007	1.7750240415334702	4.361678212881088
grp-16	T3	11	330.0	0.6697661653161049	35.14891719818115	0.1845535710453987	5.436121821403503	35.14891719818115	0.1845535710453987	30.617611408233643	34.521385192871094	40.30982780456543	9.692216396331787	211.8418312072754	323.51708602905273	191.94915008544922	402.09296798706055	0.6697661653161049	1.1131106168031693	0.19130023941397667	0.4705759547650814	0.9714813977479935	0.7801811322569847	18.687845468521118	17.50531542301178	12.51053249835968	12.334020733833313	0.042400868609547615	1.7728794813156128	1.2115551233291626	0.7172920405864716	5.436121821403503	0.8897586017847061	3.996835172176361	3.163474977016449	16.059767961502075	0.7359467893838882	542.5023956298828	0.4321550875902176	1153.7532958984375	0.22191766649484634	-84.58577156066895	-1.0945985913276672	1572.5096435546875	0.18107672408223152	-77.62978744506836	-1.0671796649694443	2649.9464111328125	0.1094796434044838	-80.28061294555664	-1.0057105869054794	-11.878774404525757	-0.5972564071416855	20.79069423675537	0.4002191051840782	0.029201079159975052	1.6511460095643997	-0.01665457454510033	-0.7669090777635574	-9.43194842338562	19.032659769058228	-0.016528086853213608	-0.0037054811255075037	1.6172057092189789	2.864496946334839	0.22381317242980003	0.2094523161649704	0.1163302082568407	0.11047070845961571
grp-16	T3	12	360.0	0.510182585567236	32.05272388458252	0.22543777897953987	4.7242594957351685	32.05272388458252	0.22543777897953987	24.11265468597412	32.89026069641113	37.98633289337158	13.873678207397461	226.17474746704102	311.3828868865967	134.76966094970703	217.10745811462402	0.510182585567236	1.1644566059112549	0.13946216367185116	0.2965207789093256	0.7304546907544136	0.5909925363957882	14.475305080413818	13.859957218170166	11.366416096687317	12.177893161773682	0.048777430318295956	1.8328061997890472	1.3096571564674377	0.7353807091712952	4.7242594957351685	1.0066778063774109	4.42435485124588	3.061476856470108	18.718884468078613	0.6114747300744057	527.7793426513672	0.40800056606531143	1154.5165100097656	0.19996140524744987	-81.86837768554688	-1.117667406797409	1576.5707397460938	0.17424869164824486	-80.27343368530273	-1.0197702050209045	2645.2760620117188	0.09984621778130531	-82.48110008239746	-0.9693524986505508	-14.431600093841553	-0.5209637954831123	22.9128680229187	0.3765932768583298	0.021298378938809037	2.1892171502113342	-0.01668436313048005	-0.6982422471046448	-13.149627923965454	22.53553295135498	-0.028640372678637505	-0.004696217074524611	1.8506168872117996	2.948267877101898	0.21799149736762047	0.26842719689011574	0.1130283772945404	0.11135428212583065
grp-16	T3	13	390.0	0.5340572074055672	34.860029220581055	0.16484588012099266	6.864759206771851	34.860029220581055	0.16484588012099266	30.869253635406494	34.687294006347656	39.04581642150879	8.176562786102295	227.90643692016602	364.03919219970703	156.2485694885254	277.5277976989746	0.5340572074055672	1.0438082814216614	0.14630325138568878	0.33154892921447754	0.8204125836491585	0.6741093248128891	13.235026955604553	13.450024843215942	9.508225440979004	8.633936882019043	0.03458884498104453	2.070388913154602	1.1000795662403107	0.801390990614891	6.864759206771851	0.7110315412282944	4.438564240932465	3.08005827665329	19.6097469329834	0.6548728942871094	537.7021408081055	0.40468353778123856	1183.1896362304688	0.20711898058652878	-74.3370132446289	-1.2002430856227875	1579.0536499023438	0.17239665612578392	-73.21219444274902	-1.081891268491745	2659.3636474609375	0.11362505331635475	-76.36262130737305	-1.0074187219142914	-14.13999319076538	-0.5193074271082878	23.581531047821045	0.3505222648382187	0.028750799596309662	1.534459576010704	-0.016742291627451777	-0.751193106174469	-13.50603985786438	22.68570375442505	-0.027724095154553652	-0.005578550219070166	2.0173391103744507	2.907022714614868	0.23101750388741493	0.24083809182047844	0.10223565809428692	0.15492310002446175
grp-16	T3	14	420.0	0.26266435720026493	27.896721839904785	0.26792535930871964	4.96860671043396	27.896721839904785	0.26792535930871964	21.404105186462402	25.59979486465454	36.147711753845215	14.743606567382812	214.79425430297852	394.1763687133789	76.97470188140869	121.83071899414062	0.26266435720026493	1.1144878566265106	0.07746860850602388	0.158761665225029	0.3334389477968216	0.25597033649683	10.748848527669907	7.029081225395203	7.310688853263855	6.038610503077507	0.031538899056613445	2.0105107724666595	1.2219550609588623	0.8308722972869873	4.96860671043396	1.0593332648277283	4.041168160736561	-6.75300407409668	23.96855068206787	0.45712051540613174	477.8448181152344	0.31558506935834885	1198.4560546875	0.19228991866111755	-95.41681671142578	-0.9899240583181381	1528.5237731933594	0.16683412343263626	-100.71927261352539	-0.8405254036188126	2598.509033203125	0.0971409659832716	-102.91171264648438	-0.8019364327192307	-19.467401027679443	-0.3797394633293152	27.840312957763672	0.31662043184041977	0.006295213883277029	4.3152353167533875	-0.021444416139274836	-0.5991722643375397	-18.49661612510681	28.80551767349243	-0.04213313478976488	-0.005629993276670575	2.1840613782405853	2.6979621052742004	0.20190031453967094	0.1839301697909832	0.15408117324113846	0.21388320997357368
grp-16	T3	15	450.0	0.5631705857813358	34.74837684631348	0.18715154379606247	4.800921738147736	34.74837684631348	0.18715154379606247	31.764028072357178	33.82689380645752	38.60043716430664	6.836409091949463	220.5758171081543	240.1543846130371	167.79146575927734	216.77551651000977	0.5631705857813358	1.4447941184043884	0.09379042871296406	0.25935004837810993	0.8155488520860672	0.7217584401369095	25.0091712474823	21.97333526611328	21.422862887382507	15.741034150123596	0.051904854364693165	1.7548553943634033	1.3508626520633698	0.702010989189148	4.800921738147736	1.045080915093422	5.252790927886963	2.9060710072517395	17.266250133514404	0.7252713292837143	528.8196868896484	0.43571510910987854	1111.5747680664062	0.2173958197236061	-103.5412826538086	-0.909411609172821	1579.6658020019531	0.17050544917583466	-97.9463005065918	-0.8894601762294769	2642.3712158203125	0.10164985060691833	-99.45658302307129	-0.8591344505548477	-12.910301923751831	-0.6168132275342941	21.377867698669434	0.41831478476524353	0.021481925854459405	2.5144575238227844	-0.017140189884230494	-0.6707957535982132	-15.716073513031006	26.018260955810547	-0.03897240478545427	-0.004094011497727479	1.6338779926300049	2.598071813583374	0.21097851544618607	0.21215666458010674	0.18107705935835838	0.3232688307762146
grp-16	T3	16	480.0	0.5610698387026787	32.314656257629395	0.2126934602856636	5.155029892921448	32.314656257629395	0.2126934602856636	26.52659797668457	32.82792949676514	38.26120567321777	11.734607696533203	250.2046241760254	383.2565155029297	153.32027435302734	307.9037837982178	0.5610698387026787	1.282287210226059	0.12603327631950378	0.289966631680727	0.8446728885173798	0.7186396270990372	17.401916027069092	16.323551177978516	13.321899175643921	11.987961769104004	0.04482683353126049	1.8315466940402985	1.2817504703998566	0.7262795120477676	5.155029892921448	0.9012583494186401	3.6260910630226135	3.8432401418685913	18.763927936553955	0.6835900694131851	509.6038055419922	0.38647881895303726	1173.1264953613281	0.19449510052800179	-72.46416664123535	-1.2336274981498718	1551.8734130859375	0.1656578779220581	-71.66518783569336	-1.1095062792301178	2601.6676635742188	0.10567411035299301	-74.31529998779297	-1.0452082604169846	-14.339435338973999	-0.5073224902153015	22.95261240005493	0.37152260541915894	0.024845003616064787	1.9140942990779877	-0.01831125933676958	-0.6523658335208893	-12.673944473266602	22.507941246032715	-0.03033274505287409	-0.0046444406907539815	1.56718909740448	2.7063149213790894	0.2547568716108799	0.26735155656933784	0.10898673161864281	0.10532342456281185
grp-16	T3	17	510.0	0.33646539971232414	30.51718235015869	0.28100062906742096	4.281895279884338	30.51718235015869	0.28100062906742096	22.803012371063232	29.8015398979187	38.10464572906494	15.301633358001709	367.7021789550781	535.062255859375	204.55247116088867	279.47838973999023	0.33646539971232414	1.1775512844324112	0.09984570182859898	0.20486346259713173	0.4788420647382736	0.3789963647723198	11.709432363510132	11.716362833976746	7.608292758464813	7.860128939151764	0.04199357330799103	1.7964108288288116	1.3618757128715515	0.7314448207616806	4.281895279884338	1.1392806023359299	6.6693302392959595	1.9930034577846527	21.457870960235596	0.5471516028046608	520.9245834350586	0.4022795781493187	1180.4308776855469	0.21418771147727966	-112.2065258026123	-0.8274027854204178	1544.2401123046875	0.18925563246011734	-109.35708808898926	-0.7839921414852142	2649.4619140625	0.10354967042803764	-111.66335487365723	-0.7450473755598068	-16.18228316307068	-0.5012671276926994	25.223368167877197	0.3598203659057617	0.010602247464703396	-6.66073215007782	-0.018139421939849854	-0.8225257992744446	-13.160287380218506	23.3138165473938	-0.03374557988718152	-0.00407323963008821	1.3837945610284805	3.123699903488159	0.15185851603746414	0.1773137003183365	0.15367384627461433	0.15971428155899048
grp-16	T3	18	540.0	0.30131373181939125	33.06569862365723	0.2071903459727764	6.6936845779418945	33.06569862365723	0.2071903459727764	29.632577896118164	34.46013069152832	36.9141788482666	7.2816009521484375	270.43019676208496	348.3722896575928	192.65519905090332	340.738317489624	0.30131373181939125	0.938055157661438	0.08702828641980886	0.20549540035426617	0.46216850727796555	0.3751402162015438	6.590254545211792	5.4025222063064575	4.823032915592194	5.120469182729721	0.03979896567761898	2.2797171473503113	1.1762242019176483	0.8942785263061523	6.6936845779418945	0.7882378697395325	3.9512587189674377	4.038192093372345	21.6773419380188	0.6771388500928879	531.0410537719727	0.34327512234449387	1234.5650939941406	0.19529537111520767	-114.9092025756836	-0.8151146471500397	1571.2098083496094	0.16848348826169968	-114.42832565307617	-0.7552597969770432	2670.6943359375	0.10837061330676079	-117.1756362915039	-0.711123526096344	-16.604968309402466	-0.4539160579442978	26.51310443878174	0.3215697929263115	0.016941509558819234	3.7186650335788727	-0.019233678933233023	-0.71542027592659	-15.292299509048462	25.312192916870117	-0.03877829108387232	-0.004898588347714394	1.9506502449512482	2.6469606757164	0.16874589025974274	0.1746559627354145	0.19119137525558472	0.27028515562415123
grp-16	T3	21	630.0	0.16372022405266762	27.295578956604004	0.21941030770540237	3.365614116191864	27.295578956604004	0.21941030770540237	24.579487323760986	28.063637733459473	31.394407272338867	6.814919948577881	362.3464012145996	415.29295349121094	147.31982231140137	242.4758186340332	0.16372022405266762	1.0859974920749664	0.049593573436141014	0.09772059880197048	0.23063398525118828	0.18104040995240211	4.9620566964149475	4.522114038467407	3.65085232257843	3.261091262102127	0.04776280280202627	2.033839762210846	1.3316221237182617	0.7855186760425568	3.365614116191864	1.4569471180438995	3.682630479335785	6.6587783098220825	23.801395416259766	0.6515592932701111	494.662353515625	0.37193112075328827	1206.8775329589844	0.19116070121526718	-131.2595443725586	-0.6810016930103302	1509.6248779296875	0.18188170716166496	-134.16517448425293	-0.6206130236387253	2597.178955078125	0.11223813891410828	-136.61431884765625	-0.5859973430633545	-17.976946353912354	-0.37029366940259933	28.315370082855225	0.2694476544857025	0.003694659419124946	5.674180030822754	-0.018819185439497232	-0.6792469918727875	-20.041801929473877	30.80542516708374	-0.050989771261811256	-0.003518662415444851	1.5338445752859116	2.197540819644928	0.15546520426869392	0.1278258990496397	0.2594815716147423	0.3787601441144943
grp-16	T3	22	660.0	0.19627542421221733	27.52190637588501	0.15731855854392052	3.7036812901496887	27.52190637588501	0.15731855854392052	26.70738124847412	28.062395095825195	29.663825035095215	2.9564437866210938	384.39430236816406	445.36389923095703	91.01062774658203	105.69805431365967	0.19627542421221733	0.6438946723937988	0.08055616542696953	0.16500060446560383	0.3042589835822582	0.223702821880579	3.488212376832962	2.1040223836898804	2.6101265251636505	1.9411163181066513	0.041888199746608734	2.012565791606903	1.3227265179157257	0.7227021753787994	3.7036812901496887	1.2026150226593018	5.39392215013504	3.8299907445907593	23.712514877319336	0.4849570095539093	464.61853790283203	0.3391842618584633	1178.3803100585938	0.18861934542655945	-86.4235725402832	-1.058338314294815	1476.0761108398438	0.1732475310564041	-93.07785224914551	-0.9016780704259872	2554.0675659179688	0.10363289900124073	-96.10708045959473	-0.8451771885156631	-18.25938653945923	-0.36116228997707367	27.517151832580566	0.2774270065128803	0.001280945842154324	2.803075850009918	-0.017652440583333373	-0.6451695412397385	-19.742377281188965	30.137990951538086	-0.05034543573856354	-0.004046832335006911	3.7179059982299805	3.1482250094413757	0.18132739886641502	0.13883591629564762	0.12224897183477879	0.14293526113033295
