group_id	task_id	window_index	window_start_s	n_participants	n_physio_valid	group_hr_mean_bpm_mean	group_hr_mean_bpm_std	group_hrv_rmssd_ms_mean	group_hrv_rmssd_ms_std	group_eda_tonic_mean_mean	group_eda_tonic_mean_std	group_eda_phasic_rate_hz_mean	group_eda_phasic_rate_hz_std	group_temp_mean_mean	group_temp_mean_std	tr_spk_count	tr_spk_duration_s	tr_silence_duration_s	tr_backchannel_count	tr_overlap_count	tr_competitive_overlap	tr_cooperative_overlap	tr_collaborative_overlap	tr_needs_review_overlap	tr_conflict_overlap_ratio	tr_laughter_count	tr_filled_pause_count	tr_n_active_speakers	tr_speaking_entropy	tr_overlap_time_s	group_et_pupil_mean_mean	group_et_pupil_mean_std	group_et_pupil_std_mean	group_et_pupil_std_std	group_et_pupil_slope_per_s_mean	group_et_pupil_slope_per_s_std	group_et_blink_rate_per_min_mean	group_et_blink_rate_per_min_std	group_et_gaze_dispersion_mean	group_et_gaze_dispersion_std	group_et_gaze_valid_frac_mean	group_et_gaze_valid_frac_std	group_et_gaze_velocity_mean_mean	group_et_gaze_velocity_mean_std	tr_ovl_simultaneous	tr_ovl_backchannel	tr_ovl_smooth	tr_ovl_competitive_timing	tr_ovl_floor_fight	tr_ovl_context_collaborative	tr_ovl_context_competitive	tr_ovl_long_ratio	tr_ovl_short_ratio	tr_ovl_collaboration_index
grp-07	T1	0	0.0	4	4	61.0829	10.6771	137.5907	54.5579	0.1215	0.0566	0.2002	0.2831	36.0375	0.9333	5.0	43.972	0.0	1.0	4.0	3.0	1.0	1.0	0.0	0.75	0.0	0.0	2.0	0.9412	66.908	2.8745	0.1961	0.2886	0.203	-0.0023	0.005	20.0037	13.859	0.1832	0.0403	0.7924	0.2923	1.0927	1.0907	0.0	0.0	0.0	2.0	1.0	0.0	0.0	1.0	0.0	0.0
grp-07	T1	1	30.0	4	4	61.7098	8.7818	160.2629	58.6976	0.1231	0.0587	0.1753	0.2238	36.0427	0.9484	5.0	52.015	1.917	0.0	2.0	0.0	2.0	2.0	0.0	0.0	0.0	0.0	1.0	-0.0	53.916	2.7528	0.3888	0.2419	0.1464	-0.0001	0.0012	16.6808	15.2883	0.1172	0.0643	0.7351	0.4313	0.6156	0.092	0.0	0.0	0.0	2.0	5.0	0.0	0.0	1.0	0.0	0.0
grp-07	T1	2	60.0	4	4	61.7187	5.7628	156.4252	42.3272	0.1241	0.0604	0.1668	0.2002	36.0457	0.9465	4.0	47.768	2.208	0.0	3.0	3.0	0.0	0.0	0.0	1.0	0.0	0.0	3.0	0.8592	137.858	2.821	0.2681	0.2582	0.1281	0.001	0.0017	24.6876	14.4806	0.1596	0.0518	0.7416	0.357	1.1712	0.9845	0.0	0.0	0.0	0.0	0.0	0.0	0.0	0.0	0.0	0.0
grp-07	T1	3	90.0	4	4	64.4445	6.2039	154.3695	31.5472	0.1213	0.0637	0.1751	0.2457	36.0486	0.9441	3.0	28.811	2.189	1.0	4.0	4.0	0.0	0.0	0.0	1.0	0.0	0.0	2.0	0.5812	54.765	2.726	0.174	0.2861	0.1027	-0.003	0.0025	21.3372	10.2651	0.1282	0.0211	0.8415	0.1887	1.0621	1.1813	0.0	0.0	0.0	0.0	1.0	0.0	0.0	1.0	0.0	0.0
grp-07	T1	4	120.0	4	4	70.7754	6.7677	132.3349	46.9786	0.1183	0.068	0.1588	0.2748	36.0611	0.9325	4.0	20.716	10.855	0.0	0.0	0.0	0.0	0.0	0.0		0.0	0.0	2.0	0.8689	0.22	2.6987	0.1479	0.3041	0.3385	0.0032	0.0058	20.0171	13.9642	0.0659	0.0384	0.9264	0.0822	0.9095	1.2862	3.0	0.0	0.0	0.0	0.0	0.0	0.0	0.0	1.0	0.0
grp-07	T1	5	150.0	4	4	74.7513	14.8204	98.4017	27.3347	0.1184	0.0702	0.0918	0.1836	36.0759	0.9296	3.0	28.76	11.678	2.0	1.0	0.0	1.0	1.0	0.0	0.0	0.0	0.0	2.0	0.9955	12.86	2.8252	0.2801	0.3921	0.4509	0.0008	0.001	24.0205	18.7777	0.1027	0.0781	0.9031	0.1112	0.955	1.2239	0.0	0.0	0.0	0.0	0.0	0.0	0.0	0.0	0.0	0.0
grp-07	T1	6	180.0	4	4	74.5149	14.6609	141.6027	31.2191	0.1227	0.0689	0.1585	0.2517	36.0864	0.9375	5.0	30.575	2.209	1.0	0.0	0.0	0.0	0.0	0.0		0.0	0.0	1.0	-0.0	7.125	2.7724	0.2007	0.3927	0.3818	-0.0024	0.0052	20.5038	12.1541	0.1438	0.0826	0.9067	0.105	1.2915	1.7277	0.0	0.0	0.0	0.0	0.0	0.0	0.0	0.0	0.0	0.0
grp-07	T1	7	210.0	4	4	78.7198	9.9366	139.177	22.4262	0.1308	0.0658	0.2336	0.3071	36.0951	0.9418	7.0	23.969	7.006	1.0	3.0	1.0	2.0	2.0	0.0	0.3333	0.0	0.0	3.0	1.2157	22.51	2.6179	0.3722	0.3011	0.2511	-0.0024	0.0037	23.3532	6.1154	0.1607	0.1216	0.9198	0.0728	1.3746	1.8646	0.0	0.0	0.0	0.0	0.0	0.0	0.0	0.0	0.0	0.0
grp-07	T1	8	240.0	4	4	81.1034	2.6362	150.2565	15.6586	0.1327	0.0662	0.1669	0.1416	36.0961	0.9478	3.0	0.64	10.305	0.0	3.0	0.0	3.0	0.0	0.0	0.0	0.0	0.0	1.0	-0.0	2.056	2.7498	0.2518	0.4826	0.4774	0.0069	0.0081	30.0256	17.5269	0.1751	0.106	0.8758	0.0938	1.4828	1.9333	0.0	0.0	0.0	0.0	0.0	0.0	0.0	0.0	0.0	0.0
grp-07	T1	9	270.0	4	4	74.6793	3.46	137.6366	19.0589	0.1268	0.0711	0.1502	0.1376	36.0913	0.9498																3.0853	0.1423	0.5009	0.4619	0.0037	0.0018	26.6747	15.534	0.2003	0.0455	0.8319	0.1333	1.4465	1.3694	0.0	0.0	0.0	0.0	0.0	0.0	0.0	0.0	0.0	0.0
grp-07	T1	10	300.0	4	4	67.0136	7.2881	163.2531	19.7945	0.1283	0.0762	0.2086	0.126	36.0896	0.9465																3.1721	0.1371	0.4107	0.3869	-0.0024	0.0066	21.3515	14.7548	0.1629	0.071	0.7824	0.279	0.8983	0.2573	0.0	0.0	0.0	0.0	0.0	0.0	0.0	0.0	0.0	0.0
grp-07	T1	11	330.0	4	4	68.4012	12.1112	143.2255	15.8552	0.134	0.079	0.2337	0.1056	36.0928	0.9408																3.0372	0.4817	0.3208	0.1771	-0.0031	0.0086	27.3549	20.053	0.1874	0.07	0.7223	0.4244	0.995	0.5296	0.0	0.0	0.0	0.0	0.0	0.0	0.0	0.0	0.0	0.0
grp-07	T1	12	360.0	4	4	72.7183	14.0981	174.7833	39.6507	0.1414	0.0777	0.1919	0.1502	36.1114	0.9286																3.033	0.3776	0.312	0.0731	-0.0017	0.0047	28.0239	17.1026	0.1833	0.0379	0.744	0.345	1.2236	0.9655	0.0	0.0	0.0	0.0	0.0	0.0	0.0	0.0	0.0	0.0
grp-07	T1	13	390.0	4	4	68.5301	12.0692	173.4466	64.4105	0.1446	0.076	0.2253	0.2351	36.1351	0.9154																2.9028	0.4175	0.3208	0.1785	-0.003	0.0049	24.6877	9.0263	0.1893	0.0165	0.7477	0.3172	1.1669	0.9616	0.0	0.0	0.0	0.0	0.0	0.0	0.0	0.0	0.0	0.0
grp-07	T1	14	420.0	4	4	61.6652	9.5203	156.3167	95.2934	0.1436	0.0767	0.1752	0.1752	36.1638	0.903																2.8045	0.5762	0.273	0.1703	0.0014	0.0037	30.6723	15.1466	0.1636	0.0512	0.7245	0.3576	1.1761	1.0476	0.0	0.0	0.0	0.0	0.0	0.0	0.0	0.0	0.0	0.0
grp-07	T1	15	450.0	4	4	66.0023	4.2791	134.3177	28.112	0.144	0.0778	0.0668	0.0817	36.1843	0.9021																2.9341	0.435	0.3471	0.2105	0.0035	0.003	32.0272	10.5921	0.1663	0.0613	0.7206	0.3419	1.0695	0.8138	0.0	0.0	0.0	0.0	0.0	0.0	0.0	0.0	0.0	0.0
grp-07	T1	16	480.0	4	4	72.4492	5.487	126.7996	16.9825	0.1458	0.0778	0.1169	0.0696	36.1966	0.906																3.2417	0.1402	0.6346	0.7077	0.0128	0.0245	28.0238	8.7252	0.2002	0.0704	0.7251	0.3501	0.9246	0.6083	0.0	0.0	0.0	0.0	0.0	0.0	0.0	0.0	0.0	0.0
grp-07	T1	17	510.0	4	4	72.8567	3.705	137.3094	30.4315	0.1464	0.078	0.1752	0.0879	36.2118	0.9015																3.5884	0.742	0.6517	0.7063	0.0152	0.0279	24.6712	13.3192	0.1927	0.0556	0.7185	0.3946	1.1356	1.0786	0.0	0.0	0.0	0.0	0.0	0.0	0.0	0.0	0.0	0.0
grp-07	T1	18	540.0	4	4	69.4816	9.0967	148.6564	26.2544	0.1468	0.0779	0.267	0.1124	36.2137	0.9009																3.6367	0.9046	0.7162	0.8514	-0.0074	0.0133	24.0204	15.6339	0.198	0.0358	0.6992	0.4184	2.2581	3.1337	0.0	0.0	0.0	0.0	0.0	0.0	0.0	0.0	0.0	0.0
grp-07	T1	19	570.0	4	4	66.762	15.005	184.1719	32.8143	0.1489	0.0758	0.3089	0.1623	36.2101	0.8982																3.1601	0.2409	0.5226	0.5519	-0.0016	0.0058	26.6894	16.7873	0.2038	0.0504	0.7472	0.3259	2.1802	2.9045	0.0	0.0	0.0	0.0	0.0	0.0	0.0	0.0	0.0	0.0
grp-07	T1	20	600.0	4	4	71.2019	17.0856	164.8443	40.1613	0.1523	0.0731	0.2671	0.2004	36.2166	0.8947																3.1345	0.1687	0.4602	0.3915	0.0002	0.0069	25.3407	19.7325	0.1867	0.0826	0.8031	0.2617	1.9631	2.635	0.0	0.0	0.0	0.0	0.0	0.0	0.0	0.0	0.0	0.0
grp-07	T1	21	630.0	4	4	70.7918	12.8155	119.6899	16.1151	0.1505	0.0715	0.1751	0.1793	36.2296	0.8999																3.0312	0.0802	0.387	0.3066	-0.0018	0.0057	26.0221	21.1841	0.1545	0.0853	0.8322	0.1744	1.3663	1.4178	0.0	0.0	0.0	0.0	0.0	0.0	0.0	0.0	0.0	0.0
grp-07	T1	22	660.0	4	4	70.3278	7.1647	143.0781	14.0454	0.1456	0.075	0.1752	0.1102	36.2339	0.9057																2.9853	0.2282	0.2437	0.0481	-0.0004	0.0008	28.6853	14.203	0.1356	0.0698	0.8302	0.1195	1.2605	1.173	0.0	0.0	0.0	0.0	0.0	0.0	0.0	0.0	0.0	0.0
grp-07	T1	23	690.0	4	4	70.8275	7.3072	142.0232	11.1269	0.141	0.0798	0.1754	0.0998	36.2443	0.9156																2.9969	0.2703	0.2534	0.0492	-0.0003	0.0005	26.0221	9.173	0.1535	0.0204	0.7735	0.2526	1.5666	1.8018	0.0	0.0	0.0	0.0	0.0	0.0	0.0	0.0	0.0	0.0
grp-07	T1	24	720.0	4	4	68.9529	8.9235	166.2074	27.5757	0.145	0.0767	0.1586	0.0879	36.2578	0.941																2.9708	0.3771	0.3031	0.0889	-0.0004	0.0024	31.36	18.5991	0.2082	0.0363	0.7792	0.222	2.1287	2.9051	0.0	0.0	0.0	0.0	0.0	0.0	0.0	0.0	0.0	0.0
grp-07	T1	25	750.0	4	4	73.1253	18.2089	147.3341	19.1414	0.147	0.076	0.2169	0.1504	36.2661	0.9625																2.9595	0.3757	0.3462	0.1474	0.0004	0.0021	34.673	15.0139	0.2179	0.0181	0.784	0.206	2.0942	2.5368	0.0	0.0	0.0	0.0	0.0	0.0	0.0	0.0	0.0	0.0
grp-07	T1	26	780.0	4	4	74.4995	24.1289	153.4818	42.1373	0.1499	0.0748	0.2084	0.2283	36.2705	0.9734																2.9227	0.2652	0.3436	0.1791	-0.0002	0.0017	30.6928	16.7874	0.1844	0.0332	0.7781	0.2813	2.2375	2.9309	0.0	0.0	0.0	0.0	0.0	0.0	0.0	0.0	0.0	0.0
grp-07	T1	27	810.0	4	4	67.6861	10.5509	148.8337	53.7795	0.1524	0.0735	0.2085	0.1933	36.2815	0.9762																2.9087	0.1853	0.3372	0.2168	0.0005	0.0019	28.6911	23.8811	0.1714	0.09	0.8148	0.2197	2.7688	4.1627	0.0	0.0	0.0	0.0	0.0	0.0	0.0	0.0	0.0	0.0
grp-07	T1	28	840.0	4	4	62.9059	4.4127	135.9754	28.7559	0.1494	0.0768	0.2003	0.1724	36.2997	0.9748																2.8287	0.1886	0.3337	0.2216	-0.0026	0.0033	24.0084	14.0	0.1549	0.0568	0.8423	0.1739	2.4093	3.6036	0.0	0.0	0.0	0.0	0.0	0.0	0.0	0.0	0.0	0.0
grp-07	T1	29	870.0	4	4	62.9583	5.9142	139.5021	89.5772	0.152	0.0761	0.1586	0.1136	36.3145	0.9688																2.7767	0.1969	0.3274	0.3232	0.0	0.0018	20.0171	15.8881	0.1151	0.0453	0.842	0.1814	1.9118	2.9747	0.0	0.0	0.0	0.0	0.0	0.0	0.0	0.0	0.0	0.0
grp-07	T1	30	900.0	4	4	66.4615	6.1602	158.4905	59.5081	0.1468	0.0793	0.1835	0.1403	36.3172	0.9665																2.7793	0.27	0.2984	0.272	-0.0005	0.0026	31.5245	23.8204	0.0927	0.029	0.8587	0.1192	1.2583	1.6375	0.0	0.0	0.0	0.0	0.0	0.0	0.0	0.0	0.0	0.0
grp-07	T1	31	930.0	4	4	74.2923	4.9161	144.2446	18.5534	0.1407	0.0844	0.1168	0.148	36.3011	0.974																2.7666	0.2919	0.2041	0.0914	0.0008	0.0018	34.6779	13.0081	0.0809	0.022	0.8954	0.0863	1.0977	1.3732	0.0	0.0	0.0	0.0	0.0	0.0	0.0	0.0	0.0	0.0
grp-07	T1	32	960.0	4	4	77.4841	6.3914	165.9225	19.8332	0.1402	0.0858	0.0083	0.0167	36.2927	0.9775																2.7784	0.2866	0.2351	0.1217	-0.0002	0.0022	44.7048	26.1248	0.0848	0.0774	0.8776	0.1297	1.5992	2.3059	0.0	0.0	0.0	0.0	0.0	0.0	0.0	0.0	0.0	0.0
grp-07	T1	33	990.0	4	4	72.9423	12.6294	155.4825	44.2691	0.1405	0.0861	0.0585	0.096	36.2941	0.9895																2.7794	0.3518	0.2425	0.1549	-0.0002	0.0008	21.3488	21.5917	0.0926	0.09	0.8778	0.1348	1.8172	2.6242	0.0	0.0	0.0	0.0	0.0	0.0	0.0	0.0	0.0	0.0
grp-07	T1	34	1020.0	4	4	72.5612	13.5331	148.5213	26.0949	0.1409	0.0862	0.0751	0.0877	36.2927	1.0049																2.798	0.3651	0.2658	0.1263	0.0001	0.0018	42.0194	30.2769	0.1068	0.0779	0.8773	0.1275	1.9774	2.3076	0.0	0.0	0.0	0.0	0.0	0.0	0.0	0.0	0.0	0.0
grp-07	T1	35	1050.0	4	4	74.6395	11.3354	136.3184	28.2738	0.1466	0.0819	0.1084	0.0788	36.2928	1.0152																2.9201	0.3411	0.4023	0.1487	0.0037	0.0077	30.6928	37.5731	0.1425	0.0808	0.8263	0.1729	2.1426	2.3781	0.0	0.0	0.0	0.0	0.0	0.0	0.0	0.0	0.0	0.0
grp-07	T1	36	1080.0	4	4	69.9077	7.1344	135.89	19.3234	0.1607	0.0761	0.1836	0.1404	36.2906	1.0169																3.0697	0.4098	0.3867	0.0634	0.0011	0.0034	34.6757	39.2648	0.1906	0.0806	0.8222	0.1754	2.0503	2.5016	0.0	0.0	0.0	0.0	0.0	0.0	0.0	0.0	0.0	0.0
grp-07	T1	37	1110.0	4	4	66.164	6.808	160.7694	56.1831	0.1686	0.0764	0.1753	0.1796	36.2837	1.0084																2.9861	0.3117	0.3444	0.1172	-0.0029	0.0036	24.0205	19.0951	0.215	0.1151	0.8554	0.1508	2.389	3.4558	0.0	0.0	0.0	0.0	0.0	0.0	0.0	0.0	0.0	0.0
grp-07	T1	38	1140.0	4	4	64.9146	8.6983	155.9744	32.4805	0.1781	0.0813	0.1668	0.1945	36.2737	1.0065																2.8475	0.2095	0.2532	0.1568	-0.0011	0.0007	20.6843	8.0899	0.1704	0.1623	0.8659	0.1267	2.4554	3.8949	0.0	0.0	0.0	0.0	0.0	0.0	0.0	0.0	0.0	0.0
grp-07	T1	39	1170.0	4	4	65.7594	6.9678	162.6807	54.2736	0.1776	0.0803	0.2336	0.2344	36.2647	1.0133																2.8605	0.1731	0.2822	0.1357	0.0019	0.0006	32.0082	19.6647	0.1567	0.1017	0.8715	0.1143	2.4829	3.8172	0.0	0.0	0.0	0.0	0.0	0.0	0.0	0.0	0.0	0.0
grp-07	T1	40	1200.0	4	4	77.3117	11.2477	168.8706	7.6088	0.1695	0.0776	0.2671	0.3096	36.2539	1.0266																3.017	0.2703	0.3422	0.0787	0.0034	0.0038	27.3566	7.5784	0.1983	0.033	0.8559	0.122	2.1709	2.992	0.0	0.0	0.0	0.0	0.0	0.0	0.0	0.0	0.0	0.0
grp-07	T1	41	1230.0	4	4	79.7555	9.7874	160.9192	49.0846	0.1691	0.0788	0.192	0.2137	36.2533	1.0277																2.9833	0.2746	0.3301	0.0571	-0.003	0.0032	26.6836	1.1608	0.1875	0.019	0.8562	0.1348	1.4294	1.5604	0.0	0.0	0.0	0.0	0.0	0.0	0.0	0.0	0.0	0.0
grp-07	T1	42	1260.0	4	4	71.2055	5.2299	143.5299	47.5666	0.1665	0.0773	0.1836	0.114	36.2699	1.0153																2.8686	0.2619	0.2963	0.154	0.0003	0.0035	28.6799	12.7109	0.2147	0.0972	0.8368	0.1766	2.206	2.9593	0.0	0.0	0.0	0.0	0.0	0.0	0.0	0.0	0.0	0.0
grp-07	T1	43	1290.0	4	4	69.0346	8.7413	149.5866	40.9879	0.1609	0.0765	0.2838	0.1454	36.2669	1.0243																2.8852	0.3452	0.3115	0.1493	0.0002	0.002	28.6911	10.075	0.2547	0.159	0.7784	0.2707	3.3184	4.9275	0.0	0.0	0.0	0.0	0.0	0.0	0.0	0.0	0.0	0.0
grp-07	T2	0	0.0	4	4	66.8163	7.4694	147.5883	24.2865	0.1712	0.0784	0.2002	0.0944	36.2629	1.0713	8.0	29.337	2.264	1.0	2.0	0.0	2.0	1.0	0.0	0.0	0.0	0.0	2.0	0.9844	5.993	2.8596	0.1768	0.2342	0.1655	-0.0032	0.0043	20.6704	12.0576	0.144	0.0778	0.7897	0.2972	1.4547	2.1626	1.0	0.0	0.0	0.0	0.0	0.0	0.0	0.0	1.0	0.0
grp-07	T2	1	30.0	4	4	70.9129	19.8156	161.0656	37.4609	0.1695	0.0805	0.2088	0.1291	36.2694	1.1004	5.0	29.519	2.04	1.0	0.0	0.0	0.0	0.0	0.0		0.0	0.0	2.0	0.9283	10.144	2.8076	0.2756	0.3422	0.3856	0.0008	0.0022	20.017	14.4345	0.1173	0.0648	0.7381	0.4361	0.7027	0.7168	0.0	0.0	0.0	0.0	0.0	0.0	0.0	0.0	0.0	0.0
grp-07	T2	2	60.0	4	4	72.3307	11.5256	168.0902	19.9551	0.1726	0.0785	0.2002	0.1612	36.2806	1.106	3.0	23.174	5.322	0.0	0.0	0.0	0.0	0.0	0.0		0.0	0.0	1.0	-0.0	11.951	2.8211	0.301	0.3708	0.3459	0.0006	0.002	24.0205	14.4345	0.1685	0.0765	0.736	0.4132	2.7518	4.4272	0.0	0.0	1.0	0.0	0.0	0.0	0.0	0.0	0.0	0.0
grp-07	T2	3	90.0	4	4	74.8013	11.009	154.0957	42.1949	0.1729	0.0811	0.2086	0.1289	36.2923	1.0879	2.0	30.768	0.0	0.0	0.0	0.0	0.0	0.0	0.0		0.0	0.0	1.0	-0.0	0.0	2.7869	0.19	0.3845	0.2789	-0.0025	0.0017	28.6719	14.0502	0.1539	0.0501	0.7872	0.2896	1.2996	1.5363	0.0	0.0	0.0	0.0	2.0	0.0	0.0	1.0	0.0	0.0
grp-07	T2	4	120.0	4	4	79.9781	21.2611	127.8813	29.1417	0.1741	0.0823	0.1168	0.1001	36.3016	1.0713	7.0	24.209	5.741	0.0	0.0	0.0	0.0	0.0	0.0		0.0	0.0	3.0	1.3519	0.0	2.6601	0.2072	0.3009	0.2136	-0.0018	0.0032	20.6843	10.272	0.0869	0.0383	0.8814	0.1515	1.0245	1.3499	0.0	0.0	0.0	0.0	1.0	0.0	0.0	1.0	0.0	0.0
grp-07	T2	5	150.0	4	4	71.1956	15.602	187.1492	59.091	0.1762	0.0816	0.1334	0.1123	36.3023	1.0714	13.0	30.882	2.198	0.0	1.0	0.0	1.0	0.0	0.0	0.0	0.0	0.0	3.0	1.3942	8.167	2.7442	0.2339	0.3208	0.1101	0.0038	0.0018	30.0256	23.7971	0.1289	0.0458	0.9097	0.1125	1.7258	2.4295	0.0	1.0	0.0	0.0	0.0	0.0	0.0	0.0	1.0	0.0
grp-07	T2	6	180.0	4	4	65.5389	2.564	163.9328	72.6162	0.1729	0.0823	0.2838	0.0694	36.3063	1.0688	2.0	26.302	10.244	1.0	2.0	2.0	0.0	0.0	0.0	1.0	0.0	0.0	2.0	0.3896	9.342	2.9545	0.2732	0.3709	0.2346	0.0027	0.0016	18.0033	13.859	0.1993	0.0675	0.8835	0.1374	2.3649	3.4221	0.0	0.0	0.0	0.0	0.0	0.0	0.0	0.0	0.0	0.0
grp-07	T2	7	210.0	4	4	65.8167	12.8992	154.8168	34.6424	0.168	0.0859	0.3507	0.0431	36.3156	1.0647	4.0	34.384	3.618	0.0	1.0	0.0	1.0	1.0	0.0	0.0	0.0	0.0	3.0	1.0238	24.872	3.1356	0.0986	0.5329	0.6959	0.0029	0.0073	17.3481	11.0246	0.2409	0.1696	0.8434	0.2268	2.575	4.0785	0.0	0.0	0.0	0.0	0.0	0.0	0.0	0.0	0.0	0.0
grp-07	T2	8	240.0	4	4	62.652	5.7152	176.9901	37.9718	0.1609	0.0873	0.2169	0.0578	36.3259	1.0674	6.0	27.009	2.322	0.0	2.0	1.0	1.0	1.0	0.0	0.5	0.0	0.0	3.0	1.0556	23.272	3.322	0.3925	0.6329	0.858	-0.0209	0.0455	16.6809	11.7289	0.276	0.2293	0.7675	0.3652	2.6195	4.3433	0.0	1.0	0.0	1.0	1.0	0.0	0.0	0.6666666666666666	0.3333333333333333	0.0
grp-07	T2	9	270.0	4	4	67.0716	7.7996	163.5122	56.0297	0.1622	0.0902	0.1919	0.0996	36.3231	1.08	8.0	24.456	5.658	0.0	2.0	0.0	1.0	1.0	1.0	0.0	0.0	0.0	3.0	1.0754	4.824	2.9671	0.4442	0.2655	0.0893	0.0005	0.0022	21.3412	15.2768	0.158	0.0694	0.7074	0.4448	1.9854	2.9448	0.0	0.0	0.0	0.0	0.0	0.0	0.0	0.0	0.0	0.0
grp-07	T2	10	300.0	4	4	72.5429	14.174	162.027	33.2002	0.173	0.0912	0.1837	0.0695	36.329	1.0866	4.0	27.497	1.756	5.0	1.0	0.0	1.0	1.0	0.0	0.0	0.0	0.0	2.0	0.6326	8.081	2.9916	0.2065	0.2912	0.1488	-0.0011	0.0039	24.0204	12.5007	0.178	0.1079	0.7139	0.4192	1.7239	2.276	0.0	0.0	1.0	1.0	5.0	0.0	0.0	0.8571428571428571	0.0	0.0
grp-07	T2	11	330.0	4	4	74.3345	9.1347	142.9855	35.5311	0.1746	0.079	0.2255	0.0167	36.3404	1.0955	8.0	55.23	4.351	0.0	3.0	0.0	2.0	1.0	1.0	0.0	0.0	1.0	1.0	-0.0	44.425	2.8598	0.3194	0.3091	0.1994	-0.0017	0.0039	27.3531	12.0708	0.1434	0.0567	0.7331	0.3649	1.457	1.6753	0.0	1.0	2.0	1.0	0.0	0.0	0.0	0.25	0.25	0.0
grp-07	T2	12	360.0	4	4	75.277	4.7128	160.8127	35.557	0.1709	0.0842	0.1919	0.0878	36.3509	1.0989	1.0	15.945	0.78	0.0	0.0	0.0	0.0	0.0	0.0		0.0	0.0	1.0	-0.0	0.0	2.8491	0.4865	0.3077	0.1517	0.0004	0.003	22.686	19.025	0.1395	0.0361	0.7697	0.3393	1.0541	1.1032	0.0	0.0	1.0	0.0	1.0	0.0	0.0	0.5	0.0	0.0
grp-07	T2	13	390.0	4	4	77.2885	15.0199	168.4602	61.4684	0.1734	0.0948	0.3337	0.1416	36.3635	1.0957	3.0	24.57	0.6	1.0	1.0	0.0	1.0	1.0	0.0	0.0	0.0	0.0	1.0	-0.0	1.96	2.8078	0.5983	0.2722	0.1446	-0.0017	0.001	16.6809	15.5482	0.123	0.0382	0.7924	0.3335	0.8901	0.8819	0.0	1.0	0.0	0.0	0.0	0.0	0.0	0.0	1.0	0.0
grp-07	T2	14	420.0	4	4	78.6473	18.5352	150.1151	19.4591	0.174	0.0974	0.4089	0.299	36.3688	1.1056	5.0	22.352	8.516	0.0	0.0	0.0	0.0	0.0	0.0		0.0	1.0	2.0	0.9997	0.298	2.8186	0.5976	0.2725	0.1657	0.0036	0.003	21.3372	12.7041	0.13	0.0288	0.7659	0.3553	1.0205	0.8813	0.0	0.0	0.0	0.0	0.0	0.0	0.0	0.0	0.0	0.0
grp-07	T2	15	450.0	4	4	76.3682	17.0093	148.7688	31.5309	0.1679	0.1078	0.3335	0.2327	36.3771	1.1107	5.0	52.385	3.121	0.0	0.0	0.0	0.0	0.0	0.0		1.0	0.0	2.0	0.998	35.267	2.967	0.4449	0.2895	0.1886	0.0043	0.0085	25.3549	17.9411	0.1362	0.0553	0.7293	0.4237	0.9052	0.5549	0.0	0.0	0.0	0.0	0.0	0.0	0.0	0.0	0.0	0.0
grp-07	T2	16	480.0	4	4	76.8535	15.4313	166.5433	17.7775	0.166	0.1158	0.2837	0.1838	36.3761	1.1294	3.0	27.957	0.0	0.0	3.0	0.0	3.0	3.0	0.0	0.0	0.0	0.0	2.0	0.4234	46.269	3.0826	0.2385	0.2223	0.0845	-0.0002	0.0004	24.0204	20.8985	0.1234	0.0383	0.767	0.3631	1.6766	2.2	0.0	0.0	0.0	0.0	0.0	0.0	0.0	0.0	0.0	0.0
grp-07	T2	17	510.0	4	4	73.4641	10.7621	172.9027	33.0904	0.1815	0.1118	0.2338	0.1364	36.3765	1.1522	6.0	28.645	10.878	1.0	4.0	2.0	2.0	1.0	0.0	0.5	0.0	0.0	2.0	0.657	35.778	3.0322	0.2837	0.2188	0.1066	-0.0026	0.0035	22.004	17.0912	0.1183	0.0494	0.7912	0.3056	1.4254	1.7725	0.0	0.0	0.0	0.0	0.0	0.0	0.0	0.0	0.0	0.0
grp-07	T2	18	540.0	4	4	75.4395	11.2269	148.3591	1.3079	0.187	0.1162	0.1669	0.0862	36.3799	1.1642	7.0	36.226	7.736	1.0	1.0	0.0	1.0	1.0	0.0	0.0	0.0	0.0	2.0	0.5569	18.518	2.9647	0.3011	0.1904	0.0594	-0.0004	0.0013	28.0238	18.0154	0.0866	0.0188	0.8096	0.2566	0.9577	0.904	0.0	0.0	0.0	0.0	0.0	0.0	0.0	0.0	0.0	0.0
grp-07	T2	19	570.0	4	4	77.5998	13.8579	123.6955	28.8672	0.1835	0.1201	0.1501	0.1107	36.3678	1.1922	3.0	21.046	0.519	2.0	0.0	0.0	0.0	0.0	0.0		0.0	0.0	2.0	0.8613	1.21	2.9535	0.2493	0.1875	0.0391	-0.0003	0.001	32.6944	14.7547	0.0697	0.0191	0.8303	0.197	0.9272	0.8791	0.0	0.0	0.0	0.0	0.0	0.0	0.0	0.0	0.0	0.0
grp-07	T2	20	600.0	4	4	71.3528	11.5202	147.6247	46.0719	0.1871	0.1128	0.2585	0.1399	36.3606	1.2159	6.0	47.549	6.502	0.0	5.0	2.0	3.0	2.0	0.0	0.4	0.0	0.0	3.0	0.6785	82.481	2.9311	0.2707	0.1988	0.0078	-0.0007	0.001	28.6781	11.0166	0.1018	0.0295	0.851	0.141	0.9392	0.8793	0.0	0.0	0.0	0.0	0.0	0.0	0.0	0.0	0.0	0.0
grp-07	T2	21	630.0	4	4	69.3134	10.8187	142.7812	32.373	0.196	0.1079	0.3175	0.214	36.3449	1.2142	5.0	41.908	6.778	0.0	4.0	4.0	0.0	0.0	0.0	1.0	0.0	0.0	2.0	0.1992	68.83	2.9664	0.3105	0.2454	0.0424	0.0016	0.0014	26.6894	15.1567	0.1376	0.0442	0.85	0.138	0.9788	0.7517	0.0	0.0	0.0	0.0	0.0	0.0	0.0	0.0	0.0	0.0
grp-07	T2	22	660.0	4	4	66.1978	13.3497	149.7625	6.2152	0.2008	0.1083	0.2503	0.1776	36.3176	1.1922	3.0	34.992	1.327	0.0	1.0	0.0	1.0	0.0	0.0	0.0	0.0	0.0	1.0	-0.0	2.558	3.0387	0.335	0.272	0.0616	0.001	0.0029	26.6845	13.6279	0.1454	0.0498	0.8225	0.2246	0.9259	0.6324	0.0	0.0	0.0	0.0	0.0	0.0	0.0	0.0	0.0	0.0
grp-07	T2	23	690.0	4	4	64.2477	13.768	136.6597	17.5629	0.1944	0.1164	0.1834	0.1375	36.3048	1.1691	7.0	38.38	2.853	1.0	6.0	1.0	2.0	0.0	3.0	0.3333	1.0	0.0	3.0	0.965	51.648	3.0436	0.3489	0.2591	0.0605	-0.0022	0.004	24.0204	17.4505	0.1363	0.0539	0.7856	0.3123	0.9279	0.7302	0.0	0.0	0.0	0.0	0.0	0.0	0.0	0.0	0.0	0.0
grp-07	T2	24	720.0	4	4	68.2797	16.0922	134.2759	8.9205	0.2001	0.1151	0.2088	0.1453	36.2975	1.1642	6.0	17.372	11.346	0.0	1.0	1.0	0.0	0.0	0.0	1.0	1.0	0.0	3.0	1.1699	6.157	3.1061	0.2891	0.2894	0.0934	0.0033	0.0053	20.017	12.1759	0.1264	0.0133	0.747	0.3943	0.8536	0.6014	0.0	0.0	0.0	0.0	0.0	0.0	0.0	0.0	0.0	0.0
grp-07	T2	25	750.0	4	4	70.2315	12.4984	161.2299	43.7777	0.2148	0.1195	0.2673	0.1789	36.2994	1.1591	6.0	7.612	21.53	0.0	2.0	0.0	1.0	0.0	1.0	0.0	0.0	0.0	3.0	1.074	3.466	3.1616	0.1643	0.2771	0.1237	0.0033	0.0098	18.6701	8.0844	0.1226	0.0243	0.734	0.4382	0.6746	0.4051	0.0	0.0	0.0	0.0	0.0	0.0	0.0	0.0	0.0	0.0
grp-07	T2	26	780.0	4	4	72.5979	11.3403	171.4129	20.1558	0.2172	0.1181	0.2671	0.233	36.3033	1.1676	5.0	7.206	2.088	0.0	2.0	0.0	2.0	1.0	0.0	0.0	1.0	0.0	2.0	0.8521	4.63	3.0266	0.228	0.2106	0.0589	-0.0014	0.0017	25.3549	9.4597	0.1754	0.1674	0.7069	0.463	0.4489	0.0245	0.0	0.0	0.0	0.0	0.0	0.0	0.0	0.0	0.0	0.0
grp-07	T2	27	810.0	4	4	71.7823	9.112	173.9016	6.1638	0.2137	0.1195	0.2837	0.2189	36.296	1.1838																2.9787	0.2389	0.2257	0.1014	-0.0009	0.0015	29.3583	14.0596	0.1264	0.0908	0.7069	0.45	0.8491	0.8388	0.0	0.0	0.0	0.0	0.0	0.0	0.0	0.0	0.0	0.0
grp-07	T2	28	840.0	4	4	66.948	12.4823	156.3737	16.8501	0.2129	0.1178	0.3338	0.1468	36.2854	1.1889																2.9962	0.2097	0.2019	0.0611	-0.0	0.0005	26.0079	17.4356	0.1008	0.0061	0.7415	0.3946	0.9047	0.7071	0.0	0.0	0.0	0.0	0.0	0.0	0.0	0.0	0.0	0.0
grp-07	T2	29	870.0	4	4	64.697	19.3047	172.0628	59.2196	0.2187	0.1179	0.2336	0.0472	36.291	1.1981																2.9582	0.243	0.2106	0.0464	-0.0005	0.002	26.0221	17.4505	0.1194	0.0382	0.8091	0.265	1.1144	1.0572	0.0	0.0	0.0	0.0	0.0	0.0	0.0	0.0	0.0	0.0
grp-07	T2	30	900.0	4	4	63.0986	14.9702	145.3929	33.0598	0.2183	0.1291	0.1335	0.0818	36.2944	1.219																2.9313	0.2605	0.1884	0.0377	0.0002	0.0011	27.3522	12.7164	0.1014	0.0211	0.7766	0.3296	1.1471	1.2688	0.0	0.0	0.0	0.0	0.0	0.0	0.0	0.0	0.0	0.0
grp-07	T2	31	930.0	4	4	71.6097	13.0907	153.8463	14.3287	0.2111	0.1388	0.2088	0.0879	36.2979	1.2265																3.1024	0.0362	0.169	0.0206	0.0016	0.0004	29.3436	7.0175	0.0585	0.0174	0.6989	0.4659	0.5696	0.1851	0.0	0.0	0.0	0.0	0.0	0.0	0.0	0.0	0.0	0.0
grp-07	T2	32	960.0	4	4	75.5711	12.2326	149.0417	17.0797	0.2139	0.1494	0.2836	0.1037	36.3003	1.237																3.1119	0.1546	0.2054	0.0521	-0.0223	0.0471	28.0239	14.012	0.0945	0.009	0.7012	0.4345	1.3092	1.5396	0.0	0.0	0.0	0.0	0.0	0.0	0.0	0.0	0.0	0.0
grp-07	T2	33	990.0	4	4	72.5341	20.1303	148.0055	18.4842	0.2205	0.138	0.2584	0.05	36.2907	1.2669																3.1244	0.1809	0.2045	0.0517	0.0006	0.0016	25.3509	21.9601	0.1009	0.02	0.7069	0.4378	1.2469	1.5768	0.0	0.0	0.0	0.0	0.0	0.0	0.0	0.0	0.0	0.0
grp-07	T2	34	1020.0	4	4	69.6416	21.8237	176.1434	30.2049	0.2299	0.1342	0.2169	0.0334	36.2905	1.2874																3.0993	0.283	0.2283	0.0738	-0.0037	0.0106	25.3522	21.4061	0.1148	0.0341	0.7336	0.4087	0.9304	0.8686	0.0	0.0	0.0	0.0	0.0	0.0	0.0	0.0	0.0	0.0
grp-07	T2	35	1050.0	4	4	69.4476	18.954	158.821	39.5162	0.2346	0.139	0.1836	0.0964	36.2984	1.2895																3.0916	0.2597	0.2852	0.0212	-0.0024	0.0046	22.0188	17.7916	0.1503	0.0484	0.7298	0.404	0.9796	0.8061	0.0	0.0	0.0	0.0	0.0	0.0	0.0	0.0	0.0	0.0
grp-07	T2	36	1080.0	4	4	79.4552	18.1924	142.7989	28.4577	0.2239	0.143	0.2504	0.1234	36.2992	1.2871																3.1551	0.1021	0.2477	0.0532	0.0005	0.0016	26.6778	14.0511	0.1297	0.0413	0.7016	0.4268	0.9177	0.5468	0.0	0.0	0.0	0.0	0.0	0.0	0.0	0.0	0.0	0.0
grp-07	T2	37	1110.0	4	4	82.093	12.34	147.8962	13.9556	0.2292	0.1521	0.217	0.0793	36.2901	1.3006																3.1768	0.1052	0.2443	0.0939	0.0025	0.0051	26.0222	12.5007	0.1042	0.0224	0.7584	0.3161	1.5135	1.8364	0.0	0.0	0.0	0.0	0.0	0.0	0.0	0.0	0.0	0.0
grp-07	T2	38	1140.0	4	4	69.5341	16.7033	185.5091	7.6289	0.252	0.1751	0.2087	0.057	36.285	1.3179																3.1694	0.0849	0.2429	0.1141	0.0015	0.0034	20.6843	14.0596	0.1125	0.0456	0.7592	0.3496	1.62	2.2465	0.0	0.0	0.0	0.0	0.0	0.0	0.0	0.0	0.0	0.0
grp-07	T2	39	1170.0	4	4	67.943	17.7761	187.3338	24.205	0.2431	0.1544	0.2087	0.0997	36.2919	1.3252																3.1564	0.0663	0.2637	0.1355	0.0012	0.0019	26.0066	19.0798	0.1841	0.178	0.7131	0.4606	1.3541	1.6778	0.0	0.0	0.0	0.0	0.0	0.0	0.0	0.0	0.0	0.0
grp-07	T2	40	1200.0	4	4	70.956	16.7787	187.2036	45.7255	0.2616	0.1948	0.2336	0.0	36.2882	1.3153																3.0865	0.3038	0.3155	0.2301	-0.0004	0.0018	30.0256	21.0893	0.145	0.0615	0.7164	0.4306	1.9219	2.5217	0.0	0.0	0.0	0.0	0.0	0.0	0.0	0.0	0.0	0.0
grp-07	T2	41	1230.0	4	4	69.4693	4.4091	146.1901	29.3011	0.3135	0.295	0.3505	0.1038	36.2863	1.2971																3.0959	0.3548	0.2886	0.1698	0.0006	0.0026	24.0191	18.0174	0.147	0.0503	0.726	0.4228	1.7018	2.0702	0.0	0.0	0.0	0.0	0.0	0.0	0.0	0.0	0.0	0.0
grp-07	T2	42	1260.0	4	4	67.8082	11.0187	146.0278	29.7844	0.2679	0.2084	0.3007	0.1364	36.2869	1.2935																3.0938	0.4088	0.3074	0.1298	-0.0041	0.0097	16.6706	12.0563	0.1423	0.0623	0.7291	0.4492	0.942	0.827	0.0	0.0	0.0	0.0	0.0	0.0	0.0	0.0	0.0	0.0
grp-07	T2	43	1290.0	4	4	67.9302	10.2275	185.5992	34.0363	0.2408	0.1707	0.3085	0.1288	36.2823	1.2947																3.0317	0.5815	0.3151	0.1399	0.0018	0.0025	18.6826	14.0595	0.1505	0.0949	0.7128	0.4402	1.9401	2.758	0.0	0.0	0.0	0.0	0.0	0.0	0.0	0.0	0.0	0.0
grp-07	T2	44	1320.0	4	4	71.8498	12.407	161.581	48.562	0.2548	0.2147	0.2168	0.0578	36.2874	1.2968																3.1378	0.5595	0.2991	0.1178	0.0033	0.0024	26.0204	18.0181	0.143	0.0662	0.7018	0.4315	2.0484	2.782	0.0	0.0	0.0	0.0	0.0	0.0	0.0	0.0	0.0	0.0
grp-07	T2	45	1350.0	4	4	73.4007	4.2336	145.7406	29.3051	0.2525	0.2177	0.2005	0.1189	36.2943	1.3101																3.1935	0.5769	0.2571	0.0682	-0.0094	0.0182	29.3534	20.0531	0.1401	0.0596	0.7024	0.4534	1.6673	1.9122	0.0	0.0	0.0	0.0	0.0	0.0	0.0	0.0	0.0	0.0
grp-07	T2	46	1380.0	4	4	75.5227	4.5907	121.9423	14.3017	0.2119	0.1452	0.2253	0.1346	36.2951	1.3193																3.2644	0.3106	0.3528	0.1531	0.0008	0.0055	30.6928	18.491	0.1204	0.0233	0.7009	0.4586	1.2104	1.0721	0.0	0.0	0.0	0.0	0.0	0.0	0.0	0.0	0.0	0.0
grp-07	T2	47	1410.0	4	4	72.1509	8.2645	145.2346	43.4666	0.1871	0.113	0.2418	0.173	36.2874	1.3223																3.2007	0.1318	0.278	0.0641	-0.0014	0.0044	34.0183	12.1575	0.1018	0.0259	0.6982	0.4576	1.1189	1.1362	0.0	0.0	0.0	0.0	0.0	0.0	0.0	0.0	0.0	0.0
grp-07	T2	48	1440.0	4	4	71.1475	11.4007	141.0546	21.5408	0.2134	0.1433	0.217	0.1974	36.2809	1.3327																3.0129	0.1619	0.2209	0.0641	-0.0006	0.0019	35.3634	12.8692	0.1192	0.0636	0.6989	0.437	2.0069	2.9829	0.0	0.0	0.0	0.0	0.0	0.0	0.0	0.0	0.0	0.0
grp-07	T2	49	1470.0	4	4	70.4851	10.6769	158.549	48.3584	0.2318	0.1809	0.2837	0.2012	36.276	1.3394																2.9819	0.154	0.234	0.1324	-0.0008	0.0017	33.3568	14.7605	0.098	0.0437	0.7094	0.4215	1.7266	2.3988	0.0	0.0	0.0	0.0	0.0	0.0	0.0	0.0	0.0	0.0
grp-07	T2	50	1500.0	4	4	65.4912	10.7143	163.4821	71.552	0.2334	0.1732	0.2003	0.1363	36.2664	1.3509																2.8929	0.3584	0.2769	0.1658	-0.0047	0.0103	28.6751	16.1646	0.1002	0.047	0.6963	0.4143	1.0532	1.0884	0.0	0.0	0.0	0.0	0.0	0.0	0.0	0.0	0.0	0.0
grp-07	T2	51	1530.0	4	4	71.6547	9.3912	135.0246	48.1755	0.2493	0.184	0.2254	0.2083	36.2565	1.3686																2.862	0.5228	0.2347	0.0382	0.0007	0.0016	24.6877	14.4808	0.1393	0.091	0.6839	0.4243	0.9796	0.8715	0.0	0.0	0.0	0.0	0.0	0.0	0.0	0.0	0.0	0.0
grp-07	T2	52	1560.0	4	4	78.0208	18.1681	129.3831	19.0764	0.2159	0.1419	0.1836	0.0695	36.2588	1.3788																2.9098	0.5496	0.2327	0.0493	0.0051	0.0086	20.683	12.8715	0.1168	0.035	0.7006	0.4606	2.2032	2.9287	0.0	0.0	0.0	0.0	0.0	0.0	0.0	0.0	0.0	0.0
grp-07	T2	53	1590.0	4	4	74.2272	14.7133	135.8512	35.5605	0.1946	0.1156	0.2337	0.1517	36.261	1.375																2.9563	0.5684	0.3072	0.1649	-0.0388	0.0794	20.005	20.8831	0.1465	0.0905	0.7071	0.4705	0.6523	0.258	0.0	0.0	0.0	0.0	0.0	0.0	0.0	0.0	0.0	0.0
grp-07	T2	54	1620.0	4	4	72.9633	17.4095	116.6251	32.2777	0.1983	0.1173	0.2836	0.1577	36.2475	1.3721																3.2046	0.1395	0.2769	0.1299	-0.0002	0.0017	20.0171	16.3847	0.1026	0.0495	0.7323	0.4304	1.2141	1.3128	0.0	0.0	0.0	0.0	0.0	0.0	0.0	0.0	0.0	0.0
grp-07	T2	55	1650.0	4	4	72.8581	19.2575	171.1116	48.2562	0.2057	0.1282	0.2585	0.0919	36.2267	1.3871																3.1465	0.0743	0.2719	0.0977	-0.0003	0.0025	20.6825	11.3852	0.1466	0.06	0.7335	0.428	1.2963	1.4589	0.0	0.0	0.0	0.0	0.0	0.0	0.0	0.0	0.0	0.0
grp-07	T2	56	1680.0	4	4	71.7039	15.3049	152.0251	61.7006	0.2376	0.1794	0.292	0.0834	36.2273	1.3892																2.9735	0.1779	0.2735	0.0653	-0.0015	0.0011	24.6748	8.0788	0.163	0.0472	0.753	0.3776	1.2717	1.3655	0.0	0.0	0.0	0.0	0.0	0.0	0.0	0.0	0.0	0.0
grp-07	T2	57	1710.0	4	4	74.9328	16.9614	120.3606	28.537	0.2503	0.1998	0.2838	0.212	36.2374	1.3719																2.9897	0.1857	0.2878	0.0396	0.0006	0.0021	26.6894	10.272	0.1904	0.0386	0.7533	0.35	1.2437	1.1229	0.0	0.0	0.0	0.0	0.0	0.0	0.0	0.0	0.0	0.0
grp-07	T2	58	1740.0	4	4	70.8245	12.4067	160.4541	61.2765	0.2604	0.2165	0.2421	0.1955	36.2253	1.3784																2.9596	0.2876	0.3179	0.0952	-0.0008	0.0026	30.6928	18.491	0.1919	0.0454	0.6974	0.3926	1.5914	1.3003	0.0	0.0	0.0	0.0	0.0	0.0	0.0	0.0	0.0	0.0
grp-07	T2	59	1770.0	4	4	66.3176	5.6099	159.5962	8.2186	0.2591	0.2165	0.2254	0.1231	36.2134	1.3835																2.859	0.2348	0.2625	0.0189	-0.0021	0.0027	25.3518	16.3062	0.1782	0.0492	0.8096	0.2089	1.0444	0.6972	0.0	0.0	0.0	0.0	0.0	0.0	0.0	0.0	0.0	0.0
grp-07	T2	60	1800.0	4	4	72.0976	10.1719	156.9337	22.8643	0.2487	0.1976	0.2501	0.2532	36.2216	1.3673																2.7682	0.212	0.1955	0.0621	-0.0012	0.001	17.345	9.4614	0.0694	0.0165	0.9461	0.0389	0.6587	0.5358	0.0	0.0	0.0	0.0	0.0	0.0	0.0	0.0	0.0	0.0
grp-07	T2	61	1830.0	4	4	77.1836	19.965	119.2889	10.5061	0.2451	0.1902	0.2253	0.2548	36.2297	1.3651																2.7985	0.2683	0.2122	0.121	0.0012	0.0017	22.0063	10.5812	0.0829	0.0745	0.9387	0.0546	1.0205	1.1179	0.0	0.0	0.0	0.0	0.0	0.0	0.0	0.0	0.0	0.0
grp-07	T2	62	1860.0	4	4	81.6311	17.3787	127.4508	37.4287	0.2479	0.1923	0.2088	0.2172	36.2261	1.369																2.8466	0.3237	0.228	0.1341	0.0	0.0015	28.0239	20.3152	0.1119	0.1098	0.9018	0.1074	1.5709	2.0158	0.0	0.0	0.0	0.0	0.0	0.0	0.0	0.0	0.0	0.0
grp-07	T2	63	1890.0	4	4	84.0693	13.1897	135.5698	50.2658	0.2517	0.1992	0.2169	0.1455	36.2249	1.3683																2.8686	0.3443	0.2334	0.1215	0.0007	0.0011	26.0215	25.8427	0.1374	0.0802	0.8758	0.1235	1.4443	1.6866	0.0	0.0	0.0	0.0	0.0	0.0	0.0	0.0	0.0	0.0
grp-07	T2	64	1920.0	4	4	77.8814	9.414	133.5568	40.9482	0.2511	0.2089	0.2501	0.2152	36.2347	1.3511																2.9397	0.3275	0.246	0.1335	0.0011	0.0011	31.0077	18.6555	0.1091	0.046	0.8668	0.0954	1.1965	1.1204	0.0	0.0	0.0	0.0	0.0	0.0	0.0	0.0	0.0	0.0
grp-07	T2	65	1950.0	4	4	72.322	8.6901	154.3952	46.4591	0.2545	0.2128	0.309	0.0633	36.2301	1.3413																2.9654	0.3032	0.2557	0.127	-0.0001	0.0016	14.6792	5.0375	0.1042	0.0401	0.8729	0.1332	0.9062	0.5663	0.0	0.0	0.0	0.0	0.0	0.0	0.0	0.0	0.0	0.0
grp-07	T2	66	1980.0	4	4	73.5491	9.5581	130.9226	22.2373	0.259	0.2244	0.2923	0.2066	36.2135	1.3395																2.9747	0.279	0.2544	0.0971	0.0	0.002	25.0213	18.3095	0.1274	0.056	0.8778	0.0999	1.3015	1.4441	0.0	0.0	0.0	0.0	0.0	0.0	0.0	0.0	0.0	0.0
grp-07	T2	67	2010.0	4	4	77.5258	11.7005	138.146	29.6246	0.2641	0.2273	0.1669	0.168	36.2091	1.3292																2.9368	0.285	0.2549	0.0685	-0.0013	0.0014	25.342	14.468	0.2009	0.0334	0.8686	0.1252	1.6555	2.1509	0.0	0.0	0.0	0.0	0.0	0.0	0.0	0.0	0.0	0.0
grp-07	T2	68	2040.0	4	4	77.0396	12.9789	166.9397	16.6984	0.2641	0.2158	0.2335	0.1657	36.198	1.3189																2.9611	0.317	0.291	0.0726	0.0038	0.0014	28.0194	9.1789	0.2034	0.0292	0.7649	0.2453	1.3396	1.3121	0.0	0.0	0.0	0.0	0.0	0.0	0.0	0.0	0.0	0.0
grp-07	T2	69	2070.0	4	4	70.9063	3.4446	163.4607	23.0625	0.2819	0.2523	0.2919	0.0419	36.1728	1.3048																3.1957	0.0684	0.4499	0.3493	0.0103	0.0142	34.029	0.0	0.1968	0.0636	0.5504	0.3486	2.0597	2.345	0.0	0.0	0.0	0.0	0.0	0.0	0.0	0.0	0.0	0.0
grp-07	T2	70	2100.0	4	4	70.3188	5.7983	155.5036	34.9663	0.2777	0.2475	0.2755	0.0632	36.1603	1.2826																3.4254	0.3958	0.3842	0.1685	-0.0052	0.0085	37.0216	9.9221	0.1369	0.0272	0.4609	0.4716	1.0485	0.3068	0.0	0.0	0.0	0.0	0.0	0.0	0.0	0.0	0.0	0.0
grp-07	T2	71	2130.0	4	4	74.2622	11.2697	170.122	35.1716	0.2593	0.2112	0.3507	0.1142	36.1472	1.2738																3.4105	0.287	0.4007	0.2314	-0.0059	0.0059	45.0384	26.893	0.1612	0.0524	0.4879	0.4016	1.0896	0.3558	0.0	0.0	0.0	0.0	0.0	0.0	0.0	0.0	0.0	0.0
grp-07	T2	72	2160.0	4	4	77.4803	19.4683	114.6031	16.7449	0.2655	0.2207	0.4003	0.2311	36.1244	1.2847																3.3529	0.1995	0.4963	0.35	0.0006	0.0042	36.014	19.7922	0.1645	0.0581	0.6181	0.376	2.7759	3.8688	0.0	0.0	0.0	0.0	0.0	0.0	0.0	0.0	0.0	0.0
grp-07	T2	73	2190.0	4	4	77.3429	16.9115	117.6552	14.5361	0.244	0.1838	0.3254	0.1915	36.1112	1.2818																3.3013	0.2399	0.4108	0.2085	-0.0043	0.0015	22.686	4.6228	0.1804	0.1098	0.7366	0.3947	3.1156	4.8372	0.0	0.0	0.0	0.0	0.0	0.0	0.0	0.0	0.0	0.0
grp-07	T3	0	0.0	4	4	70.1284	8.8262	135.3914	26.3354	0.2241	0.1453	0.1918	0.1642	36.0799	1.2796	5.0	19.135	14.622	0.0	1.0	0.0	1.0	1.0	0.0	0.0	0.0	0.0	2.0	0.2959	5.853	2.9847	0.0446	0.2377	0.1331	-0.0605	0.1199	24.0044	12.4923	0.1167	0.0511	0.7034	0.4616	0.6263	0.4643	2.0	3.0	0.0	0.0	0.0	0.0	0.0	0.0	1.0	0.0
grp-07	T3	1	30.0	4	4	79.9584	12.122	158.9174	43.8175	0.257	0.1964	0.217	0.1455	36.0757	1.2905	11.0	31.568	4.922	4.0	11.0	0.0	11.0	6.0	0.0	0.0	1.0	0.0	3.0	1.248	36.474	3.1056	0.0774	0.2627	0.0835	0.0041	0.0023	18.0153	12.5006	0.128	0.0324	0.7126	0.4756	0.5776	0.093	1.0	8.0	0.0	2.0	0.0	0.0	0.0	0.18181818181818182	0.8181818181818182	0.0
grp-07	T3	2	60.0	4	4	84.7966	12.8397	172.3684	57.9915	0.2679	0.2144	0.2586	0.1855	36.0912	1.2786	10.0	43.028	14.531	2.0	11.0	0.0	11.0	3.0	0.0	0.0	0.0	0.0	3.0	1.083	48.426	3.0231	0.4338	0.2277	0.1543	-0.0003	0.0031	16.6808	7.5783	0.1442	0.0165	0.7106	0.4736	0.7535	0.1739	1.0	1.0	1.0	3.0	2.0	0.0	0.0	0.625	0.25	0.0
grp-07	T3	3	90.0	4	4	75.0433	8.9161	125.3937	17.678	0.3295	0.3238	0.3087	0.2473	36.096	1.2792	8.0	41.654	15.439	2.0	11.0	2.0	9.0	8.0	0.0	0.1818	1.0	0.0	3.0	1.0926	104.23	2.9515	0.3859	0.2248	0.1527	-0.0039	0.0018	23.3376	13.319	0.1595	0.0313	0.6939	0.463	0.8412	0.1755	1.0	4.0	0.0	0.0	2.0	0.0	0.0	0.2857142857142857	0.7142857142857143	0.0
grp-07	T3	4	120.0	4	4	68.7733	7.5028	155.7423	48.3947	0.309	0.2823	0.2422	0.1427	36.0931	1.2697	12.0	34.539	3.785	2.0	9.0	4.0	5.0	3.0	0.0	0.4444	0.0	0.0	2.0	0.915	51.649	2.9165	0.0767	0.2417	0.0347	-0.0033	0.0008	27.3566	13.0239	0.1923	0.0266	0.6872	0.4589	0.6893	0.1081	0.0	1.0	0.0	0.0	0.0	0.0	0.0	0.0	1.0	0.0
grp-07	T3	5	150.0	4	4	64.6851	7.9455	187.1264	65.1965	0.2522	0.1824	0.3507	0.1602	36.0988	1.2426	9.0	36.355	3.3	1.0	6.0	1.0	5.0	4.0	0.0	0.1667	0.0	0.0	3.0	1.5753	27.689	2.9111	0.1721	0.3378	0.2836	-0.0132	0.0275	26.0221	7.2173	0.1512	0.0432	0.6999	0.46	0.4908	0.094	6.0	1.0	1.0	1.0	9.0	0.0	0.0	0.5555555555555556	0.3888888888888889	0.0
grp-07	T3	6	180.0	4	4	64.2122	12.1803	126.5625	42.4423	0.2311	0.1442	0.3669	0.2467	36.104	1.221	7.0	31.912	9.913	4.0	6.0	1.0	5.0	2.0	0.0	0.1667	0.0	0.0	4.0	0.8102	36.862	2.9126	0.1536	0.2425	0.1598	-0.0005	0.0012	20.6704	5.7745	0.1343	0.0319	0.7296	0.4501	0.9115	0.9651	0.0	0.0	0.0	2.0	1.0	0.0	0.0	1.0	0.0	0.0
grp-07	T3	7	210.0	4	4	69.636	16.5412	140.0535	70.4628	0.2286	0.1397	0.3002	0.1907	36.1086	1.2055	5.0	27.356	2.744	3.0	3.0	1.0	2.0	0.0	0.0	0.3333	0.0	0.0	2.0	0.6003	7.276	3.061	0.4741	0.3109	0.3333	0.0049	0.0119	16.0136	6.0051	0.1241	0.0568	0.748	0.4358	0.8912	0.9781	0.0	0.0	0.0	0.0	0.0	0.0	0.0	0.0	0.0	0.0
grp-07	T3	8	240.0	4	4	71.203	24.4037	141.6452	56.2273	0.221	0.1312	0.3175	0.1039	36.117	1.2009	5.0	26.144	17.852	0.0	1.0	0.0	1.0	0.0	0.0	0.0	0.0	0.0	2.0	0.9338	14.361	3.2036	0.7927	0.2477	0.1696	0.0047	0.0094	15.3464	8.3337	0.0866	0.0305	0.7265	0.4514	0.4334	0.0705	0.0	0.0	0.0	0.0	0.0	0.0	0.0	0.0	0.0	0.0
grp-07	T3	9	270.0	4	4	73.9765	25.8345	160.0395	14.0022	0.2133	0.1208	0.3255	0.1934	36.1386	1.1833	6.0	43.498	2.074	2.0	1.0	0.0	0.0	0.0	1.0		0.0	0.0	3.0	1.2353	36.096	2.8095	0.1105	0.1867	0.0798	-0.0008	0.0012	18.0086	10.3988	0.107	0.0239	0.7059	0.4724	0.425	0.0581	0.0	0.0	0.0	0.0	0.0	0.0	0.0	0.0	0.0	0.0
grp-07	T3	10	300.0	4	4	72.7958	20.7736	177.7679	40.9255	0.2143	0.123	0.3253	0.1709	36.1538	1.166	11.0	41.31	7.853	1.0	15.0	1.0	14.0	6.0	0.0	0.0667	1.0	0.0	4.0	1.8666	120.369	2.4634	0.6927	0.2138	0.0893	0.8133	1.6261	20.0171	8.7253	0.0809	0.0371	0.7093	0.4721	0.5355	0.192	0.0	0.0	0.0	0.0	0.0	0.0	0.0	0.0	0.0	0.0
grp-07	T3	11	330.0	4	4	68.0865	18.6539	174.7491	68.505	0.258	0.1993	0.2503	0.2152	36.1566	1.1608	7.0	71.821	1.081	0.0	9.0	9.0	0.0	0.0	0.0	1.0	1.0	0.0	2.0	0.8057	297.105	2.575	0.6296	0.2992	0.1425	0.0078	0.0116	24.6832	8.0937	0.1081	0.0501	0.6961	0.463	0.7241	0.2877	0.0	0.0	0.0	0.0	0.0	0.0	0.0	0.0	0.0	0.0
grp-07	T3	12	360.0	4	4	61.1828	12.7051	152.4544	29.8977	0.2727	0.2178	0.2421	0.2066	36.1539	1.1675	5.0	10.84	1.107	2.0	3.0	3.0	0.0	0.0	0.0	1.0	1.0	0.0	2.0	0.9115	9.273	2.7049	0.4862	0.2712	0.1315	-0.0	0.0016	22.686	1.1556	0.1418	0.0447	0.7006	0.4551	0.6866	0.1984	0.0	0.0	0.0	0.0	0.0	0.0	0.0	0.0	0.0	0.0
grp-07	T3	13	390.0	4	4	57.197	15.2747	158.7513	33.8399	0.2504	0.1782	0.217	0.0964	36.1556	1.1646																2.8877	0.184	0.3974	0.3326	0.0051	0.0092	19.3498	6.1154	0.1674	0.0583	0.7174	0.4517	0.6169	0.3784	0.0	0.0	0.0	0.0	0.0	0.0	0.0	0.0	0.0	0.0
grp-07	T3	14	420.0	4	4	66.7372	13.7822	179.6474	39.429	0.2528	0.1869	0.2252	0.0996	36.1667	1.1498																3.2117	0.5349	0.3805	0.228	-0.0004	0.0041	23.3376	6.1113	0.1353	0.0648	0.7353	0.3872	0.7501	0.2576	0.0	0.0	0.0	0.0	0.0	0.0	0.0	0.0	0.0	0.0
grp-07	T3	15	450.0	4	4	61.4982	22.2245	154.0431	63.366	0.2772	0.2264	0.2838	0.1001	36.1801	1.1403																3.2426	0.576	0.3874	0.2411	0.0017	0.0024	26.6893	12.8691	0.1609	0.0243	0.7555	0.3236	1.7013	2.1574	0.0	0.0	0.0	0.0	0.0	0.0	0.0	0.0	0.0	0.0
grp-07	T3	16	480.0	4	4	69.5331	26.2339	187.7265	53.8662	0.2624	0.1953	0.3091	0.1401	36.1913	1.1224																3.2164	0.3376	0.4327	0.4121	-0.0071	0.0158	28.691	18.163	0.2108	0.1426	0.7353	0.375	1.7821	2.1844	0.0	0.0	0.0	0.0	0.0	0.0	0.0	0.0	0.0	0.0
grp-07	T3	17	510.0	4	4	73.1805	23.2027	153.2194	15.7683	0.2433	0.1704	0.2671	0.1518	36.1932	1.1163																2.8638	0.4086	0.2216	0.1121	-0.001	0.0028	20.0036	13.1173	0.095	0.0264	0.7283	0.4351	0.5403	0.1624	0.0	0.0	0.0	0.0	0.0	0.0	0.0	0.0	0.0	0.0
grp-07	T3	18	540.0	4	4	66.2365	9.9796	158.7789	38.9297	0.2467	0.1775	0.3005	0.2377	36.188	1.1305																3.0281	0.1688	0.3455	0.3987	0.008	0.0138	17.0145	12.7388	0.1701	0.1834	0.7437	0.4498	0.4351	0.1644	0.0	0.0	0.0	0.0	0.0	0.0	0.0	0.0	0.0	0.0
grp-07	T3	19	570.0	4	4	63.9207	6.7022	122.7204	15.6235	0.247	0.1643	0.2837	0.1838	36.1801	1.1299																3.0244	0.3054	0.2727	0.258	-0.0006	0.0028	16.0136	22.5581	0.1843	0.2011	0.7784	0.3781	1.8041	2.7291	0.0	0.0	0.0	0.0	0.0	0.0	0.0	0.0	0.0	0.0
grp-07	T3	20	600.0	4	4	64.5689	13.4763	135.6276	39.1989	0.246	0.156	0.1836	0.1172	36.1826	1.1202																2.9903	0.3529	0.2126	0.1599	-0.0002	0.0014	16.6702	25.4077	0.1557	0.1809	0.8248	0.2825	1.7124	2.663	0.0	0.0	0.0	0.0	0.0	0.0	0.0	0.0	0.0	0.0
grp-07	T3	21	630.0	4	4	63.554	10.6965	171.0657	53.1846	0.2462	0.1562	0.2919	0.1526	36.1933	1.1103																3.083	0.2096	0.2952	0.2445	0.003	0.003	20.6843	18.599	0.1757	0.1866	0.81	0.262	2.2619	3.4976	0.0	0.0	0.0	0.0	0.0	0.0	0.0	0.0	0.0	0.0
grp-07	T3	22	660.0	4	4	58.4542	8.687	151.6287	41.9557	0.2487	0.1637	0.3005	0.0983	36.2099	1.0849																3.1452	0.0766	0.3429	0.2471	-0.0012	0.0024	31.356	15.2936	0.2103	0.1329	0.7512	0.3257	3.272	5.1698	0.0	0.0	0.0	0.0	0.0	0.0	0.0	0.0	0.0	0.0
grp-07	T3	23	690.0	4	4	67.5863	13.5425	168.5619	66.3489	0.2601	0.1829	0.1921	0.1528	36.2182	1.0726																3.1791	0.1063	0.3641	0.2365	0.0045	0.0062	30.0256	17.1026	0.184	0.0924	0.7131	0.4278	3.895	6.5333	0.0	0.0	0.0	0.0	0.0	0.0	0.0	0.0	0.0	0.0
grp-07	T3	24	720.0	4	4	77.0597	12.959	160.0438	56.2911	0.2796	0.21	0.2669	0.2092	36.2123	1.0802																3.1453	0.1291	0.3649	0.2453	-0.0033	0.0021	32.0273	14.4346	0.1188	0.0435	0.7016	0.433	1.0933	1.0106	0.0	0.0	0.0	0.0	0.0	0.0	0.0	0.0	0.0	0.0
grp-07	T3	25	750.0	4	4	83.694	8.8554	160.0105	45.737	0.2909	0.2317	0.3668	0.2161	36.207	1.0835																3.2156	0.2889	0.3171	0.2917	0.0017	0.0038	34.673	11.0173	0.09	0.0256	0.7004	0.3588	0.6716	0.3449	0.0	0.0	0.0	0.0	0.0	0.0	0.0	0.0	0.0	0.0
grp-07	T3	26	780.0	4	4	87.0598	7.4698	171.7047	41.1609	0.2631	0.1896	0.3504	0.2578	36.1972	1.0873																3.3036	0.4018	0.3061	0.2449	0.0002	0.0016	32.6945	8.0899	0.0934	0.0368	0.7181	0.3461	0.7108	0.3121	0.0	0.0	0.0	0.0	0.0	0.0	0.0	0.0	0.0	0.0
grp-07	T3	27	810.0	4	4	84.4965	5.2222	184.3824	67.615	0.2482	0.1554	0.426	0.2399	36.195	1.0915																3.2676	0.2778	0.3584	0.3318	-0.0016	0.003	35.3634	4.1669	0.1119	0.0436	0.7278	0.3855	0.9829	0.5707	0.0	0.0	0.0	0.0	0.0	0.0	0.0	0.0	0.0	0.0
grp-07	T3	28	840.0	4	4	88.7877	12.6723	159.9866	29.7679	0.2506	0.1554	0.3424	0.1857	36.205	1.0771																3.27	0.1654	0.4226	0.322	0.0025	0.0044	33.3452	11.0115	0.1231	0.036	0.725	0.4002	1.0978	0.7515	0.0	0.0	0.0	0.0	0.0	0.0	0.0	0.0	0.0	0.0
grp-07	T3	29	870.0	4	4	83.3042	17.1242	145.1486	42.9623	0.2528	0.1619	0.2585	0.1102	36.2054	1.0605																3.4381	0.3623	0.4341	0.3468	-0.0078	0.0226	27.3566	25.028	0.116	0.0154	0.7034	0.434	1.1297	0.7792	0.0	0.0	0.0	0.0	0.0	0.0	0.0	0.0	0.0	0.0
grp-07	T3	30	900.0	4	4	73.3704	10.637	160.1948	47.1234	0.2512	0.1656	0.242	0.1103	36.1889	1.0623																3.4785	0.3603	0.4895	0.3949	-0.004	0.0051	23.3505	25.0298	0.1242	0.0536	0.7041	0.456	0.8191	0.362	0.0	0.0	0.0	0.0	0.0	0.0	0.0	0.0	0.0	0.0
grp-07	T3	31	930.0	4	4	67.5144	7.2499	149.1689	35.8422	0.2502	0.1638	0.3087	0.1688	36.1716	1.0689																3.1682	0.2689	0.4319	0.363	-0.0042	0.0053	24.0075	15.6204	0.1738	0.152	0.7241	0.4457	1.9348	2.6629	0.0	0.0	0.0	0.0	0.0	0.0	0.0	0.0	0.0	0.0
grp-07	T3	32	960.0	4	4	71.1611	14.4362	111.6795	24.3572	0.2518	0.1657	0.3003	0.1187	36.1615	1.0733																3.0959	0.2782	0.3078	0.1466	0.0003	0.003	22.0188	15.1126	0.132	0.0665	0.735	0.4275	1.2339	1.0933	0.0	0.0	0.0	0.0	0.0	0.0	0.0	0.0	0.0	0.0
grp-07	T3	33	990.0	4	4	73.1498	7.8276	134.4495	49.6276	0.2496	0.1609	0.4008	0.1308	36.1517	1.0751																3.083	0.3097	0.3134	0.1613	-0.0	0.0038	18.6808	15.1586	0.125	0.0486	0.7552	0.3868	1.1138	0.9222	0.0	0.0	0.0	0.0	0.0	0.0	0.0	0.0	0.0	0.0
grp-07	T3	34	1020.0	4	4	81.1847	5.8894	126.1694	54.975	0.2521	0.1584	0.4253	0.1665	36.1481	1.0641																3.0603	0.3894	0.3078	0.1393	-0.0011	0.0028	22.6837	18.6013	0.1349	0.0487	0.7738	0.3276	1.4296	1.8042	0.0	0.0	0.0	0.0	0.0	0.0	0.0	0.0	0.0	0.0
grp-07	T3	35	1050.0	4	4	86.6156	12.0561	206.013	79.6824	0.2517	0.1602	0.3673	0.139	36.1353	1.0681																3.0217	0.3535	0.3061	0.1515	-0.0014	0.0009	25.3549	23.2003	0.1745	0.1156	0.7587	0.3491	1.6757	2.2526	0.0	0.0	0.0	0.0	0.0	0.0	0.0	0.0	0.0	0.0
grp-07	T3	36	1080.0	4	4	75.5002	3.7739	159.9375	34.6726	0.2529	0.1675	0.2672	0.1189	36.1156	1.0859																2.9878	0.3632	0.3078	0.1588	-0.0018	0.0057	20.6722	21.9418	0.2067	0.1618	0.7347	0.3984	1.1063	1.0916	0.0	0.0	0.0	0.0	0.0	0.0	0.0	0.0	0.0	0.0
grp-07	T3	37	1110.0	4	4	67.6368	19.7894	163.9585	34.7767	0.2566	0.168	0.2501	0.1233	36.1014	1.0844																3.0407	0.4139	0.362	0.2504	0.005	0.007	25.3549	18.0524	0.1818	0.1224	0.7166	0.4198	0.6413	0.0922	0.0	0.0	0.0	0.0	0.0	0.0	0.0	0.0	0.0	0.0
grp-07	T3	38	1140.0	4	4	64.4975	19.0239	151.9909	47.0159	0.2564	0.1628	0.2338	0.1279	36.0781	1.0799																3.2708	0.1183	0.4291	0.4434	0.0043	0.0125	28.6911	19.025	0.1619	0.0954	0.7111	0.4461	1.0333	0.9313	0.0	0.0	0.0	0.0	0.0	0.0	0.0	0.0	0.0	0.0
grp-07	T3	39	1170.0	4	4	69.2621	12.3961	141.7378	63.1807	0.2535	0.161	0.2172	0.2995	36.0638	1.0802																3.255	0.2228	0.3446	0.3539	0.0322	0.065	28.0069	28.0033	0.1438	0.1107	0.7074	0.4557	1.3249	1.5206	0.0	0.0	0.0	0.0	0.0	0.0	0.0	0.0	0.0	0.0
grp-07	T3	40	1200.0	4	4	74.0772	9.9514	129.2664	49.2238	0.2494	0.1591	0.2419	0.1855	36.0605	1.0808																3.131	0.1488	0.4711	0.5575	0.0907	0.181	30.6928	25.5038	0.1367	0.0679	0.6895	0.4596	0.7215	0.1045	0.0	0.0	0.0	0.0	0.0	0.0	0.0	0.0	0.0	0.0
grp-07	T3	41	1230.0	4	4	75.4384	12.1381	138.4597	29.6562	0.2488	0.1606	0.2503	0.16	36.0638	1.0785																3.1321	0.1447	0.425	0.437	0.0002	0.0007	26.6854	15.0274	0.1285	0.0345	0.7039	0.4438	0.6398	0.2247	0.0	0.0	0.0	0.0	0.0	0.0	0.0	0.0	0.0	0.0
grp-07	T3	42	1260.0	4	4	82.8819	12.4474	145.9172	10.3502	0.2466	0.1723	0.267	0.1416	36.0716	1.0844																3.2134	0.225	0.4108	0.3007	0.0027	0.0025	24.6748	13.3157	0.1359	0.0276	0.6914	0.403	1.0082	0.3459	0.0	0.0	0.0	0.0	0.0	0.0	0.0	0.0	0.0	0.0
grp-07	T3	43	1290.0	4	4	78.8537	10.5594	163.26	36.4093	0.2486	0.1968	0.3169	0.1837	36.0724	1.119																3.3077	0.2941	0.3576	0.2087	0.0025	0.006	21.3515	11.0246	0.1384	0.0275	0.6895	0.4123	1.1114	0.5155	0.0	0.0	0.0	0.0	0.0	0.0	0.0	0.0	0.0	0.0
grp-07	T3	44	1320.0	4	4	69.8539	13.7938	140.5026	32.4509	0.2464	0.1803	0.2502	0.1974	36.0629	1.1412																3.2509	0.237	0.4556	0.3208	-0.0033	0.004	22.6824	11.56	0.1951	0.0205	0.7198	0.4244	2.9544	4.4559	0.0	0.0	0.0	0.0	0.0	0.0	0.0	0.0	0.0	0.0
grp-07	T3	45	1350.0	4	4	66.2369	10.8046	149.5163	58.2163	0.2361	0.1566	0.2673	0.1364	36.0458	1.1374																3.098	0.2757	0.4117	0.3846	-0.0012	0.0017	26.6862	14.2055	0.1429	0.0233	0.7269	0.4034	2.6169	4.0925	0.0	0.0	0.0	0.0	0.0	0.0	0.0	0.0	0.0	0.0
grp-07	T3	46	1380.0	4	4	70.2859	8.8908	131.561	27.5704	0.2354	0.1556	0.1921	0.0689	36.0372	1.1358																2.9607	0.2087	0.4457	0.3276	-0.0026	0.0067	28.691	20.0504	0.1176	0.0277	0.7126	0.3986	0.8931	0.7102	0.0	0.0	0.0	0.0	0.0	0.0	0.0	0.0	0.0	0.0
grp-07	T3	47	1410.0	4	4	77.4966	12.8247	124.1106	46.1979	0.2346	0.1556	0.1835	0.1553	36.0455	1.1378																2.8484	0.3765	0.3277	0.2021	0.0005	0.003	35.0157	9.8883	0.0875	0.0384	0.7123	0.405	1.4575	1.5872	0.0	0.0	0.0	0.0	0.0	0.0	0.0	0.0	0.0	0.0
grp-07	T3	48	1440.0	4	4	71.4005	15.9857	127.5231	55.9516	0.2319	0.1534	0.1836	0.1669	36.067	1.1397																2.8528	0.3776	0.2584	0.2025	0.0001	0.0003	26.0221	5.6618	0.0571	0.0055	0.7218	0.4181	1.2827	1.2664	0.0	0.0	0.0	0.0	0.0	0.0	0.0	0.0	0.0	0.0
grp-07	T3	49	1470.0	4	4	62.9564	18.2704	116.0959	44.3757	0.2352	0.1576	0.1503	0.1757	36.0791	1.1501																2.8763	0.3489	0.2633	0.1831	0.0004	0.0014	24.0124	14.4244	0.0633	0.0187	0.7019	0.4096	0.8825	0.5792	0.0	0.0	0.0	0.0	0.0	0.0	0.0	0.0	0.0	0.0
grp-07	T3	50	1500.0	4	4	64.5791	16.8191	106.1219	20.6524	0.2423	0.1666	0.1418	0.1135	36.0845	1.1573																2.8935	0.3521	0.2555	0.1595	0.0005	0.0007	28.6817	16.0585	0.0824	0.0546	0.6777	0.3984	1.0124	0.7869	0.0	0.0	0.0	0.0	0.0	0.0	0.0	0.0	0.0	0.0
grp-07	T3	51	1530.0	4	4	67.817	21.1599	153.6823	22.7604	0.25	0.1767	0.1919	0.1317	36.0945	1.1506																2.9185	0.352	0.2861	0.1458	0.0006	0.0015	27.3566	10.2718	0.1128	0.0849	0.6794	0.3948	1.0105	0.7965	0.0	0.0	0.0	0.0	0.0	0.0	0.0	0.0	0.0	0.0
grp-07	T3	52	1560.0	4	4	65.1332	18.8979	197.0283	83.9957	0.2617	0.1954	0.1754	0.1201	36.0922	1.1589																2.9265	0.2595	0.3151	0.1705	-0.0012	0.0025	25.3491	7.0289	0.1316	0.0754	0.6998	0.4012	0.9568	0.6213	0.0	0.0	0.0	0.0	0.0	0.0	0.0	0.0	0.0	0.0
grp-07	T3	53	1590.0	4	4	63.2817	12.7362	127.1564	54.6624	0.2318	0.1509	0.292	0.235	36.0837	1.1805																2.9444	0.2121	0.3065	0.1595	0.001	0.0004	24.0075	12.4886	0.1555	0.0702	0.6874	0.3909	1.1189	0.9038	0.0	0.0	0.0	0.0	0.0	0.0	0.0	0.0	0.0	0.0
grp-07	T3	54	1620.0	4	4	68.9995	10.231	134.1439	41.813	0.1773	0.0918	0.2337	0.2924	36.0917	1.1823																3.0066	0.2137	0.3181	0.128	0.0013	0.0017	30.0256	12.176	0.1696	0.0817	0.6897	0.3827	1.2332	0.8811	0.0	0.0	0.0	0.0	0.0	0.0	0.0	0.0	0.0	0.0
grp-07	T3	55	1650.0	4	4	71.83	7.4147	155.5399	46.8445	0.1957	0.1044	0.1587	0.1668	36.0957	1.1725																3.0137	0.1781	0.3552	0.1176	-0.0008	0.0023	43.3613	5.7862	0.1618	0.072	0.6812	0.3827	1.2316	0.6985	0.0	0.0	0.0	0.0	0.0	0.0	0.0	0.0	0.0	0.0
grp-07	T3	56	1680.0	4	4	68.9917	17.2635	162.1348	43.4532	0.2536	0.1666	0.1001	0.1056	36.0902	1.1696																2.9606	0.2626	0.3518	0.1296	-0.0013	0.0024	38.6826	12.0591	0.1494	0.0589	0.6792	0.3755	1.1295	0.6661	0.0	0.0	0.0	0.0	0.0	0.0	0.0	0.0	0.0	0.0
grp-08	T1	0	0.0	8	8	55.8618	7.987	103.1892	45.1107	0.0562	0.0167	0.0835	0.1347	36.4406	1.2272	2.0	2.622	10.987	0.0	4.0	4.0	0.0	0.0	0.0	1.0	0.0	0.0	2.0	0.9904	10.524	2.7473	0.2087	0.158	0.0238	-0.0009	0.0016	14.5027	12.0438	0.1334	0.0221	0.9556	0.0286	0.4268	0.1102	0.0	0.0	0.0	0.0	0.0	0.0	0.0	0.0	0.0	0.0
grp-08	T1	1	30.0	8	8	58.0224	4.4255	141.2422	30.1583	0.0562	0.0162	0.0501	0.0592	36.4571	1.215	0.0	0.0	3.296	0.0	0.0	0.0	0.0	0.0	0.0		0.0	0.0	0.0	0.0	0.0	2.7319	0.1917	0.146	0.0745	0.0002	0.0006	10.0085	10.4652	0.1003	0.0148	0.9477	0.04	0.4504	0.2188	0.0	0.0	0.0	0.0	0.0	0.0	0.0	0.0	0.0	0.0
grp-08	T1	2	60.0	8	8	59.0808	10.5395	148.6638	41.7046	0.0553	0.016	0.025	0.0464	36.4674	1.2094	0.0	0.0	7.067	0.0	0.0	0.0	0.0	0.0	0.0		0.0	0.0	0.0	0.0	0.0	2.7373	0.1588	0.143	0.0479	-0.0006	0.0005	9.0077	7.7526	0.1066	0.0141	0.9532	0.042	0.4197	0.143	0.0	0.0	0.0	0.0	0.0	0.0	0.0	0.0	0.0	0.0
grp-08	T1	3	90.0	8	8	62.8582	2.9182	124.8592	47.4439	0.0547	0.016	0.0	0.0	36.4723	1.2142	2.0	0.844	79.919	1.0	1.0	0.0	1.0	0.0	0.0	0.0	0.0	0.0	2.0	0.9863	1.26	2.7227	0.1638	0.1465	0.0353	-0.0001	0.0008	13.3358	4.6197	0.0943	0.0154	0.963	0.0265	0.4107	0.1794	0.0	0.0	0.0	0.0	0.0	0.0	0.0	0.0	0.0	0.0
grp-08	T1	4	120.0	8	8	61.5812	8.9883	121.6613	43.5305	0.0538	0.0159	0.0501	0.0735	36.4788	1.2243																2.6961	0.2094	0.1499	0.0387	-0.0004	0.0016	14.5124	10.2557	0.1532	0.0128	0.9584	0.0265	0.4234	0.1978	0.0	0.0	0.0	0.0	0.0	0.0	0.0	0.0	0.0	0.0
grp-08	T1	5	150.0	8	8	57.9605	8.0976	127.0933	52.3218	0.0533	0.0164	0.05	0.0591	36.4781	1.2396	0.0	0.0	0.0	0.0	0.0	0.0	0.0	0.0	0.0		0.0	0.0	0.0	0.0	0.0	2.58	0.2334	0.1401	0.0135	-0.003	0.0003	20.5175	14.8338	0.0787	0.0161	0.9562	0.0261	0.2992	0.0866	0.0	0.0	0.0	0.0	0.0	0.0	0.0	0.0	0.0	0.0
grp-08	T1	6	180.0	8	8	53.9251	4.911	121.0159	44.291	0.0532	0.0172	0.025	0.0296	36.4722	1.2627	1.0	27.945	4.666	0.0	0.0	0.0	0.0	0.0	0.0		0.0	0.0	1.0	-0.0	0.0	2.4814	0.2559	0.0646	0.0103	-0.0001	0.0008	28.0052	17.7797	0.0515	0.0135	0.9561	0.0404	0.1836	0.0614	0.0	0.0	0.0	0.0	0.0	0.0	0.0	0.0	0.0	0.0
grp-08	T1	7	210.0	8	8	58.908	6.6226	125.5344	37.7442	0.0531	0.018	0.0418	0.0586	36.4741	1.2729	1.0	21.898	1.421	0.0	0.0	0.0	0.0	0.0	0.0		0.0	0.0	1.0	-0.0	0.0	2.4894	0.2516	0.0715	0.015	0.0003	0.0009	29.3584	22.1398	0.0591	0.0168	0.9512	0.0516	0.2148	0.0803	0.0	0.0	0.0	0.0	0.0	0.0	0.0	0.0	0.0	0.0
grp-08	T1	8	240.0	8	8	62.5473	10.2263	130.7465	38.3359	0.0524	0.018	0.0417	0.0772	36.484	1.2739	3.0	17.115	3.322	0.0	0.0	0.0	0.0	0.0	0.0		0.0	0.0	1.0	-0.0	0.0	2.5188	0.2551	0.084	0.0314	0.0005	0.0009	29.3584	26.4297	0.0691	0.0242	0.9534	0.0509	0.2595	0.0543	0.0	0.0	0.0	0.0	0.0	0.0	0.0	0.0	0.0	0.0
grp-08	T1	9	270.0	8	8	61.2109	10.8729	90.9178	27.1954	0.0511	0.0174	0.0834	0.0817	36.4911	1.2808	4.0	47.764	6.562	0.0	1.0	0.0	1.0	0.0	0.0	0.0	0.0	0.0	2.0	0.9995	6.264	2.5927	0.2774	0.1398	0.0418	0.002	0.0011	27.3384	20.037	0.1088	0.0262	0.9591	0.0365	0.3207	0.0755	0.0	0.0	0.0	0.0	0.0	0.0	0.0	0.0	0.0	0.0
grp-08	T1	10	300.0	8	8	56.6509	5.9647	153.2536	93.5584	0.0487	0.0153	0.1086	0.1247	36.4909	1.2919	2.0	12.245	1.4	4.0	0.0	0.0	0.0	0.0	0.0		1.0	0.0	1.0	-0.0	0.602	2.7719	0.2976	0.2118	0.0438	0.0044	0.0014	20.0171	16.1796	0.1786	0.0246	0.9527	0.0283	0.4398	0.1318	0.0	0.0	0.0	0.0	0.0	0.0	0.0	0.0	0.0	0.0
grp-08	T1	11	330.0	8	8	54.9905	8.2226	158.2098	66.2789	0.0477	0.0142	0.1335	0.1615	36.4811	1.3029	4.0	16.463	7.09	0.0	0.0	0.0	0.0	0.0	0.0		0.0	0.0	2.0	0.2699	0.0	2.9431	0.3682	0.1964	0.065	0.0017	0.001	20.0147	8.4948	0.173	0.0353	0.9334	0.0061	0.6446	0.0762	0.0	0.0	0.0	0.0	0.0	0.0	0.0	0.0	0.0	0.0
grp-08	T1	12	360.0	8	8	58.1877	10.4802	150.144	59.5403	0.0508	0.0167	0.1417	0.1051	36.4752	1.3023	8.0	39.157	9.526	0.0	1.0	1.0	0.0	0.0	0.0	1.0	0.0	0.0	1.0	-0.0	2.712	2.9912	0.4162	0.2099	0.0596	0.0001	0.0014	21.0179	3.4671	0.1735	0.0111	0.9051	0.0369	0.6538	0.1229	0.0	0.0	0.0	0.0	0.0	0.0	0.0	0.0	0.0	0.0
grp-08	T1	13	390.0	8	8	60.5814	7.4541	119.5384	57.0247	0.0541	0.0191	0.2002	0.1693	36.4763	1.3167	4.0	6.864	5.038	0.0	0.0	0.0	0.0	0.0	0.0		0.0	0.0	1.0	-0.0	0.0	2.9711	0.4928	0.187	0.0708	-0.0008	0.0026	21.0179	4.7651	0.1375	0.0472	0.9	0.0414	0.5053	0.1747	0.0	0.0	0.0	0.0	0.0	0.0	0.0	0.0	0.0	0.0
grp-08	T1	14	420.0	8	8	60.2499	3.8168	135.1883	73.6911	0.0565	0.0213	0.1503	0.1056	36.4548	1.3622	7.0	23.248	8.531	0.0	2.0	0.0	2.0	0.0	0.0	0.0	0.0	0.0	3.0	1.4734	2.184	2.9953	0.4411	0.2116	0.0619	0.0017	0.0033	17.5032	1.9153	0.1438	0.0261	0.9281	0.0197	0.5093	0.1795	0.0	0.0	0.0	0.0	0.0	0.0	0.0	0.0	0.0	0.0
grp-08	T1	15	450.0	8	8	62.7455	7.7838	166.75	58.3151	0.057	0.0242	0.0584	0.0296	36.4469	1.3812	9.0	27.959	7.665	1.0	2.0	1.0	1.0	0.0	0.0	0.5	0.0	0.0	2.0	0.4744	10.409	2.9963	0.3904	0.223	0.0372	-0.0012	0.0028	15.0128	5.0375	0.1494	0.0396	0.937	0.0269	0.5061	0.1994	0.0	0.0	0.0	0.0	0.0	0.0	0.0	0.0	0.0	0.0
grp-08	T1	16	480.0	8	8	65.4953	9.8041	179.0844	82.7069	0.0573	0.0256	0.075	0.0637	36.4475	1.3919	3.0	13.233	15.988	0.0	0.0	0.0	0.0	0.0	0.0		0.0	0.0	2.0	0.1483	0.014	2.9313	0.4502	0.1784	0.0607	-0.0006	0.0013	21.5184	5.2645	0.1291	0.0675	0.9257	0.026	0.483	0.1805	0.0	0.0	0.0	0.0	0.0	0.0	0.0	0.0	0.0	0.0
grp-08	T1	17	510.0	8	8	61.5801	7.5544	153.0174	62.2807	0.0575	0.0256	0.0668	0.0714	36.4528	1.3995	9.0	5.603	18.239	1.0	2.0	0.0	2.0	0.0	0.0	0.0	2.0	0.0	4.0	1.8804	3.578	2.9172	0.4338	0.1671	0.0685	-0.0002	0.0007	26.0048	7.6609	0.1336	0.0491	0.9141	0.0205	0.5621	0.2179	0.0	0.0	0.0	0.0	0.0	0.0	0.0	0.0	0.0	0.0
grp-08	T1	18	540.0	8	8	59.8332	5.512	130.2173	48.6604	0.0591	0.0261	0.0668	0.0757	36.4581	1.4167	3.0	4.422	23.491	0.0	1.0	1.0	0.0	0.0	0.0	1.0	0.0	0.0	2.0	0.8498	3.76	2.9675	0.3742	0.2042	0.0199	0.001	0.0019	23.5201	9.9919	0.1493	0.074	0.9257	0.0202	0.5945	0.2172	0.0	0.0	0.0	0.0	0.0	0.0	0.0	0.0	0.0	0.0
grp-08	T1	19	570.0	8	8	58.385	10.4998	114.4436	64.0239	0.0608	0.0255	0.0917	0.085	36.4515	1.4589	7.0	5.929	117.575	0.0	4.0	1.0	3.0	0.0	0.0	0.25	1.0	0.0	4.0	1.9177	8.446	2.9804	0.2671	0.2081	0.0253	-0.0012	0.0023	17.515	9.9919	0.1307	0.0869	0.9461	0.0268	0.5512	0.3202	0.0	0.0	0.0	0.0	0.0	0.0	0.0	0.0	0.0	0.0
grp-08	T1	20	600.0	8	8	60.2364	7.7269	110.2013	52.231	0.0634	0.0239	0.1085	0.0923	36.5029	1.4316																2.9182	0.2137	0.1938	0.0356	-0.0006	0.0015	14.0049	2.829	0.1686	0.0398	0.9409	0.0129	0.6046	0.2435	0.0	0.0	0.0	0.0	0.0	0.0	0.0	0.0	0.0	0.0
grp-08	T1	21	630.0	8	8	62.2355	7.0004	123.7859	68.8434	0.0662	0.0247	0.1503	0.1371	36.5446	1.3957																2.8699	0.2116	0.173	0.0439	-0.0008	0.0013	12.0102	5.1684	0.1504	0.0298	0.9409	0.0207	0.6883	0.2531	0.0	0.0	0.0	0.0	0.0	0.0	0.0	0.0	0.0	0.0
grp-08	T1	22	660.0	8	8	66.3791	7.5099	131.6141	77.46	0.0687	0.0245	0.1252	0.0923	36.5107	1.4237																2.8321	0.2258	0.1679	0.0382	-0.0004	0.0016	14.0113	10.0759	0.1441	0.0514	0.9492	0.0243	0.6044	0.2266	0.0	0.0	0.0	0.0	0.0	0.0	0.0	0.0	0.0	0.0
grp-08	T1	23	690.0	8	8	70.248	5.2374	159.9344	82.0227	0.0687	0.0244	0.1169	0.0736	36.4994	1.4254	3.0	6.422	8.353	0.0	0.0	0.0	0.0	0.0	0.0		0.0	0.0	2.0	0.839	0.0	2.879	0.2636	0.1729	0.0211	0.0022	0.0015	15.0092	8.8732	0.1371	0.074	0.9409	0.0415	0.5167	0.2491	0.0	0.0	0.0	0.0	0.0	0.0	0.0	0.0	0.0	0.0
grp-08	T1	24	720.0	8	8	66.6971	8.0835	115.7263	65.9659	0.0665	0.0231	0.1168	0.0961	36.5191	1.3977	3.0	2.988	21.316	0.0	0.0	0.0	0.0	0.0	0.0		0.0	0.0	2.0	0.5857	0.0	2.9058	0.2888	0.1722	0.0183	-0.0014	0.0015	12.5107	9.5825	0.1287	0.0832	0.9304	0.0633	0.515	0.292	0.0	0.0	0.0	0.0	0.0	0.0	0.0	0.0	0.0	0.0
grp-08	T1	25	750.0	8	8	66.6107	3.6755	161.6629	76.4175	0.069	0.0253	0.1001	0.0976	36.5171	1.4055	0.0	0.0	10.929	0.0	6.0	0.0	6.0	0.0	0.0	0.0	0.0	0.0	0.0	0.0	0.0	2.8373	0.2708	0.1797	0.017	-0.0004	0.0007	15.0051	10.8952	0.1324	0.0762	0.9349	0.0469	0.5455	0.3535	0.0	0.0	0.0	0.0	0.0	0.0	0.0	0.0	0.0	0.0
grp-08	T1	26	780.0	8	8	67.4336	6.9098	140.9374	47.4882	0.07	0.0273	0.0501	0.0535	36.5044	1.4384	0.0	0.0	16.971	0.0	1.0	1.0	0.0	0.0	0.0	1.0	0.0	0.0	0.0	0.0	0.0	2.8315	0.2595	0.1676	0.0297	0.0009	0.0023	19.0162	13.1261	0.1836	0.0229	0.9459	0.0278	0.5258	0.2903	0.0	0.0	0.0	0.0	0.0	0.0	0.0	0.0	0.0	0.0
grp-08	T1	27	810.0	8	8	67.4746	7.1231	135.3666	53.1264	0.0684	0.0272	0.0835	0.1026	36.4919	1.4741	0.0	0.0	6.88	0.0	8.0	0.0	8.0	0.0	0.0	0.0	0.0	0.0	0.0	0.0	0.0	2.8644	0.2513	0.1875	0.0296	0.0003	0.0027	16.5141	3.4186	0.1839	0.0259	0.9562	0.0131	0.5631	0.1845	0.0	0.0	0.0	0.0	0.0	0.0	0.0	0.0	0.0	0.0
grp-08	T1	28	840.0	8	8	66.063	2.369	128.57	34.5135	0.0708	0.0307	0.1085	0.1413	36.4851	1.4894	0.0	0.0	0.0	0.0	0.0	0.0	0.0	0.0	0.0		0.0	0.0	0.0	0.0	0.0	2.8992	0.2237	0.2085	0.0367	0.0009	0.0025	13.0024	8.4079	0.1681	0.07	0.9458	0.025	0.7339	0.256	0.0	0.0	0.0	0.0	0.0	0.0	0.0	0.0	0.0	0.0
grp-08	T1	29	870.0	8	8	68.5906	11.2538	115.5941	27.5857	0.0716	0.0324	0.025	0.0463	36.4762	1.4863																2.9044	0.2429	0.18	0.0572	-0.0008	0.0022	13.0111	7.4	0.2024	0.0288	0.9407	0.0426	0.6878	0.3686	0.0	0.0	0.0	0.0	0.0	0.0	0.0	0.0	0.0	0.0
grp-08	T1	30	900.0	8	8	66.3258	13.0045	103.1177	30.7512	0.0717	0.0338	0.0501	0.0928	36.4669	1.4959																2.8227	0.2403	0.1753	0.0393	-0.0014	0.0008	16.5141	13.7109	0.2013	0.0464	0.9512	0.0286	0.5284	0.2812	0.0	0.0	0.0	0.0	0.0	0.0	0.0	0.0	0.0	0.0
grp-08	T1	31	930.0	8	8	64.5531	16.6205	123.4579	37.5234	0.0691	0.0318	0.0251	0.0464	36.4768	1.5011																2.7576	0.2394	0.1865	0.0644	0.0006	0.0009	21.5057	12.477	0.1767	0.05	0.9476	0.0189	0.5579	0.2169	0.0	0.0	0.0	0.0	0.0	0.0	0.0	0.0	0.0	0.0
grp-08	T1	32	960.0	8	8	66.2539	17.6043	113.0833	47.1671	0.0681	0.0316	0.0584	0.0888	36.4917	1.4925																2.8436	0.2621	0.2285	0.076	0.0026	0.0021	23.0196	7.4001	0.178	0.0375	0.9345	0.0167	0.6836	0.1278	0.0	0.0	0.0	0.0	0.0	0.0	0.0	0.0	0.0	0.0
grp-08	T1	33	990.0	8	8	58.7769	8.8267	101.9122	34.2215	0.0682	0.0324	0.0417	0.0773	36.4996	1.4958																2.8739	0.2961	0.194	0.0592	-0.0015	0.0011	23.017	9.4624	0.177	0.0245	0.9412	0.0224	0.6611	0.1227	0.0	0.0	0.0	0.0	0.0	0.0	0.0	0.0	0.0	0.0
grp-08	T1	34	1020.0	8	8	54.8523	5.2254	132.2312	53.6256	0.0674	0.0328	0.0917	0.1109	36.5094	1.5151																2.7765	0.3137	0.1511	0.0352	-0.0009	0.0005	18.5094	9.5764	0.1433	0.0271	0.9561	0.0206	0.4658	0.0912	0.0	0.0	0.0	0.0	0.0	0.0	0.0	0.0	0.0	0.0
grp-08	T1	35	1050.0	8	8	56.1965	3.102	154.2938	59.4117	0.0681	0.0346	0.0918	0.132	36.5075	1.5453																2.7332	0.3316	0.1381	0.0448	0.0001	0.0008	14.0119	8.4925	0.094	0.0203	0.9671	0.0185	0.3708	0.0927	0.0	0.0	0.0	0.0	0.0	0.0	0.0	0.0	0.0	0.0
grp-08	T1	36	1080.0	8	8	57.8462	5.8822	185.5023	82.2533	0.0666	0.0322	0.0751	0.1194	36.4993	1.5625																2.7425	0.3927	0.1355	0.0724	0.0004	0.0011	12.0059	7.1218	0.0952	0.0225	0.9743	0.0141	0.417	0.0892	0.0	0.0	0.0	0.0	0.0	0.0	0.0	0.0	0.0	0.0
grp-08	T1	37	1110.0	8	8	57.7483	4.7735	136.3715	52.2969	0.0667	0.0326	0.0668	0.1236	36.495	1.5663																2.7024	0.3644	0.1174	0.0913	-0.0016	0.0021	17.3482	10.272	0.0692	0.0187	0.9706	0.0211	0.3396	0.093	0.0	0.0	0.0	0.0	0.0	0.0	0.0	0.0	0.0	0.0
grp-08	T1	38	1140.0	8	8	54.6077	6.4953	146.4229	66.8043	0.0671	0.0334	0.0083	0.0155	36.496	1.5613																2.634	0.2855	0.0626	0.0107	-0.0005	0.0006	24.0205	16.0137	0.0461	0.0087	0.9661	0.0294	0.2101	0.0681	0.0	0.0	0.0	0.0	0.0	0.0	0.0	0.0	0.0	0.0
grp-08	T1	39	1170.0	8	8	54.3404	7.6987	124.7448	53.082	0.0666	0.0327	0.0167	0.0309	36.5055	1.5482																2.6187	0.2794	0.0683	0.0167	-0.0002	0.0002	24.6713	16.0446	0.0444	0.0039	0.9666	0.03	0.2071	0.0683	0.0	0.0	0.0	0.0	0.0	0.0	0.0	0.0	0.0	0.0
grp-08	T1	40	1200.0	8	8	51.6425	8.961	94.1374	24.2043	0.0673	0.0338	0.0334	0.0618	36.5149	1.5452																2.6111	0.2833	0.0808	0.0195	-0.0001	0.0007	24.0205	16.3847	0.0509	0.0132	0.9654	0.0306	0.262	0.1308	0.0	0.0	0.0	0.0	0.0	0.0	0.0	0.0	0.0	0.0
grp-08	T1	41	1230.0	8	8	54.0595	5.7055	106.676	45.4029	0.0613	0.0262	0.0667	0.1235	36.5224	1.553																2.645	0.3025	0.1151	0.0529	0.0012	0.0013	20.0171	19.5445	0.0771	0.029	0.9594	0.0291	0.3426	0.1508	0.0	0.0	0.0	0.0	0.0	0.0	0.0	0.0	0.0	0.0
grp-08	T1	42	1260.0	8	8	57.7992	5.4516	136.3898	55.0245	0.0586	0.0242	0.0835	0.117	36.5288	1.5536																2.7005	0.3612	0.1296	0.0459	0.0007	0.001	18.0037	14.1443	0.0935	0.0508	0.9624	0.023	0.421	0.2618	0.0	0.0	0.0	0.0	0.0	0.0	0.0	0.0	0.0	0.0
grp-08	T1	43	1290.0	8	8	56.4347	9.9476	100.0691	27.2809	0.0646	0.0281	0.0418	0.0464	36.5508	1.5373																2.6862	0.3393	0.1214	0.0265	-0.0007	0.0016	16.0137	12.3394	0.083	0.0213	0.9666	0.0287	0.3839	0.1993	0.0	0.0	0.0	0.0	0.0	0.0	0.0	0.0	0.0	0.0
grp-08	T1	44	1320.0	8	8	55.0167	6.6211	111.0003	48.1115	0.0658	0.0272	0.0917	0.0772	36.5882	1.5097																2.6865	0.2871	0.1487	0.0276	0.0016	0.0008	23.5171	13.8096	0.1249	0.0208	0.9355	0.03	0.4933	0.1834	0.0	0.0	0.0	0.0	0.0	0.0	0.0	0.0	0.0	0.0
grp-08	T1	45	1350.0	8	8	57.5631	7.9047	83.0643	0.0	0.0655	0.031	0.1585	0.1051	36.5836	1.5274																2.7873	0.3344	0.2266	0.0581	0.0055	0.0025	18.0033		0.1918	0.0589	0.6635	0.1639	0.7238	0.1957	0.0	0.0	0.0	0.0	0.0	0.0	0.0	0.0	0.0	0.0
grp-08	T1	46	1380.0	8	8	63.0646	12.9813	142.2133	57.3722	0.0653	0.0348	0.1921	0.1297	36.56	1.5772																3.018	0.3823	0.2114	0.0363	-0.115	0.2473	18.0154		0.1484	0.0461	0.4345	0.4002	0.7896	0.4085	0.0	0.0	0.0	0.0	0.0	0.0	0.0	0.0	0.0	0.0
grp-08	T1	47	1410.0	8	8	65.7163	17.9306	120.3811	59.6658	0.061	0.0312	0.2088	0.1523	36.545	1.6045																2.8614	0.184	0.176	0.008	-0.0018	0.0002	18.0154		0.1405	0.04	0.3083	0.385	0.5454	0.1336	0.0	0.0	0.0	0.0	0.0	0.0	0.0	0.0	0.0	0.0
grp-08	T1	48	1440.0	8	8	62.576	19.1906	127.9392	42.9923	0.0634	0.0348	0.1502	0.1142	36.5206	1.6167																2.9039	0.0053	0.1905	0.0737	0.1194	0.1626	12.0102		0.1291	0.0089	0.181	0.3536	2.1763	2.4305	0.0	0.0	0.0	0.0	0.0	0.0	0.0	0.0	0.0	0.0
grp-08	T1	49	1470.0	8	8	60.9984	15.1941	108.9547	26.1545	0.0676	0.0407	0.1251	0.1717	36.4966	1.6215																3.0706		0.1485		-0.0066				0.1029		0.0974	0.1947	0.4248		0.0	0.0	0.0	0.0	0.0	0.0	0.0	0.0	0.0	0.0
grp-08	T1	50	1500.0	8	8	71.541	17.3678	104.9549	26.6825	0.0643	0.0359	0.1168	0.1024	36.4669	1.6244																										0.0	0.0			0.0	0.0	0.0	0.0	0.0	0.0	0.0	0.0	0.0	0.0
grp-08	T1	51	1530.0	8	8	73.5628	20.4019	142.0409	48.5816	0.0653	0.0371	0.1668	0.1311	36.4417	1.6263																3.2603	0.4502	0.3262	0.1017	0.0041	0.0097			0.1769	0.0672	0.3231	0.1564	1.0914	0.3193	0.0	0.0	0.0	0.0	0.0	0.0	0.0	0.0	0.0	0.0
grp-08	T1	52	1560.0	8	8	66.9578	11.8381	138.1736	44.7533	0.0676	0.0412	0.1585	0.1367	36.4164	1.6322																3.1551	0.36	0.2887	0.1115	-0.0024	0.0022	16.6769	4.1649	0.1807	0.0449	0.8041	0.1605	0.8557	0.2314	0.0	0.0	0.0	0.0	0.0	0.0	0.0	0.0	0.0	0.0
grp-08	T1	53	1590.0	8	8	68.2702	12.8452	139.2001	45.9076	0.0706	0.0463	0.1168	0.1757	36.3759	1.6361																3.0572	0.3818	0.2558	0.0618	-0.0012	0.0033	15.0061	12.4941	0.1624	0.0181	0.9543	0.0202	0.6871	0.1189	0.0	0.0	0.0	0.0	0.0	0.0	0.0	0.0	0.0	0.0
grp-08	T1	54	1620.0	8	8	69.5972	17.5077	130.0992	81.6988	0.0702	0.046	0.1671	0.2513	36.3277	1.6464																2.9569	0.3908	0.2454	0.0487	-0.0027	0.0029	26.0222	14.89	0.1909	0.0165	0.9259	0.0367	0.6528	0.1116	0.0	0.0	0.0	0.0	0.0	0.0	0.0	0.0	0.0	0.0
grp-08	T2	0	0.0	8	8	60.4782	14.6737	127.9335	70.9934	0.0769	0.0556	0.0584	0.0636	36.2636	1.6848	2.0	1.671	7.05	0.0	5.0	2.0	3.0	0.0	0.0	0.4	0.0	0.0	1.0	-0.0	2.7	2.7657	0.2501	0.1457	0.0384	-0.0005	0.0003	15.5029	5.9733	0.1268	0.0112	0.9544	0.0125	0.3836	0.0944	0.0	0.0	0.0	0.0	0.0	0.0	0.0	0.0	0.0	0.0
grp-08	T2	1	30.0	8	8	56.9803	8.1951	151.6407	52.9774	0.0765	0.0548	0.0835	0.0893	36.2555	1.6947	0.0	0.0	4.664	0.0	0.0	0.0	0.0	0.0	0.0		0.0	0.0	0.0	0.0	0.0	2.7702	0.2561	0.182	0.09	0.0013	0.0008	19.0162	7.4	0.124	0.0481	0.9158	0.0592	0.4302	0.0772	0.0	0.0	0.0	0.0	0.0	0.0	0.0	0.0	0.0	0.0
grp-08	T2	2	60.0	8	8	53.083	5.9206	165.4538	38.243	0.0671	0.0396	0.0835	0.1348	36.2607	1.6873	1.0	1.141	17.185	1.0	1.0	0.0	1.0	0.0	0.0	0.0	0.0	0.0	1.0	-0.0	0.308	2.8318	0.28	0.1783	0.1037	0.0013	0.0026	16.5141	6.6137	0.1234	0.0468	0.9128	0.0559	0.398	0.1202	0.0	0.0	0.0	0.0	0.0	0.0	0.0	0.0	0.0	0.0
grp-08	T2	3	90.0	8	8	49.9217	9.2897	134.641	49.5377	0.0637	0.0335	0.1251	0.1911	36.0655	1.6762	2.0	4.926	9.413	0.0	0.0	0.0	0.0	0.0	0.0		0.0	0.0	1.0	-0.0	0.0	2.8292	0.342	0.1686	0.0831	-0.001	0.0024	19.5036	11.8203	0.131	0.0244	0.9344	0.0401	0.447	0.1645	0.0	0.0	0.0	0.0	0.0	0.0	0.0	0.0	0.0	0.0
grp-08	T2	4	120.0	8	8	47.8572	8.6215	147.7901	68.3217	0.0691	0.0429	0.1	0.126	36.0851	1.6558	3.0	5.368	23.924	2.0	0.0	0.0	0.0	0.0	0.0		1.0	0.0	1.0	-0.0	0.177	2.6927	0.3721	0.1782	0.0521	-0.0034	0.0007	19.0162	13.1261	0.1287	0.0281	0.9497	0.0344	0.3596	0.1403	0.0	0.0	0.0	0.0	0.0	0.0	0.0	0.0	0.0	0.0
grp-08	T2	5	150.0	8	8	45.4077	6.7459	78.0357	20.1691	0.0724	0.0501	0.1084	0.132	36.3004	1.6469	3.0	24.795	7.425	1.0	0.0	0.0	0.0	0.0	0.0		0.0	0.0	1.0	-0.0	0.0	2.58	0.3023	0.1124	0.033	-0.0003	0.0024	26.0222	7.2173	0.087	0.0401	0.9596	0.0297	0.2735	0.1221	0.0	0.0	0.0	0.0	0.0	0.0	0.0	0.0	0.0	0.0
grp-08	T2	6	180.0	8	8	49.716	8.261	114.8314	43.3615	0.07	0.0479	0.1086	0.1459	36.3063	1.6442	5.0	24.172	4.896	1.0	1.0	0.0	1.0	0.0	0.0	0.0	0.0	0.0	2.0	0.8274	9.946	2.6321	0.2166	0.1334	0.0188	0.0018	0.0004	21.3373	2.3098	0.131	0.0382	0.9621	0.0224	0.3612	0.1505	0.0	0.0	0.0	0.0	0.0	0.0	0.0	0.0	0.0	0.0
grp-08	T2	7	210.0	8	8	54.1677	11.3177	135.569	62.4427	0.0678	0.0435	0.1085	0.1458	36.3179	1.6128	5.0	32.359	2.527	0.0	0.0	0.0	0.0	0.0	0.0		0.0	0.0	1.0	-0.0	0.0	2.7569	0.2613	0.1626	0.0523	0.0019	0.002	12.0103	8.3338	0.133	0.0096	0.9623	0.0189	0.4339	0.1263	0.0	0.0	0.0	0.0	0.0	0.0	0.0	0.0	0.0	0.0
grp-08	T2	8	240.0	8	8	56.1712	13.6226	122.7769	32.9478	0.069	0.0443	0.0918	0.1501	36.3218	1.5989	1.0	32.877	2.99	0.0	0.0	0.0	0.0	0.0	0.0		0.0	0.0	1.0	-0.0	0.0	2.8732	0.297	0.1663	0.0271	0.0015	0.0011	18.5158	8.233	0.1243	0.0163	0.9499	0.0169	0.5016	0.0986	0.0	0.0	0.0	0.0	0.0	0.0	0.0	0.0	0.0	0.0
grp-08	T2	9	270.0	8	8	62.4456	17.5797	94.2118	0.0	0.0706	0.0471	0.0751	0.0888	36.3265	1.5987	0.0	0.0	43.619	0.0	0.0	0.0	0.0	0.0	0.0		0.0	0.0	0.0	0.0	0.0	2.9598	0.2849	0.1746	0.0405	0.0005	0.0018	19.0062	4.7596	0.1289	0.012	0.9533	0.0083	0.4813	0.1227	0.0	0.0	0.0	0.0	0.0	0.0	0.0	0.0	0.0	0.0
grp-08	T2	10	300.0	8	8	63.4941	15.0837	117.2076	18.1887	0.0708	0.0455	0.0501	0.0736	36.3296	1.597	1.0	16.039	0.0	0.0	0.0	0.0	0.0	0.0	0.0		0.0	0.0	1.0	-0.0	0.0	2.97	0.2965	0.1512	0.0301	-0.001	0.0007	11.5098	4.1266	0.13	0.0286	0.9581	0.0102	0.4443	0.1439	0.0	0.0	0.0	0.0	0.0	0.0	0.0	0.0	0.0	0.0
grp-08	T2	11	330.0	8	8	64.306	12.7671	189.6628	83.5346	0.0704	0.0433	0.0751	0.1391	36.3428	1.5915	9.0	22.454	10.485	1.0	8.0	3.0	5.0	0.0	0.0	0.375	0.0	0.0	4.0	1.2245	32.037	2.9421	0.2267	0.1533	0.0268	0.0005	0.0018	11.0077	3.4677	0.1235	0.027	0.9524	0.0154	0.5093	0.1866	0.0	0.0	0.0	0.0	0.0	0.0	0.0	0.0	0.0	0.0
grp-08	T2	12	360.0	8	8	65.7965	13.1241	113.2481	9.8517	0.0718	0.0407	0.0834	0.1346	36.3593	1.5955	8.0	34.126	6.863	0.0	2.0	0.0	2.0	0.0	0.0	0.0	2.0	0.0	4.0	0.4745	6.021	2.9596	0.1484	0.1642	0.0273	0.0008	0.0014	12.5107	5.0043	0.1257	0.044	0.9422	0.0286	0.5219	0.2466	0.0	0.0	0.0	0.0	0.0	0.0	0.0	0.0	0.0	0.0
grp-08	T2	13	390.0	8	8	65.6986	9.8172	114.373	15.576	0.073	0.0364	0.0668	0.0874	36.3479	1.6269	4.0	15.808	3.383	2.0	0.0	0.0	0.0	0.0	0.0		0.0	0.0	1.0	-0.0	0.0	2.9589	0.2048	0.1594	0.0528	-0.0009	0.0025	15.5132	9.0077	0.1451	0.069	0.9424	0.0368	0.4763	0.1865	0.0	0.0	0.0	0.0	0.0	0.0	0.0	0.0	0.0	0.0
grp-08	T2	14	420.0	8	8	70.0455	10.4395	91.079	41.3986	0.0789	0.0401	0.0667	0.0874	36.3311	1.6474	8.0	33.756	4.02	3.0	1.0	1.0	0.0	0.0	0.0	1.0	0.0	0.0	4.0	1.2307	5.705	2.952	0.2767	0.1566	0.0313	-0.0002	0.0005	17.5032	9.2933	0.1492	0.0516	0.9544	0.0238	0.5834	0.1635	0.0	0.0	0.0	0.0	0.0	0.0	0.0	0.0	0.0	0.0
grp-08	T2	15	450.0	8	8	68.4043	11.1204	162.9267	20.9928	0.0848	0.0418	0.0835	0.0961	36.3285	1.6499	6.0	32.74	6.369	1.0	1.0	0.0	1.0	0.0	0.0	0.0	2.0	0.0	3.0	0.7604	4.282	2.9257	0.2482	0.1652	0.02	-0.0016	0.0016	16.5141	6.6138	0.1328	0.0367	0.9567	0.0181	0.6671	0.1578	0.0	0.0	0.0	0.0	0.0	0.0	0.0	0.0	0.0	0.0
grp-08	T2	16	480.0	8	8	65.2228	15.605	159.2701	38.899	0.0894	0.0467	0.1003	0.1658	36.3298	1.6385	3.0	22.269	1.391	0.0	0.0	0.0	0.0	0.0	0.0		0.0	0.0	1.0	-0.0	0.0	2.8534	0.2217	0.1624	0.0482	-0.0011	0.0	18.0154	12.3394	0.1288	0.0334	0.9482	0.0203	0.5897	0.1318	0.0	0.0	0.0	0.0	0.0	0.0	0.0	0.0	0.0	0.0
grp-08	T2	17	510.0	8	8	60.9072	14.2872	151.3732	54.2576	0.0928	0.0526	0.1417	0.2218	36.3253	1.6015	5.0	19.192	4.319	2.0	1.0	1.0	0.0	0.0	0.0	1.0	0.0	0.0	2.0	0.2261	1.013	2.8769	0.332	0.2276	0.0985	0.0016	0.0043	20.5038	8.0637	0.162	0.0327	0.9307	0.0248	0.5618	0.107	0.0	0.0	0.0	0.0	0.0	0.0	0.0	0.0	0.0	0.0
grp-08	T2	18	540.0	8	8	63.0858	15.7148	144.7956	80.9428	0.092	0.0523	0.1502	0.1775	36.3076	1.5671	15.0	20.34	18.413	1.0	3.0	0.0	3.0	0.0	0.0	0.0	0.0	0.0	4.0	1.4728	5.244	2.9796	0.4401	0.2116	0.0679	0.0012	0.0014	25.0213	11.8421	0.1367	0.0384	0.9025	0.0478	0.5978	0.1246	0.0	0.0	0.0	0.0	0.0	0.0	0.0	0.0	0.0	0.0
grp-08	T2	19	570.0	8	8	68.3737	16.7164	157.798	73.956	0.0836	0.039	0.1336	0.1262	36.2931	1.5544	7.0	28.554	4.053	0.0	7.0	4.0	3.0	0.0	0.0	0.5714	0.0	0.0	4.0	1.5783	36.217	2.9905	0.4723	0.1968	0.0641	-0.001	0.001	23.0196	9.5998	0.1464	0.0398	0.9103	0.026	0.5724	0.1454	0.0	0.0	0.0	0.0	0.0	0.0	0.0	0.0	0.0	0.0
grp-08	T2	20	600.0	8	8	70.2467	10.3694	115.2855	54.854	0.0769	0.0315	0.1084	0.102	36.2828	1.5522	6.0	27.464	4.358	0.0	2.0	0.0	2.0	0.0	0.0	0.0	0.0	0.0	2.0	0.0405	1.124	2.9498	0.4803	0.1978	0.069	-0.0012	0.0019	15.0054	6.8331	0.1746	0.051	0.9382	0.0336	0.5771	0.1636	0.0	0.0	0.0	0.0	0.0	0.0	0.0	0.0	0.0	0.0
grp-08	T2	21	630.0	8	8	69.3084	8.8985	135.2734	46.1626	0.0862	0.044	0.1418	0.1458	36.2784	1.5446	3.0	26.634	2.804	1.0	0.0	0.0	0.0	0.0	0.0		0.0	0.0	2.0	0.7673	0.837	2.9306	0.3518	0.1975	0.0702	-0.0002	0.003	14.5124	3.0026	0.1542	0.0249	0.9441	0.0147	0.6518	0.2541	0.0	0.0	0.0	0.0	0.0	0.0	0.0	0.0	0.0	0.0
grp-08	T2	22	660.0	8	8	62.0842	9.1641	159.4383	48.1604	0.0953	0.0574	0.1419	0.2057	36.2774	1.5137	6.0	29.708	2.529	3.0	4.0	1.0	3.0	0.0	0.0	0.25	0.0	0.0	4.0	1.2321	11.886	2.9633	0.3021	0.1957	0.0536	0.0013	0.0016	16.5131	8.553	0.0979	0.0184	0.9441	0.0257	0.6616	0.2092	0.0	0.0	0.0	0.0	0.0	0.0	0.0	0.0	0.0	0.0
grp-08	T2	23	690.0	8	8	60.1246	6.4589	112.175	36.3691	0.0941	0.0557	0.1002	0.1655	36.2692	1.4842	15.0	25.38	15.103	3.0	11.0	3.0	8.0	0.0	0.0	0.2727	0.0	0.0	4.0	1.3917	29.713	2.9665	0.3381	0.1808	0.0663	-0.0014	0.001	16.0093	9.9358	0.0898	0.0234	0.9464	0.039	0.5509	0.0803	0.0	0.0	0.0	0.0	0.0	0.0	0.0	0.0	0.0	0.0
grp-08	T2	24	720.0	8	8	62.8675	7.6529	117.9344	26.1687	0.0939	0.0562	0.1085	0.2009	36.2589	1.4785	3.0	6.726	42.483	0.0	1.0	0.0	1.0	0.0	0.0	0.0	0.0	0.0	1.0	-0.0	2.655	2.9374	0.3405	0.1708	0.0624	-0.0002	0.0005	15.5132	6.6138	0.1061	0.0388	0.9496	0.0189	0.5436	0.1187	0.0	0.0	0.0	0.0	0.0	0.0	0.0	0.0	0.0	0.0
grp-08	T2	25	750.0	8	8	65.2967	6.9495	110.6391	79.2866	0.1002	0.0705	0.1335	0.1335	36.2536	1.4789	2.0	6.186	10.66	0.0	1.0	1.0	0.0	0.0	0.0	1.0	0.0	0.0	2.0	0.7228	5.905	3.0116	0.4242	0.1938	0.0843	0.0019	0.0035	13.5059	5.5139	0.1238	0.0299	0.9523	0.0146	0.5224	0.1726	0.0	0.0	0.0	0.0	0.0	0.0	0.0	0.0	0.0	0.0
grp-08	T2	26	780.0	8	8	65.8758	11.4683	138.5786	17.9645	0.1029	0.0794	0.1252	0.0888	36.2581	1.4663	1.0	3.339	23.336	0.0	0.0	0.0	0.0	0.0	0.0		0.0	0.0	1.0	-0.0	0.0	3.1065	0.516	0.1471	0.0399	0.0007	0.0008	15.5132	11.1301	0.0917	0.0547	0.9532	0.0256	0.4443	0.2482	0.0	0.0	0.0	0.0	0.0	0.0	0.0	0.0	0.0	0.0
grp-08	T2	27	810.0	8	8	64.4592	10.3501	122.3032	21.123	0.1071	0.0766	0.1169	0.0961	36.2644	1.451	1.0	0.821	52.499	0.0	0.0	0.0	0.0	0.0	0.0		0.0	0.0	1.0	-0.0	0.0	3.0861	0.4436	0.1729	0.0508	-0.0017	0.0026	17.0145	6.639	0.1074	0.0509	0.9466	0.0139	0.4992	0.199	0.0	0.0	0.0	0.0	0.0	0.0	0.0	0.0	0.0	0.0
grp-08	T2	28	840.0	8	8	61.6913	4.7361	124.489	25.2784	0.1106	0.0764	0.0917	0.1295	36.2742	1.4389	2.0	1.601	2.201	0.0	0.0	0.0	0.0	0.0	0.0		0.0	0.0	1.0	-0.0	0.0	2.9955	0.3252	0.1856	0.0417	-0.0017	0.0017	14.0026	1.6333	0.1128	0.0564	0.9494	0.0043	0.5727	0.1826	0.0	0.0	0.0	0.0	0.0	0.0	0.0	0.0	0.0	0.0
grp-08	T2	29	870.0	8	8	60.7713	3.9902	149.4711	39.778	0.1117	0.0766	0.1336	0.1312	36.2916	1.4131	2.0	3.021	23.809	0.0	0.0	0.0	0.0	0.0	0.0		0.0	0.0	2.0	0.4232	0.0	2.9552	0.2677	0.1825	0.0288	-0.0002	0.0015	14.012	4.9032	0.1227	0.0225	0.9459	0.0174	0.6395	0.2179	0.0	0.0	0.0	0.0	0.0	0.0	0.0	0.0	0.0	0.0
grp-08	T2	30	900.0	8	8	62.2237	7.9613	179.4148	80.5698	0.1234	0.0928	0.1668	0.1921	36.2854	1.3958	0.0	0.0	22.516	0.0	3.0	1.0	2.0	0.0	0.0	0.3333	0.0	0.0	0.0	0.0	0.0	3.0076	0.3833	0.1972	0.0837	0.0014	0.003	19.5167	7.3775	0.1212	0.0275	0.9319	0.0309	0.6708	0.1752	0.0	0.0	0.0	0.0	0.0	0.0	0.0	0.0	0.0	0.0
grp-08	T2	31	930.0	8	8	60.8551	15.0325	145.4643	65.9447	0.1554	0.1482	0.0751	0.0812	36.2602	1.3846	0.0	0.0	15.144	0.0	8.0	2.0	6.0	0.0	0.0	0.25	0.0	0.0	0.0	0.0	0.0	3.0896	0.4526	0.1807	0.0537	0.0007	0.002	24.0071	9.6598	0.1149	0.0376	0.9259	0.0297	0.5503	0.0545	0.0	0.0	0.0	0.0	0.0	0.0	0.0	0.0	0.0	0.0
grp-08	T2	32	960.0	8	8	66.2001	15.563	139.4659	49.0922	0.1718	0.1714	0.0667	0.0757	36.2529	1.3621	0.0	0.0	31.238	0.0	3.0	1.0	2.0	0.0	0.0	0.3333	0.0	0.0	0.0	0.0	0.0	3.1607	0.4471	0.1917	0.0582	0.0007	0.0026	21.5184	10.7641	0.0919	0.0327	0.9365	0.026	0.4593	0.1676	0.0	0.0	0.0	0.0	0.0	0.0	0.0	0.0	0.0	0.0
grp-08	T2	33	990.0	8	8	66.6487	18.9913	171.7395	57.5532	0.1609	0.1481	0.0584	0.073	36.2533	1.338	0.0	0.0	0.0	0.0	0.0	0.0	0.0	0.0	0.0		0.0	0.0	0.0	0.0	0.0	3.1438	0.4726	0.2003	0.0501	-0.0021	0.0018	17.0132	11.6159	0.1185	0.0309	0.9479	0.0263	0.5277	0.1097	0.0	0.0	0.0	0.0	0.0	0.0	0.0	0.0	0.0	0.0
grp-08	T2	34	1020.0	8	8	59.4658	10.11	155.0961	37.5773	0.1524	0.1339	0.1168	0.146	36.2391	1.3277																3.0842	0.4374	0.1853	0.0479	-0.0007	0.0028	10.5033	11.0017	0.1332	0.0274	0.9494	0.0328	0.6179	0.1008	0.0	0.0	0.0	0.0	0.0	0.0	0.0	0.0	0.0	0.0
grp-08	T2	35	1050.0	8	8	63.93	7.2199	179.3075	40.7045	0.1504	0.1337	0.1001	0.1311	36.2194	1.328																3.0581	0.3899	0.1791	0.0692	-0.0011	0.0011	9.5081	3.0026	0.13	0.0128	0.9502	0.0205	0.6242	0.0873	0.0	0.0	0.0	0.0	0.0	0.0	0.0	0.0	0.0	0.0
grp-08	T2	36	1080.0	8	8	70.7317	11.587	143.4297	48.5102	0.1417	0.1227	0.1252	0.1929	36.198	1.3302																3.0277	0.362	0.2085	0.0882	0.0002	0.002	13.0071	5.2967	0.1407	0.033	0.9496	0.0237	0.5512	0.181	0.0	0.0	0.0	0.0	0.0	0.0	0.0	0.0	0.0	0.0
grp-08	T2	37	1110.0	8	8	65.9326	9.5128	124.9371	95.9175	0.1418	0.1232	0.167	0.2696	36.1872	1.315																3.0615	0.3961	0.2154	0.091	0.0014	0.0019	14.0119	2.3113	0.1392	0.0278	0.9536	0.0118	0.5691	0.1903	0.0	0.0	0.0	0.0	0.0	0.0	0.0	0.0	0.0	0.0
grp-08	T2	38	1140.0	8	8	71.5826	19.2142	84.362	65.3797	0.1557	0.1277	0.1419	0.1644	36.1906	1.2881																3.0561	0.3711	0.2062	0.0465	-0.0008	0.0031	14.5124	6.8127	0.1404	0.0516	0.9511	0.0196	0.6443	0.2157	0.0	0.0	0.0	0.0	0.0	0.0	0.0	0.0	0.0	0.0
grp-08	T2	39	1170.0	8	8	69.4973	19.8427	138.3025	22.7231	0.1626	0.1284	0.1251	0.127	36.1822	1.2788																3.0069	0.3633	0.1841	0.0261	-0.0001	0.0021	18.0034	16.5762	0.1454	0.0443	0.9376	0.0556	0.5861	0.2706	0.0	0.0	0.0	0.0	0.0	0.0	0.0	0.0	0.0	0.0
grp-08	T2	40	1200.0	8	8	54.5997	16.0343	113.3642	0.0	0.1648	0.1271	0.1251	0.139	36.166	1.2905																2.9968	0.3728	0.17	0.0437	-0.0003	0.0014	19.0163	15.5482	0.1282	0.0527	0.9295	0.0675	0.5256	0.2442	0.0	0.0	0.0	0.0	0.0	0.0	0.0	0.0	0.0	0.0
grp-08	T2	41	1230.0	8	8	57.8592	13.8613	121.1946	35.0042	0.1569	0.1199	0.1419	0.1827	36.1487	1.3106																2.9798	0.367	0.1826	0.0718	-0.0005	0.0015	18.014	9.1019	0.1015	0.0447	0.922	0.0637	0.5457	0.2458	0.0	0.0	0.0	0.0	0.0	0.0	0.0	0.0	0.0	0.0
grp-08	T2	42	1260.0	8	8	61.1494	11.5833	148.0477	40.1647	0.1484	0.1165	0.1502	0.1683	36.1492	1.318																3.0016	0.4431	0.2119	0.1253	0.0007	0.0013	21.0062	8.0818	0.1001	0.0329	0.9259	0.0416	0.5445	0.2073	0.0	0.0	0.0	0.0	0.0	0.0	0.0	0.0	0.0	0.0
grp-08	T2	43	1290.0	8	8	70.0321	8.5429	146.4941	37.0549	0.1422	0.1129	0.1336	0.1211	36.1516	1.3157																3.038	0.4519	0.218	0.1076	-0.0005	0.0031	20.0171	6.7388	0.1226	0.0366	0.9439	0.0211	0.5591	0.187	0.0	0.0	0.0	0.0	0.0	0.0	0.0	0.0	0.0	0.0
grp-08	T2	44	1320.0	8	8	68.4852	7.605	106.0548	49.8659	0.1347	0.1069	0.0835	0.1143	36.1515	1.3063																3.0294	0.3417	0.2025	0.0647	-0.0003	0.0028	17.5136	6.8152	0.1467	0.0353	0.9506	0.0175	0.7146	0.1642	0.0	0.0	0.0	0.0	0.0	0.0	0.0	0.0	0.0	0.0
grp-08	T2	45	1350.0	8	8	66.1329	9.0506	138.908	35.942	0.1281	0.1005	0.1168	0.1774	36.1624	1.2946																2.978	0.3015	0.1932	0.0288	-0.0014	0.0015	18.0057	5.6557	0.1706	0.0332	0.9489	0.0071	0.8203	0.2773	0.0	0.0	0.0	0.0	0.0	0.0	0.0	0.0	0.0	0.0
grp-08	T2	46	1380.0	8	8	61.8606	14.6358	79.5725	0.0	0.1195	0.0912	0.1001	0.1071	36.1584	1.2954																2.8863	0.3599	0.1922	0.061	-0.0015	0.002	15.0128	5.7784	0.1749	0.025	0.9564	0.0076	0.6952	0.2853	0.0	0.0	0.0	0.0	0.0	0.0	0.0	0.0	0.0	0.0
grp-08	T2	47	1410.0	8	8	55.8713	12.1498	67.8767	0.0	0.1015	0.0665	0.0834	0.0927	36.1398	1.3048																2.7493	0.3785	0.1625	0.0273	-0.0023	0.0008	13.0101	5.2978	0.135	0.0402	0.9654	0.0162	0.4235	0.1717	0.0	0.0	0.0	0.0	0.0	0.0	0.0	0.0	0.0	0.0
grp-08	T2	48	1440.0	8	8	61.0667	5.4039	117.025	31.2677	0.0919	0.0557	0.0501	0.0927	36.1318	1.314																2.6574	0.3523	0.0735	0.0159	-0.0002	0.0004	20.6812	8.3375	0.0498	0.0069	0.9661	0.0238	0.2488	0.1319	0.0	0.0	0.0	0.0	0.0	0.0	0.0	0.0	0.0	0.0
grp-08	T2	49	1470.0	8	8	65.1165	5.8536	109.3814	26.0606	0.0862	0.0503	0.0334	0.0618	36.14	1.3251																2.6982	0.364	0.1455	0.035	0.0016	0.001	21.3516	14.4807	0.0769	0.0093	0.9564	0.0301	0.3399	0.1747	0.0	0.0	0.0	0.0	0.0	0.0	0.0	0.0	0.0	0.0
grp-08	T2	50	1500.0	8	8	69.0017	10.1774	109.552	19.9917	0.095	0.0599	0.0251	0.0464	36.1514	1.3313																2.7394	0.3525	0.1538	0.0396	0.0007	0.0011	25.3416	17.9263	0.1145	0.0323	0.9469	0.0396	0.4399	0.2296	0.0	0.0	0.0	0.0	0.0	0.0	0.0	0.0	0.0	0.0
grp-08	T2	51	1530.0	8	8	66.7885	7.9766	129.4511	42.6707	0.0935	0.0589	0.0334	0.0619	36.1664	1.3405																2.717	0.3363	0.126	0.0492	-0.0003	0.0004	24.0205	15.6339	0.0953	0.0468	0.9557	0.037	0.4578	0.3123	0.0	0.0	0.0	0.0	0.0	0.0	0.0	0.0	0.0	0.0
grp-08	T2	52	1560.0	8	8	63.1121	8.09	122.8726	40.2483	0.0828	0.046	0.025	0.0464	36.1823	1.3601																2.7135	0.3485	0.1262	0.0341	0.0003	0.0005	18.0151	20.6092	0.0947	0.0267	0.9554	0.0491	0.5429	0.3664	0.0	0.0	0.0	0.0	0.0	0.0	0.0	0.0	0.0	0.0
grp-08	T2	53	1590.0	8	8	67.9946	10.9658	116.4879	14.4799	0.0966	0.066	0.0417	0.0773	36.2007	1.3692																2.7193	0.3578	0.1157	0.0382	-0.0	0.0008	19.0052	16.8543	0.1123	0.0205	0.9458	0.0486	0.5728	0.3482	0.0	0.0	0.0	0.0	0.0	0.0	0.0	0.0	0.0	0.0
grp-08	T2	54	1620.0	8	8	66.3726	14.0202	139.2762	28.6192	0.0995	0.0701	0.0835	0.0818	36.2159	1.3632																2.7619	0.4456	0.1638	0.0814	0.0022	0.003	23.3532	16.6676	0.1263	0.0455	0.7602	0.2189	0.5066	0.2923	0.0	0.0	0.0	0.0	0.0	0.0	0.0	0.0	0.0	0.0
grp-08	T2	55	1650.0	8	8	63.7912	11.7098	67.44	0.0	0.1052	0.0742	0.2003	0.1693	36.195	1.3696																2.9368	0.4467	0.2536	0.033	0.0003	0.004	35.0191	4.2616	0.1476	0.02	0.5399	0.4423	0.7721	0.4616	0.0	0.0	0.0	0.0	0.0	0.0	0.0	0.0	0.0	0.0
grp-08	T2	56	1680.0	8	8	65.0324	8.8171	139.8584	55.1835	0.106	0.0797	0.267	0.2214	36.1606	1.3874																2.938	0.4013	0.2688	0.1353	0.0052	0.0118			0.1389	0.067	0.2958	0.2811	0.9775	0.7623	0.0	0.0	0.0	0.0	0.0	0.0	0.0	0.0	0.0	0.0
grp-08	T2	57	1710.0	8	8	61.4071	5.033	126.2894	16.9119	0.1004	0.0736	0.1835	0.1142	36.1478	1.4037																3.4618	0.5065	0.1787	0.1548	-0.0027	0.0003			0.1227	0.0845	0.0423	0.075	1.7464	0.694	0.0	0.0	0.0	0.0	0.0	0.0	0.0	0.0	0.0	0.0
grp-08	T2	58	1740.0	8	8	56.3062	4.546	186.523	75.2086	0.0951	0.0689	0.1252	0.0888	36.1336	1.4213																										0.0	0.0			0.0	0.0	0.0	0.0	0.0	0.0	0.0	0.0	0.0	0.0
grp-08	T2	59	1770.0	8	8	52.039	2.0327	151.097	44.9244	0.0963	0.0682	0.167	0.1157	36.1144	1.4437																										0.0	0.0			0.0	0.0	0.0	0.0	0.0	0.0	0.0	0.0	0.0	0.0
grp-08	T2	60	1800.0	8	8	58.3943	9.978	132.399	17.5045	0.0988	0.0621	0.1418	0.1021	36.0896	1.4611																										0.0	0.0			0.0	0.0	0.0	0.0	0.0	0.0	0.0	0.0	0.0	0.0
grp-08	T2	61	1830.0	8	8	65.1702	8.7037	94.3553	43.7638	0.0876	0.0509	0.1418	0.1166	36.0733	1.4644																										0.0	0.0			0.0	0.0	0.0	0.0	0.0	0.0	0.0	0.0	0.0	0.0
grp-08	T2	62	1860.0	8	8	62.376	14.5648	124.9682	63.6535	0.0927	0.0676	0.1169	0.1567	36.0507	1.4755																										0.0	0.0			0.0	0.0	0.0	0.0	0.0	0.0	0.0	0.0	0.0	0.0
grp-08	T2	63	1890.0	8	8	59.1454	12.8626	129.8985	33.0973	0.1026	0.081	0.1672	0.1158	36.0136	1.4883																2.9917	0.3902	0.1955	0.0396	0.0014	0.0029			0.1405	0.0514	0.202	0.0145	0.8603	0.2041	0.0	0.0	0.0	0.0	0.0	0.0	0.0	0.0	0.0	0.0
grp-08	T2	64	1920.0	8	8	66.1861	9.0866	173.689	56.4825	0.1092	0.0834	0.2168	0.1644	35.9924	1.4866																2.9462	0.317	0.2006	0.0508	-0.0019	0.0025			0.1714	0.0117	0.6544	0.0124	0.7214	0.1103	0.0	0.0	0.0	0.0	0.0	0.0	0.0	0.0	0.0	0.0
grp-08	T3	0	0.0	8	8	59.8904	14.7541	114.6258	35.9273	0.1173	0.0866	0.1417	0.1294	35.903	1.5374	0.0	0.0	13.493	0.0	0.0	0.0	0.0	0.0	0.0		0.0	0.0	0.0	0.0	0.0	2.7705	0.2492	0.175	0.0592	-0.0018	0.0025	14.5027	10.2489	0.1142	0.0187	0.9528	0.0313	0.3866	0.2342	0.0	0.0	0.0	0.0	0.0	0.0	0.0	0.0	0.0	0.0
grp-08	T3	1	30.0	8	8	59.2352	14.5485	125.1721	50.9831	0.1139	0.0789	0.0751	0.099	35.8598	1.5508	0.0	0.0	4.904	0.0	0.0	0.0	0.0	0.0	0.0		0.0	0.0	0.0	0.0	0.0	2.7557	0.2255	0.1474	0.0698	0.0004	0.0007	12.0103	7.1241	0.096	0.0375	0.9501	0.0469	0.4649	0.3165	0.0	0.0	0.0	0.0	0.0	0.0	0.0	0.0	0.0	0.0
grp-08	T3	2	60.0	8	8	62.853	14.813	121.4717	48.358	0.1081	0.0749	0.1252	0.1344	35.85	1.5436	9.0	15.069	12.293	1.0	7.0	4.0	3.0	0.0	0.0	0.5714	1.0	0.0	4.0	1.6433	21.989	2.8232	0.2654	0.1581	0.0787	0.0011	0.0004	17.515	7.5563	0.1263	0.0465	0.9404	0.0428	0.4987	0.2339	0.0	0.0	0.0	0.0	0.0	0.0	0.0	0.0	0.0	0.0
grp-08	T3	3	90.0	8	8	70.0422	14.7866	128.3582	10.5695	0.1005	0.0731	0.1336	0.1535	35.8542	1.5256	5.0	3.639	44.626	2.0	0.0	0.0	0.0	0.0	0.0		1.0	0.0	3.0	1.2786	0.628	2.9236	0.2998	0.2074	0.0467	0.0017	0.0016	22.0041	9.7998	0.1508	0.0226	0.9312	0.0265	0.6016	0.1845	0.0	0.0	0.0	0.0	0.0	0.0	0.0	0.0	0.0	0.0
grp-08	T3	4	120.0	8	8	69.3068	13.5912	141.9138	29.7269	0.0992	0.071	0.1169	0.1394	35.8364	1.5169																2.9384	0.428	0.2329	0.0478	-0.0007	0.0035	20.0171	5.8929	0.1776	0.0523	0.9415	0.0192	0.6324	0.124	0.0	0.0	0.0	0.0	0.0	0.0	0.0	0.0	0.0	0.0
grp-08	T3	5	150.0	8	8	63.5531	7.5109	118.9428	31.944	0.0933	0.0652	0.0834	0.1141	35.7975	1.5151	1.0	0.486	182.6	0.0	0.0	0.0	0.0	0.0	0.0		0.0	0.0	1.0	-0.0	0.0	2.8637	0.5004	0.1827	0.0732	-0.0005	0.001	18.0154	7.1242	0.1882	0.0025	0.9339	0.0125	0.592	0.1127	0.0	0.0	0.0	0.0	0.0	0.0	0.0	0.0	0.0	0.0
grp-08	T3	6	180.0	8	8	61.4245	7.6196	164.6785	37.0289	0.0901	0.0643	0.1001	0.1653	35.7821	1.5119	0.0	0.0	0.0	1.0	0.0	0.0	0.0	0.0	0.0		0.0	0.0	0.0	0.0	0.0	2.7704	0.395	0.1675	0.0697	-0.0014	0.0021	21.0039	9.5935	0.1598	0.0528	0.9316	0.0122	0.5123	0.1561	0.0	0.0	0.0	0.0	0.0	0.0	0.0	0.0	0.0	0.0
grp-08	T3	7	210.0	8	8	65.3081	5.0932	128.7991	39.9395	0.0971	0.0731	0.0668	0.1236	35.7819	1.5183																2.6901	0.3298	0.1197	0.0178	-0.0009	0.0008	18.5158	6.6137	0.1303	0.0535	0.9569	0.0086	0.4565	0.2	0.0	0.0	0.0	0.0	0.0	0.0	0.0	0.0	0.0	0.0
grp-08	T3	8	240.0	8	8	68.6279	8.9008	94.6188	27.8939	0.1018	0.0809	0.0167	0.0309	35.8021	1.5058																2.6632	0.265	0.1344	0.0617	-0.0003	0.0027	18.0154	22.7057	0.1277	0.0474	0.9537	0.0346	0.5057	0.283	0.0	0.0	0.0	0.0	0.0	0.0	0.0	0.0	0.0	0.0
grp-08	T3	9	270.0	8	8	67.487	9.4216	103.4991	41.1227	0.1024	0.0825	0.142	0.2058	35.8598	1.4598																2.6738	0.2822	0.1204	0.0595	0.0003	0.0025	22.6727	22.0326	0.1524	0.0689	0.9556	0.0323	0.4581	0.1679	0.0	0.0	0.0	0.0	0.0	0.0	0.0	0.0	0.0	0.0
grp-08	T3	10	300.0	8	8	68.4214	7.8018	66.3465	21.6432	0.1012	0.0813	0.1504	0.221	35.8967	1.4477																2.6718	0.3411	0.0999	0.0397	-0.0004	0.0011	21.3516	15.024	0.1679	0.07	0.9614	0.0316	0.3869	0.0796	0.0	0.0	0.0	0.0	0.0	0.0	0.0	0.0	0.0	0.0
grp-08	T3	11	330.0	8	8	67.6346	8.1177	101.4873	43.3496	0.0999	0.0782	0.0751	0.102	35.9013	1.479	3.0	5.304	35.087	0.0	1.0	1.0	0.0	0.0	0.0	1.0	0.0	0.0	1.0	-0.0	1.074	2.6625	0.3157	0.1107	0.0546	0.0004	0.0007	20.0144	10.8427	0.1292	0.0457	0.9307	0.036	0.4629	0.1161	0.0	0.0	0.0	0.0	0.0	0.0	0.0	0.0	0.0	0.0
grp-08	T3	12	360.0	8	8	67.0971	11.6981	144.4253	48.2516	0.0957	0.0678	0.1167	0.1248	35.9102	1.5083	1.0	0.376	14.43	0.0	0.0	0.0	0.0	0.0	0.0		0.0	0.0	1.0	-0.0	0.0	2.7103	0.3723	0.1259	0.0614	0.0009	0.0016	23.3532	11.0246	0.1244	0.037	0.9335	0.052	0.5013	0.2059	0.0	0.0	0.0	0.0	0.0	0.0	0.0	0.0	0.0	0.0
grp-08	T3	13	390.0	8	8	67.9186	16.5489	133.5375	28.2229	0.0907	0.0592	0.1169	0.1275	35.9385	1.5041	5.0	12.27	17.239	0.0	1.0	1.0	0.0	0.0	0.0	1.0	0.0	0.0	4.0	1.2993	3.552	2.742	0.4148	0.1029	0.0298	0.0	0.0011	39.0333	26.8931	0.1032	0.0203	0.9442	0.0795	0.5173	0.4001	0.0	0.0	0.0	0.0	0.0	0.0	0.0	0.0	0.0	0.0
grp-08	T3	14	420.0	8	8	71.9606	13.777	93.3937	29.4376	0.095	0.0668	0.1002	0.1184	35.9777	1.4923	5.0	7.576	24.467	3.0	1.0	0.0	1.0	0.0	0.0	0.0	0.0	0.0	4.0	1.2397	1.039	2.7256	0.3982	0.1078	0.0392	-0.0002	0.0006	24.0045	30.6869	0.1076	0.0305	0.9424	0.0723	0.489	0.2999	0.0	0.0	0.0	0.0	0.0	0.0	0.0	0.0	0.0	0.0
grp-08	T3	15	450.0	8	8	70.908	11.7413	84.8042	13.2444	0.1021	0.0785	0.1168	0.1273	36.0161	1.4804	2.0	44.354	0.7	0.0	0.0	0.0	0.0	0.0	0.0		0.0	0.0	1.0	-0.0	0.0	2.7579	0.4167	0.1264	0.0472	0.0009	0.0016	19.5167	16.045	0.1306	0.0443	0.9524	0.0402	0.4241	0.0903	0.0	0.0	0.0	0.0	0.0	0.0	0.0	0.0	0.0	0.0
grp-08	T3	16	480.0	8	8	75.3881	3.6802	81.3772	2.4564	0.103	0.0799	0.192	0.2345	36.0487	1.467	1.0	19.164	1.942	0.0	0.0	0.0	0.0	0.0	0.0		2.0	0.0	1.0	-0.0	4.782	2.7865	0.398	0.1262	0.0356	-0.0003	0.0008	22.0188	15.1126	0.1183	0.0372	0.9375	0.0742	0.4534	0.1495	0.0	0.0	0.0	0.0	0.0	0.0	0.0	0.0	0.0	0.0
grp-08	T3	17	510.0	8	8	78.2777	8.5391	135.1752	69.019	0.1013	0.0805	0.1587	0.181	36.0783	1.4736	2.0	26.948	23.896	0.0	1.0	1.0	0.0	0.0	0.0	1.0	0.0	0.0	2.0	0.1479	22.894	2.7504	0.3179	0.1351	0.0465	-0.0003	0.0017	34.0064	31.1185	0.1335	0.0636	0.9302	0.1045	0.5691	0.4334	0.0	0.0	0.0	0.0	0.0	0.0	0.0	0.0	0.0	0.0
grp-08	T3	18	540.0	8	8	74.2713	4.8894	129.6462	64.5278	0.1005	0.082	0.0836	0.0963	36.0971	1.4917	5.0	22.248	7.494	0.0	1.0	1.0	0.0	0.0	0.0	1.0	0.0	0.0	3.0	1.1528	8.564	2.7162	0.2832	0.1366	0.0522	-0.0	0.0012	19.5167	16.8568	0.1149	0.0271	0.9375	0.0593	0.6065	0.4233	0.0	0.0	0.0	0.0	0.0	0.0	0.0	0.0	0.0	0.0
grp-08	T3	19	570.0	8	8	68.7038	5.5187	125.0156	35.7518	0.0997	0.0802	0.0834	0.0643	36.1123	1.5174	10.0	14.09	20.066	1.0	1.0	0.0	1.0	0.0	0.0	0.0	0.0	0.0	3.0	1.1537	0.659	2.8006	0.3459	0.192	0.0996	0.0025	0.0018	21.5183	4.1266	0.1345	0.0397	0.9397	0.0251	0.6144	0.3125	0.0	0.0	0.0	0.0	0.0	0.0	0.0	0.0	0.0	0.0
grp-08	T3	20	600.0	8	8	60.1618	16.9613	75.9018	0.0	0.094	0.0677	0.1751	0.1875	36.1179	1.5432	6.0	16.1	8.471	1.0	0.0	0.0	0.0	0.0	0.0		0.0	0.0	3.0	0.6258	1.0	2.8762	0.3782	0.1821	0.0555	-0.0008	0.0016	17.5052	8.2257	0.1638	0.0504	0.9528	0.0222	0.6126	0.2396	0.0	0.0	0.0	0.0	0.0	0.0	0.0	0.0	0.0	0.0
grp-08	T3	21	630.0	8	8	57.8365	14.0973	128.6983	45.6519	0.096	0.0735	0.1753	0.2639	36.1115	1.5782	17.0	22.35	10.344	3.0	8.0	0.0	8.0	0.0	0.0	0.0	1.0	0.0	4.0	1.3272	19.531	2.8194	0.3652	0.1596	0.0587	-0.0011	0.0011	16.0137	5.8929	0.1445	0.0409	0.9549	0.0156	0.4891	0.1451	0.0	0.0	0.0	0.0	0.0	0.0	0.0	0.0	0.0	0.0
grp-08	T3	22	660.0	8	8	59.4143	14.2246	141.3404	5.7231	0.0876	0.065	0.0918	0.1502	36.1127	1.6074	10.0	42.961	4.911	1.0	2.0	1.0	1.0	0.0	0.0	0.5	0.0	0.0	4.0	1.3444	28.739	2.7965	0.3285	0.1574	0.0697	0.0004	0.0011	13.5102	4.4407	0.1441	0.0525	0.9583	0.0108	0.4503	0.1537	0.0	0.0	0.0	0.0	0.0	0.0	0.0	0.0	0.0	0.0
grp-08	T3	23	690.0	8	8	63.4105	12.5472	119.9321	40.959	0.082	0.0571	0.0668	0.1237	36.1303	1.6109	5.0	16.052	15.41	2.0	3.0	1.0	2.0	0.0	0.0	0.3333	0.0	0.0	2.0	0.1268	9.965	2.8488	0.2941	0.1643	0.0583	0.0008	0.001	7.5057	4.7305	0.1576	0.0342	0.9663	0.0139	0.4911	0.0993	0.0	0.0	0.0	0.0	0.0	0.0	0.0	0.0	0.0	0.0
grp-08	T3	24	720.0	8	8	59.9743	3.1735	113.026	23.2639	0.0877	0.0657	0.0667	0.1236	36.1457	1.6167	12.0	41.82	20.084	2.0	5.0	2.0	3.0	0.0	0.0	0.4	0.0	0.0	4.0	1.5406	30.996	2.8626	0.2832	0.145	0.0661	-0.0006	0.001	7.006	4.765	0.0831	0.0365	0.9644	0.0199	0.4444	0.1064	0.0	0.0	0.0	0.0	0.0	0.0	0.0	0.0	0.0	0.0
grp-08	T3	25	750.0	8	8	61.7698	13.5093	117.2356	36.2926	0.0903	0.07	0.1084	0.2008	36.1328	1.6513	5.0	20.93	8.382	4.0	3.0	3.0	0.0	0.0	0.0	1.0	0.0	0.0	3.0	1.1173	19.662	2.8508	0.2433	0.1445	0.0356	0.0005	0.0005	8.5036	3.419	0.0879	0.0467	0.9688	0.0057	0.4731	0.1093	0.0	0.0	0.0	0.0	0.0	0.0	0.0	0.0	0.0	0.0
grp-08	T3	26	780.0	8	8	65.6817	10.3449	135.0291	32.4444	0.0919	0.0724	0.1251	0.2317	36.1176	1.6833	5.0	11.624	13.22	2.0	1.0	0.0	1.0	0.0	0.0	0.0	0.0	0.0	3.0	1.1381	1.152	2.9018	0.2733	0.1611	0.0466	0.001	0.0016	11.5098	7.5563	0.1011	0.0373	0.9621	0.01	0.5595	0.0341	0.0	0.0	0.0	0.0	0.0	0.0	0.0	0.0	0.0	0.0
grp-08	T3	27	810.0	8	8	61.0858	6.6894	132.0771	41.7949	0.092	0.0709	0.1085	0.1623	36.1116	1.6815	7.0	21.429	8.478	0.0	2.0	0.0	2.0	0.0	0.0	0.0	0.0	0.0	3.0	1.4051	1.4	2.9029	0.3301	0.1476	0.0435	-0.0013	0.0009	10.0085	7.1241	0.0868	0.0217	0.9589	0.0151	0.4659	0.1094	0.0	0.0	0.0	0.0	0.0	0.0	0.0	0.0	0.0	0.0
grp-08	T3	28	840.0	8	8	58.5115	10.6612	124.7221	43.0777	0.0947	0.0716	0.0835	0.117	36.1096	1.6685	4.0	5.525	98.574	2.0	1.0	1.0	0.0	0.0	0.0	1.0	0.0	0.0	3.0	1.1414	5.357	2.8906	0.3731	0.1549	0.057	0.0007	0.0017	10.0019	7.1194	0.0955	0.0281	0.9371	0.0538	0.4961	0.1671	0.0	0.0	0.0	0.0	0.0	0.0	0.0	0.0	0.0	0.0
grp-08	T3	29	870.0	8	8	60.552	13.7605	123.4931	53.7142	0.1006	0.0763	0.0668	0.0757	36.1099	1.663																2.902	0.3737	0.1621	0.0543	-0.0003	0.0015	15.5133	12.0519	0.1247	0.0619	0.9023	0.1214	0.6042	0.2602	0.0	0.0	0.0	0.0	0.0	0.0	0.0	0.0	0.0	0.0
grp-08	T3	30	900.0	8	8	58.6009	12.629	132.6824	98.9811	0.1028	0.0785	0.0501	0.0736	36.1072	1.6609																2.8837	0.3449	0.1545	0.0522	0.0	0.0006	12.6775	5.0376	0.1233	0.0949	0.8936	0.1358	0.4977	0.3045	0.0	0.0	0.0	0.0	0.0	0.0	0.0	0.0	0.0	0.0
grp-08	T3	31	930.0	8	8	57.5136	11.7592	137.1669	64.1358	0.1017	0.0781	0.0417	0.0772	36.1026	1.6422	2.0	0.581	0.541	1.0	1.0	0.0	1.0	0.0	0.0	0.0	0.0	0.0	2.0	0.9304	0.591	2.8966	0.3724	0.1811	0.0692	0.0005	0.0011	15.0038	7.3935	0.1204	0.0673	0.9039	0.1116	0.5508	0.2666	0.0	0.0	0.0	0.0	0.0	0.0	0.0	0.0	0.0	0.0
grp-08	T3	32	960.0	8	8	67.388	11.7837	123.9048	31.8846	0.1015	0.0789	0.1001	0.1654	36.0855	1.6301																2.8816	0.3663	0.1846	0.0648	-0.0004	0.0009	14.012	8.4926	0.1307	0.0589	0.9033	0.1089	0.5486	0.2099	0.0	0.0	0.0	0.0	0.0	0.0	0.0	0.0	0.0	0.0
grp-08	T3	33	990.0	8	8	69.0944	13.4484	141.4845	38.1089	0.1009	0.0765	0.1336	0.175	36.0549	1.6467																2.8551	0.2768	0.1831	0.0486	0.0004	0.0015	14.6779	10.2737	0.1404	0.0839	0.8826	0.1536	0.5309	0.3042	0.0	0.0	0.0	0.0	0.0	0.0	0.0	0.0	0.0	0.0
grp-08	T3	34	1020.0	8	8	63.9324	8.5658	150.7795	15.6679	0.1004	0.0757	0.1251	0.1927	36.035	1.665																2.8687	0.2336	0.1669	0.0733	0.0004	0.001	18.006	11.6612	0.1219	0.0842	0.9052	0.1185	0.5213	0.3671	0.0	0.0	0.0	0.0	0.0	0.0	0.0	0.0	0.0	0.0
grp-08	T3	35	1050.0	8	8	62.9058	11.7421	127.2362	33.4148	0.0995	0.0755	0.1502	0.2781	36.0175	1.6801																2.8774	0.2799	0.1745	0.068	-0.0002	0.0011	14.5124	7.9019	0.1065	0.0605	0.9319	0.0717	0.5044	0.2376	0.0	0.0	0.0	0.0	0.0	0.0	0.0	0.0	0.0	0.0
grp-08	T3	36	1080.0	8	8	63.1786	13.726	125.7952	17.5769	0.0995	0.0764	0.1168	0.2162	36.0033	1.6965																2.8519	0.3022	0.1725	0.0596	-0.0008	0.0007	10.0049	2.8289	0.1026	0.0189	0.9514	0.0315	0.542	0.092	0.0	0.0	0.0	0.0	0.0	0.0	0.0	0.0	0.0	0.0
grp-08	T3	37	1110.0	8	8	59.1098	11.1372	122.131	55.171	0.0998	0.0776	0.0333	0.0618	35.9967	1.6983																2.8384	0.3011	0.1381	0.0493	0.0	0.0007	8.5072	5.0042	0.0851	0.0157	0.9703	0.0118	0.4553	0.0947	0.0	0.0	0.0	0.0	0.0	0.0	0.0	0.0	0.0	0.0
grp-08	T3	38	1140.0	8	8	53.635	8.1987	118.6458	0.0	0.1007	0.0781	0.0585	0.0888	35.9876	1.6827																2.848	0.3369	0.1374	0.0503	0.0001	0.0013	9.0077	1.1557	0.093	0.0329	0.9693	0.0087	0.4387	0.0728	0.0	0.0	0.0	0.0	0.0	0.0	0.0	0.0	0.0	0.0
grp-08	T3	39	1170.0	8	8	58.5162	14.8606	160.0668	74.5779	0.1016	0.0771	0.1253	0.1929	35.9797	1.6564																2.8749	0.3538	0.163	0.0373	0.001	0.0009	15.0041	4.7593	0.1135	0.0365	0.9554	0.0182	0.5225	0.0644	0.0	0.0	0.0	0.0	0.0	0.0	0.0	0.0	0.0	0.0
grp-08	T3	40	1200.0	8	8	64.575	18.3064	106.9126	46.6093	0.1185	0.096	0.1251	0.1602	35.9719	1.6279																2.9214	0.3934	0.1676	0.0516	0.0006	0.0015	24.5209	3.0026	0.1274	0.0174	0.9355	0.0095	0.6066	0.0447	0.0	0.0	0.0	0.0	0.0	0.0	0.0	0.0	0.0	0.0
grp-08	T3	41	1230.0	8	8	65.8022	15.9628	136.3696	62.2836	0.1417	0.1292	0.1918	0.2966	35.9636	1.5995																2.8973	0.4005	0.1693	0.0519	-0.001	0.0014	23.0166	4.7693	0.1289	0.0163	0.917	0.0383	0.57	0.0805	0.0	0.0	0.0	0.0	0.0	0.0	0.0	0.0	0.0	0.0
grp-08	T3	42	1260.0	8	8	65.3683	17.7403	168.4953	99.7967	0.1427	0.1289	0.1085	0.1809	35.9485	1.5837																2.8689	0.3681	0.1621	0.0326	0.0005	0.0004	20.5058	10.63	0.1312	0.0441	0.9231	0.0477	0.5232	0.1526	0.0	0.0	0.0	0.0	0.0	0.0	0.0	0.0	0.0	0.0
grp-08	T3	43	1290.0	8	8	59.7017	11.8504	147.2073	91.5563	0.1355	0.1176	0.1085	0.1321	35.918	1.5921																2.8894	0.402	0.1637	0.0282	0.0	0.0012	17.0145	13.3281	0.1401	0.046	0.9521	0.031	0.5283	0.2027	0.0	0.0	0.0	0.0	0.0	0.0	0.0	0.0	0.0	0.0
grp-08	T3	44	1320.0	8	8	56.4471	9.4301	132.9499	56.242	0.1336	0.1154	0.1252	0.1391	35.9059	1.602																2.8916	0.4121	0.1648	0.0432	-0.0	0.0008	13.5102	6.4102	0.1217	0.0406	0.9404	0.0474	0.5062	0.2489	0.0	0.0	0.0	0.0	0.0	0.0	0.0	0.0	0.0	0.0
grp-08	T3	45	1350.0	8	8	57.8698	11.4817	138.4347	46.1786	0.135	0.1169	0.1001	0.1071	35.9115	1.5969																2.8765	0.3721	0.1702	0.0674	0.0	0.0009	11.0027	8.0837	0.0924	0.0478	0.9389	0.0653	0.4646	0.2773	0.0	0.0	0.0	0.0	0.0	0.0	0.0	0.0	0.0	0.0
grp-08	T3	46	1380.0	8	8	60.5735	10.8638	147.1452	33.5839	0.1276	0.1086	0.1336	0.1428	35.8905	1.5946																2.851	0.3206	0.1815	0.0332	-0.0003	0.0025	8.0068	2.8309	0.1195	0.0454	0.9608	0.0199	0.4821	0.09	0.0	0.0	0.0	0.0	0.0	0.0	0.0	0.0	0.0	0.0
grp-08	T3	47	1410.0	8	8	71.5052	20.4261	174.3212	41.6207	0.1271	0.1064	0.1418	0.1563	35.8586	1.5982																2.8353	0.2854	0.1504	0.0437	0.0	0.0015	13.0091	3.4678	0.1261	0.0192	0.9604	0.014	0.5358	0.1376	0.0	0.0	0.0	0.0	0.0	0.0	0.0	0.0	0.0	0.0
grp-08	T3	48	1440.0	8	8	75.7361	9.2081	109.1182	45.6143	0.134	0.1115	0.0667	0.0874	35.8494	1.5915																2.8175	0.237	0.1563	0.0279	-0.0004	0.0018	14.0096	4.3242	0.127	0.0431	0.9566	0.0147	0.4933	0.0258	0.0	0.0	0.0	0.0	0.0	0.0	0.0	0.0	0.0	0.0
grp-08	T3	49	1470.0	8	8	70.995	13.6794	104.9379	38.1079	0.1317	0.1088	0.0751	0.1021	35.8523	1.5826																2.7931	0.2126	0.1494	0.044	-0.0002	0.0003	9.0077	2.5842	0.1127	0.0186	0.9512	0.0259	0.4794	0.0718	0.0	0.0	0.0	0.0	0.0	0.0	0.0	0.0	0.0	0.0
grp-08	T3	50	1500.0	8	8	68.9767	9.0729	106.6977	42.237	0.1266	0.1032	0.0584	0.073	35.8464	1.5776																2.7894	0.192	0.1665	0.065	0.0006	0.0006	9.5051	1.9173	0.1299	0.0135	0.9386	0.0265	0.5531	0.0895	0.0	0.0	0.0	0.0	0.0	0.0	0.0	0.0	0.0	0.0
grp-08	T3	51	1530.0	8	8	66.8019	7.0846	125.1393	39.607	0.1219	0.0982	0.0751	0.1021	35.8413	1.5712																2.8286	0.2433	0.1797	0.0761	0.0006	0.0015	10.0085	1.6344	0.1296	0.0086	0.9421	0.0268	0.5848	0.0938	0.0	0.0	0.0	0.0	0.0	0.0	0.0	0.0	0.0	0.0
grp-08	T3	52	1560.0	8	8	66.9772	5.8103	136.4501	45.3882	0.1134	0.0891	0.0918	0.1502	35.8501	1.5598																2.8481	0.3179	0.1566	0.0421	-0.0003	0.0006	9.0067	3.834	0.1098	0.0199	0.9521	0.0315	0.5199	0.0766	0.0	0.0	0.0	0.0	0.0	0.0	0.0	0.0	0.0	0.0
grp-08	T3	53	1590.0	8	8	73.1319	8.2808	117.5887	49.1555	0.1061	0.0814	0.1418	0.2233	35.8721	1.5463																2.824	0.3148	0.1655	0.0271	-0.0005	0.0007	15.5042	5.2584	0.1569	0.0222	0.9498	0.0247	0.5378	0.0432	0.0	0.0	0.0	0.0	0.0	0.0	0.0	0.0	0.0	0.0
grp-08	T3	54	1620.0	8	8	66.6716	9.7762	128.0177	66.9693	0.1098	0.086	0.0667	0.104	35.9037	1.5303																2.7847	0.3771	0.1828	0.0263	-0.0012	0.0024	20.0171	4.3242	0.167	0.0239	0.9541	0.0133	0.5078	0.0618	0.0	0.0	0.0	0.0	0.0	0.0	0.0	0.0	0.0	0.0
grp-08	T3	55	1650.0	8	8	57.275	5.9242	149.5922	64.5791	0.1104	0.0882	0.0501	0.0592	35.9288	1.5183																2.7473	0.3719	0.1598	0.0619	-0.0006	0.0024	18.5135	3.4227	0.1542	0.0283	0.9566	0.0102	0.4576	0.1089	0.0	0.0	0.0	0.0	0.0	0.0	0.0	0.0	0.0	0.0
grp-08	T3	56	1680.0	8	8	58.2038	6.7544	107.5316	46.4564	0.1091	0.0858	0.0834	0.096	35.9382	1.5246																2.7121	0.3201	0.1316	0.0604	-0.0012	0.0013	16.004	6.7323	0.1337	0.0565	0.9614	0.0169	0.3995	0.1826	0.0	0.0	0.0	0.0	0.0	0.0	0.0	0.0	0.0	0.0
grp-08	T3	57	1710.0	8	8	59.2251	6.6339	126.0811	61.6233	0.1063	0.0837	0.0501	0.0592	35.9428	1.528																2.6467	0.3772	0.1072	0.0389	-0.0017	0.0008	17.3482	11.0246	0.0737	0.019	0.9721	0.0269	0.2989	0.1507	0.0	0.0	0.0	0.0	0.0	0.0	0.0	0.0	0.0	0.0
grp-08	T3	58	1740.0	8	8	60.4844	15.4326	139.6899	50.9431	0.1047	0.083	0.0084	0.0155	35.9537	1.5196																2.5849	0.3823	0.0777	0.0257	-0.0006	0.0005	16.6809	13.6254	0.0526	0.0108	0.9736	0.0287	0.3358	0.2358	0.0	0.0	0.0	0.0	0.0	0.0	0.0	0.0	0.0	0.0
grp-08	T3	59	1770.0	8	8	55.765	11.5544	127.0959	31.2643	0.103	0.0816	0.0083	0.0154	35.965	1.5133																2.5766	0.3801	0.0989	0.036	0.0003	0.0008	17.5063	16.3615	0.0555	0.0088	0.9633	0.036	0.4755	0.4342	0.0	0.0	0.0	0.0	0.0	0.0	0.0	0.0	0.0	0.0
grp-08	T3	60	1800.0	8	8	54.1301	4.8434	121.794	32.0617	0.1019	0.0806	0.0167	0.0309	35.9701	1.5208																2.6171	0.3907	0.1325	0.0269	0.0007	0.0003	22.5192	19.0163	0.0947	0.0078	0.9419	0.0576	0.5955	0.4499	0.0	0.0	0.0	0.0	0.0	0.0	0.0	0.0	0.0	0.0
grp-08	T3	61	1830.0	8	8	53.7511	1.6182	153.5916	50.5809	0.1012	0.0793	0.0918	0.0957	35.9739	1.5379																2.6772	0.4055	0.1728	0.0622	0.0009	0.0007	25.5184	20.7634	0.1302	0.0263	0.9305	0.067	0.6235	0.3363	0.0	0.0	0.0	0.0	0.0	0.0	0.0	0.0	0.0	0.0
grp-09	T2	0	0.0	2	2	70.6138	16.0096	132.4061	60.4396	0.1369	0.0111	0.2503	0.354	35.9296	0.412	0.0	0.0	6.544	1.0	0.0	0.0	0.0	0.0	0.0		0.0	0.0	0.0	0.0	0.0	3.4307	0.3749	0.2702	0.0874	0.0018	0.004	9.5018	5.7456	0.14	0.031	0.9576	0.0123	0.5941	0.1803	0.0	0.0	0.0	0.0	0.0	0.0	0.0	0.0	0.0	0.0
grp-09	T2	1	30.0	2	2	68.7843	17.2538	110.9526	29.0692	0.1275	0.0281	0.167	0.2362	35.9363	0.3734	0.0	0.0	1.18	0.0	0.0	0.0	0.0	0.0	0.0		0.0	0.0	0.0	0.0	0.0	3.4584	0.3956	0.2676	0.0851	-0.0015	0.0028	18.0154	9.8063	0.1763	0.0269	0.9402	0.0253	0.6361	0.1721	0.0	0.0	0.0	0.0	0.0	0.0	0.0	0.0	0.0	0.0
grp-09	T2	2	60.0	2	2	67.0863	22.9215	131.4225	40.6554	0.0959	0.0002	0.2002	0.1416	35.9876	0.4149	0.0	0.0	28.985	0.0	0.0	0.0	0.0	0.0	0.0		0.0	0.0	0.0	0.0	0.0	3.2576	0.3657	0.3096	0.0612	-0.0055	0.0031	25.5218	18.3004	0.1728	0.0606	0.9355	0.0369	0.6279	0.258	0.0	0.0	0.0	0.0	0.0	0.0	0.0	0.0	0.0	0.0
grp-09	T2	3	90.0	2	2	57.5213	10.7581	185.8725		0.0618	0.0303	0.0835	0.0236	36.0775	0.5305	1.0	1.306	32.046	0.0	0.0	0.0	0.0	0.0	0.0		0.0	0.0	1.0	-0.0	0.0	3.0498	0.5484	0.2293	0.0621	-0.0018	0.0048	22.0041	21.0435	0.1072	0.0579	0.9529	0.0329	0.4511	0.2375	0.0	0.0	0.0	0.0	0.0	0.0	0.0	0.0	0.0	0.0
grp-09	T2	4	120.0	2	2	51.7273	7.5252	204.4619	23.4679	0.0622	0.0451	0.1168	0.1652	36.1476	0.6184	0.0	0.0	27.462	0.0	0.0	0.0	0.0	0.0	0.0		0.0	0.0	0.0	0.0	0.0	3.1529	0.5743	0.2789	0.0103	0.004	0.0026	22.0188	9.1729	0.144	0.0467	0.9544	0.0296	0.4951	0.1164	0.0	0.0	0.0	0.0	0.0	0.0	0.0	0.0	0.0	0.0
grp-09	T2	5	150.0	2	2	53.1787	15.6515	111.808	44.1873	0.0712	0.0578	0.1336	0.1889	36.1767	0.6674	3.0	27.614	2.877	0.0	0.0	0.0	0.0	0.0	0.0		0.0	0.0	2.0	0.7911	0.0	3.2855	0.5214	0.2356	0.0455	-0.0007	0.001	14.012	5.8929	0.1717	0.0537	0.9588	0.0188	0.5668	0.0804	0.0	0.0	0.0	0.0	0.0	0.0	0.0	0.0	0.0	0.0
grp-09	T2	6	180.0	2	2	53.3617	9.5666	100.1663	15.6599	0.0759	0.0644	0.1003	0.1418	36.1987	0.7074	4.0	21.552	5.496	0.0	0.0	0.0	0.0	0.0	0.0		0.0	0.0	2.0	0.9895	0.0	3.3133	0.5875	0.2217	0.0421	0.0012	0.0019	12.5023	3.0005	0.156	0.06	0.9623	0.0132	0.4761	0.0544	0.0	0.0	0.0	0.0	0.0	0.0	0.0	0.0	0.0	0.0
grp-09	T2	7	210.0	2	2	51.0902	4.35	182.3352		0.0842	0.0491	0.1668	0.1415	36.1749	0.6733	3.0	19.685	3.276	2.0	0.0	0.0	0.0	0.0	0.0		0.0	0.0	2.0	0.6842	0.371	3.3127	0.508	0.2601	0.0254	-0.0009	0.0037	14.012	4.3242	0.1987	0.0679	0.9586	0.0159	0.4422	0.0325	0.0	0.0	0.0	0.0	0.0	0.0	0.0	0.0	0.0	0.0
grp-09	T2	8	240.0	2	2	57.4513	24.6714	140.7457		0.0998	0.0268	0.2168	0.1651	36.09	0.5596	3.0	33.478	1.731	0.0	0.0	0.0	0.0	0.0	0.0		0.0	0.0	1.0	-0.0	0.0	3.3128	0.4719	0.2678	0.0173	0.0015	0.0021	13.5115	3.4186	0.1605	0.0449	0.9594	0.0139	0.4948	0.1092	0.0	0.0	0.0	0.0	0.0	0.0	0.0	0.0	0.0	0.0
grp-09	T2	9	270.0	2	2	65.9997	31.2099	140.8329		0.0981	0.0558	0.1336	0.1417	36.1024	0.5759	3.0	28.878	0.361	0.0	0.0	0.0	0.0	0.0	0.0		0.0	0.0	1.0	-0.0	0.0	3.4332	0.4904	0.2943	0.0595	0.0013	0.0044	10.502	3.4163	0.1519	0.0184	0.9624	0.016	0.5334	0.1197	0.0	0.0	0.0	0.0	0.0	0.0	0.0	0.0	0.0	0.0
grp-09	T2	10	300.0	2	2	59.3556	24.9223	168.3035		0.0823	0.0738	0.0835	0.1181	36.195	0.722	2.0	26.572	0.783	0.0	0.0	0.0	0.0	0.0	0.0		0.0	0.0	1.0	-0.0	0.0	3.4473	0.4707	0.257	0.0502	-0.0013	0.0017	17.3481	5.0375	0.1443	0.0548	0.9581	0.0303	0.5163	0.1981	0.0	0.0	0.0	0.0	0.0	0.0	0.0	0.0	0.0	0.0
grp-09	T2	11	330.0	2	2	62.6356	17.3775	250.3207		0.0724	0.0598	0.1504	0.2127	36.2348	0.8024	4.0	29.724	4.216	1.0	0.0	0.0	0.0	0.0	0.0		0.0	0.0	2.0	0.9621	1.988	3.3975	0.4761	0.2659	0.0599	0.0001	0.0022	13.5115	7.1941	0.1613	0.0289	0.9446	0.0236	0.6136	0.2614	0.0	0.0	0.0	0.0	0.0	0.0	0.0	0.0	0.0	0.0
grp-09	T2	12	360.0	2	2	64.5789	26.0438	171.7411		0.0739	0.0619	0.1168	0.1652	36.2476	0.8182	4.0	21.157	11.421	2.0	1.0	0.0	1.0	0.0	0.0	0.0	1.0	0.0	3.0	1.0125	9.308	3.496	0.4853	0.2704	0.0301	0.0027	0.0004	10.0085	3.2688	0.1461	0.0452	0.9441	0.025	0.573	0.2177	0.0	0.0	0.0	0.0	0.0	0.0	0.0	0.0	0.0	0.0
grp-09	T2	13	390.0	2	2	61.5775	34.5061	153.5293		0.0796	0.07	0.0667	0.0943	36.2662	0.8147	3.0	27.837	1.434	1.0	0.0	0.0	0.0	0.0	0.0		0.0	0.0	1.0	-0.0	0.33	3.5762	0.5038	0.2922	0.0643	0.0002	0.0029	11.0094	5.296	0.1489	0.069	0.9451	0.0319	0.5513	0.254	0.0	0.0	0.0	0.0	0.0	0.0	0.0	0.0	0.0	0.0
grp-09	T2	14	420.0	2	2	59.191	28.0093			0.0858	0.0787	0.1169	0.1181	36.272	0.806	5.0	32.746	4.631	0.0	0.0	0.0	0.0	0.0	0.0		0.0	0.0	1.0	-0.0	0.0	3.5529	0.5096	0.3201	0.0397	-0.0001	0.0038	17.0032	8.8711	0.2047	0.0715	0.9346	0.0378	0.6888	0.1676	0.0	0.0	0.0	0.0	0.0	0.0	0.0	0.0	0.0	0.0
grp-09	T2	15	450.0	2	2	63.461	28.6671			0.1007	0.0827	0.1836	0.0707	36.16	0.6699	3.0	21.65	3.104	1.0	0.0	0.0	0.0	0.0	0.0		0.0	0.0	2.0	0.9782	0.0	3.59	0.4706	0.2634	0.033	0.0018	0.0013	20.0171	8.172	0.1917	0.0711	0.9212	0.0503	0.6982	0.1022	0.0	0.0	0.0	0.0	0.0	0.0	0.0	0.0	0.0	0.0
grp-09	T2	16	480.0	2	2	77.1217	28.8738	75.3618		0.103	0.0689	0.2004	0.1417	36.0218	0.5006	4.0	22.627	10.124	0.0	0.0	0.0	0.0	0.0	0.0		0.0	0.0	2.0	0.8558	0.0	3.6468	0.4539	0.2387	0.0279	0.0	0.0004	18.5158	8.8582	0.1643	0.0405	0.922	0.0482	0.6719	0.1084	0.0	0.0	0.0	0.0	0.0	0.0	0.0	0.0	0.0	0.0
grp-09	T2	17	510.0	2	2	82.3448	31.6646	61.7301		0.096	0.0657	0.1503	0.1181	35.9671	0.4185	6.0	25.18	6.903	1.0	4.0	2.0	2.0	0.0	0.0	0.5	1.0	0.0	3.0	1.4819	22.653	3.6534	0.5135	0.2742	0.0472	-0.0003	0.0026	15.0028	9.0202	0.1539	0.0457	0.9289	0.0356	0.7075	0.1301	0.0	0.0	0.0	0.0	0.0	0.0	0.0	0.0	0.0	0.0
grp-09	T2	18	540.0	2	2	76.3727	41.8142	82.9224		0.0965	0.0688	0.1504	0.0237	35.9607	0.3455	6.0	17.597	8.75	1.0	1.0	1.0	0.0	0.0	0.0	1.0	2.0	0.0	2.0	0.9989	4.308	3.6058	0.5356	0.2913	0.0358	-0.0017	0.0038	13.0111	7.7526	0.1651	0.079	0.9407	0.0243	0.6118	0.1185	0.0	0.0	0.0	0.0	0.0	0.0	0.0	0.0	0.0	0.0
grp-09	T2	19	570.0	2	2	72.9275	45.0004	162.0923	4.6904	0.0961	0.0818	0.2171	0.2598	36.0049	0.3032	8.0	13.302	12.666	1.0	3.0	2.0	1.0	0.0	0.0	0.6667	0.0	0.0	3.0	0.8113	5.634	3.5375	0.498	0.2657	0.0317	-0.001	0.0026	13.0111	10.4012	0.1439	0.1029	0.9594	0.0315	0.4864	0.2232	0.0	0.0	0.0	0.0	0.0	0.0	0.0	0.0	0.0	0.0
grp-09	T2	20	600.0	2	2	73.9955	23.5279	157.857	24.3659	0.0892	0.083	0.2504	0.3069	36.0653	0.304																3.4992	0.4695	0.2633	0.022	-0.0008	0.002	13.5025	16.3636	0.1514	0.0954	0.9518	0.0366	0.5259	0.2304	0.0	0.0	0.0	0.0	0.0	0.0	0.0	0.0	0.0	0.0
grp-09	T2	21	630.0	2	2	87.9557	14.2417			0.1004	0.0761	0.2167	0.2122	36.0425	0.2353																3.5409	0.4215	0.3134	0.0222	0.0009	0.0042	13.0111	11.9545	0.1758	0.0318	0.937	0.0388	0.685	0.2283	0.0	0.0	0.0	0.0	0.0	0.0	0.0	0.0	0.0	0.0
grp-09	T2	22	660.0	2	2	86.6599	18.4043			0.1185	0.0676	0.1	0.0	35.9685	0.1319																3.5552	0.4289	0.2891	0.0512	-0.0016	0.0018	13.5115	5.2644	0.1939	0.0186	0.9496	0.0219	0.7801	0.3314	0.0	0.0	0.0	0.0	0.0	0.0	0.0	0.0	0.0	0.0
grp-09	T2	23	690.0	2	2	64.0626	10.2766	92.8253	80.4448	0.1239	0.063	0.1504	0.1183	35.9283	0.0964																3.5407	0.4495	0.27	0.0404	0.0003	0.0022	15.5106	3.418	0.1849	0.0471	0.9487	0.0125	0.7226	0.2171	0.0	0.0	0.0	0.0	0.0	0.0	0.0	0.0	0.0	0.0
grp-09	T2	24	720.0	2	2	60.8947	10.9579			0.1172	0.0709	0.1838	0.0236	35.9507	0.0989																3.5698	0.5103	0.2571	0.0328	-0.0	0.0011	16.0137	8.8015	0.1844	0.046	0.9421	0.0228	0.7335	0.1916	0.0	0.0	0.0	0.0	0.0	0.0	0.0	0.0	0.0	0.0
grp-09	T2	25	750.0	2	2	59.1875	13.0742			0.1155	0.0696	0.1837	0.0236	35.9753	0.0643																3.6115	0.4998	0.2553	0.0152	0.0008	0.0019	17.5076	8.0699	0.1741	0.0458	0.9402	0.0176	0.7525	0.1827	0.0	0.0	0.0	0.0	0.0	0.0	0.0	0.0	0.0	0.0
grp-09	T2	26	780.0	2	2	58.1258	24.5584			0.1193	0.06	0.1001	0.0	35.9802	0.0104																3.6393	0.4717	0.2502	0.0347	-0.0004	0.0019	17.515	12.4873	0.1662	0.0467	0.9325	0.0354	0.7105	0.1777	0.0	0.0	0.0	0.0	0.0	0.0	0.0	0.0	0.0	0.0
grp-09	T2	27	810.0	2	2	59.8632	25.9956	139.0941	4.9061	0.1213	0.0542	0.1502	0.0236	35.9792	0.0141																3.6267	0.4954	0.274	0.0371	-0.0007	0.0016	17.0145	7.5783	0.2117	0.0479	0.8841	0.0706	0.7878	0.1583	0.0	0.0	0.0	0.0	0.0	0.0	0.0	0.0	0.0	0.0
grp-09	T2	28	840.0	2	2	55.7528	10.5804	258.4549		0.1195	0.0532	0.2836	0.0236	35.9712	0.0429																3.6152	0.5141	0.289	0.0326	-0.0008	0.0017	21.0039	8.2477	0.2349	0.0511	0.8575	0.0827	0.835	0.1734	0.0	0.0	0.0	0.0	0.0	0.0	0.0	0.0	0.0	0.0
grp-09	T2	29	870.0	2	2	55.9504	10.7906	163.1393	74.8413	0.1316	0.0343	0.334	0.1417	35.9657	0.0812																3.5636	0.5535	0.2607	0.0262	-0.0014	0.0021	17.515	5.9773	0.2056	0.0455	0.9026	0.0654	0.6757	0.1106	0.0	0.0	0.0	0.0	0.0	0.0	0.0	0.0	0.0	0.0
grp-09	T2	30	900.0	2	2	57.5389	17.2017			0.1317	0.0338	0.2002	0.1415	35.9771	0.0869																3.4567	0.5983	0.2475	0.0595	-0.0024	0.0012	13.3447	8.3338	0.1939	0.0593	0.9472	0.0447	0.5168	0.2071	0.0	0.0	0.0	0.0	0.0	0.0	0.0	0.0	0.0	0.0
grp-09	T2	31	930.0	2	2	51.7322	16.1398			0.1409	0.0236	0.1168	0.0235	35.9918	0.0873																3.4637	0.4882	0.3112	0.0645	0.0023	0.0033	13.5025	8.2275	0.2041	0.041	0.9568	0.0239	0.5456	0.1202	0.0	0.0	0.0	0.0	0.0	0.0	0.0	0.0	0.0	0.0
grp-09	T2	32	960.0	2	2	51.8723	17.9735			0.1471	0.0155	0.1838	0.1182	35.9791	0.0914																3.5347	0.3635	0.2752	0.0375	0.0009	0.0023	17.0145	10.4012	0.1826	0.0199	0.9369	0.0213	0.6919	0.1278	0.0	0.0	0.0	0.0	0.0	0.0	0.0	0.0	0.0	0.0
grp-09	T2	33	990.0	2	2	54.9373	23.5751	194.2507		0.1529	0.0188	0.1836	0.0236	35.9632	0.1065																3.5302	0.4006	0.2508	0.0365	0.0006	0.0022	14.012	2.8308	0.17	0.0417	0.9332	0.0284	0.7672	0.1659	0.0	0.0	0.0	0.0	0.0	0.0	0.0	0.0	0.0	0.0
grp-09	T2	34	1020.0	2	2	55.24	24.4517	205.3235		0.1354	0.0309	0.2169	0.0707	35.9585	0.1394																3.4146	0.4994	0.354	0.1022	-0.0036	0.0025	19.507	3.4169	0.1852	0.0418	0.8876	0.072	0.9425	0.1105	0.0	0.0	0.0	0.0	0.0	0.0	0.0	0.0	0.0	0.0
grp-09	T2	35	1050.0	2	2	52.5121	22.4175	205.8363		0.1058	0.0668	0.2002	0.1416	36.0021	0.0838																3.3638	0.5063	0.3305	0.0736	0.0009	0.0011	23.5201	4.1266	0.1825	0.0063	0.8955	0.0643	0.9457	0.0368	0.0	0.0	0.0	0.0	0.0	0.0	0.0	0.0	0.0	0.0
grp-09	T2	36	1080.0	2	2	45.7397	11.963	121.949		0.0975	0.0952	0.0668	0.0944	36.0724	0.0164																3.462	0.476	0.2758	0.0254	0.0008	0.0023	18.6773	6.1083	0.1702	0.0314	0.9621	0.0215	0.8599	0.1431	0.0	0.0	0.0	0.0	0.0	0.0	0.0	0.0	0.0	0.0
grp-09	T2	37	1110.0	2	2	62.9329	1.4259	178.8137	65.8055	0.1064	0.0977	0.1338	0.0473	36.0406	0.0035																3.4707	0.4743	0.2912	0.0229	-0.0005	0.001	16.0093	8.7949	0.1743	0.0594	0.9474	0.0413	0.9117	0.214	0.0	0.0	0.0	0.0	0.0	0.0	0.0	0.0	0.0	0.0
grp-09	T2	38	1140.0	2	2	67.1376	12.0476	132.5436		0.1044	0.0966	0.2003	0.0473	35.9421	0.109																3.4523	0.4357	0.2723	0.0463	0.0004	0.0006	20.5175	8.7061	0.2099	0.0354	0.9247	0.0401	0.9121	0.2395	0.0	0.0	0.0	0.0	0.0	0.0	0.0	0.0	0.0	0.0
grp-09	T2	39	1170.0	2	2	68.9486	5.217	190.1652	78.0302	0.0963	0.0936	0.1168	0.1652	35.8939	0.1337																3.2156	0.4111	0.3077	0.0345	-0.0064	0.0012	16.0046	10.9552	0.1993	0.0347	0.9513	0.0158	0.5748	0.102	0.0	0.0	0.0	0.0	0.0	0.0	0.0	0.0	0.0	0.0
grp-09	T2	40	1200.0	2	2	66.9829	3.1622	103.6608		0.0959	0.0929	0.0334	0.0472	35.9018	0.0531																2.949	0.4244	0.1028	0.0152	-0.0013	0.0004	14.6792	11.0245	0.0562	0.0247	0.9765	0.0254	0.2523	0.1086	0.0	0.0	0.0	0.0	0.0	0.0	0.0	0.0	0.0	0.0
grp-09	T2	41	1230.0	2	2	62.6082	13.3612	172.9381	73.4272	0.0969	0.0945	0.05	0.0708	35.9194	0.0127																2.929	0.4205	0.0902	0.0279	0.0003	0.0006	11.5098	8.233	0.0505	0.0101	0.9739	0.0167	0.2673	0.0676	0.0	0.0	0.0	0.0	0.0	0.0	0.0	0.0	0.0	0.0
grp-09	T2	42	1260.0	2	2	67.5347	7.4762	116.4697		0.0941	0.0906	0.0167	0.0236	35.9317	0.0479																2.9831	0.4171	0.1429	0.0236	0.001	0.0012	15.0028	10.8954	0.0853	0.0275	0.9631	0.0243	0.388	0.0908	0.0	0.0	0.0	0.0	0.0	0.0	0.0	0.0	0.0	0.0
grp-09	T2	43	1290.0	2	2	71.649	5.6882	135.8062		0.0906	0.0855	0.0501	0.0709	35.9456	0.0824																3.0474	0.3864	0.2086	0.0818	0.0015	0.0024	18.0154	14.3417	0.1305	0.0593	0.9586	0.028	0.4881	0.0499	0.0	0.0	0.0	0.0	0.0	0.0	0.0	0.0	0.0	0.0
grp-09	T2	44	1320.0	2	2	73.5669	2.4294	147.5266	32.4285	0.0873	0.0809	0.0668	0.0944	35.9226	0.0843																3.1673	0.3389	0.3143	0.0866	0.0034	0.0025	22.5192	11.2494	0.1877	0.043	0.9385	0.0252	0.634	0.1382	0.0	0.0	0.0	0.0	0.0	0.0	0.0	0.0	0.0	0.0
grp-09	T3	0	0.0	2	2	68.0183	25.0471	122.538	50.2214	0.0656	0.0482	0.0834	0.118	35.7916	0.0678	3.0	3.202	7.082	0.0	1.0	0.0	1.0	0.0	0.0	0.0	0.0	0.0	2.0	0.7223	0.318	3.3359	0.2354	0.201	0.0503	0.0002	0.0007	11.3354	7.5733	0.1132	0.0324	0.9671	0.0295	0.5222	0.1475	0.0	0.0	0.0	0.0	0.0	0.0	0.0	0.0	0.0	0.0
grp-09	T3	1	30.0	2	2	67.0031	21.6217	124.4173		0.054	0.0209	0.0835	0.0236	35.7876	0.0402	0.0	0.0	152.035	0.0	0.0	0.0	0.0	0.0	0.0		0.0	0.0	0.0	0.0	0.0	3.3419	0.2518	0.2024	0.0209	0.0001	0.0012	11.0094	3.4671	0.1528	0.0299	0.9369	0.0483	0.4623	0.0816	0.0	0.0	0.0	0.0	0.0	0.0	0.0	0.0	0.0	0.0
grp-09	T3	2	60.0	2	2	64.1895	13.7296			0.0732	0.0463	0.1501	0.1179	35.8089	0.0097																3.1897	0.3011	0.2438	0.0539	-0.0041	0.0029	16.5141	9.1547	0.1766	0.0285	0.9324	0.0455	0.4169	0.1139	0.0	0.0	0.0	0.0	0.0	0.0	0.0	0.0	0.0	0.0
grp-09	T3	3	90.0	2	2	70.3892	11.7228	198.8557		0.0869	0.0792	0.1336	0.1417	35.824	0.0101																3.0587	0.3521	0.1436	0.0341	0.0011	0.0015	12.5023	12.0438	0.1105	0.0474	0.9319	0.067	0.3567	0.1959	0.0	0.0	0.0	0.0	0.0	0.0	0.0	0.0	0.0	0.0
grp-09	T3	4	120.0	2	2	74.1958	2.3378			0.0913	0.0854	0.1001	0.0944	35.801	0.0357																3.0964	0.4243	0.1491	0.0654	0.0004	0.0016	8.0068	3.2688	0.1193	0.0396	0.934	0.0951	0.3513	0.112	0.0	0.0	0.0	0.0	0.0	0.0	0.0	0.0	0.0	0.0
grp-09	T3	5	150.0	2	2	75.437	12.8039			0.092	0.0875	0.0667	0.0944	35.8329	0.0185																3.1429	0.4772	0.1793	0.0946	0.0013	0.0017	8.5073	7.731	0.1457	0.0466	0.9691	0.036	0.3873	0.0857	0.0	0.0	0.0	0.0	0.0	0.0	0.0	0.0	0.0	0.0
grp-09	T3	6	180.0	2	2	77.3152	21.5006	171.1644		0.0934	0.0895	0.0669	0.0946	35.9197	0.1238	1.0	1.666	0.697	0.0	0.0	0.0	0.0	0.0	0.0		0.0	0.0	1.0	-0.0	0.0	3.1418	0.4651	0.1915	0.0701	-0.0006	0.0027	18.6701	15.5378	0.1574	0.0223	0.9449	0.0721	0.4155	0.1029	0.0	0.0	0.0	0.0	0.0	0.0	0.0	0.0	0.0	0.0
grp-09	T3	7	210.0	2	2	77.1852	12.3061	228.9986		0.0944	0.091	0.0835	0.118	35.9785	0.179	0.0	0.0	26.534	0.0	0.0	0.0	0.0	0.0	0.0		2.0	0.0	0.0	0.0	0.0	3.1607	0.3968	0.1958	0.0714	0.0015	0.0026	25.355	26.6561	0.1725	0.0362	0.9235	0.1224	0.436	0.2411	0.0	0.0	0.0	0.0	0.0	0.0	0.0	0.0	0.0	0.0
grp-09	T3	8	240.0	2	2	75.236	21.2278	161.4152		0.0919	0.0873	0.1002	0.1417	36.0176	0.2172	6.0	14.546	17.751	0.0	1.0	1.0	0.0	0.0	0.0	1.0	1.0	0.0	3.0	1.5213	5.178	3.2133	0.3901	0.2366	0.0553	0.0002	0.0036	20.0171	19.3038	0.2023	0.071	0.9467	0.077	0.5435	0.3259	0.0	0.0	0.0	0.0	0.0	0.0	0.0	0.0	0.0	0.0
grp-09	T3	9	270.0	2	2	84.6401	14.3063			0.071	0.0578	0.0835	0.1181	36.0365	0.2494	6.0	23.148	11.335	0.0	0.0	0.0	0.0	0.0	0.0		3.0	0.0	3.0	0.8029	6.339	3.1752	0.4647	0.1956	0.0683	-0.0005	0.0029	19.0035	12.7303	0.177	0.0902	0.9638	0.0497	0.5492	0.1949	0.0	0.0	0.0	0.0	0.0	0.0	0.0	0.0	0.0	0.0
grp-09	T3	10	300.0	2	2	87.181	2.245			0.0716	0.0584	0.1003	0.0946	35.9877	0.1999	7.0	23.493	5.698	5.0	2.0	2.0	0.0	0.0	0.0	1.0	0.0	0.0	3.0	1.3645	34.189	3.161	0.489	0.1503	0.0791	0.0006	0.002	10.6758	3.0577	0.125	0.0586	0.9648	0.0214	0.4768	0.1322	0.0	0.0	0.0	0.0	0.0	0.0	0.0	0.0	0.0	0.0
grp-09	T3	11	330.0	2	2	79.5434	6.4692			0.0876	0.0811	0.1502	0.1652	35.8847	0.0369	4.0	24.15	5.644	1.0	2.0	2.0	0.0	0.0	0.0	1.0	0.0	0.0	2.0	0.8329	8.223	3.2184	0.528	0.1868	0.0956	0.0015	0.001	10.0086	4.9032	0.1401	0.0713	0.9582	0.0218	0.5288	0.1687	0.0	0.0	0.0	0.0	0.0	0.0	0.0	0.0	0.0	0.0
grp-09	T3	12	360.0	2	2	75.9872	3.6618	140.9244		0.0881	0.0796	0.2339	0.1417	35.8273	0.0475	1.0	25.828	4.426	3.0	0.0	0.0	0.0	0.0	0.0		0.0	0.0	1.0	-0.0	1.541	3.273	0.543	0.1829	0.0912	0.0011	0.0013	20.6843	6.1153	0.1354	0.0558	0.9155	0.0807	0.5177	0.1268	0.0	0.0	0.0	0.0	0.0	0.0	0.0	0.0	0.0	0.0
grp-09	T3	13	390.0	2	2	81.0762	21.3427	127.1132	8.9648	0.0755	0.0383	0.2002	0.0472	35.8103	0.0503	13.0	24.798	7.47	4.0	2.0	1.0	1.0	0.0	0.0	0.5	4.0	0.0	3.0	1.2561	9.84	3.3566	0.4918	0.2564	0.0268	0.0017	0.0027	24.6878	8.0898	0.2035	0.0241	0.8741	0.1197	0.6668	0.1059	0.0	0.0	0.0	0.0	0.0	0.0	0.0	0.0	0.0	0.0
grp-09	T3	14	420.0	2	2	93.6707	17.8781	121.8007		0.0865	0.0165	0.4345	0.4259	35.7843	0.0744	11.0	20.233	9.229	4.0	0.0	0.0	0.0	0.0	0.0		2.0	0.0	4.0	1.8705	2.583	3.487	0.375	0.2461	0.0413	0.0019	0.0031	19.5036	3.7866	0.1623	0.029	0.9269	0.054	0.5813	0.0373	0.0	0.0	0.0	0.0	0.0	0.0	0.0	0.0	0.0	0.0
grp-09	T3	15	450.0	2	2	85.5861	1.8735	106.707		0.0882	0.0159	0.3843	0.4017	35.7829	0.0845	3.0	31.708	0.727	1.0	0.0	0.0	0.0	0.0	0.0		0.0	0.0	2.0	0.9111	0.3	3.55	0.3135	0.1892	0.011	0.0004	0.0005	8.0068	6.0051	0.0954	0.025	0.9821	0.0147	0.4259	0.0742	0.0	0.0	0.0	0.0	0.0	0.0	0.0	0.0	0.0	0.0
grp-09	T3	16	480.0	2	2	81.5491	5.7646			0.0775	0.0269	0.2505	0.1181	35.8083	0.0825	3.0	25.973	0.549	0.0	1.0	0.0	1.0	0.0	0.0	0.0	2.0	0.0	2.0	0.5603	3.11	3.544	0.3353	0.2439	0.0476	-0.0004	0.001	8.5073	1.9165	0.107	0.0219	0.9801	0.0099	0.6253	0.1598	0.0	0.0	0.0	0.0	0.0	0.0	0.0	0.0	0.0	0.0
grp-09	T3	17	510.0	2	2	80.8154	15.9634	106.2763		0.0657	0.0367	0.167	0.1418	35.8588	0.0421	9.0	40.765	3.442	0.0	4.0	3.0	1.0	0.0	0.0	0.75	1.0	0.0	4.0	1.7123	27.604	3.5081	0.3482	0.2377	0.0625	-0.0012	0.0011	7.0013	3.4647	0.1014	0.0151	0.9778	0.01	0.6375	0.1368	0.0	0.0	0.0	0.0	0.0	0.0	0.0	0.0	0.0	0.0
grp-09	T3	18	540.0	2	2	71.3607	17.9598	93.2038		0.0658	0.0345	0.1837	0.0236	35.8627	0.0455	7.0	24.151	11.291	6.0	2.0	1.0	1.0	0.0	0.0	0.5	0.0	0.0	3.0	1.5208	7.847	3.4356	0.3826	0.2025	0.0327	-0.0015	0.0017	12.5107	11.9406	0.1051	0.0192	0.9686	0.0204	0.502	0.0568	0.0	0.0	0.0	0.0	0.0	0.0	0.0	0.0	0.0	0.0
grp-09	T3	19	570.0	2	2	69.2312	14.3388	135.9262	41.8004	0.0786	0.0538	0.2001	0.0471	35.8508	0.0659	5.0	27.072	3.378	4.0	0.0	0.0	0.0	0.0	0.0		0.0	0.0	3.0	0.9147	0.91	3.3892	0.3824	0.2196	0.0135	-0.0003	0.0018	17.0145	13.1261	0.1322	0.0262	0.9619	0.0197	0.5523	0.0524	0.0	0.0	0.0	0.0	0.0	0.0	0.0	0.0	0.0	0.0
grp-09	T3	20	600.0	2	2	74.7496	17.2621	182.3792	57.4736	0.0842	0.0743	0.1836	0.2124	35.8642	0.0597	4.0	18.431	14.393	2.0	0.0	0.0	0.0	0.0	0.0		0.0	0.0	1.0	-0.0	0.0	3.3765	0.3965	0.2758	0.0535	0.0001	0.003	13.5025	6.8081	0.1401	0.0258	0.9606	0.0162	0.6031	0.0803	0.0	0.0	0.0	0.0	0.0	0.0	0.0	0.0	0.0	0.0
grp-09	T3	21	630.0	2	2	79.6655	19.8309	194.1883	24.4928	0.1007	0.0882	0.2673	0.2835	35.8164	0.0962	5.0	17.87	9.48	3.0	1.0	1.0	0.0	0.0	0.0	1.0	0.0	0.0	2.0	0.259	5.453	3.3858	0.4366	0.2933	0.105	0.0008	0.002	9.0077	3.4671	0.1198	0.0227	0.9537	0.0333	0.623	0.1949	0.0	0.0	0.0	0.0	0.0	0.0	0.0	0.0	0.0	0.0
grp-09	T3	22	660.0	2	2	73.0869	12.6359	186.0575	8.343	0.1166	0.101	0.3342	0.2838	35.7703	0.0941	7.0	14.891	7.76	1.0	1.0	1.0	0.0	0.0	0.0	1.0	0.0	0.0	4.0	1.4356	1.586	3.4213	0.4973	0.2855	0.0706	0.0001	0.0029	9.5081	3.4186	0.1476	0.0529	0.9532	0.0296	0.5953	0.1514	0.0	0.0	0.0	0.0	0.0	0.0	0.0	0.0	0.0	0.0
grp-09	T3	23	690.0	2	2	67.8833	1.5462	177.1443		0.0979	0.0597	0.3172	0.1654	35.7605	0.0575	9.0	14.439	14.009	1.0	2.0	0.0	2.0	0.0	0.0	0.0	0.0	0.0	3.0	1.2872	2.36	3.4557	0.5809	0.2347	0.0472	0.0004	0.0004	15.0095	6.22	0.1492	0.0576	0.9484	0.0179	0.604	0.1728	0.0	0.0	0.0	0.0	0.0	0.0	0.0	0.0	0.0	0.0
grp-09	T3	24	720.0	2	2	71.5929	10.9399	123.7809		0.1066	0.0679	0.2843	0.2601	35.7767	0.0369	1.0	0.521	0.0	0.0	0.0	0.0	0.0	0.0	0.0		0.0	0.0	1.0	-0.0	0.0	3.466	0.5102	0.2543	0.0224	0.0003	0.0037	22.0188	8.172	0.1762	0.0484	0.9352	0.0141	0.6674	0.0359	0.0	0.0	0.0	0.0	0.0	0.0	0.0	0.0	0.0	0.0
grp-09	T3	25	750.0	2	2	79.2709	12.7957			0.1288	0.0721	0.2669	0.1886	35.8054	0.0029																3.4548	0.4299	0.2606	0.0298	-0.0007	0.0012	21.0066	7.5709	0.1577	0.0127	0.9389	0.0088	0.7034	0.1211	0.0	0.0	0.0	0.0	0.0	0.0	0.0	0.0	0.0	0.0
grp-09	T3	26	780.0	2	2	86.3512	15.0599	199.6275		0.1747	0.1167	0.2002	0.2831	35.823	0.0383																3.4615	0.4238	0.2564	0.0253	0.0001	0.0017	19.5167	11.3675	0.1493	0.0335	0.924	0.0301	0.7264	0.0889	0.0	0.0	0.0	0.0	0.0	0.0	0.0	0.0	0.0	0.0
grp-09	T3	27	810.0	2	2	102.435	36.7574	174.2761		0.1856	0.1445	0.2508	0.1656	35.841	0.0606																3.497	0.4292	0.2542	0.0225	0.0003	0.0013	13.5115	8.5513	0.1437	0.0232	0.9235	0.0254	0.6526	0.0567	0.0	0.0	0.0	0.0	0.0	0.0	0.0	0.0	0.0	0.0
grp-09	T3	28	840.0	2	2	113.1145	46.005			0.1583	0.1049	0.2003	0.1416	35.8511	0.0632																3.517	0.4376	0.2466	0.0265	-0.0004	0.0013	9.3351	7.5733	0.1248	0.0233	0.9474	0.0362	0.5507	0.0851	0.0	0.0	0.0	0.0	0.0	0.0	0.0	0.0	0.0	0.0
grp-09	T3	29	870.0	2	2	91.3012	12.6518	175.4694		0.1555	0.0851	0.1837	0.1653	35.8544	0.0551																3.5004	0.4044	0.227	0.0405	-0.001	0.0022	13.0111	11.6145	0.1324	0.0209	0.9415	0.0399	0.5294	0.1489	0.0	0.0	0.0	0.0	0.0	0.0	0.0	0.0	0.0	0.0
grp-09	T3	30	900.0	2	2	69.3257	8.5446	218.393		0.1499	0.0822	0.3338	0.3304	35.8695	0.0522																3.4831	0.4084	0.2583	0.0276	0.0002	0.0039	13.0111	7.5783	0.1454	0.0276	0.9497	0.0236	0.5922	0.1017	0.0	0.0	0.0	0.0	0.0	0.0	0.0	0.0	0.0	0.0
grp-09	T3	31	930.0	2	2	60.9177	3.7997	189.3645	20.9497	0.1337	0.0826	0.4003	0.1886	35.873	0.0479																3.4651	0.4918	0.2712	0.0253	-0.0002	0.0016	19.0035	8.4079	0.1706	0.0544	0.9398	0.029	0.7193	0.0658	0.0	0.0	0.0	0.0	0.0	0.0	0.0	0.0	0.0	0.0
grp-09	T3	32	960.0	2	2	68.5884	7.359	185.0871		0.1243	0.1167	0.3004	0.1889	35.8538	0.0228																3.459	0.5095	0.2831	0.0423	0.0002	0.0028	26.0222	9.6692	0.1713	0.0479	0.914	0.0238	0.7896	0.141	0.0	0.0	0.0	0.0	0.0	0.0	0.0	0.0	0.0	0.0
grp-09	T3	33	990.0	2	2	73.0836	12.2007	132.4046		0.1296	0.1336	0.2172	0.2599	35.8411	0.0008																3.4386	0.4499	0.2777	0.0318	-0.0011	0.0025	21.5184	10.8874	0.1687	0.0507	0.9334	0.0225	0.8021	0.2424	0.0	0.0	0.0	0.0	0.0	0.0	0.0	0.0	0.0	0.0
grp-09	T3	34	1020.0	2	2	71.2175	1.1866	114.496		0.1375	0.1324	0.0334	0.0	35.8437	0.004																3.4259	0.4189	0.2366	0.0511	0.0003	0.0013	17.0045	11.6054	0.1387	0.0307	0.9466	0.0275	0.6316	0.1586	0.0	0.0	0.0	0.0	0.0	0.0	0.0	0.0	0.0	0.0
grp-09	T3	35	1050.0	2	2	73.2263	8.1934	209.1986		0.126	0.1074	0.0334	0.0473	35.8347	0.0172																3.4114	0.3672	0.2362	0.0761	-0.0011	0.002	14.012	5.4207	0.1209	0.0245	0.9474	0.0284	0.4633	0.2099	0.0	0.0	0.0	0.0	0.0	0.0	0.0	0.0	0.0	0.0
grp-09	T3	36	1080.0	2	2	82.861	3.5371	154.714		0.1121	0.0798	0.2842	0.4019	35.8199	0.0369																3.3669	0.3122	0.2227	0.0481	-0.0	0.0022	17.0125	8.0915	0.1219	0.0326	0.9406	0.0246	0.5397	0.1971	0.0	0.0	0.0	0.0	0.0	0.0	0.0	0.0	0.0	0.0
grp-09	T3	37	1110.0	2	2	79.9677	0.2609	153.2377		0.1205	0.0833	0.2668	0.3772	35.7974	0.0652																3.3602	0.3269	0.2247	0.0336	0.0001	0.001	20.5155	12.2734	0.1309	0.0235	0.9304	0.0334	0.6923	0.1947	0.0	0.0	0.0	0.0	0.0	0.0	0.0	0.0	0.0	0.0
grp-09	T3	38	1140.0	2	2	70.5134	3.4724	149.5318		0.1171	0.0724	0.2005	0.2835	35.7661	0.1122																3.3589	0.3531	0.2166	0.0419	0.0003	0.0012	12.0103	4.3242	0.1311	0.0072	0.9466	0.0129	0.6625	0.1393	0.0	0.0	0.0	0.0	0.0	0.0	0.0	0.0	0.0	0.0
grp-09	T3	39	1170.0	2	2	73.3125	1.1031			0.1288	0.0954	0.1672	0.1418	35.7509	0.135																3.3655	0.467	0.23	0.0249	0.0003	0.0031	7.0033	5.0368	0.1446	0.0956	0.9653	0.0165	0.5635	0.0789	0.0	0.0	0.0	0.0	0.0	0.0	0.0	0.0	0.0	0.0
grp-09	T3	40	1200.0	2	2	64.9087	5.1394	129.8196	4.2223	0.1312	0.1081	0.1669	0.0941	35.7431	0.1405																3.4173	0.5272	0.2452	0.0208	0.0012	0.0022	10.509	3.7892	0.1582	0.0981	0.9549	0.0167	0.6261	0.0945	0.0	0.0	0.0	0.0	0.0	0.0	0.0	0.0	0.0	0.0
grp-09	T3	41	1230.0	2	2	58.7017	19.368	120.726		0.1151	0.0818	0.2003	0.1887	35.7454	0.1454																3.4499	0.4713	0.2324	0.0152	-0.0001	0.0014	12.0103	5.8929	0.1234	0.0149	0.9501	0.0176	0.6085	0.0887	0.0	0.0	0.0	0.0	0.0	0.0	0.0	0.0	0.0	0.0
grp-09	T3	42	1260.0	2	2	67.3849	34.4371	252.6783		0.0992	0.0785	0.2847	0.2604	35.7509	0.1426																3.4456	0.3956	0.2521	0.0569	-0.0002	0.0024	15.5029	4.1239	0.168	0.0194	0.9538	0.0095	0.6598	0.0954	0.0	0.0	0.0	0.0	0.0	0.0	0.0	0.0	0.0	0.0
grp-09	T3	43	1290.0	2	2	73.8212	34.9455	148.4566		0.1073	0.0929	0.3506	0.3073	35.7275	0.1098																3.4698	0.3712	0.248	0.059	-0.0005	0.0009	18.5158	7.5563	0.1814	0.0242	0.9549	0.0147	0.6819	0.1393	0.0	0.0	0.0	0.0	0.0	0.0	0.0	0.0	0.0	0.0
grp-09	T3	44	1320.0	2	2	65.9241	26.1054	213.1312		0.0991	0.0654	0.2503	0.2124	35.6885	0.0919																3.4224	0.4062	0.2283	0.0667	-0.002	0.003	16.5141	5.7494	0.1743	0.0482	0.9549	0.0087	0.6074	0.1571	0.0	0.0	0.0	0.0	0.0	0.0	0.0	0.0	0.0	0.0
grp-09	T3	45	1350.0	2	2	54.3349	17.1376	201.9398		0.0809	0.0498	0.1676	0.0946	35.671	0.0917																3.3868	0.5031	0.262	0.0633	0.0003	0.0014	18.0034	8.1665	0.1851	0.01	0.9284	0.0593	0.731	0.1094	0.0	0.0	0.0	0.0	0.0	0.0	0.0	0.0	0.0	0.0
grp-09	T3	46	1380.0	2	2	55.3974	22.0081			0.0992	0.0418	0.1504	0.0708	35.6713	0.0712																3.3438	0.4088	0.31	0.0716	-0.0019	0.0053	16.5141	7.3774	0.1758	0.0386	0.9137	0.0909	0.6429	0.0986	0.0	0.0	0.0	0.0	0.0	0.0	0.0	0.0	0.0	0.0
grp-09	T3	47	1410.0	2	2	64.6107	27.9201	124.2006	39.7568	0.1358	0.0651	0.0668	0.0944	35.6623	0.0481																3.1911	0.3023	0.288	0.0744	-0.0034	0.0014	13.0111	9.5999	0.1787	0.0406	0.933	0.0424	0.45	0.1615	0.0	0.0	0.0	0.0	0.0	0.0	0.0	0.0	0.0	0.0
grp-09	T3	48	1440.0	2	2	65.5964	17.1078	142.9521	16.6272	0.1477	0.0851	0.05	0.0708	35.6614	0.0285																3.0134	0.3612	0.2469	0.1127	-0.0039	0.0032	8.5063	5.9778	0.1127	0.0205	0.9674	0.0039	0.3776	0.0931	0.0	0.0	0.0	0.0	0.0	0.0	0.0	0.0	0.0	0.0
grp-09	T3	49	1470.0	2	2	59.9342	12.4674	104.4735	19.1802	0.146	0.0822	0.0835	0.1181	35.6754	0.0082																2.9065	0.4223	0.0944	0.0249	-0.0003	0.0009	9.5081	4.4385	0.0579	0.0097	0.9626	0.0311	0.2911	0.0581	0.0	0.0	0.0	0.0	0.0	0.0	0.0	0.0	0.0	0.0
grp-09	T3	50	1500.0	2	2	61.4109	12.7401	120.1093	11.0183	0.1447	0.0802	0.0167	0.0237	35.7	0.0504																2.9105	0.4437	0.1161	0.0269	0.0003	0.0003	13.0031	8.4069	0.0886	0.0278	0.9498	0.0301	0.3412	0.1012	0.0	0.0	0.0	0.0	0.0	0.0	0.0	0.0	0.0	0.0
grp-09	T3	51	1530.0	2	2	65.5567	11.674	133.0424	20.2536	0.1464	0.0895	0.0835	0.0237	35.7262	0.0996																2.9358	0.4136	0.1337	0.0351	0.0006	0.0007	12.0103	4.0034	0.1192	0.0351	0.9638	0.0116	0.3881	0.0993	0.0	0.0	0.0	0.0	0.0	0.0	0.0	0.0	0.0	0.0
grp-09	T3	52	1560.0	2	2	67.5693	17.2504	144.6074	12.7586	0.1395	0.079	0.1503	0.0708	35.7454	0.1443																3.0111	0.3927	0.1838	0.0297	0.0027	0.0015	15.0128	14.2951	0.1283	0.0285	0.9265	0.0917	0.3899	0.0651	0.0	0.0	0.0	0.0	0.0	0.0	0.0	0.0	0.0	0.0
grp-09	T3	53	1590.0	2	2	68.1479	19.6481	180.4466	4.4856	0.1158	0.0836	0.1837	0.2126	35.7534	0.1689																3.1779	0.3179	0.2205	0.0472	0.0028	0.0027	10.0019	3.4648	0.1686	0.0707	0.8705	0.1968	0.4897	0.22	0.0	0.0	0.0	0.0	0.0	0.0	0.0	0.0	0.0	0.0
grp-10	T1	0	0.0	4	4	66.3515	9.5324	174.235	43.9723	0.0915	0.0716	0.0751	0.0878	36.4805	1.0344	7.0	44.601	4.851	0.0	0.0	0.0	0.0	0.0	0.0		0.0	0.0	2.0	0.941	0.0	3.4215	0.1835	0.2228	0.084	0.0015	0.0041	10.0019	5.6579	0.1051	0.0512	1.0	0.0	0.6897	0.4278	0.0	0.0	0.0	0.0	0.0	0.0	0.0	0.0	0.0	0.0
grp-10	T1	1	30.0	4	4	70.9842	3.6142	141.96	27.467	0.1082	0.0907	0.025	0.0319	36.4828	1.0295	2.0	11.341	7.969	1.0	0.0	0.0	0.0	0.0	0.0		0.0	0.0	1.0	-0.0	0.0	3.4757	0.2116	0.201	0.03	-0.0003	0.0012	4.0034		0.108	0.0603	1.0	0.0	0.6763	0.4638	0.0	0.0	0.0	0.0	0.0	0.0	0.0	0.0	0.0	0.0
grp-10	T1	2	60.0	4	4	81.3396	9.7365	209.0603	40.9176	0.1097	0.0937	0.0333	0.0667	36.4864	1.0198	3.0	19.306	6.176	2.0	0.0	0.0	0.0	0.0	0.0		0.0	1.0	2.0	0.8677	2.031	3.4566	0.2481	0.1879	0.0364	-0.0007	0.0023			0.0983	0.0583	1.0	0.0	0.6076	0.3756	0.0	1.0	0.0	0.0	0.0	0.0	0.0	0.0	1.0	0.0
grp-10	T1	3	90.0	4	4	79.5664	15.8043	144.7948	18.2375	0.0996	0.0806	0.0167	0.0334	36.4944	1.0166	2.0	24.852	2.381	1.0	0.0	0.0	0.0	0.0	0.0		0.0	0.0	2.0	0.9923	1.0	3.4491	0.3003	0.1796	0.0284	0.0003	0.0009			0.0823	0.0529	1.0	0.0	0.5854	0.3537	0.0	0.0	0.0	0.0	0.0	0.0	0.0	0.0	0.0	0.0
grp-10	T1	4	120.0	4	4	73.4099	14.5756	126.6157	49.6741	0.0845	0.0631	0.0334	0.0473	36.5097	1.0139	3.0	28.719	2.018	2.0	0.0	0.0	0.0	0.0	0.0		0.0	0.0	1.0	-0.0	0.862	3.4683	0.2776	0.1934	0.0276	0.0003	0.0015			0.0892	0.0558	1.0	0.0	0.5883	0.3134	1.0	0.0	0.0	0.0	0.0	0.0	0.0	0.0	1.0	0.0
grp-10	T1	5	150.0	4	4	72.3431	11.3787	134.6681	92.2846	0.0745	0.0544	0.0501	0.0795	36.5157	1.02	3.0	31.529	0.881	1.0	2.0	0.0	2.0	1.0	0.0	0.0	0.0	0.0	2.0	0.353	3.689	3.4623	0.1882	0.2198	0.0043	-0.0005	0.0026	4.0034		0.1196	0.0584	1.0	0.0	0.646	0.3138	3.0	0.0	0.0	2.0	1.0	0.0	0.0	0.5	0.5	0.0
grp-10	T1	6	180.0	4	4	72.3514	11.5383	208.1511	58.2795	0.0644	0.0505	0.0417	0.0501	36.5268	1.0292	2.0	29.163	4.083	2.0	1.0	0.0	1.0	1.0	0.0	0.0	0.0	0.0	2.0	0.8998	6.467	3.4984	0.1454	0.2251	0.0437	0.0013	0.0025	3.0006	1.4145	0.1484	0.0563	1.0	0.0	0.7462	0.2163	0.0	0.0	0.0	0.0	0.0	0.0	0.0	0.0	0.0	0.0
grp-10	T1	7	210.0	4	4	71.6231	14.1881	143.0174	19.6881	0.0558	0.0513	0.0167	0.0193	36.5416	1.0275	4.0	17.821	6.227	3.0	0.0	0.0	0.0	0.0	0.0		0.0	1.0	1.0	-0.0	0.0	3.3768	0.1647	0.2928	0.1142	-0.005	0.0038	5.3379	2.3114	0.1815	0.051	1.0	0.0	0.7875	0.2264	0.0	0.0	0.0	0.0	0.0	0.0	0.0	0.0	0.0	0.0
grp-10	T1	8	240.0	4	4	76.9684	16.3425	158.053	87.5425	0.0551	0.05	0.0	0.0	36.5588	1.0213	5.0	53.715	2.179	2.0	1.0	0.0	1.0	0.0	0.0	0.0	0.0	1.0	2.0	0.5971	96.165	3.1726	0.2359	0.2306	0.0784	-0.0012	0.0013	11.3431	9.0263	0.1796	0.0525	1.0	0.0	0.7219	0.2606	0.0	0.0	0.0	0.0	0.0	0.0	0.0	0.0	0.0	0.0
grp-10	T1	9	270.0	4	4	76.9414	14.7879	160.4271	54.2768	0.0544	0.0485	0.0167	0.0193	36.5787	1.0231	3.0	29.728	7.296	1.0	0.0	0.0	0.0	0.0	0.0		0.0	0.0	1.0	-0.0	0.0	3.1231	0.2276	0.2054	0.0437	-0.0006	0.0015	8.0015	12.1678	0.1559	0.0369	1.0	0.0	0.6321	0.2449	0.0	0.0	0.0	0.0	0.0	0.0	0.0	0.0	0.0	0.0
grp-10	T1	10	300.0	4	4	75.775	22.3883	210.3458	27.3211	0.0533	0.0464	0.025	0.0319	36.5963	1.0219	8.0	16.547	8.234	2.0	4.0	0.0	4.0	1.0	0.0	0.0	0.0	0.0	4.0	1.7377	25.444	3.082	0.2408	0.1813	0.0487	-0.0002	0.0019	7.3396	7.5784	0.1762	0.0764	1.0	0.0	0.5695	0.1591	0.0	0.0	0.0	0.0	0.0	0.0	0.0	0.0	0.0	0.0
grp-10	T1	11	330.0	4	4	83.7477	27.8033	161.6474		0.0521	0.044	0.0334	0.0472	36.6138	1.024	9.0	29.379	8.924	1.0	3.0	3.0	0.0	0.0	0.0	1.0	1.0	1.0	4.0	1.5221	44.296	3.0469	0.1937	0.1907	0.1004	0.0	0.0023	8.6965	6.1381	0.1655	0.1101	1.0	0.0	0.5431	0.1303	0.0	0.0	0.0	0.0	0.0	0.0	0.0	0.0	0.0	0.0
grp-10	T1	12	360.0	4	4	93.6992	28.3763	111.7174	79.8936	0.0535	0.0421	0.0585	0.0571	36.6179	1.0434	1.0	0.38	0.787	0.0	0.0	0.0	0.0	0.0	0.0		1.0	0.0	1.0	-0.0	0.001	3.0455	0.2027	0.2744	0.1221	-0.0004	0.0031	8.0015	7.2125	0.1626	0.0709	1.0	0.0	0.5474	0.1203	0.0	0.0	0.0	0.0	0.0	0.0	0.0	0.0	0.0	0.0
grp-10	T1	13	390.0	4	4	96.7495	27.2554	160.5135	30.7201	0.0585	0.0443	0.0584	0.0501	36.6153	1.06																2.9697	0.209	0.3101	0.1221	-0.003	0.0059	8.0069	2.8309	0.1579	0.0605	1.0	0.0	0.4596	0.093	0.0	0.0	0.0	0.0	0.0	0.0	0.0	0.0	0.0	0.0
grp-10	T1	14	420.0	4	4	93.3709	12.1558	171.0526	3.1888	0.0628	0.0438	0.0584	0.0688	36.6381	1.0702																2.8161	0.2458	0.1627	0.1397	-0.0021	0.0037	12.0103		0.1194	0.0912	1.0	0.0	0.3883	0.2594	0.0	0.0	0.0	0.0	0.0	0.0	0.0	0.0	0.0	0.0
grp-10	T1	15	450.0	4	4	86.3731	11.2105	189.7228	0.5639	0.0707	0.047	0.0668	0.0818	36.6783	1.081																2.7358	0.2139	0.1711	0.1221	-0.0006	0.0024	10.0086		0.1025	0.0889	1.0	0.0	0.4239	0.1832	0.0	0.0	0.0	0.0	0.0	0.0	0.0	0.0	0.0	0.0
grp-10	T1	16	480.0	4	4	80.9223	14.1828	167.2024	25.3297	0.0804	0.0593	0.0418	0.0501	36.6939	1.0909																2.765	0.2655	0.238	0.1325	0.0008	0.0038	7.006	1.4154	0.1131	0.0944	1.0	0.0	0.476	0.155	0.0	0.0	0.0	0.0	0.0	0.0	0.0	0.0	0.0	0.0
grp-10	T1	17	510.0	4	4	77.8139	11.6041	220.7462	4.1726	0.0673	0.0429	0.0501	0.0431	36.6897	1.082																2.8067	0.3199	0.2599	0.1073	0.0	0.0034	8.0015	5.2925	0.1102	0.0797	1.0	0.0	0.5563	0.172	0.0	0.0	0.0	0.0	0.0	0.0	0.0	0.0	0.0	0.0
grp-10	T1	18	540.0	4	4	89.4833	18.9483	185.5234	20.7596	0.0481	0.0271	0.0751	0.0878	36.7018	1.0642																2.8638	0.2385	0.3069	0.1098	0.0021	0.0041	6.0052	5.6617	0.1433	0.0799	1.0	0.0	0.5732	0.0999	0.0	0.0	0.0	0.0	0.0	0.0	0.0	0.0	0.0	0.0
grp-10	T1	19	570.0	4	4	93.3232	34.565	198.3169	29.7921	0.0455	0.0297	0.0918	0.0997	36.7151	1.0553																3.0417	0.4388	0.3033	0.1977	0.004	0.0076	2.0017	0.0	0.1468	0.0638	1.0	0.0	0.698	0.2372	0.0	0.0	0.0	0.0	0.0	0.0	0.0	0.0	0.0	0.0
grp-10	T1	20	600.0	4	4	90.0428	44.5364	106.2924	39.6776	0.0472	0.0317	0.0834	0.0883	36.7132	1.0377																3.1749	0.6318	0.218	0.0522	0.0005	0.0029	2.0004		0.1447	0.046	1.0	0.0	0.6858	0.1991	0.0	0.0	0.0	0.0	0.0	0.0	0.0	0.0	0.0	0.0
grp-10	T1	21	630.0	4	4	91.22	51.9306	161.6899	9.0886	0.0471	0.0328	0.0417	0.0501	36.7142	1.0143																3.1036	0.529	0.252	0.0779	-0.0017	0.0048	12.0103		0.1684	0.0234	1.0	0.0	0.5435	0.1319	0.0	0.0	0.0	0.0	0.0	0.0	0.0	0.0	0.0	0.0
grp-10	T1	22	660.0	4	4	88.2444	41.8088	164.0899	21.7335	0.0524	0.0321	0.0334	0.0273	36.7146	1.0011																3.1836	0.3788	0.2962	0.0508	0.0042	0.0033	7.006	4.2463	0.1951	0.031	1.0	0.0	0.6962	0.2955	0.0	0.0	0.0	0.0	0.0	0.0	0.0	0.0	0.0	0.0
grp-10	T1	23	690.0	4	4	80.0129	19.8025	169.0646	33.5029	0.0523	0.0311	0.0835	0.1455	36.7161	1.0126																3.2789	0.2876	0.2538	0.0804	-0.0019	0.003	8.6764	4.1603	0.2158	0.107	1.0	0.0	0.7868	0.3847	0.0	0.0	0.0	0.0	0.0	0.0	0.0	0.0	0.0	0.0
grp-10	T1	24	720.0	4	4	74.7239	12.265	174.843	21.2601	0.0481	0.0279	0.0751	0.1068	36.7187	1.0346																														0.0	0.0	0.0	0.0	0.0	0.0	0.0	0.0	0.0	0.0
grp-10	T1	25	750.0	4	4	71.3442	8.8738	205.2545	34.9087	0.0484	0.0272	0.025	0.0167	36.7356	1.0188																														0.0	0.0	0.0	0.0	0.0	0.0	0.0	0.0	0.0	0.0
grp-10	T1	26	780.0	4	4	66.0989	3.9411	170.9417	34.1908	0.0495	0.034	0.0918	0.1068	36.7688	0.9762																														0.0	0.0	0.0	0.0	0.0	0.0	0.0	0.0	0.0	0.0
grp-10	T1	27	810.0	4	4	64.4209	14.4906	140.0037	4.2488	0.0531	0.0376	0.0752	0.0879	36.7833	0.9748																														0.0	0.0	0.0	0.0	0.0	0.0	0.0	0.0	0.0	0.0
grp-10	T1	28	840.0	4	4	67.7782	23.8768	187.4252	14.8543	0.0535	0.0375	0.0501	0.0431	36.7836	1.0064																														0.0	0.0	0.0	0.0	0.0	0.0	0.0	0.0	0.0	0.0
grp-10	T1	29	870.0	4	4	79.8337	23.3156	200.7572	23.4904	0.0542	0.0454	0.0417	0.0632	36.7916	1.0029																														0.0	0.0	0.0	0.0	0.0	0.0	0.0	0.0	0.0	0.0
grp-10	T1	30	900.0	4	4	79.9428	28.2	169.7833	15.5235	0.0561	0.0513	0.0251	0.032	36.7909	0.9777																														0.0	0.0	0.0	0.0	0.0	0.0	0.0	0.0	0.0	0.0
grp-10	T1	31	930.0	4	4	71.2892	15.2951	197.2379	36.7569	0.0577	0.0517	0.0334	0.0667	36.7879	0.9339																														0.0	0.0	0.0	0.0	0.0	0.0	0.0	0.0	0.0	0.0
grp-10	T1	32	960.0	4	4	72.579	15.1461	171.5032	12.6236	0.0621	0.0485	0.0667	0.1123	36.774	0.914																														0.0	0.0	0.0	0.0	0.0	0.0	0.0	0.0	0.0	0.0
grp-10	T1	33	990.0	4	4	74.667	11.7132	153.6901	27.5527	0.0662	0.0468	0.1002	0.1416	36.7493	0.9483																														0.0	0.0	0.0	0.0	0.0	0.0	0.0	0.0	0.0	0.0
grp-10	T1	34	1020.0	4	4	75.2254	12.464	137.291	19.9593	0.0647	0.0445	0.0668	0.1124	36.7547	0.9665																														0.0	0.0	0.0	0.0	0.0	0.0	0.0	0.0	0.0	0.0
grp-10	T1	35	1050.0	4	4	77.0262	15.0478	171.477	45.4713	0.0552	0.0336	0.0667	0.0944	36.77	0.9638																														0.0	0.0	0.0	0.0	0.0	0.0	0.0	0.0	0.0	0.0
grp-10	T1	36	1080.0	4	4	79.4494	19.2492	161.2113	49.8973	0.0559	0.0304	0.0501	0.0578	36.7894	0.9572																														0.0	0.0	0.0	0.0	0.0	0.0	0.0	0.0	0.0	0.0
grp-10	T1	37	1110.0	4	4	78.2495	19.9756	191.3083	38.2366	0.0491	0.0241	0.0584	0.0688	36.8332	0.9444																														0.0	0.0	0.0	0.0	0.0	0.0	0.0	0.0	0.0	0.0
grp-10	T1	38	1140.0	4	4	78.2335	14.7627	158.1851	49.0751	0.0414	0.0223	0.0667	0.072	36.8708	0.9304																														0.0	0.0	0.0	0.0	0.0	0.0	0.0	0.0	0.0	0.0
grp-10	T1	39	1170.0	4	4	82.1639	4.1644	161.4929	64.4408	0.0426	0.025	0.0334	0.0273	36.8855	0.9171																														0.0	0.0	0.0	0.0	0.0	0.0	0.0	0.0	0.0	0.0
grp-10	T1	40	1200.0	4	4	80.9517	3.9728	175.5196	8.5349	0.0433	0.0265	0.0501	0.0794	36.8819	0.9137																														0.0	0.0	0.0	0.0	0.0	0.0	0.0	0.0	0.0	0.0
grp-10	T1	41	1230.0	4	4	76.488	6.4623	177.842	19.153	0.0437	0.0272	0.0918	0.1621	36.8758	0.9059																														0.0	0.0	0.0	0.0	0.0	0.0	0.0	0.0	0.0	0.0
grp-10	T1	42	1260.0	4	4	70.8004	6.5787	177.636	35.7996	0.0438	0.0273	0.0752	0.129	36.8882	0.8904																														0.0	0.0	0.0	0.0	0.0	0.0	0.0	0.0	0.0	0.0
grp-10	T1	43	1290.0	4	4	76.8165	7.7923	174.0676	55.3178	0.0441	0.0279	0.05	0.1001	36.8998	0.8784																														0.0	0.0	0.0	0.0	0.0	0.0	0.0	0.0	0.0	0.0
grp-10	T1	44	1320.0	4	4	86.5471	17.7028	167.6163	41.5691	0.0443	0.0283	0.025	0.0501	36.9017	0.8639																														0.0	0.0	0.0	0.0	0.0	0.0	0.0	0.0	0.0	0.0
grp-10	T1	45	1350.0	4	4	86.2551	18.5326	166.1874	16.106	0.0434	0.0266	0.025	0.0501	36.9108	0.8524																														0.0	0.0	0.0	0.0	0.0	0.0	0.0	0.0	0.0	0.0
grp-10	T1	46	1380.0	4	4	86.8642	6.2699	153.3477	29.8086	0.0414	0.0226	0.0334	0.0668	36.9319	0.8367																														0.0	0.0	0.0	0.0	0.0	0.0	0.0	0.0	0.0	0.0
grp-10	T1	47	1410.0	4	4	92.5268	9.1984	172.1081	34.0437	0.0425	0.0247	0.0334	0.0667	36.9511	0.8271																														0.0	0.0	0.0	0.0	0.0	0.0	0.0	0.0	0.0	0.0
grp-10	T1	48	1440.0	4	4	90.5	10.3112	142.7853	87.8363	0.0457	0.031	0.0501	0.0795	36.9614	0.8107																														0.0	0.0	0.0	0.0	0.0	0.0	0.0	0.0	0.0	0.0
grp-10	T1	49	1470.0	4	4	86.0998	26.3624	146.132	51.3904	0.0486	0.0356	0.0334	0.0472	36.9804	0.7784																														0.0	0.0	0.0	0.0	0.0	0.0	0.0	0.0	0.0	0.0
grp-10	T1	50	1500.0	4	4	86.4423	29.8361	139.4455	76.2843	0.051	0.0375	0.0417	0.0835	36.9993	0.7728																														0.0	0.0	0.0	0.0	0.0	0.0	0.0	0.0	0.0	0.0
grp-10	T1	51	1530.0	4	4	87.7072	14.956	184.1562	18.0752	0.0541	0.0375	0.025	0.05	37.0038	0.8027																														0.0	0.0	0.0	0.0	0.0	0.0	0.0	0.0	0.0	0.0
grp-10	T1	52	1560.0	4	4	86.7566	14.649	183.9465	30.7791	0.053	0.0392	0.0167	0.0334	37.0095	0.8242																														0.0	0.0	0.0	0.0	0.0	0.0	0.0	0.0	0.0	0.0
grp-10	T2	0	0.0	4	4	80.5313	26.0512	120.6766	23.101	0.0476	0.035	0.0167	0.0333	37.0802	0.7035	5.0	24.298	12.768	0.0	1.0	0.0	1.0	1.0	0.0	0.0	0.0	2.0	2.0	0.3843	9.494	3.1784	0.081	0.268	0.1174	0.002	0.0034	12.0023	7.2125	0.1854	0.0791	1.0	0.0	0.6392	0.0921	0.0	0.0	0.0	0.0	0.0	0.0	0.0	0.0	0.0	0.0
grp-10	T2	1	30.0	4	4	89.9003	45.1922	129.8816	45.6601	0.0496	0.0389	0.0083	0.0167	37.1097	0.6507	1.0	22.705	8.478	1.0	0.0	0.0	0.0	0.0	0.0		0.0	0.0	1.0	-0.0	4.139	3.2073	0.2075	0.2669	0.146	0.0001	0.0052	15.0129	15.5697	0.1729	0.1242	1.0	0.0	0.8269	0.3052	0.0	0.0	0.0	0.0	0.0	0.0	0.0	0.0	0.0	0.0
grp-10	T2	2	60.0	4	4	97.8872	38.3616	166.503	50.6027	0.0504	0.0404	0.0334	0.0472	37.1209	0.6377	4.0	8.607	22.0	1.0	0.0	0.0	0.0	0.0	0.0		0.0	1.0	2.0	0.8811	0.0	3.0661	0.2312	0.2757	0.1401	-0.0028	0.0019	12.0103		0.1533	0.1195	1.0	0.0	0.6897	0.2561	0.0	0.0	0.0	0.0	0.0	0.0	0.0	0.0	0.0	0.0
grp-10	T2	3	90.0	4	4	89.2482	29.6279	163.2349	29.1441	0.0512	0.0409	0.0334	0.0472	37.1063	0.6847	3.0	41.633	5.108	1.0	0.0	0.0	0.0	0.0	0.0		0.0	1.0	2.0	0.422	0.008	2.9889	0.1802	0.2606	0.1065	0.0004	0.0025	6.0011		0.1305	0.0688	1.0	0.0	0.4881	0.1719	0.0	1.0	0.0	0.0	0.0	0.0	0.0	0.0	1.0	0.0
grp-10	T2	4	120.0	4	4	78.3761	28.0691	156.1811	56.7159	0.052	0.0412	0.0083	0.0167	37.0918	0.7171	2.0	7.722	4.188	0.0	0.0	0.0	0.0	0.0	0.0		0.0	0.0	1.0	-0.0	0.0	3.0529	0.3227	0.2596	0.0736	0.0008	0.0038	16.0138		0.1853	0.1165	1.0	0.0	0.5862	0.3263	0.0	0.0	0.0	0.0	0.0	0.0	0.0	0.0	0.0	0.0
grp-10	T2	5	150.0	4	4	81.4481	36.6079	114.2105	38.13	0.0496	0.0362	0.025	0.0167	37.0948	0.6898	8.0	36.354	4.149	2.0	1.0	0.0	1.0	1.0	0.0	0.0	0.0	0.0	3.0	1.3905	6.111	3.0424	0.3643	0.2521	0.0722	-0.001	0.0037	8.0069	8.4926	0.2048	0.1182	1.0	0.0	0.6497	0.3675	0.0	1.0	0.0	0.0	0.0	0.0	0.0	0.0	1.0	0.0
grp-10	T2	6	180.0	4	4	76.086	21.5384	172.5376	37.2302	0.0475	0.0326	0.0167	0.0193	37.0816	0.7052	4.0	28.635	4.021	0.0	0.0	0.0	0.0	0.0	0.0		0.0	0.0	1.0	-0.0	1.73	3.1036	0.38	0.2694	0.1037	0.0028	0.0051	4.6676	1.1549	0.2105	0.0914	1.0	0.0	0.6204	0.2519	0.0	0.0	0.0	0.0	2.0	0.0	0.0	1.0	0.0	0.0
grp-10	T2	7	210.0	4	4	67.0305	11.1433	167.0474	59.7288	0.0464	0.0315	0.0251	0.0501	37.0675	0.7337	6.0	34.8	7.678	3.0	3.0	0.0	3.0	2.0	0.0	0.0	1.0	2.0	3.0	1.0028	35.09	3.1795	0.4184	0.2731	0.0684	-0.0014	0.0031	10.6758	3.0577	0.1976	0.0746	1.0	0.0	0.6764	0.2629	0.0	0.0	0.0	0.0	1.0	0.0	0.0	1.0	0.0	0.0
grp-10	T2	8	240.0	4	4	61.5489	11.7803	144.6304	46.7665	0.045	0.0297	0.0583	0.0958	37.0667	0.7464	4.0	29.523	1.143	1.0	4.0	0.0	1.0	1.0	3.0	0.0	0.0	2.0	2.0	0.3457	28.681	3.0328	0.3257	0.2729	0.0532	-0.0041	0.0017	13.0112	7.0771	0.1517	0.0618	1.0	0.0	0.6016	0.2991	0.0	0.0	0.0	0.0	0.0	0.0	0.0	0.0	0.0	0.0
grp-10	T2	9	270.0	4	4	59.1773	10.8429	154.5135	32.1231	0.046	0.0318	0.05	0.0639	37.0642	0.7716	3.0	21.507	3.783	1.0	0.0	0.0	0.0	0.0	0.0		0.0	3.0	1.0	-0.0	2.949	2.9314	0.2796	0.2085	0.0383	-0.0001	0.0014	11.0021	7.0724	0.126	0.0809	1.0	0.0	0.5611	0.2929	0.0	0.0	0.0	0.0	0.0	0.0	0.0	0.0	0.0	0.0
grp-10	T2	10	300.0	4	4	69.5207	7.4106	202.6487	12.2804	0.0479	0.0353	0.0	0.0	37.0669	0.7809	4.0	28.607	0.42	0.0	2.0	0.0	2.0	1.0	0.0	0.0	0.0	0.0	1.0	-0.0	1.462	2.9807	0.288	0.2343	0.0603	0.0014	0.0024	12.0103	2.8309	0.1665	0.0899	1.0	0.0	0.6392	0.2322	0.0	1.0	0.0	0.0	0.0	0.0	0.0	0.0	1.0	0.0
grp-10	T2	11	330.0	4	4	85.0135	15.7607	191.2496	17.0636	0.0482	0.0362	0.0	0.0	37.0565	0.7803	3.0	28.569	5.934	2.0	0.0	0.0	0.0	0.0	0.0		0.0	0.0	2.0	0.9627	0.136	2.9975	0.3103	0.2332	0.0731	0.0	0.0025	8.0069	2.8309	0.163	0.0789	1.0	0.0	0.6387	0.1943	0.0	2.0	0.0	0.0	0.0	0.0	0.0	0.0	1.0	0.0
grp-10	T2	12	360.0	4	4	90.7164	28.7549	173.3291	10.881	0.0482	0.0362	0.0	0.0	37.0223	0.7838	3.0	28.746	0.06	0.0	1.0	1.0	0.0	0.0	0.0	1.0	0.0	0.0	2.0	0.8588	5.276	2.9355	0.3062	0.2173	0.0586	-0.0008	0.0008	6.0011	2.829	0.1221	0.03	1.0	0.0	0.5751	0.2515	0.0	1.0	1.0	0.0	0.0	0.0	0.0	0.0	0.5	0.0
grp-10	T2	13	390.0	4	4	87.3849	38.0574	167.674	15.5956	0.0487	0.036	0.0334	0.0668	36.9884	0.785	2.0	9.68	22.019	1.0	1.0	1.0	0.0	0.0	0.0	1.0	0.0	0.0	2.0	0.735	11.816	2.9759	0.3385	0.2449	0.0547	0.0021	0.0018	7.006	4.2463	0.1365	0.0506	1.0	0.0	0.5248	0.3155	0.0	0.0	0.0	0.0	0.0	0.0	0.0	0.0	0.0	0.0
grp-10	T2	14	420.0	4	4	88.5277	36.8462	175.4485	7.8808	0.0501	0.0348	0.1002	0.1279	36.9675	0.7753	2.0	39.276	0.0	0.0	1.0	1.0	0.0	0.0	0.0	1.0	0.0	0.0	2.0	0.4487	5.6	3.1097	0.4044	0.25	0.0654	0.0013	0.0005	3.3362	3.0577	0.1659	0.0826	1.0	0.0	0.628	0.3763	0.0	0.0	0.0	0.0	0.0	0.0	0.0	0.0	0.0	0.0
grp-10	T2	15	450.0	4	4	100.2899	38.5626	166.2272	65.8579	0.0508	0.0328	0.1001	0.1416	36.9429	0.7782	4.0	17.168	6.883	3.0	1.0	0.0	1.0	1.0	0.0	0.0	0.0	0.0	2.0	0.5192	11.905	3.2199	0.3969	0.2628	0.0706	0.0019	0.0013	6.6724	2.3114	0.1717	0.0591	1.0	0.0	0.7204	0.2897	0.0	0.0	0.0	0.0	0.0	0.0	0.0	0.0	0.0	0.0
grp-10	T2	16	480.0	4	4	98.8612	37.941	127.0889	18.6168	0.0489	0.0302	0.0667	0.0472	36.9216	0.7876	5.0	39.539	3.622	1.0	0.0	0.0	0.0	0.0	0.0		0.0	0.0	2.0	0.9887	0.5	3.2695	0.3449	0.2823	0.0803	-0.0006	0.0024	6.0052	4.3242	0.1871	0.0272	1.0	0.0	0.725	0.1369	0.0	0.0	0.0	0.0	0.0	0.0	0.0	0.0	0.0	0.0
grp-10	T2	17	510.0	4	4	91.8991	42.8329	133.6239	31.2284	0.0468	0.0287	0.0334	0.0273	36.9119	0.7973	2.0	15.655	5.639	1.0	0.0	0.0	0.0	0.0	0.0		0.0	0.0	1.0	-0.0	0.281															0.0	0.0	0.0	0.0	0.0	0.0	0.0	0.0	0.0	0.0
grp-10	T2	18	540.0	4	4	82.9681	35.3276	163.7967	13.4156	0.0469	0.028	0.0083	0.0167	36.9142	0.7911	3.0	23.708	2.555	0.0	0.0	0.0	0.0	0.0	0.0		0.0	0.0	1.0	-0.0	0.0															0.0	0.0	0.0	0.0	0.0	0.0	0.0	0.0	0.0	0.0
grp-10	T2	19	570.0	4	4	66.5987	17.5171	183.0971	20.4509	0.0477	0.0281	0.0334	0.0668	36.9166	0.7789	5.0	41.024	10.077	2.0	0.0	0.0	0.0	0.0	0.0		1.0	0.0	3.0	0.682	2.3															0.0	0.0	0.0	0.0	0.0	0.0	0.0	0.0	0.0	0.0
grp-10	T2	20	600.0	4	4	63.3867	13.9446	180.1375	16.142	0.0507	0.0332	0.0501	0.0795	36.9274	0.7533	1.0	9.009	1.621	0.0	0.0	0.0	0.0	0.0	0.0		0.0	0.0	1.0	-0.0	0.0															0.0	0.0	0.0	0.0	0.0	0.0	0.0	0.0	0.0	0.0
grp-10	T2	21	630.0	4	4	78.4436	33.565	162.7713	37.0342	0.0556	0.0366	0.0751	0.057	36.9342	0.7151	3.0	2.019	27.25	2.0	1.0	0.0	1.0	0.0	0.0	0.0	0.0	0.0	2.0	0.7913	1.248															0.0	0.0	0.0	0.0	0.0	0.0	0.0	0.0	0.0	0.0
grp-10	T2	22	660.0	4	4	82.5327	42.1622	179.7523	7.02	0.0591	0.0401	0.0667	0.0545	36.9252	0.6753	12.0	20.089	11.16	2.0	1.0	0.0	1.0	0.0	0.0	0.0	3.0	0.0	4.0	1.6349	12.66															0.0	0.0	0.0	0.0	0.0	0.0	0.0	0.0	0.0	0.0
grp-10	T2	23	690.0	4	4	74.1131	23.0798	168.172	52.2216	0.0625	0.0426	0.0417	0.0631	36.916	0.6294	6.0	21.035	5.664	4.0	1.0	0.0	1.0	0.0	0.0	0.0	1.0	0.0	3.0	1.5185	1.736															0.0	0.0	0.0	0.0	0.0	0.0	0.0	0.0	0.0	0.0
grp-10	T2	24	720.0	4	4	83.1829	15.1552	161.5938	38.4757	0.0665	0.0411	0.0752	0.057	36.9188	0.5853	7.0	15.738	0.0	1.0	2.0	0.0	2.0	0.0	0.0	0.0	0.0	0.0	4.0	1.7901	2.118															0.0	0.0	0.0	0.0	0.0	0.0	0.0	0.0	0.0	0.0
grp-10	T2	25	750.0	4	4	92.9539	20.8854	176.776	25.0647	0.0698	0.0409	0.0835	0.0578	36.939	0.5408																														0.0	0.0	0.0	0.0	0.0	0.0	0.0	0.0	0.0	0.0
grp-10	T2	26	780.0	4	4	89.5652	24.168	192.04	39.4225	0.0732	0.0417	0.0919	0.0879	36.9646	0.4976																														0.0	0.0	0.0	0.0	0.0	0.0	0.0	0.0	0.0	0.0
grp-10	T2	27	810.0	4	4	86.4707	34.1189	167.6908	12.7514	0.0788	0.0443	0.0668	0.0609	36.9971	0.4573																														0.0	0.0	0.0	0.0	0.0	0.0	0.0	0.0	0.0	0.0
grp-10	T2	28	840.0	4	4	97.7489	34.5011	173.316	42.203	0.0902	0.059	0.0668	0.1336	37.0233	0.4294																														0.0	0.0	0.0	0.0	0.0	0.0	0.0	0.0	0.0	0.0
grp-10	T2	29	870.0	4	4	104.6906	32.2115	161.7483	43.5767	0.1109	0.0977	0.1085	0.0959	37.0435	0.4049																														0.0	0.0	0.0	0.0	0.0	0.0	0.0	0.0	0.0	0.0
grp-10	T2	30	900.0	4	4	97.5049	33.9509	145.4678	39.5372	0.1588	0.1881	0.1252	0.1103	37.0585	0.3823																														0.0	0.0	0.0	0.0	0.0	0.0	0.0	0.0	0.0	0.0
grp-10	T2	31	930.0	4	4	94.4885	34.7953	143.4935	47.4705	0.2294	0.3257	0.1586	0.1346	37.0625	0.3658																														0.0	0.0	0.0	0.0	0.0	0.0	0.0	0.0	0.0	0.0
grp-10	T2	32	960.0	4	4	86.4784	22.0531	174.4022	31.441	0.2699	0.4077	0.1168	0.0883	37.0618	0.3627																														0.0	0.0	0.0	0.0	0.0	0.0	0.0	0.0	0.0	0.0
grp-10	T2	33	990.0	4	4	78.8195	19.384	156.4134	11.6748	0.1884	0.2489	0.1002	0.1189	37.0622	0.3595																														0.0	0.0	0.0	0.0	0.0	0.0	0.0	0.0	0.0	0.0
grp-10	T2	34	1020.0	4	4	85.4936	30.4457	135.6055	32.3584	0.2413	0.3568	0.0751	0.1288	37.0657	0.3493																														0.0	0.0	0.0	0.0	0.0	0.0	0.0	0.0	0.0	0.0
grp-10	T2	35	1050.0	4	4	84.5129	33.5809	229.9954	57.3163	0.3993	0.6763	0.0918	0.1069	37.0428	0.3912																														0.0	0.0	0.0	0.0	0.0	0.0	0.0	0.0	0.0	0.0
grp-10	T2	36	1080.0	4	4	77.1555	35.4417	225.3406	45.0607	0.41	0.6967	0.1086	0.1201	37.0057	0.4534																														0.0	0.0	0.0	0.0	0.0	0.0	0.0	0.0	0.0	0.0
grp-10	T2	37	1110.0	4	4	79.9381	32.6363	142.22		0.3308	0.5381	0.1001	0.0817	36.9961	0.472																														0.0	0.0	0.0	0.0	0.0	0.0	0.0	0.0	0.0	0.0
grp-10	T2	38	1140.0	4	4	84.5909	29.892	217.9867	24.667	0.3159	0.5128	0.025	0.0167	36.9898	0.4941																														0.0	0.0	0.0	0.0	0.0	0.0	0.0	0.0	0.0	0.0
grp-10	T2	39	1170.0	4	4	79.5544	30.3751	187.9138	19.6961	0.3113	0.5069	0.0334	0.0472	36.9906	0.5104																														0.0	0.0	0.0	0.0	0.0	0.0	0.0	0.0	0.0	0.0
grp-10	T2	40	1200.0	4	4	73.0209	13.9216	173.3011	25.1336	0.2757	0.4374	0.0417	0.0632	37.0113	0.4848																														0.0	0.0	0.0	0.0	0.0	0.0	0.0	0.0	0.0	0.0
grp-10	T2	41	1230.0	4	4	72.1079	9.0983	144.3058	7.8434	0.2654	0.4157	0.1252	0.1503	36.9831	0.5273																														0.0	0.0	0.0	0.0	0.0	0.0	0.0	0.0	0.0	0.0
grp-10	T2	42	1260.0	4	4	72.7653	20.5341	173.5303	26.0465	0.2622	0.4035	0.1336	0.1542	36.9348	0.6091																														0.0	0.0	0.0	0.0	0.0	0.0	0.0	0.0	0.0	0.0
grp-10	T2	43	1290.0	4	4	70.207	19.2285	183.9472	36.2254	0.2491	0.372	0.0668	0.0944	36.9341	0.6182																														0.0	0.0	0.0	0.0	0.0	0.0	0.0	0.0	0.0	0.0
grp-10	T2	44	1320.0	4	4	64.4201	10.5758	153.86	32.0382	0.2325	0.3392	0.025	0.0319	36.9391	0.63																														0.0	0.0	0.0	0.0	0.0	0.0	0.0	0.0	0.0	0.0
grp-10	T2	45	1350.0	4	4	60.9913	10.7089	176.7295	57.7642	0.2254	0.3264	0.0167	0.0334	36.9454	0.6457																														0.0	0.0	0.0	0.0	0.0	0.0	0.0	0.0	0.0	0.0
grp-10	T2	46	1380.0	4	4	68.6803	12.9246	173.224	26.7607	0.2171	0.3094	0.0334	0.0273	36.9564	0.6526																														0.0	0.0	0.0	0.0	0.0	0.0	0.0	0.0	0.0	0.0
grp-10	T2	47	1410.0	4	4	77.6065	18.0135	145.0363	22.9119	0.192	0.2587	0.1168	0.0695	36.9542	0.6696																														0.0	0.0	0.0	0.0	0.0	0.0	0.0	0.0	0.0	0.0
grp-10	T2	48	1440.0	4	4	73.8921	19.4483	180.9499	10.1957	0.1283	0.1377	0.1251	0.0996	36.9449	0.6993																														0.0	0.0	0.0	0.0	0.0	0.0	0.0	0.0	0.0	0.0
grp-10	T2	49	1470.0	4	4	77.7683	15.9255	179.9972	17.9532	0.0797	0.0562	0.0752	0.1104	36.9433	0.7484																														0.0	0.0	0.0	0.0	0.0	0.0	0.0	0.0	0.0	0.0
grp-10	T2	50	1500.0	4	4	77.1943	12.4767	190.1697	42.814	0.0763	0.0514	0.0918	0.0997	36.9454	0.7918																														0.0	0.0	0.0	0.0	0.0	0.0	0.0	0.0	0.0	0.0
grp-10	T2	51	1530.0	4	4	76.9234	12.9234	173.0936	43.6066	0.1191	0.0852	0.1084	0.042	36.9322	0.7958																														0.0	0.0	0.0	0.0	0.0	0.0	0.0	0.0	0.0	0.0
grp-10	T2	52	1560.0	4	4	72.3744	15.9336	168.5863	19.1286	0.1396	0.1115	0.1085	0.057	36.9067	0.7999																														0.0	0.0	0.0	0.0	0.0	0.0	0.0	0.0	0.0	0.0
grp-10	T2	53	1590.0	4	4	72.0752	4.6334	209.4626	44.5488	0.1305	0.1045	0.1337	0.0984	36.8926	0.8219																														0.0	0.0	0.0	0.0	0.0	0.0	0.0	0.0	0.0	0.0
grp-10	T2	54	1620.0	4	4	71.4164	4.1475	199.6689	38.4512	0.1222	0.111	0.1335	0.1055	36.8909	0.8236																														0.0	0.0	0.0	0.0	0.0	0.0	0.0	0.0	0.0	0.0
grp-10	T2	55	1650.0	4	4	78.6062	8.7682	175.7662	42.5671	0.1054	0.0928	0.1001	0.1155	36.898	0.8136																														0.0	0.0	0.0	0.0	0.0	0.0	0.0	0.0	0.0	0.0
grp-10	T2	56	1680.0	4	4	83.1395	12.399	196.7961	53.9289	0.0876	0.0672	0.0751	0.1068	36.9227	0.7953																														0.0	0.0	0.0	0.0	0.0	0.0	0.0	0.0	0.0	0.0
grp-10	T2	57	1710.0	4	4	84.9485	27.9885	174.0484	37.5352	0.0974	0.0783	0.0417	0.032	36.9516	0.7749																														0.0	0.0	0.0	0.0	0.0	0.0	0.0	0.0	0.0	0.0
grp-10	T2	58	1740.0	4	4	81.755	36.8764	169.3591	16.032	0.1114	0.0955	0.0751	0.0688	36.9685	0.7581																														0.0	0.0	0.0	0.0	0.0	0.0	0.0	0.0	0.0	0.0
grp-10	T2	59	1770.0	4	4	69.6934	21.4223	192.1852	108.9933	0.1132	0.1008	0.0918	0.0878	36.9855	0.7264																														0.0	0.0	0.0	0.0	0.0	0.0	0.0	0.0	0.0	0.0
grp-10	T2	60	1800.0	4	4	67.8971	11.2664	196.9951	32.3665	0.1129	0.1032	0.0751	0.0959	37.0076	0.6981																														0.0	0.0	0.0	0.0	0.0	0.0	0.0	0.0	0.0	0.0
grp-10	T2	61	1830.0	4	4	73.4748	6.7862	172.691	16.3633	0.1109	0.1015	0.0417	0.0835	37.0248	0.6854																														0.0	0.0	0.0	0.0	0.0	0.0	0.0	0.0	0.0	0.0
grp-10	T2	62	1860.0	4	4	78.2953	20.2968	178.2788	34.3957	0.1085	0.0991	0.0584	0.0958	37.0403	0.6698																														0.0	0.0	0.0	0.0	0.0	0.0	0.0	0.0	0.0	0.0
grp-10	T2	63	1890.0	4	4	78.4796	22.4212	162.4968	20.0727	0.1039	0.0934	0.0501	0.0795	37.0567	0.6522																														0.0	0.0	0.0	0.0	0.0	0.0	0.0	0.0	0.0	0.0
grp-10	T2	64	1920.0	4	4	78.9461	36.2404	171.5276	26.325	0.0985	0.0861	0.0417	0.0834	37.0711	0.6275																														0.0	0.0	0.0	0.0	0.0	0.0	0.0	0.0	0.0	0.0
grp-10	T2	65	1950.0	4	4	84.2781	34.523	139.0359	35.8735	0.0959	0.0827	0.05	0.0578	37.0937	0.6104																														0.0	0.0	0.0	0.0	0.0	0.0	0.0	0.0	0.0	0.0
grp-10	T2	66	1980.0	4	4	86.9921	16.0222	168.5628	19.586	0.0943	0.0808	0.0835	0.064	37.1057	0.6118																														0.0	0.0	0.0	0.0	0.0	0.0	0.0	0.0	0.0	0.0
grp-10	T2	67	2010.0	4	4	77.4522	5.7428	178.4574	52.7662	0.0976	0.0805	0.0835	0.084	37.1106	0.6069																														0.0	0.0	0.0	0.0	0.0	0.0	0.0	0.0	0.0	0.0
grp-10	T2	68	2040.0	4	4	69.7467	14.1997	156.4064	17.7033	0.1012	0.0822	0.1085	0.1427	37.1118	0.6104																														0.0	0.0	0.0	0.0	0.0	0.0	0.0	0.0	0.0	0.0
grp-10	T3	0	0.0	4	4	65.7682	10.1378	187.4329	10.3155	0.101	0.082	0.0334	0.0472	37.1012	0.6924	6.0	35.515	0.194	0.0	4.0	1.0	3.0	1.0	0.0	0.25	0.0	0.0	2.0	0.63	5.552	3.0737	0.2295	0.2768	0.0807	-0.0016	0.0033	7.3347	5.0342	0.2001	0.0941	1.0	0.0	0.5533	0.0971	0.0	1.0	1.0	1.0	1.0	0.0	0.0	0.5	0.25	0.0
grp-10	T3	1	30.0	4	4	73.5445	14.2051	197.3409	19.1369	0.1026	0.0844	0.0333	0.0385	37.0912	0.7161	6.0	27.713	3.941	0.0	2.0	1.0	1.0	1.0	0.0	0.5	1.0	0.0	2.0	0.515	10.106	3.1258	0.424	0.322	0.0417	0.0035	0.0041	6.0052	2.8309	0.1731	0.11	1.0	0.0	0.6359	0.094	0.0	0.0	0.0	0.0	0.0	0.0	0.0	0.0	0.0	0.0
grp-10	T3	2	60.0	4	4	73.087	26.1989	176.4745	34.3587	0.0985	0.079	0.05	0.0578	37.1154	0.6854	3.0	22.289	5.636	0.0	0.0	0.0	0.0	0.0	0.0		1.0	2.0	1.0	-0.0	1.07	3.0734	0.3509	0.3552	0.065	-0.0041	0.0051	11.0095	9.908	0.1458	0.08	1.0	0.0	0.6196	0.187	0.0	0.0	0.0	0.0	0.0	0.0	0.0	0.0	0.0	0.0
grp-10	T3	3	90.0	4	4	75.1829	22.5002	169.5865	51.5342	0.09	0.0715	0.0584	0.0688	37.1606	0.6254	3.0	20.589	8.463	1.0	0.0	0.0	0.0	0.0	0.0		0.0	1.0	1.0	-0.0	0.1	2.8886	0.2091	0.2335	0.0543	0.0005	0.0018	8.0015		0.1064	0.026	1.0	0.0	0.5435	0.2947	0.0	0.0	1.0	0.0	0.0	0.0	0.0	0.0	0.0	0.0
grp-10	T3	4	120.0	4	4	81.0787	16.9147	168.5183	14.5853	0.0826	0.0686	0.0752	0.0879	37.1413	0.6636	3.0	34.042	21.133	1.0	1.0	0.0	1.0	1.0	0.0	0.0	1.0	0.0	2.0	0.1382	25.336	2.859	0.2441	0.2897	0.0677	-0.001	0.0036	4.0034		0.0986	0.0253	1.0	0.0	0.5494	0.1594	1.0	1.0	0.0	1.0	0.0	0.0	0.0	0.3333333333333333	0.6666666666666666	0.0
grp-10	T3	5	150.0	4	4	82.6551	22.7421	130.9375	17.6175	0.0832	0.0712	0.0417	0.05	37.0947	0.7469	6.0	22.778	5.146	2.0	1.0	0.0	0.0	0.0	1.0		0.0	0.0	3.0	1.2617	7.454	2.8423	0.2796	0.2931	0.148	-0.0006	0.0047	4.0034		0.0981	0.0381	1.0	0.0	0.5367	0.2176	0.0	1.0	0.0	0.0	1.0	0.0	0.0	0.5	0.5	0.0
grp-10	T3	6	180.0	4	4	77.2723	18.3884	174.8987	0.2713	0.0879	0.074	0.0417	0.0501	37.0877	0.7465	8.0	23.053	12.345	4.0	3.0	0.0	2.0	1.0	1.0	0.0	1.0	0.0	2.0	0.1161	8.078	2.8509	0.2535	0.2337	0.1505	0.0004	0.0023	6.0011		0.0959	0.0657	1.0	0.0	0.5001	0.2634	0.0	1.0	0.0	0.0	0.0	0.0	0.0	0.0	1.0	0.0
grp-10	T3	7	210.0	4	4	75.0674	19.6464	155.8419	25.3417	0.0899	0.0754	0.025	0.0319	37.0908	0.7275	6.0	13.567	14.799	1.0	0.0	0.0	0.0	0.0	0.0		0.0	0.0	2.0	0.819	0.601	2.9066	0.202	0.2362	0.1182	0.0015	0.0048			0.0663	0.0264	1.0	0.0	0.4013	0.2233	0.0	0.0	0.0	0.0	0.0	0.0	0.0	0.0	0.0	0.0
grp-10	T3	8	240.0	4	4	82.9945	27.8086	191.1847	3.4275	0.0924	0.0813	0.0584	0.0688	37.0776	0.7471	11.0	19.871	11.715	0.0	1.0	1.0	0.0	0.0	0.0	1.0	1.0	0.0	3.0	1.4946	3.784	2.9331	0.2944	0.154	0.0511	-0.0005	0.001	12.0103		0.0661	0.0379	1.0	0.0	0.4004	0.1741	0.0	0.0	0.0	0.0	0.0	0.0	0.0	0.0	0.0	0.0
grp-10	T3	9	270.0	4	4	79.0499	20.456	180.1471	22.5751	0.0987	0.0916	0.0751	0.074	37.0725	0.7451	12.0	34.486	5.824	2.0	4.0	0.0	4.0	2.0	0.0	0.0	0.0	1.0	4.0	1.5149	20.041	2.9076	0.2354	0.2123	0.0256	-0.0004	0.0028	10.6687	5.0342	0.089	0.0726	1.0	0.0	0.5533	0.2115	0.0	0.0	0.0	0.0	0.0	0.0	0.0	0.0	0.0	0.0
grp-10	T3	10	300.0	4	4	64.0393	13.2614	204.7805	61.8401	0.1007	0.0942	0.0668	0.0545	37.0646	0.7375	6.0	26.012	8.662	4.0	5.0	1.0	4.0	3.0	0.0	0.2	1.0	1.0	3.0	1.4452	26.718	2.9278	0.2364	0.2882	0.0573	0.0002	0.0038	9.3414	4.1669	0.1288	0.094	1.0	0.0	0.7041	0.156	0.0	0.0	0.0	0.0	0.0	0.0	0.0	0.0	0.0	0.0
grp-10	T3	11	330.0	4	4	58.7523	9.6691	173.5995	35.3018	0.1032	0.0995	0.0752	0.0689	37.0417	0.7598	10.0	15.855	10.855	1.0	1.0	0.0	0.0	0.0	1.0		0.0	0.0	4.0	1.5215	2.12	2.9512	0.2826	0.2595	0.0659	-0.0005	0.0022	6.6724	2.3114	0.1274	0.0951	1.0	0.0	0.6815	0.0803	0.0	0.0	0.0	0.0	0.0	0.0	0.0	0.0	0.0	0.0
grp-10	T3	12	360.0	4	4	63.5889	13.6862	168.7862	27.9497	0.109	0.1107	0.0751	0.1068	37.0219	0.7717	11.0	11.712	8.321	1.0	4.0	0.0	3.0	2.0	1.0	0.0	1.0	0.0	3.0	1.4131	6.828															0.0	0.0	0.0	0.0	0.0	0.0	0.0	0.0	0.0	0.0
grp-10	T3	13	390.0	4	4	71.0947	6.8547	149.5313	52.4001	0.1089	0.1141	0.0417	0.042	37.0099	0.7693																														0.0	0.0	0.0	0.0	0.0	0.0	0.0	0.0	0.0	0.0
grp-10	T3	14	420.0	4	4	73.1855	13.4878	188.7865	1.2538	0.1011	0.1092	0.0918	0.057	37.0164	0.7256																														0.0	0.0	0.0	0.0	0.0	0.0	0.0	0.0	0.0	0.0
grp-10	T3	15	450.0	4	4	69.1097	9.1192	193.7032	2.2972	0.1014	0.1045	0.1002	0.0904	36.9817	0.7249																														0.0	0.0	0.0	0.0	0.0	0.0	0.0	0.0	0.0	0.0
grp-10	T3	16	480.0	4	4	75.752	10.8846	186.5113	40.8758	0.0999	0.1013	0.1084	0.1067	36.9264	0.783																														0.0	0.0	0.0	0.0	0.0	0.0	0.0	0.0	0.0	0.0
grp-10	T3	17	510.0	4	4	89.6107	34.6809	196.4716	17.2687	0.1012	0.1003	0.1168	0.1454	36.8851	0.7812																														0.0	0.0	0.0	0.0	0.0	0.0	0.0	0.0	0.0	0.0
grp-10	T3	18	540.0	4	4	91.1021	53.7092	158.9492	7.7307	0.0967	0.0959	0.1254	0.16	36.8382	0.751																														0.0	0.0	0.0	0.0	0.0	0.0	0.0	0.0	0.0	0.0
grp-10	T3	19	570.0	4	4	86.7855	55.733	147.763	36.2357	0.0915	0.0971	0.1086	0.1319	36.805	0.7415																														0.0	0.0	0.0	0.0	0.0	0.0	0.0	0.0	0.0	0.0
grp-10	T3	20	600.0	4	4	85.6764	51.8279	122.0258	57.0392	0.1056	0.1105	0.0834	0.1001	36.7824	0.7302																														0.0	0.0	0.0	0.0	0.0	0.0	0.0	0.0	0.0	0.0
grp-10	T3	21	630.0	4	4	89.9026	52.253	141.7699	56.1687	0.1423	0.164	0.0668	0.0772	36.7668	0.7196																														0.0	0.0	0.0	0.0	0.0	0.0	0.0	0.0	0.0	0.0
grp-10	T3	22	660.0	4	4	89.7159	52.8526	118.4084	7.221	0.2396	0.3721	0.0917	0.1068	36.7811	0.7159																														0.0	0.0	0.0	0.0	0.0	0.0	0.0	0.0	0.0	0.0
grp-10	T3	23	690.0	4	4	79.6094	24.6653	168.9034		0.3179	0.5283	0.1501	0.1037	36.8015	0.7197																														0.0	0.0	0.0	0.0	0.0	0.0	0.0	0.0	0.0	0.0
grp-10	T3	24	720.0	4	4	79.0058	11.3454	187.47		0.3199	0.532	0.1753	0.1528	36.7754	0.7432																														0.0	0.0	0.0	0.0	0.0	0.0	0.0	0.0	0.0	0.0
grp-10	T3	25	750.0	4	4	79.44	8.0189	200.0208	7.6808	0.2825	0.4899	0.1837	0.1554	36.7403	0.7688																														0.0	0.0	0.0	0.0	0.0	0.0	0.0	0.0	0.0	0.0
grp-10	T3	26	780.0	4	4	79.1226	6.7076	178.4438	45.4553	0.2802	0.4715	0.1001	0.1589	36.7314	0.7862																														0.0	0.0	0.0	0.0	0.0	0.0	0.0	0.0	0.0	0.0
grp-10	T3	27	810.0	4	4	86.5431	7.786	164.1119	22.0444	0.2908	0.4799	0.1002	0.1416	36.7293	0.8015																														0.0	0.0	0.0	0.0	0.0	0.0	0.0	0.0	0.0	0.0
grp-10	T3	28	840.0	4	4	90.0253	15.4556	188.7865	27.25	0.2892	0.467	0.1252	0.1733	36.7355	0.801																														0.0	0.0	0.0	0.0	0.0	0.0	0.0	0.0	0.0	0.0
grp-10	T3	29	870.0	4	4	80.1593	16.0979	189.4368		0.2766	0.4453	0.0918	0.1033	36.7431	0.7854																														0.0	0.0	0.0	0.0	0.0	0.0	0.0	0.0	0.0	0.0
grp-10	T3	30	900.0	4	4	74.1125	8.1634	204.1112	0.6161	0.254	0.4092	0.0834	0.1037	36.7448	0.7792																														0.0	0.0	0.0	0.0	0.0	0.0	0.0	0.0	0.0	0.0
grp-10	T3	31	930.0	4	4	70.911	16.9239	194.6845	42.4096	0.2445	0.3715	0.0668	0.0818	36.751	0.7579																														0.0	0.0	0.0	0.0	0.0	0.0	0.0	0.0	0.0	0.0
grp-10	T3	32	960.0	4	4	66.1905	13.1775	158.6372	54.2056	0.2577	0.3991	0.0584	0.0688	36.74	0.7198																														0.0	0.0	0.0	0.0	0.0	0.0	0.0	0.0	0.0	0.0
grp-10	T3	33	990.0	4	4	73.3108	9.5403	168.1794	45.0402	0.3235	0.5462	0.0751	0.0959	36.7055	0.733																														0.0	0.0	0.0	0.0	0.0	0.0	0.0	0.0	0.0	0.0
grp-10	T3	34	1020.0	4	4	84.1856	13.446	171.3713	40.0068	0.3861	0.6941	0.0751	0.1102	36.6928	0.7611																														0.0	0.0	0.0	0.0	0.0	0.0	0.0	0.0	0.0	0.0
grp-10	T3	35	1050.0	4	4	92.3424	25.8826	140.8235		0.4098	0.7443	0.0501	0.0639	36.7019	0.7554																														0.0	0.0	0.0	0.0	0.0	0.0	0.0	0.0	0.0	0.0
grp-10	T3	36	1080.0	4	4	96.6759	38.2985	174.83	3.1052	0.4221	0.7443	0.0751	0.0958	36.7033	0.7437																														0.0	0.0	0.0	0.0	0.0	0.0	0.0	0.0	0.0	0.0
grp-10	T3	37	1110.0	4	4	94.0847	28.5153	164.9099	19.2232	0.4555	0.7819	0.0834	0.1001	36.6948	0.7296																														0.0	0.0	0.0	0.0	0.0	0.0	0.0	0.0	0.0	0.0
grp-10	T3	38	1140.0	4	4	94.146	17.1158	137.3583	16.1668	0.3961	0.6588	0.0919	0.1261	36.6916	0.7064																														0.0	0.0	0.0	0.0	0.0	0.0	0.0	0.0	0.0	0.0
grp-10	T3	39	1170.0	4	4	93.957	10.1576	202.094	17.3765	0.3555	0.6195	0.1253	0.1733	36.6992	0.6822																														0.0	0.0	0.0	0.0	0.0	0.0	0.0	0.0	0.0	0.0
grp-10	T3	40	1200.0	4	4	82.2409	11.3768	184.7311	33.2634	0.3748	0.6551	0.1334	0.1415	36.7053	0.6897																														0.0	0.0	0.0	0.0	0.0	0.0	0.0	0.0	0.0	0.0
grp-10	T3	41	1230.0	4	4	75.5398	15.0013	206.6839		0.3316	0.562	0.0917	0.0877	36.7079	0.7172																														0.0	0.0	0.0	0.0	0.0	0.0	0.0	0.0	0.0	0.0
grp-10	T3	42	1260.0	4	4	73.6639	12.0168	176.3686	34.8488	0.3319	0.5705	0.1086	0.1261	36.7233	0.7132																														0.0	0.0	0.0	0.0	0.0	0.0	0.0	0.0	0.0	0.0
grp-10	T3	43	1290.0	4	4	67.3553	6.5557	168.7586	34.7504	0.3179	0.5557	0.0918	0.1069	36.7361	0.7109																														0.0	0.0	0.0	0.0	0.0	0.0	0.0	0.0	0.0	0.0
grp-10	T3	44	1320.0	4	4	73.6034	24.0898	239.4671	52.708	0.2789	0.4894	0.0417	0.0501	36.7542	0.7404																														0.0	0.0	0.0	0.0	0.0	0.0	0.0	0.0	0.0	0.0
grp-10	T3	45	1350.0	4	4	82.9854	45.5382	180.2714	7.4334	0.2604	0.4504	0.0417	0.0835	36.7831	0.765																														0.0	0.0	0.0	0.0	0.0	0.0	0.0	0.0	0.0	0.0
grp-10	T3	46	1380.0	4	4	83.7835	42.9832	146.5245	64.4373	0.2418	0.4113	0.0334	0.0668	36.8066	0.7858																														0.0	0.0	0.0	0.0	0.0	0.0	0.0	0.0	0.0	0.0
grp-10	T3	47	1410.0	4	4	80.6335	43.4531	169.371	41.3298	0.2223	0.3727	0.0668	0.1336	36.8325	0.798																														0.0	0.0	0.0	0.0	0.0	0.0	0.0	0.0	0.0	0.0
grp-10	T3	48	1440.0	4	4	79.7414	38.958	165.8531	39.6042	0.1989	0.328	0.0417	0.0834	36.858	0.8141																														0.0	0.0	0.0	0.0	0.0	0.0	0.0	0.0	0.0	0.0
grp-10	T3	49	1470.0	4	4	80.3804	37.3599	177.967	96.8895	0.184	0.3002	0.0417	0.0632	36.8862	0.8415																														0.0	0.0	0.0	0.0	0.0	0.0	0.0	0.0	0.0	0.0
grp-10	T3	50	1500.0	4	4	77.8342	24.9383	145.6798	43.4287	0.1741	0.2848	0.0251	0.032	36.9083	0.8805																														0.0	0.0	0.0	0.0	0.0	0.0	0.0	0.0	0.0	0.0
grp-10	T3	51	1530.0	4	4	68.1071	8.2968	186.5418	64.2322	0.1629	0.2639	0.0417	0.042	36.9345	0.9131																														0.0	0.0	0.0	0.0	0.0	0.0	0.0	0.0	0.0	0.0
grp-11	T1	0	0.0	4	3	49.6999	22.1289	153.8831		0.1412	0.0729	0.1338	0.0335	35.7437	0.8081	6.0	20.328	7.811	1.0	0.0	0.0	0.0	0.0	0.0		0.0	0.0	2.0	0.2915	0.611	2.9038	0.2869	0.2701	0.0468	-0.0003	0.0016	33.3396	32.1516	0.1774	0.0638	0.7488	0.3141	1.0004	0.8708	0.0	0.0	0.0	0.0	0.0	0.0	0.0	0.0	0.0	0.0
grp-11	T1	1	30.0	4	3	48.4451	3.9474			0.1523	0.0812	0.1451	0.1078	35.7264	0.8121	6.0	25.378	5.511	2.0	1.0	0.0	1.0	0.0	0.0	0.0	0.0	0.0	3.0	1.5659	2.277	2.9171	0.1822	0.2777	0.0843	-0.0006	0.0026	28.0223	23.0819	0.2005	0.0602	0.7047	0.3418	1.4122	1.0607	0.0	0.0	0.0	0.0	0.0	0.0	0.0	0.0	0.0	0.0
grp-11	T1	2	60.0	4	3	65.8005	24.8723	193.9072		0.2211	0.0309	0.167	0.0577	35.725	0.8149	5.0	34.87	7.39	3.0	0.0	0.0	0.0	0.0	0.0		0.0	0.0	4.0	1.3008	0.649	2.9701	0.2224	0.3583	0.2357	0.0026	0.0028	17.0141	9.9079	0.2353	0.0741	0.7063	0.2649	1.8894	1.5353	0.0	0.0	0.0	0.0	0.0	0.0	0.0	0.0	0.0	0.0
grp-11	T1	3	90.0	4	4	72.7827	19.3546	179.3375	16.3631	0.4931	0.4518	0.1506	0.0887	35.7367	0.7991	1.0	5.141	11.244	0.0	0.0	0.0	0.0	0.0	0.0		0.0	0.0	1.0	-0.0	0.0	2.9727	0.3558	0.4001	0.3008	-0.0014	0.0036	9.0017	4.2435	0.2326	0.0886	0.7083	0.2596	1.4057	1.3783	0.0	0.0	0.0	0.0	0.0	0.0	0.0	0.0	0.0	0.0
grp-11	T1	4	120.0	4	4	70.7961	14.7325	157.3381	14.6112	0.4695	0.4753	0.1422	0.1321	35.758	0.8268	6.0	22.129	14.614	3.0	0.0	0.0	0.0	0.0	0.0		0.0	0.0	2.0	0.976	0.0	2.9002	0.2631	0.3567	0.1419	0.0007	0.0036	8.007	0.0001	0.2207	0.0882	0.7348	0.2396	1.3913	1.562	0.0	0.0	0.0	0.0	0.0	0.0	0.0	0.0	0.0	0.0
grp-11	T1	5	150.0	4	4	54.6136	21.0005	135.8731	7.4015	0.4494	0.4935	0.1586	0.0631	35.8078	0.923	9.0	21.397	14.881	2.0	5.0	3.0	2.0	0.0	0.0	0.6	0.0	0.0	4.0	1.9598	22.942	2.9331	0.2171	0.3019	0.0613	0.0002	0.0027	25.3553	26.6562	0.2159	0.0836	0.8016	0.217	1.3638	1.5949	0.0	0.0	0.0	0.0	0.0	0.0	0.0	0.0	0.0	0.0
grp-11	T1	6	180.0	4	4	41.9826	5.3598	188.6796		0.4618	0.5073	0.209	0.1346	35.8503	0.974	8.0	18.074	10.35	2.0	5.0	2.0	3.0	0.0	0.0	0.4	0.0	0.0	4.0	1.9109	16.606	2.8874	0.1948	0.2736	0.0778	-0.0022	0.0017	28.6887	34.4635	0.2182	0.0722	0.8102	0.181	1.4055	1.5507	0.0	0.0	0.0	0.0	0.0	0.0	0.0	0.0	0.0	0.0
grp-11	T1	7	210.0	4	4	53.2891	26.7533	126.4911		0.5159	0.5467	0.2261	0.2329	35.8576	0.9686	4.0	11.46	20.641	8.0	2.0	2.0	0.0	0.0	0.0	1.0	1.0	0.0	3.0	1.1521	5.995	2.8297	0.2135	0.2893	0.0988	-0.0012	0.0035	26.6892	28.0479	0.2082	0.0611	0.7689	0.2765	1.2718	1.4547	0.0	0.0	0.0	0.0	0.0	0.0	0.0	0.0	0.0	0.0
grp-11	T1	8	240.0	4	4	72.2464	39.0967	154.9993	2.5611	0.5208	0.571	0.2346	0.3132	35.8758	0.9903	7.0	31.677	1.629	5.0	3.0	2.0	1.0	0.0	0.0	0.6667	0.0	0.0	4.0	1.4846	26.644	2.8037	0.2246	0.313	0.1015	0.0004	0.0032	22.677	13.3135	0.2158	0.0664	0.7091	0.3838	0.865	0.6274	0.0	0.0	0.0	0.0	0.0	0.0	0.0	0.0	0.0	0.0
grp-11	T1	9	270.0	4	4	69.9723	63.4812			0.486	0.5883	0.2007	0.2335	35.9355	1.0403	7.0	31.202	1.268	6.0	4.0	2.0	2.0	0.0	0.0	0.5	0.0	0.0	3.0	0.6997	12.058	2.8224	0.1003	0.2939	0.0965	0.0002	0.0014	22.6815	13.6265	0.2428	0.0662	0.6945	0.3556	1.4092	1.1541	0.0	0.0	0.0	0.0	0.0	0.0	0.0	0.0	0.0	0.0
grp-11	T1	10	300.0	4	4	68.0004	25.9787	150.0465	40.1512	0.4818	0.5662	0.1838	0.1671	36.0181	1.1062	13.0	22.725	8.051	5.0	3.0	0.0	3.0	0.0	0.0	0.0	0.0	0.0	4.0	1.9057	6.898	2.863	0.0947	0.2772	0.1161	0.0011	0.0036	24.6879	12.2309	0.2046	0.0661	0.7336	0.3277	1.719	1.8978	0.0	0.0	0.0	0.0	0.0	0.0	0.0	0.0	0.0	0.0
grp-11	T1	11	330.0	4	4	54.9459	22.6157	161.4888	35.6069	0.4998	0.5631	0.1588	0.1712	36.0785	1.1533	2.0	6.003	26.758	2.0	1.0	0.0	1.0	0.0	0.0	0.0	5.0	0.0	2.0	0.548	1.46	2.835	0.1865	0.2554	0.1647	-0.0028	0.0024	23.3396	19.221	0.1704	0.0602	0.734	0.3995	1.6777	2.1677	0.0	0.0	0.0	0.0	0.0	0.0	0.0	0.0	0.0	0.0
grp-11	T1	12	360.0	4	4	66.3337	36.4715	146.238	29.1228	0.5072	0.5828	0.1674	0.157	36.1114	1.1735	1.0	2.151	104.445	1.0	0.0	0.0	0.0	0.0	0.0		0.0	0.0	1.0	-0.0	0.0	2.8402	0.1356	0.2768	0.0872	0.0034	0.0023	24.0199	17.335	0.1979	0.0621	0.7001	0.418	1.2357	1.3095	0.0	0.0	0.0	0.0	0.0	0.0	0.0	0.0	0.0	0.0
grp-11	T1	13	390.0	4	4	70.4094	28.3524	178.4435	42.2408	0.5042	0.5962	0.1086	0.0741	36.1458	1.1913																2.8927	0.0159	0.2843	0.0701	-0.0003	0.0025	20.0171	9.173	0.1951	0.0429	0.7403	0.3541	1.3167	1.352	0.0	0.0	0.0	0.0	0.0	0.0	0.0	0.0	0.0	0.0
grp-11	T1	14	420.0	4	4	48.4941	17.6744	198.1476	62.5995	0.5129	0.6034	0.1003	0.0818	36.1817	1.1999																2.8904	0.0837	0.2792	0.0757	0.0007	0.0017	20.6711	13.319	0.1405	0.0676	0.7954	0.2884	1.2765	1.222	0.0	0.0	0.0	0.0	0.0	0.0	0.0	0.0	0.0	0.0
grp-11	T1	15	450.0	4	4	51.913	17.6906	156.7698	52.3257	0.5003	0.5658	0.1757	0.1293	36.2153	1.1991	0.0	0.0	0.0	1.0	0.0	0.0	0.0	0.0	0.0		0.0	0.0	0.0	0.0	0.0	2.9104	0.127	0.2661	0.0586	0.0002	0.0037	20.6842	12.2299	0.2282	0.0547	0.8231	0.2286	1.2773	1.4207	0.0	0.0	0.0	0.0	0.0	0.0	0.0	0.0	0.0	0.0
grp-11	T1	16	480.0	4	4	50.0689	19.9746	112.1224		0.4716	0.5426	0.259	0.2674	36.2181	1.1771	10.0	22.535	8.537	2.0	1.0	1.0	0.0	0.0	0.0	1.0	0.0	0.0	4.0	1.7825	7.71	2.9176	0.2247	0.1829	0.0522	0.0003	0.0018	18.0152	8.0069	0.1874	0.0932	0.8221	0.2559	1.1692	1.4215	0.0	0.0	0.0	0.0	0.0	0.0	0.0	0.0	0.0	0.0
grp-11	T1	17	510.0	4	4	62.2975	21.0757	102.6775	91.0211	0.4376	0.5583	0.3014	0.2732	36.2112	1.0954	6.0	10.291	4.14	3.0	2.0	0.0	2.0	0.0	0.0	0.0	0.0	0.0	2.0	0.5585	1.472	3.0139	0.2733	0.2645	0.1306	0.0027	0.0026	28.6843	23.7181	0.2073	0.0854	0.7722	0.2443	1.5971	1.9848	0.0	0.0	0.0	0.0	0.0	0.0	0.0	0.0	0.0	0.0
grp-11	T1	18	540.0	4	4	61.5236	24.9131	136.3129	6.6189	0.4615	0.546	0.2505	0.3252	36.1752	0.9519																3.0198	0.2799	0.369	0.1421	-0.0009	0.0022	21.0175	12.7386	0.2501	0.0636	0.7298	0.2297	2.7196	2.611	0.0	0.0	0.0	0.0	0.0	0.0	0.0	0.0	0.0	0.0
grp-11	T1	19	570.0	4	4	62.4615	28.4787	127.5075	47.1814	0.4785	0.5425	0.2175	0.3691	36.1306	0.8652																2.9141	0.1911	0.3714	0.1437	-0.0024	0.0051	34.6853	17.4714	0.2435	0.0522	0.6948	0.2977	2.5166	2.4327	0.0	0.0	0.0	0.0	0.0	0.0	0.0	0.0	0.0	0.0
grp-11	T1	20	600.0	4	4	75.8551	20.5991	169.8058	60.8154	0.4822	0.5477	0.2846	0.3488	36.1337	0.8609																2.8526	0.2052	0.2983	0.1071	-0.0002	0.0033	29.3518	14.4821	0.23	0.0595	0.7001	0.323	1.5562	1.8326	0.0	0.0	0.0	0.0	0.0	0.0	0.0	0.0	0.0	0.0
grp-11	T1	21	630.0	4	4	61.7542	25.9934	172.0418	78.6738	0.4781	0.561	0.1004	0.1191	36.1516	0.8845																2.8394	0.3341	0.2494	0.1043	-0.0013	0.002	22.018	20.8009	0.1601	0.0562	0.7685	0.2721	1.3114	1.4936	0.0	0.0	0.0	0.0	0.0	0.0	0.0	0.0	0.0	0.0
grp-11	T1	22	660.0	3	3	63.5518	15.2001	168.3076	52.508	0.5759	0.7263	0.1447	0.1264	35.6485	0.0534																2.7646	0.3649	0.2087	0.152	-0.0016	0.0012	62.0112		0.1306	0.11	0.8062	0.2499	1.1922	1.3384	0.0	0.0	0.0	0.0	0.0	0.0	0.0	0.0	0.0	0.0
grp-11	T1	23	690.0	3	3	65.6222	18.6354	150.2521	75.4728	0.5972	0.7695	0.2005	0.1769	35.6648	0.0787																2.6606	0.2606	0.1946	0.1583	-0.0012	0.0016	50.0427		0.0979	0.0743	0.8414	0.2075	1.1886	1.4853	0.0	0.0	0.0	0.0	0.0	0.0	0.0	0.0	0.0	0.0
grp-11	T1	24	720.0	3	3	92.2572	39.0342	126.8985		0.5901	0.7335	0.1337	0.1737	35.6697	0.1046																2.6116	0.1723	0.1939	0.1252	-0.0005	0.0019	11.0095	12.7391	0.0824	0.0408	0.8794	0.1937	1.138	1.4738	0.0	0.0	0.0	0.0	0.0	0.0	0.0	0.0	0.0	0.0
grp-11	T1	25	750.0	3	3	99.4463	52.304	131.3796		0.5915	0.7044	0.2005	0.2088	35.6688	0.12																2.6015	0.1233	0.2068	0.0765	-0.0005	0.0018	7.3348	4.1643	0.0878	0.0256	0.8467	0.2565	0.9621	1.0332	0.0	0.0	0.0	0.0	0.0	0.0	0.0	0.0	0.0	0.0
grp-11	T1	26	780.0	2	2	42.2462	8.1629			0.1935	0.1213	0.0669	0.0473	35.6572	0.1476																2.5892	0.0968	0.171	0.064	-0.001	0.0014	10.6758	7.0298	0.0783	0.0301	0.7867	0.3724	0.6139	0.3642	0.0	0.0	0.0	0.0	0.0	0.0	0.0	0.0	0.0	0.0
grp-11	T1	27	810.0	2	2	56.8346	28.2628	175.7469		0.1871	0.1211	0.2174	0.1185	35.6483	0.1735																2.5434	0.0847	0.1639	0.1181	-0.0071	0.0124	12.0098	7.2169	0.0799	0.0408	0.7415	0.4579	0.4449	0.1761	0.0	0.0	0.0	0.0	0.0	0.0	0.0	0.0	0.0	0.0
grp-11	T1	28	840.0	2	2	40.598	3.5737			0.2184	0.0671	0.3344	0.0003	35.6511	0.181																2.6629	0.1342	0.1721	0.051	0.002	0.001	13.3358	6.4299	0.0995	0.032	0.7378	0.4524	0.7496	0.6551	0.0	0.0	0.0	0.0	0.0	0.0	0.0	0.0	0.0	0.0
grp-11	T2	0	0.0	4	4	72.9477	55.6541	130.756	46.3529	0.4854	0.6344	0.2672	0.2797	36.1395	0.9291	3.0	10.431	4.608	0.0	1.0	0.0	1.0	0.0	0.0	0.0	0.0	0.0	2.0	0.1783	1.016	3.1567	0.3163	0.244	0.1448	0.0005	0.001	27.3445	13.3287	0.141	0.0661	0.8096	0.2572	1.0367	0.9391	0.0	0.0	0.0	0.0	0.0	0.0	0.0	0.0	0.0	0.0
grp-11	T2	1	30.0	4	4	103.119	61.5562	157.2406	38.9072	0.4927	0.6442	0.2087	0.2046	36.149	0.9704	0.0	0.0	1.9	0.0	0.0	0.0	0.0	0.0	0.0		0.0	0.0	0.0	0.0	0.0	3.1341	0.2063	0.2812	0.1588	-0.0013	0.0047	31.3598	20.051	0.138	0.0939	0.7991	0.2435	1.1274	1.1337	0.0	0.0	0.0	0.0	0.0	0.0	0.0	0.0	0.0	0.0
grp-11	T2	2	60.0	4	4	83.5415	67.1882	155.4183		0.4785	0.672	0.1754	0.1574	36.1625	1.0579	0.0	0.0	97.6	0.0	0.0	0.0	0.0	0.0	0.0		0.0	0.0	0.0	0.0	0.0	3.1276	0.1586	0.2847	0.0968	0.0015	0.0022	26.681	23.8669	0.2002	0.1027	0.7869	0.2514	1.554	1.5202	0.0	0.0	0.0	0.0	0.0	0.0	0.0	0.0	0.0	0.0
grp-11	T2	3	90.0	4	4	105.4718	58.6433	130.1116		0.4673	0.6772	0.1839	0.1265	36.1373	1.0325																3.1279	0.1793	0.3341	0.109	-0.0016	0.0016	22.0037	24.5802	0.2289	0.0714	0.7892	0.2476	1.5888	1.3627	0.0	0.0	0.0	0.0	0.0	0.0	0.0	0.0	0.0	0.0
grp-11	T2	4	120.0	4	4	115.5214	77.692	70.102	99.1392	0.4465	0.6539	0.0921	0.0575	36.1321	0.9926																2.9611	0.204	0.3477	0.1259	-0.0071	0.0048	16.0144	17.4517	0.2093	0.1069	0.7647	0.3522	1.378	1.6135	0.0	0.0	0.0	0.0	0.0	0.0	0.0	0.0	0.0	0.0
grp-11	T2	5	150.0	4	4	87.3867	70.4072	192.8464	55.7336	0.4313	0.6521	0.1253	0.1201	36.1827	0.9791	1.0	0.389	10.226	0.0	0.0	0.0	0.0	0.0	0.0		0.0	0.0	1.0	-0.0	0.0	2.7932	0.1495	0.2737	0.1186	0.0006	0.0039	14.6782	10.2704	0.1851	0.0564	0.7447	0.4293	1.1778	1.6281	0.0	0.0	0.0	0.0	0.0	0.0	0.0	0.0	0.0	0.0
grp-11	T2	6	180.0	4	4	83.0617	56.4488	148.2776	71.1321	0.44	0.6817	0.1336	0.1362	36.2694	0.9966	7.0	25.022	8.228	4.0	0.0	0.0	0.0	0.0	0.0		0.0	0.0	3.0	1.3797	1.098	2.7907	0.0377	0.2734	0.1554	-0.0015	0.0019	18.6698	8.3277	0.1711	0.05	0.7557	0.3624	1.0633	1.2208	0.0	0.0	0.0	0.0	0.0	0.0	0.0	0.0	0.0	0.0
grp-11	T2	7	210.0	4	4	103.9883	62.0326	126.4911		0.4537	0.7084	0.0586	0.0961	36.3432	1.0565	4.0	12.876	4.419	1.0	0.0	0.0	0.0	0.0	0.0		0.0	0.0	2.0	0.4916	0.0	2.848	0.0687	0.2831	0.1545	0.0031	0.0023	14.0128	6.9352	0.2132	0.0503	0.7622	0.3609	1.223	1.4673	0.0	0.0	0.0	0.0	0.0	0.0	0.0	0.0	0.0	0.0
grp-11	T2	8	240.0	4	4	89.8627	55.1108	176.0682		0.4686	0.7412	0.0668	0.0905	36.3592	1.0649	7.0	31.056	4.882	3.0	0.0	0.0	0.0	0.0	0.0		1.0	0.0	3.0	0.3143	3.179	2.9402	0.1717	0.2547	0.1217	-0.0008	0.0007	10.0087	12.1763	0.2074	0.0722	0.7605	0.4033	1.3852	1.882	0.0	0.0	0.0	0.0	0.0	0.0	0.0	0.0	0.0	0.0
grp-11	T2	9	270.0	4	4	81.4661	36.7732	173.8072	28.8421	0.4666	0.7379	0.1503	0.1756	36.3706	1.0656	7.0	38.314	5.043	4.0	0.0	0.0	0.0	0.0	0.0		0.0	0.0	2.0	0.9988	0.879	2.8889	0.1231	0.273	0.1225	0.0	0.002	15.3366	12.8614	0.1935	0.0251	0.7967	0.3282	1.5717	2.0718	0.0	0.0	0.0	0.0	0.0	0.0	0.0	0.0	0.0	0.0
grp-11	T2	10	300.0	4	4	85.6615	66.9874	177.9796	25.427	0.4648	0.7288	0.1924	0.1861	36.3695	1.0659	2.0	11.121	4.29	2.0	0.0	0.0	0.0	0.0	0.0		0.0	0.0	1.0	-0.0	0.0	3.0174	0.1207	0.3283	0.1405	0.0053	0.0025	21.3511	11.0242	0.2052	0.0436	0.809	0.276	1.5407	1.7608	0.0	0.0	0.0	0.0	0.0	0.0	0.0	0.0	0.0	0.0
grp-11	T2	11	330.0	4	4	51.3273	10.6221	149.321		0.5128	0.7589	0.2088	0.2473	36.3243	1.013	4.0	28.092	3.35	3.0	0.0	0.0	0.0	0.0	0.0		0.0	0.0	2.0	0.7351	1.137	3.1624	0.1714	0.2803	0.1559	0.0003	0.0017	27.3561	12.8692	0.1255	0.0376	0.7901	0.2556	1.3539	1.3473	0.0	0.0	0.0	0.0	0.0	0.0	0.0	0.0	0.0	0.0
grp-11	T2	12	360.0	4	4	64.8234	17.9917	128.9961		0.6748	0.7049	0.2172	0.1736	36.2887	0.9695	5.0	33.144	3.659	0.0	0.0	0.0	0.0	0.0	0.0		0.0	0.0	2.0	0.9044	0.608	3.1552	0.1854	0.2934	0.1586	0.0002	0.0016	26.6776	8.0791	0.131	0.0531	0.8117	0.2146	1.159	1.2009	0.0	0.0	0.0	0.0	0.0	0.0	0.0	0.0	0.0	0.0
grp-11	T2	13	390.0	4	4	65.7765	37.1384	110.4664	43.086	0.9544	0.9634	0.2423	0.1504	36.2862	0.9635	4.0	12.568	5.726	3.0	0.0	0.0	0.0	0.0	0.0		0.0	0.0	3.0	1.5823	0.0	3.1492	0.1812	0.2719	0.1602	-0.0001	0.0014	21.3519	3.0571	0.1457	0.0637	0.83	0.2327	1.0305	1.0889	0.0	0.0	0.0	0.0	0.0	0.0	0.0	0.0	0.0	0.0
grp-11	T2	14	420.0	4	4	90.5589	68.3623	233.9231		1.2585	1.4127	0.2508	0.1739	36.284	0.9465	8.0	24.644	6.964	0.0	0.0	0.0	0.0	0.0	0.0		0.0	0.0	1.0	-0.0	0.0	3.1628	0.2114	0.2713	0.099	0.0005	0.003	20.6802	7.0336	0.1322	0.0474	0.8292	0.2068	1.2712	1.2665	0.0	0.0	0.0	0.0	0.0	0.0	0.0	0.0	0.0	0.0
grp-11	T2	15	450.0	4	4	128.9712	71.8073	160.2032	30.6024	1.3799	1.5831	0.3256	0.3217	36.2783	0.9106	8.0	28.981	5.418	4.0	1.0	0.0	1.0	0.0	0.0	0.0	0.0	0.0	3.0	0.797	2.151	3.1914	0.293	0.2901	0.0806	0.0001	0.0015	22.0188	10.0086	0.1228	0.0469	0.8288	0.187	1.2571	1.1817	0.0	0.0	0.0	0.0	0.0	0.0	0.0	0.0	0.0	0.0
grp-11	T2	16	480.0	4	4	111.185	85.5911			1.3634	1.5611	0.2588	0.3099	36.2746	0.8874	4.0	25.478	1.405	1.0	1.0	1.0	0.0	0.0	0.0	1.0	0.0	0.0	2.0	0.9031	2.696	3.1753	0.2665	0.2611	0.076	-0.0006	0.0022	22.0184	10.592	0.1355	0.0374	0.827	0.2147	1.1309	1.2441	0.0	0.0	0.0	0.0	0.0	0.0	0.0	0.0	0.0	0.0
grp-11	T2	17	510.0	4	4	108.3343	71.1483	219.0587	77.7435	1.3288	1.5467	0.2177	0.1866	36.2568	0.8755	9.0	16.921	10.799	1.0	0.0	0.0	0.0	0.0	0.0		4.0	0.0	3.0	1.5557	5.151	3.1623	0.2459	0.1994	0.1037	0.0004	0.001	22.6706	11.7208	0.1433	0.0532	0.8266	0.218	1.3271	1.7522	0.0	0.0	0.0	0.0	0.0	0.0	0.0	0.0	0.0	0.0
grp-11	T2	18	540.0	4	4	97.7902	58.5118	211.0994		1.2856	1.4697	0.318	0.2362	36.2426	0.8364	10.0	28.665	3.632	4.0	3.0	1.0	2.0	0.0	0.0	0.3333	1.0	0.0	4.0	1.2542	26.532	3.1592	0.2206	0.2233	0.1036	0.0003	0.001	24.02	14.0103	0.1409	0.0658	0.8153	0.2153	1.6328	2.2317	0.0	0.0	0.0	0.0	0.0	0.0	0.0	0.0	0.0	0.0
grp-11	T2	19	570.0	4	4	79.443	66.0926	251.2899	66.9335	1.2254	1.3639	0.2922	0.2459	36.2575	0.8094	5.0	10.402	13.181	0.0	1.0	1.0	0.0	0.0	0.0	1.0	5.0	0.0	3.0	1.4314	9.782	3.1471	0.205	0.2535	0.0949	-0.0002	0.0004	23.353	16.1791	0.1362	0.0756	0.8036	0.2433	1.4033	1.8672	0.0	0.0	0.0	0.0	0.0	0.0	0.0	0.0	0.0	0.0
grp-11	T2	20	600.0	4	4	47.7767	10.8837	190.1411	3.5701	1.0355	1.0607	0.1838	0.1603	36.2689	0.806	15.0	23.635	18.476	1.0	6.0	1.0	5.0	0.0	0.0	0.1667	5.0	0.0	4.0	1.8278	25.644	3.15	0.199	0.2548	0.0926	0.0004	0.0015	21.3382	12.7057	0.147	0.0439	0.8248	0.2198	1.0795	1.2844	0.0	0.0	0.0	0.0	0.0	0.0	0.0	0.0	0.0	0.0
grp-11	T2	21	630.0	4	4	54.4756	17.2657	165.4451	22.3146	1.0436	1.0544	0.1337	0.1057	36.263	0.7969	9.0	22.846	9.923	1.0	4.0	2.0	2.0	0.0	0.0	0.5	2.0	0.0	3.0	1.3294	19.479	3.137	0.1925	0.2631	0.0797	-0.0002	0.0012	20.0176	19.3046	0.1432	0.0377	0.8347	0.2078	1.1764	1.3408	0.0	0.0	0.0	0.0	0.0	0.0	0.0	0.0	0.0	0.0
grp-11	T2	22	660.0	4	4	51.0345	15.2115	171.1885	17.5437	1.1706	1.1777	0.2672	0.313	36.2498	0.7858	6.0	21.883	6.213	0.0	0.0	0.0	0.0	0.0	0.0		0.0	0.0	3.0	1.1359	0.0	3.1187	0.1856	0.283	0.1236	-0.0	0.001	18.0146	19.3022	0.1346	0.0573	0.8385	0.2039	1.4538	1.8736	0.0	0.0	0.0	0.0	0.0	0.0	0.0	0.0	0.0	0.0
grp-11	T2	23	690.0	4	4	139.9798	62.6945	167.4144		1.1208	1.0517	0.1587	0.032	36.2452	0.7794	15.0	21.177	11.691	4.0	4.0	3.0	1.0	0.0	0.0	0.75	0.0	0.0	4.0	1.5004	12.991	3.1481	0.1997	0.2792	0.1153	0.0011	0.0016	16.0121	14.0128	0.1408	0.0499	0.8281	0.2133	1.6623	2.1022	0.0	0.0	0.0	0.0	0.0	0.0	0.0	0.0	0.0	0.0
grp-11	T2	24	720.0	4	4	93.064	71.3281	173.7236	35.5395	1.0461	0.9522	0.1922	0.1712	36.2545	0.7632	4.0	3.12	73.91	0.0	0.0	0.0	0.0	0.0	0.0		0.0	0.0	2.0	0.961	0.003	3.1706	0.2216	0.2982	0.1314	-0.0002	0.0008	17.3484	9.2451	0.1286	0.0622	0.8054	0.2523	1.8216	2.3418	0.0	0.0	0.0	0.0	0.0	0.0	0.0	0.0	0.0	0.0
grp-11	T2	25	750.0	4	4	89.1685	79.3074	249.485	39.0933	1.0384	0.9439	0.2424	0.2034	36.2675	0.7582																3.1037	0.2722	0.3394	0.1302	-0.0019	0.0026	20.0053	19.0807	0.2024	0.0542	0.7776	0.242	1.8631	2.3483	0.0	0.0	0.0	0.0	0.0	0.0	0.0	0.0	0.0	0.0
grp-11	T2	26	780.0	4	4	105.9677	63.0068	174.7085		1.0463	0.9309	0.2256	0.1525	36.2701	0.7767	2.0	5.302	8.225	0.0	0.0	0.0	0.0	0.0	0.0		2.0	0.0	1.0	-0.0	1.055	3.0884	0.3283	0.2978	0.1018	0.0011	0.0016	24.6888	16.7895	0.2217	0.0562	0.7585	0.2333	1.5104	1.7127	0.0	0.0	0.0	0.0	0.0	0.0	0.0	0.0	0.0	0.0
grp-11	T2	27	810.0	4	4	128.1099	71.9435	190.0303	42.4693	1.0251	0.885	0.2674	0.1125	36.2618	0.7911	1.0	0.86	38.994	0.0	0.0	0.0	0.0	0.0	0.0		0.0	0.0	1.0	-0.0	0.0	3.1299	0.2924	0.249	0.0791	0.0001	0.0017	20.6852	7.0306	0.1719	0.018	0.8008	0.2285	1.3694	1.7998	0.0	0.0	0.0	0.0	0.0	0.0	0.0	0.0	0.0	0.0
grp-11	T2	28	840.0	4	4	135.6418	72.5635	180.3629	24.7923	1.0248	0.8738	0.1924	0.0964	36.2545	0.8093	0.0	0.0	0.0	0.0	0.0	0.0	0.0	0.0	0.0		0.0	0.0	0.0	0.0	0.0	3.1523	0.2441	0.2119	0.1009	0.0009	0.0008	15.3363	8.0846	0.1515	0.0432	0.849	0.207	1.33	1.73	0.0	0.0	0.0	0.0	0.0	0.0	0.0	0.0	0.0	0.0
grp-11	T2	29	870.0	4	4	133.9377	73.7368	192.2404	1.9402	1.0572	0.8938	0.2092	0.1351	36.2439	0.8165																3.1605	0.2303	0.2077	0.1236	-0.0004	0.0013	17.3478	13.3282	0.1173	0.0424	0.851	0.2029	1.2576	1.5584	0.0	0.0	0.0	0.0	0.0	0.0	0.0	0.0	0.0	0.0
grp-11	T2	30	900.0	4	4	157.585	64.0963	200.4134		1.0507	0.8927	0.1836	0.1455	36.2379	0.8017																3.1552	0.2446	0.2632	0.1257	0.0005	0.0013	18.6825	20.2494	0.119	0.0354	0.8223	0.2433	1.2967	1.5845	0.0	0.0	0.0	0.0	0.0	0.0	0.0	0.0	0.0	0.0
grp-11	T2	31	930.0	4	4	126.1729	71.6098	152.8502	5.8816	1.0258	0.8241	0.1004	0.1191	36.2496	0.78																3.1429	0.2266	0.2879	0.1559	-0.0004	0.0015	18.6703	16.7757	0.1442	0.0502	0.8004	0.2735	1.3104	1.4953	0.0	0.0	0.0	0.0	0.0	0.0	0.0	0.0	0.0	0.0
grp-11	T2	32	960.0	4	4	140.1697	62.5056	177.4486		1.1913	0.8267	0.1672	0.1393	36.2685	0.7772																3.119	0.1944	0.3313	0.136	-0.0001	0.0019	23.353	16.3016	0.1704	0.0312	0.7553	0.3262	1.4662	1.607	0.0	0.0	0.0	0.0	0.0	0.0	0.0	0.0	0.0	0.0
grp-11	T2	33	990.0	4	4	144.908	63.511	179.3556		1.2693	0.8037	0.2339	0.2229	36.2936	0.8007																3.1165	0.2118	0.3229	0.0789	0.0005	0.0008	26.6894	27.1769	0.1874	0.0744	0.6885	0.4012	1.6972	1.912	0.0	0.0	0.0	0.0	0.0	0.0	0.0	0.0	0.0	0.0
grp-11	T2	34	1020.0	4	4	91.3197	74.151	222.2496		1.1629	0.7565	0.2844	0.3025	36.2964	0.801																3.1456	0.1874	0.3488	0.1711	-0.0016	0.0091	10.0018	5.6579	0.1604	0.0669	0.625	0.4288	1.1333	0.6598	0.0	0.0	0.0	0.0	0.0	0.0	0.0	0.0	0.0	0.0
grp-11	T2	35	1050.0	4	4	84.3423	69.572			1.26	0.8002	0.3089	0.3297	36.2706	0.8053																3.1275	0.2529	0.3319	0.1409	0.001	0.0033	21.0182	9.9082	0.1581	0.054	0.6122	0.4118	1.3412	0.7417	0.0	0.0	0.0	0.0	0.0	0.0	0.0	0.0	0.0	0.0
grp-11	T2	36	1080.0	4	4	46.7393	9.8833	161.6647	54.6752	1.4724	1.052	0.2506	0.2582	36.2516	0.8311																3.0451	0.1695	0.315	0.0876	-0.0021	0.0025	36.0303	16.3841	0.2189	0.0258	0.6488	0.4213	1.5973	1.3652	0.0	0.0	0.0	0.0	0.0	0.0	0.0	0.0	0.0	0.0
grp-11	T2	37	1110.0	4	4	60.1952	8.1513	156.2973	60.391	1.6624	1.6278	0.301	0.1192	36.2347	0.8149																3.052	0.171	0.3074	0.1146	0.0014	0.0041	36.697	16.3023	0.2217	0.0202	0.6795	0.4113	1.7813	2.0022	0.0	0.0	0.0	0.0	0.0	0.0	0.0	0.0	0.0	0.0
grp-11	T2	38	1140.0	4	4	155.722	64.4155	167.8094		1.4216	1.2818	0.3174	0.1505	36.2013	0.7909																3.0167	0.2541	0.3155	0.1333	-0.0008	0.0025	30.0244	14.0115	0.2031	0.0269	0.7213	0.3722	1.6895	2.0879	0.0	0.0	0.0	0.0	0.0	0.0	0.0	0.0	0.0	0.0
grp-11	T2	39	1170.0	4	4	78.813	70.0689	200.3488	112.0662	1.0245	0.7211	0.2756	0.2932	36.1557	0.8154																3.0412	0.2399	0.3586	0.1173	0.0019	0.0024	24.0049	16.0032	0.1741	0.0219	0.7301	0.3637	1.6447	1.8664	0.0	0.0	0.0	0.0	0.0	0.0	0.0	0.0	0.0	0.0
grp-11	T2	40	1200.0	4	4	89.0693	44.1181	135.8732		1.0336	0.7349	0.2853	0.2598	36.1351	0.8723																3.0631	0.2217	0.3867	0.2291	-0.0013	0.003	23.354	14.4813	0.1509	0.0546	0.7246	0.3767	1.5925	1.3863	0.0	0.0	0.0	0.0	0.0	0.0	0.0	0.0	0.0	0.0
grp-11	T2	41	1230.0	4	4	54.74	8.2789	184.19	23.1657	1.0606	0.7704	0.2339	0.1611	36.1319	0.8773																3.0272	0.2371	0.3974	0.2428	-0.0027	0.0042	21.3505	6.1133	0.1559	0.0427	0.6972	0.4022	1.4504	1.1891	0.0	0.0	0.0	0.0	0.0	0.0	0.0	0.0	0.0	0.0
grp-11	T2	42	1260.0	4	4	114.6214	79.8792	151.302		1.1078	0.8971	0.2591	0.1461	36.1321	0.8342																3.0501	0.1933	0.3374	0.1408	-0.0004	0.0023	24.6712	10.2654	0.1411	0.0421	0.6941	0.3929	1.3857	1.4816	0.0	0.0	0.0	0.0	0.0	0.0	0.0	0.0	0.0	0.0
grp-11	T2	43	1290.0	4	4	94.1446	57.0272	86.7521	122.686	1.1832	1.0869	0.2172	0.1978	36.1099	0.7697																3.0152	0.2444	0.2863	0.1409	-0.001	0.0009	30.6953	6.4359	0.1662	0.0275	0.74	0.3442	1.5923	1.922	0.0	0.0	0.0	0.0	0.0	0.0	0.0	0.0	0.0	0.0
grp-11	T2	44	1320.0	4	4	59.6316	25.4118	126.5703	23.2671	1.1503	1.0456	0.1837	0.1897	36.0745	0.7093																3.045	0.2252	0.2848	0.1501	0.0012	0.0021	28.0233	10.4012	0.2268	0.0247	0.7806	0.2768	1.72	1.9474	0.0	0.0	0.0	0.0	0.0	0.0	0.0	0.0	0.0	0.0
grp-11	T2	45	1350.0	4	4	62.478	26.0759	166.091		0.8308	0.7846	0.2257	0.2289	36.0707	0.7231																3.0393	0.2398	0.2817	0.1185	-0.0011	0.0011	24.671	15.2787	0.1891	0.0227	0.8191	0.1776	1.4474	1.5045	0.0	0.0	0.0	0.0	0.0	0.0	0.0	0.0	0.0	0.0
grp-11	T2	46	1380.0	4	4	92.6597	64.788	188.831		0.6225	0.9026	0.2591	0.1975	36.0724	0.7542																2.9112	0.2302	0.2876	0.1522	-0.0035	0.0029	19.3503	16.1799	0.163	0.0299	0.8459	0.1683	1.2402	1.4452	0.0	0.0	0.0	0.0	0.0	0.0	0.0	0.0	0.0	0.0
grp-11	T2	47	1410.0	4	4	94.8617	62.5009	94.6573		0.5879	0.9231	0.2005	0.1161	36.1197	0.7693																2.7033	0.1473	0.2836	0.1538	-0.0051	0.0031	14.0114	20.8974	0.1265	0.0307	0.819	0.2933	1.2178	1.6884	0.0	0.0	0.0	0.0	0.0	0.0	0.0	0.0	0.0	0.0
grp-11	T2	48	1440.0	4	4	86.3379	58.6957	170.9389	55.0117	0.5468	0.9424	0.0837	0.0698	36.1994	0.7825																2.5677	0.1281	0.1467	0.1398	0.0023	0.0054	36.0305		0.077	0.0607	0.7545	0.4339	1.2769	1.896	0.0	0.0	0.0	0.0	0.0	0.0	0.0	0.0	0.0	0.0
grp-11	T2	49	1470.0	4	4	56.3263	18.4584	137.1485	18.0664	0.5523	0.975	0.1669	0.3338	36.2381	0.7813																2.5079	0.035	0.084	0.0106	0.0003	0.0006	28.0252		0.0506	0.015	0.7316	0.4887	0.3525	0.283	0.0	0.0	0.0	0.0	0.0	0.0	0.0	0.0	0.0	0.0
grp-11	T2	50	1500.0	4	4	56.2308	21.5788	123.9943	30.3422	0.5527	0.9831	0.2094	0.3756	36.2454	0.7616																2.5888	0.1326	0.1663	0.1302	0.027	0.053	30.0054		0.08	0.0383	0.7325	0.4776	1.6699	2.4594	0.0	0.0	0.0	0.0	0.0	0.0	0.0	0.0	0.0	0.0
grp-11	T2	51	1530.0	4	4	68.1919	21.6507	159.4175	70.6977	0.5441	0.9439	0.0918	0.0834	36.2413	0.748																2.6128	0.0719	0.2883	0.2196	-0.0018	0.0057	12.01	12.1754	0.1233	0.0511	0.7483	0.436	1.6052	2.1367	0.0	0.0	0.0	0.0	0.0	0.0	0.0	0.0	0.0	0.0
grp-11	T2	52	1560.0	4	4	88.8793	80.0053	170.2618	54.2389	0.5491	0.9258	0.1003	0.1364	36.2419	0.7495																2.6376	0.0737	0.3354	0.2273	-0.0038	0.0072	16.681	20.2494	0.1398	0.042	0.7273	0.4361	1.5941	2.076	0.0	0.0	0.0	0.0	0.0	0.0	0.0	0.0	0.0	0.0
grp-11	T2	53	1590.0	4	4	90.6203	68.6194	136.2616	39.7808	0.5764	0.9556	0.142	0.1102	36.2127	0.7159																2.8349	0.296	0.3262	0.1519	0.0038	0.0019	37.0084	29.7063	0.1619	0.0556	0.6961	0.4632	2.7925	4.3219	0.0	0.0	0.0	0.0	0.0	0.0	0.0	0.0	0.0	0.0
grp-11	T2	54	1620.0	4	4	121.3216	75.7441	163.1115	23.1786	0.5911	0.9189	0.184	0.1694	36.1391	0.6571																3.0225	0.2734	0.3109	0.0523	-0.0007	0.0102	34.029	20.3151	0.2074	0.0299	0.68	0.4494	2.8945	4.2539	0.0	0.0	0.0	0.0	0.0	0.0	0.0	0.0	0.0	0.0
grp-11	T2	55	1650.0	4	4	102.7926	63.5636			0.5982	0.8741	0.2171	0.2275	36.0747	0.5811																3.0111	0.1932	0.285	0.1084	0.0001	0.0019	32.6936	11.5551	0.1862	0.0423	0.6999	0.3981	1.8322	2.1596	0.0	0.0	0.0	0.0	0.0	0.0	0.0	0.0	0.0	0.0
grp-11	T3	0	0.0	4	4	63.1259	31.5553	198.5607	10.4988	0.6042	0.9143	0.2337	0.3131	35.9246	0.5708	5.0	6.97	5.193	2.0	1.0	0.0	1.0	0.0	0.0	0.0	3.0	0.0	4.0	1.3047	1.875	3.0979	0.1643	0.2352	0.1087	0.0017	0.0023	26.6723	16.7764	0.1605	0.0632	0.7959	0.267	0.9376	0.8598	0.0	0.0	0.0	0.0	0.0	0.0	0.0	0.0	0.0	0.0
grp-11	T3	1	30.0	4	4	86.9166	60.5596	193.0133	15.964	0.6073	0.893	0.2674	0.2688	35.8951	0.6321	1.0	1.521	7.136	0.0	0.0	0.0	0.0	0.0	0.0		1.0	0.0	1.0	-0.0	1.521	3.1244	0.082	0.2845	0.1038	-0.0015	0.0032	23.3498	16.3049	0.1795	0.069	0.7776	0.3065	1.2072	1.037	0.0	0.0	0.0	0.0	0.0	0.0	0.0	0.0	0.0	0.0
grp-11	T3	2	60.0	4	4	43.8187	2.8935			0.5897	0.9321	0.2759	0.1916	35.9134	0.6592	8.0	5.889	24.881	1.0	1.0	0.0	1.0	0.0	0.0	0.0	0.0	0.0	3.0	0.8766	1.257	2.9242	0.0578	0.3693	0.0941	-0.0058	0.0048	24.6873	27.1765	0.1892	0.0642	0.7468	0.3244	1.1413	0.9566	0.0	0.0	0.0	0.0	0.0	0.0	0.0	0.0	0.0	0.0
grp-11	T3	3	90.0	4	4	45.9817	13.0255	147.0632		0.5495	0.936	0.2427	0.1781	35.9299	0.6944	4.0	5.184	38.918	1.0	1.0	0.0	1.0	0.0	0.0	0.0	1.0	0.0	2.0	0.6482	1.868	2.7565	0.143	0.33	0.0815	0.0004	0.0015	29.3414	23.4398	0.1802	0.096	0.7288	0.2666	1.1692	0.8358	0.0	0.0	0.0	0.0	0.0	0.0	0.0	0.0	0.0	0.0
grp-11	T3	4	120.0	4	4	79.1355	63.8998	176.5622		0.5449	0.9197	0.2005	0.1705	35.9324	0.7183	2.0	2.902	19.509	0.0	0.0	0.0	0.0	0.0	0.0		0.0	0.0	1.0	-0.0	0.0	2.7569	0.1802	0.3324	0.0947	-0.0006	0.0015	20.0169	2.831	0.178	0.0643	0.7129	0.261	1.4063	1.1052	0.0	0.0	0.0	0.0	0.0	0.0	0.0	0.0	0.0	0.0
grp-11	T3	5	150.0	4	4	126.6265	85.1556	166.3608	48.8754	0.5603	0.9536	0.2009	0.1396	35.9226	0.6889	3.0	5.664	18.668	1.0	0.0	0.0	0.0	0.0	0.0		1.0	0.0	1.0	-0.0	4.526	2.7679	0.1859	0.3142	0.1323	0.0009	0.002	16.0136	5.6612	0.2135	0.0771	0.6648	0.2715	1.2709	0.9704	0.0	0.0	0.0	0.0	0.0	0.0	0.0	0.0	0.0	0.0
grp-11	T3	6	180.0	4	4	92.3622	69.8074	168.9645	31.2487	0.5846	0.9894	0.2674	0.1787	35.8942	0.6534	17.0	27.586	11.65	1.0	9.0	5.0	4.0	0.0	0.0	0.5556	8.0	0.0	4.0	1.77	66.237	2.7996	0.1864	0.283	0.0996	0.0003	0.0011	16.0038	5.6573	0.2047	0.0648	0.6221	0.3037	1.6383	1.5188	0.0	0.0	0.0	0.0	0.0	0.0	0.0	0.0	0.0	0.0
grp-11	T3	7	210.0	4	4	76.9099	55.086	176.0682		0.5862	0.9911	0.2838	0.1403	35.8813	0.647	6.0	11.413	16.719	2.0	2.0	2.0	0.0	0.0	0.0	1.0	1.0	0.0	3.0	1.3896	5.623	2.8597	0.2324	0.2795	0.132	-0.0003	0.0046	24.0203	14.1539	0.1689	0.0751	0.6368	0.3699	1.6698	1.9871	0.0	0.0	0.0	0.0	0.0	0.0	0.0	0.0	0.0	0.0
grp-11	T3	8	240.0	4	4	95.5579	71.3642	173.029	8.2823	0.5645	0.9538	0.2254	0.1168	35.8855	0.6429	4.0	12.682	15.142	2.0	0.0	0.0	0.0	0.0	0.0		0.0	0.0	2.0	0.1482	0.17	2.886	0.2643	0.212	0.1483	0.0007	0.001	33.3466	24.1121	0.1356	0.0706	0.6871	0.3951	1.4576	1.8427	0.0	0.0	0.0	0.0	0.0	0.0	0.0	0.0	0.0	0.0
grp-11	T3	9	270.0	4	4	48.0004	12.6174	122.5026		0.5768	0.9683	0.192	0.1712	35.859	0.6126	14.0	20.907	12.936	4.0	5.0	1.0	4.0	0.0	0.0	0.2	0.0	0.0	3.0	1.3473	10.612	2.9882	0.361	0.2495	0.175	0.002	0.0024	28.0162	11.3308	0.1592	0.1034	0.7619	0.3048	1.4936	1.9257	0.0	0.0	0.0	0.0	0.0	0.0	0.0	0.0	0.0	0.0
grp-11	T3	10	300.0	4	4	92.2659	74.5963	173.2075	2.7404	0.5906	0.9896	0.2257	0.1778	35.8232	0.6052	11.0	34.038	7.175	8.0	5.0	2.0	3.0	0.0	0.0	0.4	0.0	0.0	4.0	1.398	27.573	3.0204	0.3392	0.3005	0.1491	0.0	0.0032	22.6879	11.731	0.2167	0.0871	0.7305	0.3307	1.5469	1.7721	0.0	0.0	0.0	0.0	0.0	0.0	0.0	0.0	0.0	0.0
grp-11	T3	11	330.0	4	4	88.9702	59.0094	201.3289		0.5629	0.9335	0.2672	0.2572	35.8421	0.6633	3.0	22.87	6.661	0.0	1.0	0.0	1.0	0.0	0.0	0.0	0.0	0.0	2.0	0.2211	2.64	2.9758	0.2084	0.3047	0.0836	-0.1065	0.2147	24.6806	11.7171	0.1554	0.03	0.6775	0.4443	1.1084	0.8811	0.0	0.0	0.0	0.0	0.0	0.0	0.0	0.0	0.0	0.0
grp-11	T3	12	360.0	4	4	85.244	62.8808	133.4166		0.5729	0.9508	0.2337	0.2344	35.8602	0.7235	13.0	28.781	9.843	3.0	6.0	2.0	4.0	0.0	0.0	0.3333	4.0	0.0	4.0	1.6102	34.917	2.9824	0.1948	0.2902	0.1231	0.005	0.0073	19.3446	16.6693	0.1303	0.0185	0.7054	0.4483	1.2067	1.3059	0.0	0.0	0.0	0.0	0.0	0.0	0.0	0.0	0.0	0.0
grp-11	T3	13	390.0	4	4	50.2052	15.2805	145.0123		0.591	0.9642	0.2595	0.1821	35.8184	0.7059	13.0	22.957	12.185	1.0	3.0	2.0	1.0	0.0	0.0	0.6667	2.0	0.0	4.0	1.7245	22.205	3.0077	0.2378	0.2781	0.1274	0.0013	0.0011	30.0245	24.9995	0.1805	0.0317	0.7113	0.4175	1.0949	0.8711	0.0	0.0	0.0	0.0	0.0	0.0	0.0	0.0	0.0	0.0
grp-11	T3	14	420.0	4	4	81.243	69.7471	139.523		0.6194	0.9408	0.2673	0.152	35.7391	0.654	4.0	5.402	6.474	1.0	2.0	0.0	2.0	0.0	0.0	0.0	0.0	0.0	2.0	0.7707	1.063	3.072	0.2347	0.2733	0.1228	0.001	0.0006	24.0121	15.8736	0.1664	0.054	0.7468	0.3775	1.4449	1.5642	0.0	0.0	0.0	0.0	0.0	0.0	0.0	0.0	0.0	0.0
grp-11	T3	15	450.0	4	4	120.1441	74.1245	128.582		0.6494	0.9657	0.2505	0.1348	35.6866	0.6315	7.0	10.972	13.704	2.0	3.0	2.0	1.0	0.0	0.0	0.6667	0.0	0.0	3.0	1.3511	9.746	3.0583	0.2016	0.242	0.141	-0.0009	0.0015	11.3426	5.0367	0.1108	0.0491	0.7881	0.3527	1.2893	1.6224	0.0	0.0	0.0	0.0	0.0	0.0	0.0	0.0	0.0	0.0
grp-11	T3	16	480.0	4	4	45.8376	9.2939	159.3089		0.6617	1.0284	0.2424	0.1956	35.6876	0.6567	6.0	4.855	12.905	0.0	2.0	2.0	0.0	0.0	0.0	1.0	0.0	0.0	3.0	1.2319	3.805	3.0165	0.211	0.2258	0.135	0.0002	0.0014	17.3482	14.2015	0.1157	0.0461	0.816	0.2828	1.0591	1.0099	0.0	0.0	0.0	0.0	0.0	0.0	0.0	0.0	0.0	0.0
grp-11	T3	17	510.0	4	4	52.7237	12.7374	161.3637	5.4922	0.657	1.0529	0.1924	0.1901	35.6999	0.6831																3.0502	0.1967	0.2652	0.144	0.0013	0.0018	26.0074	23.0731	0.1378	0.0404	0.8314	0.2255	1.2387	1.099	0.0	0.0	0.0	0.0	0.0	0.0	0.0	0.0	0.0	0.0
grp-11	T3	18	540.0	4	4	50.7929	9.1451	156.8136	73.0767	0.6253	0.9989	0.1757	0.1293	35.7091	0.6658																3.1332	0.1559	0.2905	0.1685	0.0011	0.0033	23.3536	14.4816	0.1545	0.0443	0.8295	0.2247	1.4937	1.7627	0.0	0.0	0.0	0.0	0.0	0.0	0.0	0.0	0.0	0.0
grp-11	T3	19	570.0	4	4	87.8126	80.6513	160.7674		0.6052	0.9735	0.1504	0.1107	35.7179	0.6569																3.1251	0.1824	0.2612	0.143	-0.0015	0.0009	18.0156	10.5928	0.1255	0.0467	0.8203	0.26	1.4531	2.01	0.0	0.0	0.0	0.0	0.0	0.0	0.0	0.0	0.0	0.0
grp-11	T3	20	600.0	4	4	85.7833	82.5088	254.8493		0.6006	0.9702	0.1837	0.1648	35.7172	0.652																3.0605	0.194	0.2469	0.12	-0.0006	0.0016	22.0044	15.1023	0.1298	0.0565	0.8096	0.2551	1.2756	1.4702	0.0	0.0	0.0	0.0	0.0	0.0	0.0	0.0	0.0	0.0
grp-11	T3	21	630.0	4	4	55.8756	14.6744	172.8192	11.1071	0.6244	0.9501	0.2341	0.1748	35.6951	0.6268																3.0529	0.2498	0.2585	0.0786	-0.0	0.0013	24.6871	16.1798	0.1487	0.0651	0.8128	0.2141	1.3603	1.4652	0.0	0.0	0.0	0.0	0.0	0.0	0.0	0.0	0.0	0.0
grp-11	T3	22	660.0	4	4	68.1838	23.5854	179.3518	21.1672	0.6797	0.9688	0.3344	0.2334	35.671	0.5893																3.0854	0.2401	0.2725	0.1091	0.0017	0.0022	22.0181	10.5916	0.1282	0.0563	0.762	0.2736	1.4883	1.8326	0.0	0.0	0.0	0.0	0.0	0.0	0.0	0.0	0.0	0.0
grp-11	T3	23	690.0	4	4	85.7857	72.6472	90.396	127.8392	0.7022	1.0154	0.3255	0.2319	35.6584	0.5255																3.151	0.2551	0.3593	0.2083	0.0008	0.0007	19.0101	1.407	0.1448	0.0546	0.7186	0.2851	1.8264	1.9417	0.0	0.0	0.0	0.0	0.0	0.0	0.0	0.0	0.0	0.0
grp-11	T3	24	720.0	4	4	65.3543	11.4797	186.9559	4.5282	0.6895	1.0137	0.2007	0.1521	35.6228	0.5059																3.0961	0.183	0.364	0.2205	-0.0008	0.0028	28.0238	19.3052	0.1643	0.0723	0.7522	0.2389	1.7073	1.7219	0.0	0.0	0.0	0.0	0.0	0.0	0.0	0.0	0.0	0.0
grp-11	T3	25	750.0	4	4	92.3711	45.7213	199.8788		0.7026	0.993	0.2839	0.2068	35.5745	0.5359																3.0391	0.1424	0.2651	0.1136	0.0004	0.0013	23.3497	11.0276	0.1467	0.0633	0.7806	0.2249	1.5553	1.867	0.0	0.0	0.0	0.0	0.0	0.0	0.0	0.0	0.0	0.0
grp-11	T3	26	780.0	4	4	106.5316	67.7797	189.8772		0.6953	0.9786	0.2421	0.1915	35.5598	0.5427																2.9844	0.2055	0.3083	0.0798	-0.0021	0.0033	25.356	20.0505	0.217	0.0436	0.7685	0.2588	1.5823	1.8343	0.0	0.0	0.0	0.0	0.0	0.0	0.0	0.0	0.0	0.0
grp-11	T3	27	810.0	4	4	54.1035	14.3897	180.1149		0.6305	0.9355	0.1337	0.1057	35.5867	0.5626																2.8274	0.2376	0.288	0.1201	-0.0026	0.0026	16.6812	20.2498	0.1641	0.0776	0.7523	0.3635	1.3996	1.5624	0.0	0.0	0.0	0.0	0.0	0.0	0.0	0.0	0.0	0.0
grp-11	T3	28	840.0	4	4	100.0162	70.0405	151.2261	59.6861	0.5783	0.9272	0.2594	0.3334	35.6339	0.6369																2.7784	0.2409	0.2255	0.0899	0.0004	0.0016	17.3366	13.0154	0.1599	0.073	0.7293	0.4338	1.3445	1.6978	0.0	0.0	0.0	0.0	0.0	0.0	0.0	0.0	0.0	0.0
grp-11	T3	29	870.0	4	4	111.6124	71.6794	226.2742		0.5921	0.9855	0.1839	0.2124	35.6415	0.7037																2.8113	0.1863	0.2695	0.1426	0.0022	0.0026	31.0275	1.417	0.1738	0.0809	0.7271	0.4299	1.3275	1.7303	0.0	0.0	0.0	0.0	0.0	0.0	0.0	0.0	0.0	0.0
grp-11	T3	30	900.0	4	4	85.8654	75.9127	183.4646		0.6113	1.0125	0.1671	0.1567	35.6191	0.7131																2.9168	0.2118	0.3221	0.1161	0.0019	0.0023	20.6848	18.1635	0.185	0.0428	0.7605	0.3497	1.3838	1.5646	0.0	0.0	0.0	0.0	0.0	0.0	0.0	0.0	0.0	0.0
grp-11	T3	31	930.0	4	4	78.3546	69.3631	189.6639		0.5844	0.9517	0.1838	0.1293	35.608	0.6835																2.8395	0.2123	0.3465	0.0749	-0.001	0.0067	14.6696	13.0153	0.1928	0.0365	0.769	0.3612	1.5054	1.8752	0.0	0.0	0.0	0.0	0.0	0.0	0.0	0.0	0.0	0.0
grp-11	T3	32	960.0	4	4	110.8895	73.0863	171.3234		0.5822	0.947	0.2092	0.2696	35.6485	0.659																2.7363	0.3473	0.1875	0.1182	-0.0029	0.0021	10.0082	8.492	0.0979	0.0682	0.754	0.4611	1.7079	2.7359	0.0	0.0	0.0	0.0	0.0	0.0	0.0	0.0	0.0	0.0
grp-11	T3	33	990.0	4	4	91.3548	57.7545	174.4175	48.6602	0.5945	0.9775	0.1252	0.2503	35.7112	0.6658																2.43	0.2272	0.0756	0.0604	-0.0	0.0004	10.0083	5.6611	0.0586	0.0085	0.7385	0.4916	0.3143	0.0801	0.0	0.0	0.0	0.0	0.0	0.0	0.0	0.0	0.0	0.0
grp-11	T3	34	1020.0	4	4	144.5786	58.3046	139.3317		0.5977	0.9829	0.092	0.1841	35.7383	0.6831																2.4406	0.2347	0.079	0.0666	0.0001	0.0002	16.0028	5.6583	0.0611	0.0132	0.7343	0.4893	0.3353	0.1321	0.0	0.0	0.0	0.0	0.0	0.0	0.0	0.0	0.0	0.0
grp-11	T3	35	1050.0	4	4	114.2757	59.056	147.364	65.6275	0.6009	0.9876	0.1169	0.212	35.7552	0.6962																2.714	0.2858	0.1803	0.1013	-0.0215	0.0455	14.0115	10.0077	0.1011	0.0402	0.7316	0.4742	1.7986	2.8718	0.0	0.0	0.0	0.0	0.0	0.0	0.0	0.0	0.0	0.0
grp-11	T3	36	1080.0	4	4	130.1096	70.712	181.336		0.6054	0.9966	0.092	0.1034	35.7437	0.6823																2.7623	0.2582	0.2512	0.0765	-0.0239	0.0537	21.3516	16.0551	0.1471	0.0498	0.6977	0.4536	1.9531	2.7724	0.0	0.0	0.0	0.0	0.0	0.0	0.0	0.0	0.0	0.0
grp-11	T3	37	1110.0	4	4	119.8057	75.5343	214.165		0.6435	1.0774	0.1171	0.1237	35.7452	0.6674																2.7592	0.2376	0.2741	0.0837	0.0027	0.0048	23.353	18.0558	0.2218	0.0453	0.6703	0.4508	1.5629	1.7031	0.0	0.0	0.0	0.0	0.0	0.0	0.0	0.0	0.0	0.0
grp-11	T3	38	1140.0	4	4	61.8449	41.494			0.7223	1.218	0.1754	0.1373	35.752	0.678																2.9796	0.2077	0.2795	0.0747	0.0017	0.002	28.6916	13.3277	0.2015	0.0455	0.662	0.4265	2.2602	3.2191	0.0	0.0	0.0	0.0	0.0	0.0	0.0	0.0	0.0	0.0
grp-12	T1	0	0.0	4	1	108.4123				0.0351		0.0668		35.9226	0.493	0.0	0.0	4.144	0.0	0.0	0.0	0.0	0.0	0.0		0.0	0.0	0.0	0.0	0.0	2.7582	0.589	0.1864	0.0699	-0.0003	0.0012	22.5041	9.8507	0.1696	0.0473	0.9359	0.0253	0.681	0.2002	0.0	0.0	0.0	0.0	0.0	0.0	0.0	0.0	0.0	0.0
grp-12	T1	1	30.0	4	1	46.6418				0.0364		0.0		35.9328	0.5074	0.0	0.0	9.325	0.0	0.0	0.0	0.0	0.0	0.0		0.0	0.0	0.0	0.0	0.0	2.7336	0.5923	0.2033	0.0794	-0.0004	0.0001	17.5149	10.7641	0.1051	0.0331	0.9541	0.0211	0.5751	0.1471	0.0	0.0	0.0	0.0	0.0	0.0	0.0	0.0	0.0	0.0
grp-12	T1	2	60.0	4	1	123.1618				0.037		0.0		35.9639	0.5514	0.0	0.0	5.996	0.0	0.0	0.0	0.0	0.0	0.0		0.0	0.0	0.0	0.0	0.0	2.7249	0.5929	0.1921	0.0791	-0.0001	0.0012	15.0128	11.499	0.095	0.0271	0.9572	0.0221	0.5313	0.0697	0.0	0.0	0.0	0.0	0.0	0.0	0.0	0.0	0.0	0.0
grp-12	T1	3	90.0	4	1	61.1111		212.6656		0.0376		0.0		36.0052	0.6097	3.0	4.659	84.53	1.0	1.0	0.0	1.0	0.0	0.0	0.0	0.0	0.0	2.0	0.5756	2.734	2.7308	0.5831	0.1811	0.0668	0.0002	0.0005	18.5034	14.7337	0.1257	0.0425	0.9458	0.0282	0.6218	0.1522	0.0	0.0	0.0	0.0	0.0	0.0	0.0	0.0	0.0	0.0
grp-12	T1	4	120.0	4	1	69.202		194.7893		0.0383		0.0		36.0523	0.6765																2.7668	0.6146	0.2229	0.0563	0.0007	0.0008	23.0196	17.1806	0.133	0.0493	0.9389	0.0232	0.6995	0.1644	0.0	0.0	0.0	0.0	0.0	0.0	0.0	0.0	0.0	0.0
grp-12	T1	5	150.0	4	1	182.8358				0.039		0.0		36.1038	0.7493																2.8068	0.602	0.2494	0.0594	-0.0	0.0015	29.525	13.8078	0.1542	0.0423	0.9195	0.0241	0.8376	0.2178	0.0	0.0	0.0	0.0	0.0	0.0	0.0	0.0	0.0	0.0
grp-12	T1	6	180.0	4	1	39.1791				0.0376		0.2003		36.1542	0.8206	0.0	0.0	5.707	0.0	0.0	0.0	0.0	0.0	0.0		0.0	0.0	0.0	0.0	0.0	2.7958	0.5651	0.2518	0.0856	-0.0006	0.0011	31.5124	14.3721	0.1877	0.0212	0.8968	0.0466	0.8905	0.2861	0.0	0.0	0.0	0.0	0.0	0.0	0.0	0.0	0.0	0.0
grp-12	T1	7	210.0	4	1	47.1106				0.0337		0.2005		36.2157	0.9075	7.0	22.517	6.899	0.0	0.0	0.0	0.0	0.0	0.0		0.0	0.0	2.0	0.983	0.0	2.6194	0.5174	0.2332	0.0809	-0.0041	0.0012	22.0187	14.9795	0.1318	0.0109	0.931	0.0384	0.4998	0.1694	0.0	0.0	0.0	0.0	0.0	0.0	0.0	0.0	0.0	0.0
grp-12	T1	8	240.0	4	1	69.202				0.031		0.0334		36.2801	0.9986	5.0	27.347	2.198	2.0	1.0	1.0	0.0	0.0	0.0	1.0	0.0	0.0	2.0	0.3328	3.655	2.4692	0.4265	0.1193	0.0599	-0.0003	0.0015	21.3516	15.2883	0.0847	0.0207	0.9659	0.0265	0.2845	0.0941	0.0	0.0	0.0	0.0	0.0	0.0	0.0	0.0	0.0	0.0
grp-12	T1	9	270.0	4	1	42.698				0.0302		0.0334		36.3315	1.0712	2.0	33.049	6.968	1.0	0.0	0.0	0.0	0.0	0.0		0.0	0.0	2.0	0.9987	0.989	2.468	0.4086	0.1311	0.055	0.0002	0.0014	15.5039	13.2051	0.1313	0.0539	0.9624	0.0236	0.3413	0.0454	0.0	0.0	0.0	0.0	0.0	0.0	0.0	0.0	0.0	0.0
grp-12	T1	10	300.0	4	1	51.3447		169.2561		0.0301		0.0		36.3752	1.1331	4.0	17.226	3.194	3.0	0.0	0.0	0.0	0.0	0.0		0.0	0.0	2.0	0.6701	0.22	2.4877	0.4598	0.1076	0.0667	0.0007	0.0019	16.5141	11.4845	0.1255	0.1023	0.9487	0.0407	0.307	0.1413	0.0	0.0	0.0	0.0	0.0	0.0	0.0	0.0	0.0	0.0
grp-12	T1	11	330.0	4	1	39.0071				0.0301		0.0334		36.3922	1.1571	6.0	42.533	6.748	2.0	1.0	1.0	0.0	0.0	0.0	1.0	0.0	0.0	3.0	1.1169	27.247	2.5396	0.5348	0.154	0.1428	0.0012	0.003	17.5119	9.8571	0.1561	0.093	0.9344	0.0504	0.4578	0.3165	0.0	0.0	0.0	0.0	0.0	0.0	0.0	0.0	0.0	0.0
grp-12	T1	12	360.0	4	1	40.2439				0.0301		0.0334		36.3639	1.1171	2.0	10.526	23.786	2.0	1.0	1.0	0.0	0.0	0.0	1.0	0.0	0.0	2.0	0.4408	1.922	2.6845	0.5939	0.2603	0.0815	0.003	0.0013	24.5208	17.1708	0.1937	0.0879	0.9128	0.0607	0.6862	0.3396	0.0	0.0	0.0	0.0	0.0	0.0	0.0	0.0	0.0	0.0
grp-12	T1	13	390.0	4	1	133.794				0.0308		0.0		36.3328	1.0731	6.0	20.854	7.945	1.0	1.0	1.0	0.0	0.0	0.0	1.0	0.0	0.0	2.0	0.9587	4.704	2.7841	0.5814	0.238	0.0861	-0.0003	0.0008	31.0264	19.5103	0.1704	0.0794	0.9092	0.063	0.6679	0.1698	0.0	0.0	0.0	0.0	0.0	0.0	0.0	0.0	0.0	0.0
grp-12	T1	14	420.0	4	1	47.5888				0.0316		0.0336		36.3329	1.0732	2.0	41.68	5.938	1.0	0.0	0.0	0.0	0.0	0.0		0.0	0.0	2.0	0.9195	0.342	2.7999	0.6011	0.2405	0.0958	0.0012	0.0036	26.5085	14.2723	0.186	0.0289	0.9149	0.0672	0.6554	0.1485	0.0	0.0	0.0	0.0	0.0	0.0	0.0	0.0	0.0	0.0
grp-12	T1	15	450.0	4	1	84.5865		173.7815		0.0307		0.0334		36.3471	1.0934	2.0	16.372	2.922	1.0	0.0	0.0	0.0	0.0	0.0		0.0	0.0	2.0	0.4298	0.0	2.7404	0.5623	0.2687	0.1247	-0.0028	0.0023	28.5242	10.1247	0.1683	0.0355	0.9023	0.0558	0.6504	0.1469	0.0	0.0	0.0	0.0	0.0	0.0	0.0	0.0	0.0	0.0
grp-12	T1	16	480.0	4	1	36.7647				0.0301		0.0		36.3604	1.1122	3.0	12.195	11.086	0.0	0.0	0.0	0.0	0.0	0.0		0.0	0.0	3.0	1.5366	0.0	2.6097	0.4497	0.2274	0.0956	-0.0014	0.0033	29.5214	15.5399	0.1339	0.0346	0.9225	0.0282	0.5088	0.0384	0.0	0.0	0.0	0.0	0.0	0.0	0.0	0.0	0.0	0.0
grp-12	T1	17	510.0	4	1	54.375				0.0301		0.0334		36.3735	1.1307	7.0	27.474	16.024	1.0	1.0	1.0	0.0	0.0	0.0	1.0	0.0	0.0	3.0	0.8543	14.686	2.7046	0.6254	0.2457	0.1577	0.0035	0.0048	30.6759	17.4728	0.1331	0.0603	0.9391	0.0416	0.4903	0.2276	0.0	0.0	0.0	0.0	0.0	0.0	0.0	0.0	0.0	0.0
grp-12	T1	18	540.0	4	1	79.5455				0.0305		0.1003		36.3761	1.1343	2.0	21.958	2.712	2.0	0.0	0.0	0.0	0.0	0.0		0.0	0.0	2.0	0.8979	0.0	2.7535	0.7033	0.2199	0.1863	-0.0023	0.0037	21.5183	18.6618	0.1589	0.1008	0.9223	0.0623	0.5452	0.3796	0.0	0.0	0.0	0.0	0.0	0.0	0.0	0.0	0.0	0.0
grp-12	T1	19	570.0	4	1	65.2174				0.0305		0.0668		36.3777	1.1366	1.0	15.949	12.994	0.0	0.0	0.0	0.0	0.0	0.0		0.0	0.0	1.0	-0.0	0.0	2.6448	0.553	0.193	0.1134	-0.0008	0.0024	21.3498	21.4054	0.1189	0.0565	0.8617	0.1721	0.4902	0.2802	0.0	0.0	0.0	0.0	0.0	0.0	0.0	0.0	0.0	0.0
grp-12	T1	20	600.0	4	1	43.2331		167.0449		0.0303		0.0		36.3895	1.1533	4.0	4.003	6.088	1.0	0.0	0.0	0.0	0.0	0.0		1.0	0.0	2.0	0.9814	1.853	2.5975	0.447	0.1658	0.0713	-0.0002	0.0016	26.0101	17.0903	0.1067	0.0284	0.8745	0.1475	0.429	0.1634	0.0	0.0	0.0	0.0	0.0	0.0	0.0	0.0	0.0	0.0
grp-12	T1	21	630.0	4	1	206.7073				0.0312		0.0		36.3973	1.1643																2.6004	0.4421	0.1723	0.057	0.0002	0.001	24.5208	11.6002	0.1622	0.0428	0.9347	0.0197	0.4699	0.0972	0.0	0.0	0.0	0.0	0.0	0.0	0.0	0.0	0.0	0.0
grp-12	T1	22	660.0	4	1	206.7669				0.0324		0.0		36.4039	1.1737																2.7226	0.5483	0.2212	0.1203	0.0031	0.0033	22.0187	7.6661	0.1607	0.0444	0.9309	0.0268	0.6419	0.2719	0.0	0.0	0.0	0.0	0.0	0.0	0.0	0.0	0.0	0.0
grp-12	T1	23	690.0	4	1	179.2208				0.0334		0.0		36.4144	1.1886																2.7777	0.6187	0.1897	0.0849	-0.0015	0.0006	22.5111	5.2584	0.1582	0.0692	0.9339	0.0112	0.6055	0.2325	0.0	0.0	0.0	0.0	0.0	0.0	0.0	0.0	0.0	0.0
grp-12	T1	24	720.0	4	1	168.798				0.0344		0.0		36.4259	1.2048																2.6558	0.5073	0.1867	0.097	-0.0019	0.0033	24.5168	6.8131	0.1496	0.0285	0.9354	0.0058	0.4414	0.1341	0.0	0.0	0.0	0.0	0.0	0.0	0.0	0.0	0.0	0.0
grp-12	T1	25	750.0	4	1	167.9104				0.0353		0.0		36.4315	1.2126																2.5921	0.4515	0.1454	0.0236	0.0001	0.0013	24.0161	14.7993	0.1276	0.0644	0.9422	0.0243	0.4199	0.1238	0.0	0.0	0.0	0.0	0.0	0.0	0.0	0.0	0.0	0.0
grp-12	T1	26	780.0	4	1	184.1772				0.0359		0.0		36.4352	1.2179																2.62	0.492	0.1669	0.0442	0.0014	0.0014	24.5208	16.5369	0.1473	0.0737	0.93	0.0373	0.5101	0.1684	0.0	0.0	0.0	0.0	0.0	0.0	0.0	0.0	0.0	0.0
grp-12	T1	27	810.0	4	1	200.625				0.0364		0.0		36.4435	1.2296																2.7288	0.5636	0.2124	0.0615	0.0024	0.0024	31.5221	13.5163	0.184	0.0833	0.8978	0.0398	0.67	0.2689	0.0	0.0	0.0	0.0	0.0	0.0	0.0	0.0	0.0	0.0
grp-12	T1	28	840.0	4	1	84.5588		206.5591		0.0369		0.0		36.4478	1.2358																2.78	0.6045	0.2246	0.0807	-0.0007	0.0028	29.5094	11.4743	0.1856	0.0632	0.912	0.0236	0.6421	0.2183	0.0	0.0	0.0	0.0	0.0	0.0	0.0	0.0	0.0	0.0
grp-12	T1	29	870.0	4	1	155.868				0.0372		0.0		36.4581	1.2503																2.744	0.6242	0.2234	0.115	-0.0002	0.0027	22.5191	10.8874	0.1685	0.0699	0.9302	0.0367	0.5515	0.2718	0.0	0.0	0.0	0.0	0.0	0.0	0.0	0.0	0.0	0.0
grp-12	T1	30	900.0	4	1	169.4162				0.0394		0.0		36.4765	1.2763																2.6941	0.6369	0.2163	0.0972	-0.0012	0.0016	22.0187	12.9726	0.1418	0.061	0.9357	0.0243	0.4691	0.2619	0.0	0.0	0.0	0.0	0.0	0.0	0.0	0.0	0.0	0.0
grp-12	T1	31	930.0	4	1	170.5426				0.0456		0.0334		36.4878	1.2923																2.6903	0.6488	0.2539	0.1617	0.001	0.0023	26.6717	15.2781	0.1527	0.0793	0.9389	0.0511	0.5596	0.377	0.0	0.0	0.0	0.0	0.0	0.0	0.0	0.0	0.0	0.0
grp-12	T1	32	960.0	4	1	124.0458				0.0547		0.1673		36.4959	1.3038																2.6743	0.6433	0.2566	0.1422	-0.0008	0.0017	25.5197	19.2277	0.1735	0.0685	0.9237	0.0617	0.6193	0.3628	0.0	0.0	0.0	0.0	0.0	0.0	0.0	0.0	0.0	0.0
grp-12	T1	33	990.0	4	1	123.1061				0.0597		0.1335		36.4941	1.3013																2.7117	0.5755	0.279	0.0708	0.0029	0.0012	30.0256	13.8684	0.1745	0.0691	0.8786	0.0641	0.8182	0.2858	0.0	0.0	0.0	0.0	0.0	0.0	0.0	0.0	0.0	0.0
grp-12	T1	34	1020.0	4	1	53.2995		200.5706		0.0591		0.0668		36.4934	1.3003																2.8013	0.6115	0.2768	0.0887	0.0006	0.0024	28.0104	8.7159	0.1906	0.0538	0.8528	0.1093	0.9281	0.3042	0.0	0.0	0.0	0.0	0.0	0.0	0.0	0.0	0.0	0.0
grp-12	T1	35	1050.0	4	1	62.8173		203.0172		0.0612		0.0335		36.4967	1.305																2.7719	0.6636	0.2042	0.0601	-0.0006	0.0011	32.0239	21.9909	0.1751	0.0338	0.8903	0.1248	0.5876	0.2023	0.0	0.0	0.0	0.0	0.0	0.0	0.0	0.0	0.0	0.0
grp-12	T1	36	1080.0	4	1	61.4458		182.4281		0.0648		0.0334		36.4968	1.3051																2.7886	0.6846	0.1696	0.0301	0.0011	0.002	29.0247	14.2952	0.1551	0.0692	0.9252	0.0464	0.5117	0.1964	0.0	0.0	0.0	0.0	0.0	0.0	0.0	0.0	0.0	0.0
grp-12	T1	37	1110.0	4	1	197.3684				0.0687		0.0334		36.499	1.3081																2.8044	0.7177	0.1633	0.0565	-0.0007	0.0006	28.5242	13.808	0.1219	0.0446	0.936	0.0285	0.6323	0.2803	0.0	0.0	0.0	0.0	0.0	0.0	0.0	0.0	0.0	0.0
grp-12	T1	38	1140.0	4	1	87.2525		184.0056		0.0725		0.1003		36.4924	1.2988																2.7605	0.6557	0.1714	0.0842	-0.0007	0.0022	27.5234	13.9043	0.1485	0.0641	0.9274	0.0431	0.6635	0.2996	0.0	0.0	0.0	0.0	0.0	0.0	0.0	0.0	0.0	0.0
grp-12	T1	39	1170.0	4	1	162.8788				0.0769		0.0668		36.4833	1.2859																2.7834	0.5905	0.2137	0.0279	0.0005	0.0031	22.5078	8.2272	0.1576	0.0584	0.9331	0.0253	0.6626	0.1537	0.0	0.0	0.0	0.0	0.0	0.0	0.0	0.0	0.0	0.0
grp-12	T1	40	1200.0	4	1	38.6978				0.0929		0.0668		36.4814	1.2832																2.8389	0.6217	0.2742	0.1043	0.0001	0.0006	25.019	9.3213	0.1573	0.0341	0.8776	0.037	0.8606	0.3393	0.0	0.0	0.0	0.0	0.0	0.0	0.0	0.0	0.0	0.0
grp-12	T1	41	1230.0	4	1	115.5257				0.1004		0.2677		36.4767	1.2766																2.8574	0.6469	0.3527	0.0942	0.0003	0.0025	43.3702	12.8695	0.1531	0.0199	0.7582	0.0765	1.2227	0.4064	0.0	0.0	0.0	0.0	0.0	0.0	0.0	0.0	0.0	0.0
grp-12	T1	42	1260.0	3	0									35.574																	2.7365	0.6348	0.2915	0.0663	-0.0025	0.0018	33.0107	13.7117	0.1435	0.0594	0.8284	0.0834	0.861	0.2759	0.0	0.0	0.0	0.0	0.0	0.0	0.0	0.0	0.0	0.0
grp-12	T1	43	1290.0	3	0									35.574																	2.6725	0.611	0.1692	0.0272	0.0005	0.0011	25.0193	21.4676	0.0883	0.014	0.9162	0.0865	0.5853	0.2891	0.0	0.0	0.0	0.0	0.0	0.0	0.0	0.0	0.0	0.0
grp-12	T1	44	1320.0	3	0									35.574																	2.6863	0.6053	0.1898	0.0503	-0.0001	0.0012	30.526	22.0719	0.0946	0.0286	0.8804	0.1044	0.6132	0.2858	0.0	0.0	0.0	0.0	0.0	0.0	0.0	0.0	0.0	0.0
grp-12	T1	45	1350.0	3	0									35.574																	2.6343	0.6301	0.1734	0.0367	-0.0013	0.0016	28.0083	12.1626	0.0676	0.0277	0.9206	0.0642	0.3744	0.1703	0.0	0.0	0.0	0.0	0.0	0.0	0.0	0.0	0.0	0.0
grp-12	T1	46	1380.0	3	0									35.574																	2.5982	0.6382	0.1137	0.0504	0.0001	0.0002	27.0231	4.2463	0.0485	0.0192	0.9648	0.0323	0.262	0.0921	0.0	0.0	0.0	0.0	0.0	0.0	0.0	0.0	0.0	0.0
grp-12	T1	47	1410.0	3	0									35.574																	2.5935	0.6339	0.1037	0.0503	-0.0004	0.0006	18.0154	15.8881	0.0497	0.0172	0.9651	0.0321	0.2776	0.1156	0.0	0.0	0.0	0.0	0.0	0.0	0.0	0.0	0.0	0.0
grp-12	T1	48	1440.0	3	0									35.574																	2.6138	0.6128	0.144	0.0705	0.0008	0.0011	17.5072	14.7361	0.0923	0.0434	0.9481	0.0422	0.4327	0.1954	0.0	0.0	0.0	0.0	0.0	0.0	0.0	0.0	0.0	0.0
grp-12	T1	49	1470.0	3	0									35.574																	2.6951	0.6489	0.2014	0.1262	0.0012	0.0015	16.514	11.8282	0.1439	0.0735	0.9449	0.0427	0.5775	0.3619	0.0	0.0	0.0	0.0	0.0	0.0	0.0	0.0	0.0	0.0
grp-12	T2	0	0.0	4	1	82.3171		137.7368		0.0737		0.0668		36.5135	1.3287	0.0	0.0	4.983	0.0	1.0	0.0	1.0	0.0	0.0	0.0	0.0	0.0	0.0	0.0	0.0	2.7938	0.6595	0.18	0.042	-0.0004	0.0004	25.0046	17.7798	0.1016	0.0498	0.9187	0.0416	0.558	0.127	0.0	0.0	0.0	0.0	0.0	0.0	0.0	0.0	0.0	0.0
grp-12	T2	1	30.0	4	1	66.6667		178.8854		0.0708		0.1335		36.5364	1.361	1.0	1.141	5.306	0.0	0.0	0.0	0.0	0.0	0.0		0.0	0.0	1.0	-0.0	0.0	2.7977	0.6734	0.209	0.089	0.0002	0.0007	27.023	16.7076	0.1224	0.0476	0.928	0.0348	0.604	0.1386	0.0	0.0	0.0	0.0	0.0	0.0	0.0	0.0	0.0	0.0
grp-12	T2	2	60.0	4	1	37.013				0.0682		0.1005		36.5813	1.4245	2.0	9.004	6.167	2.0	0.0	0.0	0.0	0.0	0.0		0.0	0.0	1.0	-0.0	0.0	2.8284	0.7102	0.3005	0.2131	0.0014	0.0024	30.0255	18.4186	0.1432	0.0252	0.9061	0.0714	0.8388	0.458	0.0	0.0	0.0	0.0	0.0	0.0	0.0	0.0	0.0	0.0
grp-12	T2	3	90.0	4	1	37.9747				0.0709		0.134		36.6074	1.4614	0.0	0.0	29.919	0.0	0.0	0.0	0.0	0.0	0.0		0.0	0.0	0.0	0.0	0.0	2.8927	0.7543	0.3418	0.2467	0.0003	0.0008	34.0062	19.1173	0.1702	0.0385	0.8815	0.0854	1.1141	0.7586	0.0	0.0	0.0	0.0	0.0	0.0	0.0	0.0	0.0	0.0
grp-12	T2	4	120.0	4	1	51.8519		139.7743		0.0742		0.1001		36.618	1.4764	2.0	4.981	24.156	0.0	0.0	0.0	0.0	0.0	0.0		1.0	0.0	1.0	-0.0	0.197	2.8646	0.6738	0.2674	0.1356	-0.0017	0.0025	27.5234	14.9237	0.1793	0.0237	0.9197	0.0311	0.8581	0.1567	0.0	0.0	0.0	0.0	0.0	0.0	0.0	0.0	0.0	0.0
grp-12	T2	5	150.0	4	1	204.5455				0.0721		0.0669		36.6332	1.4979	2.0	41.545	1.916	2.0	0.0	0.0	0.0	0.0	0.0		0.0	0.0	1.0	-0.0	17.15	2.6758	0.5611	0.2412	0.0751	-0.0038	0.0017	17.0145	11.0246	0.1403	0.0466	0.9618	0.0154	0.5054	0.0925	0.0	0.0	0.0	0.0	0.0	0.0	0.0	0.0	0.0	0.0
grp-12	T2	6	180.0	4	1	80.8824				0.0648		0.0669		36.654	1.5274	4.0	20.057	0.487	2.0	1.0	1.0	0.0	0.0	0.0	1.0	0.0	0.0	2.0	0.9904	17.219	2.5752	0.5111	0.2698	0.104	0.0014	0.004	19.0065	8.0839	0.1209	0.0149	0.9471	0.0318	0.4768	0.0856	0.0	0.0	0.0	0.0	0.0	0.0	0.0	0.0	0.0	0.0
grp-12	T2	7	210.0	4	1	205.036				0.0627		0.1004		36.6599	1.5356	2.0	17.758	14.198	0.0	0.0	0.0	0.0	0.0	0.0		0.0	0.0	2.0	0.9948	0.0	2.6797	0.5512	0.2831	0.1123	0.0024	0.0009	19.5166	10.6392	0.142	0.0219	0.9372	0.0344	0.5639	0.2732	0.0	0.0	0.0	0.0	0.0	0.0	0.0	0.0	0.0	0.0
grp-12	T2	8	240.0	4	1	206.9575				0.0671		0.1004		36.6377	1.5043	3.0	31.281	1.664	1.0	1.0	1.0	0.0	0.0	0.0	1.0	0.0	0.0	2.0	0.9883	9.452	2.7388	0.5372	0.2562	0.0697	0.0002	0.0041	14.51	6.197	0.1307	0.0228	0.9424	0.0385	0.5368	0.1566	0.0	0.0	0.0	0.0	0.0	0.0	0.0	0.0	0.0	0.0
grp-12	T2	9	270.0	4	1	194.3099				0.0695		0.0		36.6226	1.483	6.0	32.932	3.56	0.0	0.0	0.0	0.0	0.0	0.0		0.0	0.0	2.0	0.9859	0.381	2.7986	0.603	0.2441	0.0734	0.0022	0.0025	16.507	9.9891	0.1205	0.0402	0.9289	0.0532	0.5614	0.1544	0.0	0.0	0.0	0.0	0.0	0.0	0.0	0.0	0.0	0.0
grp-12	T2	10	300.0	4	1	144.802				0.0694		0.0334		36.6233	1.484	3.0	21.598	0.91	1.0	0.0	0.0	0.0	0.0	0.0		0.0	0.0	1.0	-0.0	0.0	2.8677	0.7042	0.2647	0.0825	0.0009	0.0017	23.0195	13.5269	0.1477	0.0684	0.9227	0.0542	0.6338	0.3084	0.0	0.0	0.0	0.0	0.0	0.0	0.0	0.0	0.0	0.0
grp-12	T2	11	330.0	4	1	143.3002				0.0667		0.0334		36.6192	1.4782	5.0	33.87	3.264	0.0	1.0	0.0	1.0	0.0	0.0	0.0	0.0	0.0	2.0	0.2701	1.816	2.9498	0.7292	0.3212	0.0919	0.0025	0.0035	28.5192	14.5605	0.1449	0.0592	0.8981	0.0659	0.7852	0.2971	0.0	0.0	0.0	0.0	0.0	0.0	0.0	0.0	0.0	0.0
grp-12	T2	12	360.0	4	1	207.3317				0.0644		0.0		36.6032	1.4555	5.0	41.707	27.47	0.0	1.0	0.0	1.0	0.0	0.0	0.0	0.0	0.0	4.0	1.3104	31.328	2.9611	0.6815	0.3057	0.0946	-0.0014	0.0048	28.0238	9.0999	0.1188	0.0405	0.9038	0.0257	0.7458	0.2009	0.0	0.0	0.0	0.0	0.0	0.0	0.0	0.0	0.0	0.0
grp-12	T2	13	390.0	4	1	81.3253		169.9748		0.0643		0.0		36.5928	1.4408	1.0	11.685	0.0	0.0	0.0	0.0	0.0	0.0	0.0		0.0	0.0	1.0	-0.0	0.0	2.899	0.6909	0.1775	0.1004	-0.0002	0.0011	23.52	8.5514	0.1034	0.01	0.9362	0.0139	0.5816	0.2604	0.0	0.0	0.0	0.0	0.0	0.0	0.0	0.0	0.0	0.0
grp-12	T2	14	420.0	4	1	44.226		80.0		0.0494		0.0668		36.6022	1.4541	3.0	10.684	19.868	1.0	0.0	0.0	0.0	0.0	0.0		0.0	0.0	1.0	-0.0	0.0	2.905	0.7057	0.2071	0.1055	0.0008	0.0025	24.0071	9.3796	0.1145	0.023	0.896	0.081	0.6574	0.3251	0.0	0.0	0.0	0.0	0.0	0.0	0.0	0.0	0.0	0.0
grp-12	T2	15	450.0	4	1	43.1655				0.0329		0.1001		36.6157	1.4731	1.0	26.419	0.0	2.0	0.0	0.0	0.0	0.0	0.0		0.0	0.0	1.0	-0.0	0.677	2.9409	0.7153	0.2454	0.1054	0.0006	0.0004	18.0153	13.1261	0.143	0.0397	0.8661	0.1338	0.8665	0.5372	0.0	0.0	0.0	0.0	0.0	0.0	0.0	0.0	0.0	0.0
grp-12	T2	16	480.0	4	1	88.125				0.0361		0.1003		36.6048	1.4578	10.0	28.736	5.166	1.0	2.0	2.0	0.0	0.0	0.0	1.0	0.0	0.0	3.0	1.3297	8.969	2.9543	0.7015	0.2485	0.1067	0.0003	0.0009	18.0137	10.7191	0.1406	0.0451	0.9005	0.086	0.8983	0.4937	0.0	0.0	0.0	0.0	0.0	0.0	0.0	0.0	0.0	0.0
grp-12	T2	17	510.0	4	1	196.5649				0.049		0.0668		36.5628	1.3984	6.0	44.856	3.076	6.0	1.0	1.0	0.0	0.0	0.0	1.0	1.0	0.0	4.0	1.5513	5.397	2.9052	0.68	0.2304	0.1178	-0.0012	0.0016	23.0069	10.3919	0.1002	0.0337	0.9167	0.038	0.7837	0.4267	0.0	0.0	0.0	0.0	0.0	0.0	0.0	0.0	0.0	0.0
grp-12	T2	18	540.0	4	1	134.5209				0.045		0.0668		36.5551	1.3875	1.0	11.885	3.653	1.0	0.0	0.0	0.0	0.0	0.0		0.0	0.0	1.0	-0.0	0.0	2.8685	0.6587	0.2515	0.1311	0.0008	0.002	25.0213	17.1027	0.1194	0.0453	0.8896	0.0812	0.7211	0.4572	0.0	0.0	0.0	0.0	0.0	0.0	0.0	0.0	0.0	0.0
grp-12	T2	19	570.0	4	1	51.3959		163.1273		0.0332		0.0668		36.6147	1.4717	3.0	8.241	5.876	0.0	1.0	0.0	1.0	0.0	0.0	0.0	0.0	0.0	3.0	1.1728	0.28	2.9188	0.6914	0.3	0.1579	0.0006	0.003	23.5184	13.3178	0.125	0.0542	0.8874	0.0748	0.7638	0.4623	0.0	0.0	0.0	0.0	0.0	0.0	0.0	0.0	0.0	0.0
grp-12	T2	20	600.0	4	1	49.8721		187.6166		0.0301		0.0		36.6684	1.5477	9.0	20.018	13.226	2.0	3.0	2.0	1.0	0.0	0.0	0.6667	2.0	0.0	4.0	0.9249	14.128	2.8376	0.6841	0.2706	0.1481	-0.0033	0.0013	21.506	9.2906	0.1418	0.0343	0.9177	0.004	0.7586	0.5655	0.0	0.0	0.0	0.0	0.0	0.0	0.0	0.0	0.0	0.0
grp-12	T2	21	630.0	4	1	137.9093		177.7399		0.0301		0.0		36.671	1.5514	7.0	31.708	1.287	1.0	1.0	0.0	1.0	0.0	0.0	0.0	0.0	0.0	2.0	0.9971	8.122	2.8024	0.677	0.2051	0.1258	0.002	0.0025	21.0179	5.0375	0.1616	0.0268	0.9379	0.0188	0.7015	0.4545	0.0	0.0	0.0	0.0	0.0	0.0	0.0	0.0	0.0	0.0
grp-12	T2	22	660.0	4	1	106.3144		168.0049		0.0312		0.1004		36.6598	1.5355	8.0	23.23	9.24	4.0	4.0	3.0	1.0	0.0	0.0	0.75	0.0	0.0	3.0	1.51	17.446	2.8722	0.7159	0.2203	0.1456	-0.0004	0.0018	19.0162	2.5843	0.1414	0.0661	0.9489	0.0167	0.7645	0.4129	0.0	0.0	0.0	0.0	0.0	0.0	0.0	0.0	0.0	0.0
grp-12	T2	23	690.0	4	1	99.7442		198.2783		0.0315		0.1344		36.6438	1.5129	3.0	30.339	2.139	1.0	1.0	1.0	0.0	0.0	0.0	1.0	0.0	0.0	3.0	1.3873	13.068	2.8965	0.7356	0.2516	0.1847	0.0004	0.0014	14.508	7.9016	0.1153	0.0461	0.9434	0.0177	0.8688	0.6647	0.0	0.0	0.0	0.0	0.0	0.0	0.0	0.0	0.0	0.0
grp-12	T2	24	720.0	4	1	60.1504		214.2733		0.0372		0.1001		36.6311	1.495	7.0	22.594	7.461	3.0	3.0	0.0	3.0	0.0	0.0	0.0	1.0	0.0	3.0	1.5391	2.389	2.9014	0.6897	0.256	0.1578	-0.0006	0.0025	18.0137	8.4947	0.1274	0.042	0.931	0.0092	0.8313	0.526	0.0	0.0	0.0	0.0	0.0	0.0	0.0	0.0	0.0	0.0
grp-12	T2	25	750.0	4	1	55.4187		202.2482		0.0565		0.1001		36.6259	1.4876	7.0	17.188	12.846	0.0	1.0	0.0	1.0	0.0	0.0	0.0	0.0	0.0	2.0	0.7174	1.84	2.8651	0.6219	0.2353	0.1197	-0.0002	0.0006	23.514	9.8471	0.1158	0.0436	0.9279	0.0256	0.7401	0.4647	0.0	0.0	0.0	0.0	0.0	0.0	0.0	0.0	0.0	0.0
grp-12	T2	26	780.0	4	1	37.6884				0.0605		0.2343		36.6241	1.485	11.0	23.586	7.929	1.0	4.0	1.0	3.0	0.0	0.0	0.25	2.0	0.0	4.0	1.8901	16.556	2.896	0.6568	0.2578	0.1358	0.0015	0.002	22.0187	13.378	0.1163	0.0418	0.9127	0.0596	0.8379	0.5122	0.0	0.0	0.0	0.0	0.0	0.0	0.0	0.0	0.0	0.0
grp-12	T2	27	810.0	4	1	36.445				0.0591		0.2343		36.6278	1.4904	1.0	3.152	0.0	0.0	0.0	0.0	0.0	0.0	0.0		0.0	0.0	1.0	-0.0	0.0	2.9109	0.6801	0.2518	0.1293	-0.0009	0.0006	23.518	17.0164	0.1296	0.0354	0.8985	0.0674	0.8736	0.4039	0.0	0.0	0.0	0.0	0.0	0.0	0.0	0.0	0.0	0.0
grp-12	T2	28	840.0	4	1	56.1097				0.0733		0.1007		36.5839	1.4283																2.8688	0.6314	0.2572	0.1122	-0.0007	0.0019	24.0064	18.8345	0.1348	0.0397	0.891	0.0695	0.8766	0.2831	0.0	0.0	0.0	0.0	0.0	0.0	0.0	0.0	0.0	0.0
grp-12	T2	29	870.0	4	1	50.4988				0.0548		0.0668		36.5753	1.4161																2.8808	0.6391	0.2939	0.1229	0.0003	0.0023	23.0196	14.6641	0.1638	0.0643	0.8956	0.0861	1.0011	0.4063	0.0	0.0	0.0	0.0	0.0	0.0	0.0	0.0	0.0	0.0
grp-12	T2	30	900.0	4	1	47.5888		206.5591		0.0391		0.1337		36.635	1.5004																2.8535	0.6705	0.2981	0.1109	-0.0011	0.0022	23.0196	14.664	0.1564	0.0744	0.9165	0.0628	0.8791	0.5442	0.0	0.0	0.0	0.0	0.0	0.0	0.0	0.0	0.0	0.0
grp-12	T2	31	930.0	4	1	48.0		280.0		0.0661		0.234		36.6446	1.5141																2.8422	0.6464	0.2875	0.1357	0.001	0.0019	26.0084	13.5658	0.1521	0.0393	0.9089	0.0442	0.8459	0.511	0.0	0.0	0.0	0.0	0.0	0.0	0.0	0.0	0.0	0.0
grp-12	T2	32	960.0	4	1	37.5				0.0857		0.1007		36.6193	1.4782																2.8401	0.5978	0.265	0.1006	-0.0012	0.0017	36.0263	8.341	0.1478	0.0666	0.9006	0.0151	0.8165	0.3197	0.0	0.0	0.0	0.0	0.0	0.0	0.0	0.0	0.0	0.0
grp-12	T2	33	990.0	4	1	200.0				0.0809		0.2677		36.6122	1.4683																2.8334	0.6101	0.2243	0.0875	0.001	0.0017	36.0307	8.1722	0.1549	0.0449	0.8914	0.0305	0.7839	0.2818	0.0	0.0	0.0	0.0	0.0	0.0	0.0	0.0	0.0	0.0
grp-12	T2	34	1020.0	4	1	122.1805				0.0727		0.2674		36.6273	1.4896																2.8424	0.6394	0.2519	0.1086	-0.0008	0.0019	30.5096	4.428	0.1628	0.0289	0.8753	0.0527	0.813	0.3664	0.0	0.0	0.0	0.0	0.0	0.0	0.0	0.0	0.0	0.0
grp-12	T2	35	1050.0	4	1	36.0759				0.0653		0.3004		36.6454	1.5152																2.8496	0.6673	0.253	0.1109	0.0001	0.0006	32.0222	7.84	0.1532	0.0521	0.8851	0.0285	0.7956	0.3165	0.0	0.0	0.0	0.0	0.0	0.0	0.0	0.0	0.0	0.0
grp-12	T2	36	1080.0	4	1	36.9458				0.069		0.3356		36.6558	1.5299																2.8623	0.6596	0.2106	0.1115	-0.0009	0.0021	25.0213	16.1384	0.1108	0.0464	0.9183	0.0475	0.712	0.3076	0.0	0.0	0.0	0.0	0.0	0.0	0.0	0.0	0.0	0.0
grp-12	T2	37	1110.0	4	1	41.9708				0.0754		0.2343		36.6614	1.5379																2.8359	0.6084	0.2089	0.1036	-0.0003	0.0021	23.52	15.8776	0.1362	0.0264	0.9113	0.0294	0.6662	0.2431	0.0	0.0	0.0	0.0	0.0	0.0	0.0	0.0	0.0	0.0
grp-12	T2	38	1140.0	4	1	53.9702		162.207		0.0659		0.3008		36.6741	1.5558																2.7877	0.6161	0.2885	0.0924	-0.0015	0.0034	27.5234	9.8574	0.1716	0.0361	0.8629	0.0423	0.734	0.2468	0.0	0.0	0.0	0.0	0.0	0.0	0.0	0.0	0.0	0.0
grp-12	T2	39	1170.0	4	1	46.7581				0.0565		0.3016		36.6974	1.5887																2.8184	0.6058	0.3212	0.1416	0.0021	0.0026	28.5092	4.4303	0.1731	0.0438	0.8588	0.0484	0.8348	0.2331	0.0	0.0	0.0	0.0	0.0	0.0	0.0	0.0	0.0	0.0
grp-12	T2	40	1200.0	4	1	45.6853				0.0548		0.4005		36.7061	1.601																2.9142	0.6654	0.2825	0.1362	0.001	0.0044	22.5148	7.003	0.1189	0.0348	0.9042	0.0357	0.7625	0.1874	0.0	0.0	0.0	0.0	0.0	0.0	0.0	0.0	0.0	0.0
grp-12	T2	41	1230.0	4	1	44.6891				0.0649		0.4016		36.7051	1.5996																2.9362	0.7466	0.248	0.0922	0.0002	0.0008	17.5149	7.7309	0.1078	0.0385	0.9324	0.0256	0.7255	0.2412	0.0	0.0	0.0	0.0	0.0	0.0	0.0	0.0	0.0	0.0
grp-12	T2	42	1260.0	4	1	41.6667				0.0787		0.2677		36.7087	1.6048																2.9167	0.7145	0.2692	0.1013	-0.0005	0.0019	19.0065	5.2918	0.1256	0.0506	0.9304	0.0148	0.8086	0.2468	0.0	0.0	0.0	0.0	0.0	0.0	0.0	0.0	0.0	0.0
grp-12	T2	43	1290.0	4	1	204.5455				0.0816		0.2003		36.7122	1.6097																2.9177	0.719	0.2416	0.0831	0.001	0.0009	19.5125	9.0049	0.1308	0.0613	0.9167	0.041	0.7927	0.1696	0.0	0.0	0.0	0.0	0.0	0.0	0.0	0.0	0.0	0.0
grp-12	T2	44	1320.0	4	1	190.806				0.0836		0.067		36.7185	1.6186																2.9735	0.7939	0.2537	0.109	0.0007	0.0017	22.0186	14.0594	0.1324	0.0504	0.9133	0.0615	0.7771	0.2192	0.0	0.0	0.0	0.0	0.0	0.0	0.0	0.0	0.0	0.0
grp-12	T2	45	1350.0	4	1	36.445				0.0874		0.1003		36.7223	1.6239																2.9762	0.8212	0.2426	0.1275	-0.0006	0.0006	16.0072	12.7609	0.1275	0.044	0.9192	0.0628	0.7399	0.3584	0.0	0.0	0.0	0.0	0.0	0.0	0.0	0.0	0.0	0.0
grp-12	T2	46	1380.0	4	1	160.7143				0.0912		0.2011		36.7234	1.6255																2.9691	0.8091	0.2857	0.1399	0.0007	0.0008	17.0144	13.7227	0.1228	0.0462	0.9203	0.0381	0.7637	0.4081	0.0	0.0	0.0	0.0	0.0	0.0	0.0	0.0	0.0	0.0
grp-12	T2	47	1410.0	4	1	46.1823		187.6166		0.0934		0.2008		36.727	1.6305																3.0139	0.6664	0.4483	0.2099	0.0012	0.0074	30.0254	9.5296	0.1521	0.0468	0.8824	0.0174	0.9156	0.218	0.0	0.0	0.0	0.0	0.0	0.0	0.0	0.0	0.0	0.0
grp-12	T2	48	1440.0	4	1	50.9709		167.5158		0.0891		0.067		36.7378	1.6459																3.0582	0.5977	0.4375	0.2228	0.0005	0.0022	41.0131	4.7505	0.1672	0.0318	0.8052	0.0609	1.1181	0.2097	0.0	0.0	0.0	0.0	0.0	0.0	0.0	0.0	0.0	0.0
grp-12	T2	49	1470.0	4	1	42.176				0.0891		0.1004		36.7182	1.6182																3.0174	0.6652	0.3278	0.0996	-0.001	0.0035	31.0263	9.5994	0.1525	0.0605	0.853	0.0417	0.9227	0.077	0.0	0.0	0.0	0.0	0.0	0.0	0.0	0.0	0.0	0.0
grp-12	T2	50	1500.0	4	1	132.793		221.991		0.0983		0.1339		36.6784	1.5618																2.9606	0.6872	0.2141	0.0909	-0.0006	0.0007	18.51	14.6445	0.121	0.063	0.9252	0.0406	0.7381	0.2138	0.0	0.0	0.0	0.0	0.0	0.0	0.0	0.0	0.0	0.0
grp-12	T2	51	1530.0	4	1	64.1809		172.4211		0.105		0.0334		36.6608	1.537																2.9829	0.6452	0.3193	0.1295	0.0018	0.0036	33.3559	7.0391	0.1161	0.0431	0.8203	0.0976	0.7764	0.1787	0.0	0.0	0.0	0.0	0.0	0.0	0.0	0.0	0.0	0.0
grp-12	T2	52	1560.0	4	1	59.1133		194.3724		0.1049		0.0335		36.6596	1.5353																2.9905	0.5925	0.4171	0.2389	-0.0024	0.0014	38.6996	18.1633	0.1323	0.0172	0.752	0.2126	0.9708	0.2855	0.0	0.0	0.0	0.0	0.0	0.0	0.0	0.0	0.0	0.0
grp-12	T2	53	1590.0	4	1	90.0				0.0978		0.2343		36.665	1.5428																2.8829	0.5421	0.4165	0.2617	-0.0019	0.003	38.6774	25.3247	0.1561	0.0338	0.7189	0.2494	1.1316	0.383	0.0	0.0	0.0	0.0	0.0	0.0	0.0	0.0	0.0	0.0
grp-12	T2	54	1620.0	3	0									35.574																	2.738	0.5857	0.3003	0.1106	-0.0017	0.0008	29.3583	14.2015	0.1362	0.0603	0.81	0.143	0.6989	0.2186	0.0	0.0	0.0	0.0	0.0	0.0	0.0	0.0	0.0	0.0
grp-12	T2	55	1650.0	3	0									35.574																	2.6113	0.554	0.1889	0.1183	-0.0029	0.0027	12.5107	10.7641	0.0695	0.022	0.9664	0.0251	0.3339	0.1028	0.0	0.0	0.0	0.0	0.0	0.0	0.0	0.0	0.0	0.0
grp-12	T2	56	1680.0	3	0									35.574																	2.5243	0.5122	0.0986	0.045	-0.0001	0.0003	13.3358	6.4304	0.0574	0.0295	0.9761	0.0122	0.2486	0.0927	0.0	0.0	0.0	0.0	0.0	0.0	0.0	0.0	0.0	0.0
grp-12	T2	57	1710.0	2	0									35.574																															0.0	0.0	0.0	0.0	0.0	0.0	0.0	0.0	0.0	0.0
grp-12	T2	58	1740.0	2	0									35.574																															0.0	0.0	0.0	0.0	0.0	0.0	0.0	0.0	0.0	0.0
grp-12	T3	0	0.0	3	0									35.574		1.0	1.221	11.135	0.0	0.0	0.0	0.0	0.0	0.0		0.0	0.0	1.0	-0.0	0.0	2.5195	0.44	0.0837	0.0345	-0.0006	0.0004	19.0037	4.2441	0.0995	0.0314	0.98	0.0199	0.3228	0.0565	0.0	0.0	0.0	0.0	0.0	0.0	0.0	0.0	0.0	0.0
grp-12	T3	1	30.0	3	0									35.574		0.0	0.0	1.38	0.0	0.0	0.0	0.0	0.0	0.0		0.0	0.0	0.0	0.0	0.0	2.5001	0.4467	0.0853	0.0512	-0.0002	0.0007	12.6767	7.5799	0.0989	0.0323	0.9771	0.0185	0.3653	0.1145	0.0	0.0	0.0	0.0	0.0	0.0	0.0	0.0	0.0	0.0
grp-12	T3	2	60.0	3	0									35.574		0.0	0.0	195.873	0.0	0.0	0.0	0.0	0.0	0.0		0.0	0.0	0.0	0.0	0.0	2.4693	0.4345	0.0901	0.0542	-0.0006	0.0003	9.0076	6.2236	0.1058	0.0387	0.9713	0.0235	0.3816	0.1381	0.0	0.0	0.0	0.0	0.0	0.0	0.0	0.0	0.0	0.0
grp-12	T3	3	90.0	3	0									35.574																	2.4695	0.451	0.0888	0.0451	0.0004	0.0009	11.3361	4.164	0.1164	0.0479	0.9723	0.0181	0.3713	0.1453	0.0	0.0	0.0	0.0	0.0	0.0	0.0	0.0	0.0	0.0
grp-12	T3	4	120.0	3	0									35.574																	2.5086	0.4881	0.0821	0.0385	0.0005	0.001	11.3433	3.0576	0.0981	0.0427	0.975	0.0144	0.3104	0.193	0.0	0.0	0.0	0.0	0.0	0.0	0.0	0.0	0.0	0.0
grp-12	T3	5	150.0	3	0									35.574																	2.5127	0.4873	0.1037	0.0507	0.0	0.0013	10.5089	9.9916	0.1108	0.0456	0.9666	0.021	0.3053	0.1548	0.0	0.0	0.0	0.0	0.0	0.0	0.0	0.0	0.0	0.0
grp-12	T3	6	180.0	3	0									35.574																	2.5324	0.4568	0.1291	0.0444	0.0011	0.0014	14.0031	14.4243	0.1235	0.0289	0.967	0.0279	0.4062	0.0991	0.0	0.0	0.0	0.0	0.0	0.0	0.0	0.0	0.0	0.0
grp-12	T3	7	210.0	3	0									35.574																	2.5388	0.4134	0.185	0.13	-0.0007	0.0012	10.509	8.0692	0.1385	0.0393	0.9674	0.0108	0.4565	0.1045	0.0	0.0	0.0	0.0	0.0	0.0	0.0	0.0	0.0	0.0
grp-12	T3	8	240.0	3	0									35.574		0.0	0.0	12.325	0.0	0.0	0.0	0.0	0.0	0.0		0.0	0.0	0.0	0.0	0.0	2.5544	0.4033	0.222	0.1573	0.0009	0.0008	13.5095	11.2491	0.1543	0.0614	0.9548	0.0242	0.4933	0.1336	0.0	0.0	0.0	0.0	0.0	0.0	0.0	0.0	0.0	0.0
grp-12	T3	9	270.0	3	0									35.574		7.0	16.914	5.321	1.0	2.0	1.0	1.0	0.0	0.0	0.5	4.0	0.0	3.0	1.0629	7.356	2.6336	0.4342	0.1771	0.0903	0.0011	0.001	15.3378	9.0183	0.1279	0.0552	0.9646	0.023	0.4161	0.1571	0.0	0.0	0.0	0.0	0.0	0.0	0.0	0.0	0.0	0.0
grp-12	T3	10	300.0	3	0									35.574		11.0	38.989	4.171	1.0	1.0	1.0	0.0	0.0	0.0	1.0	0.0	0.0	3.0	0.7543	2.593	2.6922	0.4956	0.2057	0.1211	0.0012	0.0024	14.6792	4.1668	0.1076	0.0297	0.9659	0.025	0.476	0.1659	0.0	0.0	0.0	0.0	0.0	0.0	0.0	0.0	0.0	0.0
grp-12	T3	11	330.0	3	0									35.574		3.0	36.354	5.781	0.0	1.0	0.0	1.0	0.0	0.0	0.0	0.0	0.0	2.0	0.9361	27.243	2.781	0.5645	0.2586	0.1147	0.0025	0.0009	19.0134	4.7669	0.1377	0.0186	0.9404	0.0179	0.6997	0.1382	0.0	0.0	0.0	0.0	0.0	0.0	0.0	0.0	0.0	0.0
grp-12	T3	12	360.0	3	0									35.574		5.0	20.419	14.798	4.0	3.0	1.0	2.0	0.0	0.0	0.3333	0.0	0.0	3.0	1.3787	28.918	2.8421	0.5688	0.2694	0.1152	-0.0	0.0006	24.515	17.7072	0.1187	0.035	0.8835	0.0784	0.8262	0.143	0.0	0.0	0.0	0.0	0.0	0.0	0.0	0.0	0.0	0.0
grp-12	T3	13	390.0	3	0									35.574		7.0	19.284	17.677	5.0	3.0	3.0	0.0	0.0	0.0	1.0	1.0	0.0	4.0	1.56	18.063	2.7715	0.5135	0.2792	0.1652	-0.0017	0.0024	29.0246	22.4394	0.1041	0.04	0.8732	0.0997	0.8119	0.3399	0.0	0.0	0.0	0.0	0.0	0.0	0.0	0.0	0.0	0.0
grp-12	T3	14	420.0	3	0									35.574		8.0	20.69	7.861	0.0	0.0	0.0	0.0	0.0	0.0		1.0	0.0	4.0	1.8781	2.246	2.7704	0.5437	0.2638	0.137	0.0013	0.002	27.5143	21.0826	0.1249	0.0222	0.9197	0.0566	0.767	0.3627	0.0	0.0	0.0	0.0	0.0	0.0	0.0	0.0	0.0	0.0
grp-12	T3	15	450.0	3	0									35.574		9.0	25.457	6.491	2.0	2.0	2.0	0.0	0.0	0.0	1.0	0.0	0.0	3.0	1.4777	8.277	2.7698	0.6148	0.2766	0.1614	-0.001	0.0023	22.0122	11.892	0.1358	0.0315	0.9307	0.0484	0.7231	0.5024	0.0	0.0	0.0	0.0	0.0	0.0	0.0	0.0	0.0	0.0
grp-12	T3	16	480.0	3	0									35.574		10.0	31.903	2.242	4.0	1.0	0.0	1.0	0.0	0.0	0.0	0.0	0.0	3.0	1.4135	3.372	2.7902	0.6393	0.2768	0.1671	0.0021	0.0015	22.0187	13.6744	0.1593	0.0631	0.925	0.0639	0.7094	0.5612	0.0	0.0	0.0	0.0	0.0	0.0	0.0	0.0	0.0	0.0
grp-12	T3	17	510.0	3	0									35.574		7.0	29.397	9.009	4.0	4.0	2.0	2.0	0.0	0.0	0.5	0.0	0.0	3.0	1.5821	22.847	2.8703	0.6144	0.2701	0.1029	0.0	0.002	23.0095	15.1937	0.1435	0.0728	0.9175	0.0498	0.7791	0.4641	0.0	0.0	0.0	0.0	0.0	0.0	0.0	0.0	0.0	0.0
grp-12	T3	18	540.0	3	0									35.574		5.0	20.526	14.302	2.0	2.0	2.0	0.0	0.0	0.0	1.0	2.0	0.0	3.0	1.4865	18.274	2.845	0.5829	0.247	0.1085	-0.0008	0.0005	19.015	7.7549	0.1094	0.0318	0.9327	0.0082	0.6987	0.4222	0.0	0.0	0.0	0.0	0.0	0.0	0.0	0.0	0.0	0.0
grp-12	T3	19	570.0	3	0									35.574		10.0	24.769	5.881	2.0	4.0	3.0	1.0	0.0	0.0	0.75	2.0	0.0	4.0	1.8815	23.25	2.8444	0.5749	0.2699	0.1019	0.0012	0.0012	19.016	3.4669	0.0821	0.0116	0.9198	0.0247	0.7783	0.2168	0.0	0.0	0.0	0.0	0.0	0.0	0.0	0.0	0.0	0.0
grp-12	T3	20	600.0	3	0									35.574		9.0	15.898	16.379	1.0	1.0	0.0	1.0	0.0	0.0	0.0	2.0	0.0	3.0	0.7025	4.786	2.8593	0.5527	0.2543	0.0675	-0.0002	0.0006	24.0115	8.6451	0.1108	0.0568	0.9047	0.0355	0.8123	0.0862	0.0	0.0	0.0	0.0	0.0	0.0	0.0	0.0	0.0	0.0
grp-12	T3	21	630.0	3	0									35.574		11.0	25.06	12.473	0.0	4.0	3.0	1.0	0.0	0.0	0.75	0.0	0.0	3.0	1.5287	18.326	2.8173	0.5357	0.227	0.0705	-0.0009	0.0014	23.5208	12.8052	0.1178	0.0483	0.9177	0.0254	0.6695	0.2349	0.0	0.0	0.0	0.0	0.0	0.0	0.0	0.0	0.0	0.0
grp-12	T3	22	660.0	3	0									35.574		9.0	18.558	18.539	2.0	2.0	1.0	1.0	0.0	0.0	0.5	0.0	0.0	4.0	1.2967	5.367	2.7985	0.5538	0.2627	0.0741	0.0	0.0014	25.0183	6.6421	0.1385	0.0464	0.8734	0.0634	0.8037	0.313	0.0	0.0	0.0	0.0	0.0	0.0	0.0	0.0	0.0	0.0
grp-12	T3	23	690.0	3	0									35.574		5.0	4.757	7.52	0.0	0.0	0.0	0.0	0.0	0.0		3.0	0.0	2.0	0.4544	0.0	2.743	0.5071	0.3105	0.0883	-0.0012	0.0019	35.0172	7.3912	0.1427	0.0337	0.8199	0.0385	1.0231	0.162	0.0	0.0	0.0	0.0	0.0	0.0	0.0	0.0	0.0	0.0
grp-12	T3	24	720.0	3	0									35.574																	2.7355	0.501	0.2915	0.1244	0.0013	0.0016	32.027	6.7378	0.1292	0.0126	0.857	0.0323	0.949	0.2414	0.0	0.0	0.0	0.0	0.0	0.0	0.0	0.0	0.0	0.0
grp-12	T3	25	750.0	3	0									35.574																	2.7465	0.5002	0.2421	0.1341	-0.0013	0.0018	30.516	7.9032	0.1243	0.0218	0.903	0.0257	0.8593	0.4487	0.0	0.0	0.0	0.0	0.0	0.0	0.0	0.0	0.0	0.0
grp-12	T3	26	780.0	3	0									35.574																	2.7186	0.4495	0.244	0.1409	0.0004	0.0016	32.018	14.5218	0.121	0.0207	0.9023	0.0428	0.9064	0.5334	0.0	0.0	0.0	0.0	0.0	0.0	0.0	0.0	0.0	0.0
grp-12	T3	27	810.0	3	0									35.574																	2.7157	0.4517	0.2452	0.1355	-0.0008	0.0013	30.5267	13.4161	0.1134	0.0216	0.9055	0.04	0.8375	0.5642	0.0	0.0	0.0	0.0	0.0	0.0	0.0	0.0	0.0	0.0
grp-12	T3	28	840.0	3	0									35.574																	2.7057	0.4272	0.2343	0.1198	0.0002	0.001	30.0168	12.3275	0.1102	0.0216	0.8975	0.0502	0.8129	0.3851	0.0	0.0	0.0	0.0	0.0	0.0	0.0	0.0	0.0	0.0
grp-12	T3	29	870.0	3	0									35.574																	2.7481	0.4481	0.2575	0.1138	0.0016	0.0014	26.0218	10.7175	0.1267	0.037	0.8904	0.0694	0.8517	0.3397	0.0	0.0	0.0	0.0	0.0	0.0	0.0	0.0	0.0	0.0
grp-12	T3	30	900.0	3	0									35.574																	2.7128	0.46	0.2889	0.1168	-0.0014	0.0015	28.0205	7.6688	0.1214	0.0383	0.8976	0.0157	0.8026	0.377	0.0	0.0	0.0	0.0	0.0	0.0	0.0	0.0	0.0	0.0
grp-12	T3	31	930.0	3	0									35.574																	2.6733	0.408	0.309	0.1535	0.0013	0.0015	38.6744	15.0131	0.1117	0.0306	0.8104	0.1132	0.9225	0.2997	0.0	0.0	0.0	0.0	0.0	0.0	0.0	0.0	0.0	0.0
grp-12	T3	32	960.0	3	0									35.574																	2.6902	0.4338	0.3259	0.1283	0.0004	0.0038	41.3704	9.0255	0.1559	0.026	0.7885	0.1064	1.0151	0.3057	0.0	0.0	0.0	0.0	0.0	0.0	0.0	0.0	0.0	0.0
grp-12	T3	33	990.0	3	0									35.574																	2.7342	0.5122	0.3192	0.14	0.0017	0.0018	34.0299	15.5931	0.1619	0.0213	0.8076	0.0929	1.0261	0.4132	0.0	0.0	0.0	0.0	0.0	0.0	0.0	0.0	0.0	0.0
grp-12	T3	34	1020.0	3	0									35.574																	2.7618	0.5112	0.3375	0.1831	-0.0003	0.0012	39.5172	12.6856	0.1568	0.0121	0.7983	0.0941	1.1189	0.3989	0.0	0.0	0.0	0.0	0.0	0.0	0.0	0.0	0.0	0.0
grp-12	T3	35	1050.0	3	0									35.574																	2.7468	0.544	0.3425	0.1846	0.0021	0.0053	37.3625	21.4019	0.1267	0.0262	0.758	0.2637	1.0739	0.4819	0.0	0.0	0.0	0.0	0.0	0.0	0.0	0.0	0.0	0.0
grp-12	T3	36	1080.0	3	0									35.574																	2.8734	0.5646	0.4679	0.4289	0.0002	0.0015	36.0312	17.4609	0.1425	0.0325	0.6857	0.3802	1.3058	0.8668	0.0	0.0	0.0	0.0	0.0	0.0	0.0	0.0	0.0	0.0
grp-12	T3	37	1110.0	3	0									35.574																	2.9294	0.4988	0.5176	0.446	0.0039	0.0094	41.357	9.0127	0.1394	0.031	0.6822	0.3649	1.5751	1.2039	0.0	0.0	0.0	0.0	0.0	0.0	0.0	0.0	0.0	0.0
grp-12	T3	38	1140.0	3	0									35.574																	3.0714	0.4702	0.575	0.5434	-0.0061	0.0152	40.6975	13.0255	0.1583	0.0389	0.6518	0.4076	2.2941	2.4796	0.0	0.0	0.0	0.0	0.0	0.0	0.0	0.0	0.0	0.0
grp-12	T3	39	1170.0	3	0									35.574																	2.8222	0.5056	0.3469	0.1301	-0.0012	0.0018	36.0204	20.3215	0.1775	0.0173	0.7207	0.2468	1.0377	0.2235	0.0	0.0	0.0	0.0	0.0	0.0	0.0	0.0	0.0	0.0
grp-12	T3	40	1200.0	3	0									35.574																	2.7081	0.4817	0.3514	0.1745	-0.0012	0.0021	22.6804	12.8662	0.1657	0.0647	0.8197	0.125	0.9063	0.3073	0.0	0.0	0.0	0.0	0.0	0.0	0.0	0.0	0.0	0.0
grp-12	T3	41	1230.0	3	0									35.574																	2.7145	0.5933	0.3621	0.1889	0.0022	0.0034	30.526	19.0865	0.1355	0.0452	0.844	0.1136	0.8229	0.443	0.0	0.0	0.0	0.0	0.0	0.0	0.0	0.0	0.0	0.0
grp-12	T3	42	1260.0	3	0									35.574																															0.0	0.0	0.0	0.0	0.0	0.0	0.0	0.0	0.0	0.0
grp-12	T3	43	1290.0	3	0									35.574																															0.0	0.0	0.0	0.0	0.0	0.0	0.0	0.0	0.0	0.0
grp-12	T3	44	1320.0	3	0									35.574																															0.0	0.0	0.0	0.0	0.0	0.0	0.0	0.0	0.0	0.0
grp-12	T3	45	1350.0	3	0									35.574																															0.0	0.0	0.0	0.0	0.0	0.0	0.0	0.0	0.0	0.0
grp-13	T1	0	0.0	4	4	70.3841	22.5116	89.7945		0.0887	0.0952	0.0667	0.1123	36.2476	1.6119	0.0	0.0	1.543	0.0	0.0	0.0	0.0	0.0	0.0		0.0	0.0	0.0	0.0	0.0	2.9828	0.2122	0.2578	0.0727	0.0036	0.0035	14.0026	12.6514	0.1673	0.0266	0.9534	0.039	0.6118	0.1348	0.0	0.0	0.0	0.0	0.0	0.0	0.0	0.0	0.0	0.0
grp-13	T1	1	30.0	4	4	65.3495	21.3077	126.3362	72.373	0.0873	0.0923	0.0668	0.1336	36.2572	1.621	2.0	3.842	2.779	1.0	0.0	0.0	0.0	0.0	0.0		0.0	0.0	1.0	-0.0	0.0	3.0104	0.2077	0.2545	0.0707	-0.0027	0.0026	14.0119	11.145	0.172	0.0163	0.9584	0.041	0.5964	0.201	0.0	0.0	0.0	0.0	0.0	0.0	0.0	0.0	0.0	0.0
grp-13	T1	2	60.0	4	4	63.7276	21.1946	130.2982	38.9111	0.0861	0.0909	0.1001	0.2003	36.2686	1.6329	0.0	0.0	2.917	0.0	0.0	0.0	0.0	0.0	0.0		0.0	0.0	0.0	0.0	0.0	2.923	0.3076	0.2013	0.0889	0.0009	0.0018	4.0034	5.296	0.1066	0.0285	0.9758	0.0298	0.484	0.1897	0.0	0.0	0.0	0.0	0.0	0.0	0.0	0.0	0.0	0.0
grp-13	T1	3	90.0	4	4	71.1741	29.6155	101.4071	10.1089	0.0854	0.0909	0.0921	0.1842	36.2716	1.6363	2.0	4.563	6.687	0.0	0.0	0.0	0.0	0.0	0.0		0.0	0.0	1.0	-0.0	0.0	2.9371	0.3261	0.1784	0.0845	-0.0002	0.0014	12.0022		0.0867	0.0182	0.9786	0.0263	0.4197	0.215	0.0	0.0	0.0	0.0	0.0	0.0	0.0	0.0	0.0	0.0
grp-13	T1	4	120.0	4	4	71.5615	26.1712	94.3675	32.87	0.0891	0.099	0.0585	0.117	36.2754	1.64	2.0	4.494	3.295	1.0	1.0	1.0	0.0	0.0	0.0	1.0	0.0	0.0	2.0	0.8874	2.14	2.9032	0.2884	0.1695	0.0785	-0.0004	0.0011	9.0077	1.4154	0.098	0.0175	0.9796	0.0205	0.4316	0.2078	0.0	0.0	0.0	0.0	0.0	0.0	0.0	0.0	0.0	0.0
grp-13	T1	5	150.0	4	4	67.4528	21.1748	69.1047		0.0928	0.1061	0.0419	0.0838	36.2826	1.6466	0.0	0.0	87.295	0.0	0.0	0.0	0.0	0.0	0.0		0.0	0.0	0.0	0.0	0.0	2.9228	0.2896	0.1888	0.044	0.0014	0.0013	12.5107	8.5512	0.1375	0.0276	0.9629	0.0223	0.5108	0.1849	0.0	0.0	0.0	0.0	0.0	0.0	0.0	0.0	0.0	0.0
grp-13	T1	6	180.0	4	4	72.8291	23.8478	126.1297		0.0945	0.1096	0.0667	0.1334	36.2894	1.652																2.987	0.3235	0.1943	0.0398	0.0002	0.001	18.5034	9.0016	0.1628	0.0323	0.9466	0.0273	0.6085	0.133	0.0	0.0	0.0	0.0	0.0	0.0	0.0	0.0	0.0	0.0
grp-13	T1	7	210.0	4	4	67.6334	22.1197	157.7158	41.1622	0.0943	0.1089	0.0834	0.1667	36.2914	1.6534																2.9935	0.3465	0.2101	0.0322	-0.001	0.0019	18.0153	12.6599	0.1636	0.0195	0.9365	0.0383	0.6497	0.0879	0.0	0.0	0.0	0.0	0.0	0.0	0.0	0.0	0.0	0.0
grp-13	T1	8	240.0	4	4	62.4641	19.3134	132.3529		0.0954	0.1108	0.0668	0.1336	36.2937	1.6555	2.0	26.538	0.841	0.0	0.0	0.0	0.0	0.0	0.0		0.0	0.0	1.0	-0.0	0.0	2.8123	0.2746	0.2592	0.0742	-0.0051	0.0028	15.5132	10.3851	0.1613	0.0488	0.9474	0.0282	0.4739	0.0286	0.0	0.0	0.0	0.0	0.0	0.0	0.0	0.0	0.0	0.0
grp-13	T1	9	270.0	4	4	64.9004	20.0036			0.098	0.1149	0.0084	0.0167	36.3038	1.6656	4.0	25.398	6.26	0.0	0.0	0.0	0.0	0.0	0.0		0.0	0.0	1.0	-0.0	0.0	2.5579	0.1929	0.1569	0.0277	-0.0032	0.0011	9.5038	3.0028	0.0682	0.0305	0.9756	0.0083	0.2479	0.0453	0.0	0.0	0.0	0.0	0.0	0.0	0.0	0.0	0.0	0.0
grp-13	T1	10	300.0	4	4	69.6199	21.8277	178.007	5.3514	0.0986	0.1151	0.0417	0.0834	36.306	1.6682	4.0	23.595	4.743	3.0	1.0	0.0	1.0	0.0	0.0	0.0	0.0	0.0	2.0	0.1972	1.919	2.4846	0.204	0.1038	0.0554	0.0008	0.0007	13.3447	4.1668	0.0843	0.0192	0.9749	0.0141	0.2308	0.0675	0.0	0.0	0.0	0.0	0.0	0.0	0.0	0.0	0.0	0.0
grp-13	T1	11	330.0	4	4	67.1803	22.0486	143.9441		0.1006	0.1183	0.0668	0.1336	36.3004	1.6625	4.0	24.999	9.762	1.0	0.0	0.0	0.0	0.0	0.0		0.0	0.0	1.0	-0.0	0.39	2.5164	0.2236	0.1209	0.0734	0.0005	0.0007	10.6735	1.1576	0.0856	0.0421	0.9756	0.0112	0.269	0.1127	0.0	0.0	0.0	0.0	0.0	0.0	0.0	0.0	0.0	0.0
grp-13	T1	12	360.0	4	4	61.972	19.3773	99.8137		0.1064	0.1289	0.0501	0.1002	36.2997	1.6613	2.0	45.73	0.0	1.0	1.0	1.0	0.0	0.0	0.0	1.0	0.0	0.0	1.0	-0.0	9.818	2.5051	0.2007	0.13	0.0767	-0.0005	0.0014	13.0111	1.4154	0.0882	0.0187	0.9813	0.0178	0.2676	0.13	0.0	0.0	0.0	0.0	0.0	0.0	0.0	0.0	0.0	0.0
grp-13	T1	13	390.0	4	4	63.6058	19.1913	143.6318	52.1858	0.1073	0.13	0.0667	0.1335	36.2983	1.66	1.0	10.447	0.868	6.0	0.0	0.0	0.0	0.0	0.0		0.0	0.0	1.0	-0.0	0.528	2.6651	0.2114	0.2682	0.0673	0.0064	0.0015	12.0102	2.0017	0.1818	0.0378	0.9734	0.0164	0.4687	0.0975	0.0	0.0	0.0	0.0	0.0	0.0	0.0	0.0	0.0	0.0
grp-13	T1	14	420.0	4	4	67.7247	20.3882	165.6828		0.1051	0.1252	0.0918	0.1835	36.2949	1.6563	4.0	34.24	4.081	1.0	0.0	0.0	0.0	0.0	0.0		0.0	0.0	2.0	1.0	0.38	2.9246	0.2646	0.222	0.0607	0.0029	0.001	8.6683	3.0556	0.1898	0.0255	0.9738	0.0143	0.5835	0.1549	0.0	0.0	0.0	0.0	0.0	0.0	0.0	0.0	0.0	0.0
grp-13	T1	15	450.0	4	4	73.5295	24.0754	169.1935	3.6363	0.1077	0.1298	0.1167	0.2334	36.2872	1.6478	4.0	9.909	13.273	0.0	1.0	0.0	1.0	0.0	0.0	0.0	0.0	0.0	2.0	0.7457	1.004	2.9371	0.2974	0.2104	0.0599	-0.0021	0.0007	8.6741	3.0577	0.1974	0.0123	0.9743	0.0122	0.5236	0.2231	0.0	0.0	0.0	0.0	0.0	0.0	0.0	0.0	0.0	0.0
grp-13	T1	16	480.0	4	4	75.7936	26.289	197.2308		0.1084	0.1311	0.1168	0.2335	36.2786	1.6387	10.0	23.603	6.488	4.0	2.0	0.0	2.0	0.0	0.0	0.0	0.0	0.0	2.0	0.6249	2.113	2.7975	0.315	0.2256	0.0975	-0.0028	0.0003	15.3464	3.0576	0.1596	0.0648	0.9656	0.0183	0.4749	0.2347	0.0	0.0	0.0	0.0	0.0	0.0	0.0	0.0	0.0	0.0
grp-13	T1	17	510.0	4	4	74.3656	24.8951	105.8047		0.1067	0.1278	0.142	0.2839	36.2694	1.6291	3.0	35.036	4.848	2.0	0.0	0.0	0.0	0.0	0.0		0.0	0.0	3.0	0.4683	1.103	2.8051	0.3226	0.2331	0.0887	0.0023	0.0016	20.0037	3.4648	0.1629	0.058	0.9471	0.0441	0.4744	0.1998	0.0	0.0	0.0	0.0	0.0	0.0	0.0	0.0	0.0	0.0
grp-13	T1	18	540.0	4	4	67.4896	20.2975	152.7175	34.5138	0.1083	0.1305	0.1169	0.2339	36.2566	1.616	6.0	14.487	10.378	8.0	2.0	2.0	0.0	0.0	0.0	1.0	0.0	0.0	4.0	1.8848	10.067	2.9022	0.3379	0.1961	0.0736	0.0009	0.001	17.3481	11.3822	0.1398	0.0428	0.9452	0.0586	0.5016	0.2406	0.0	0.0	0.0	0.0	0.0	0.0	0.0	0.0	0.0	0.0
grp-13	T1	19	570.0	4	4	63.9631	19.3023	160.3735	9.2984	0.1096	0.1324	0.1252	0.2504	36.249	1.6078	2.0	7.103	8.131	2.0	1.0	0.0	1.0	0.0	0.0	0.0	0.0	0.0	2.0	0.8727	11.427	2.9572	0.3235	0.1952	0.0677	0.0016	0.0004	16.0137	9.3889	0.1611	0.0447	0.9492	0.0301	0.5544	0.1663	0.0	0.0	0.0	0.0	0.0	0.0	0.0	0.0	0.0	0.0
grp-13	T1	20	600.0	4	4	64.0369	20.1043	126.2734		0.113	0.1402	0.1419	0.1895	36.2446	1.603																2.9671	0.3383	0.2112	0.0748	-0.0011	0.0039	23.0069	12.0556	0.1885	0.0283	0.9367	0.0315	0.6197	0.2318	0.0	0.0	0.0	0.0	0.0	0.0	0.0	0.0	0.0	0.0
grp-13	T1	21	630.0	4	4	63.0718	19.1647	74.8		0.1115	0.1416	0.1335	0.1746	36.2347	1.5932																2.9482	0.3665	0.2037	0.0771	0.0006	0.0021	28.6912	10.2721	0.1643	0.0526	0.9332	0.0657	0.5529	0.395	0.0	0.0	0.0	0.0	0.0	0.0	0.0	0.0	0.0	0.0
grp-13	T1	22	660.0	4	4	64.5696	20.5045	106.0283	23.1446	0.1107	0.14	0.1169	0.1378	36.2241	1.5829																3.0377	0.3217	0.2513	0.0813	0.0017	0.0028	15.5116	10.6404	0.1772	0.035	0.9362	0.0535	0.5229	0.2009	0.0	0.0	0.0	0.0	0.0	0.0	0.0	0.0	0.0	0.0
grp-13	T1	23	690.0	4	4	67.4766	22.548	114.7211	54.5848	0.1162	0.1472	0.0751	0.1289	36.2224	1.5815																3.0406	0.3118	0.2609	0.0808	-0.002	0.003	14.008	10.7158	0.167	0.0526	0.9469	0.0299	0.5276	0.0295	0.0	0.0	0.0	0.0	0.0	0.0	0.0	0.0	0.0	0.0
grp-13	T1	24	720.0	4	4	77.7375	28.7865	95.273		0.1201	0.1542	0.0918	0.1621	36.2267	1.5857																2.9845	0.3569	0.2509	0.0666	0.0	0.0014	13.5115	7.5563	0.1521	0.0502	0.9542	0.0268	0.5319	0.1199	0.0	0.0	0.0	0.0	0.0	0.0	0.0	0.0	0.0	0.0
grp-13	T1	25	750.0	4	4	79.8111	33.3136	145.7617	43.7413	0.1215	0.1549	0.0918	0.1621	36.2206	1.5801																2.9618	0.3436	0.2286	0.092	-0.0012	0.0021	22.0076	5.2864	0.1505	0.0344	0.9501	0.0302	0.4985	0.0979	0.0	0.0	0.0	0.0	0.0	0.0	0.0	0.0	0.0	0.0
grp-13	T1	26	780.0	4	4	72.2298	24.0654	102.0563	1.2424	0.1243	0.159	0.0835	0.167	36.2117	1.5717																2.9008	0.2934	0.1869	0.0478	-0.0011	0.0013	22.0188	4.0035	0.1601	0.0275	0.9539	0.029	0.4375	0.0827	0.0	0.0	0.0	0.0	0.0	0.0	0.0	0.0	0.0	0.0
grp-13	T1	27	810.0	4	4	68.5275	20.4713	119.9015	25.713	0.1273	0.1643	0.0751	0.0959	36.2083	1.5685																2.9174	0.305	0.1742	0.0582	0.0009	0.002	16.6809	5.0376	0.1791	0.0669	0.9526	0.0378	0.4898	0.2283	0.0	0.0	0.0	0.0	0.0	0.0	0.0	0.0	0.0	0.0
grp-13	T1	28	840.0	4	4	66.0309	19.0264	95.5114		0.1264	0.1626	0.1334	0.1565	36.2122	1.5724																2.934	0.3203	0.1629	0.0599	-0.0011	0.0014	16.6698	6.4303	0.1766	0.0764	0.9549	0.0395	0.4787	0.3041	0.0	0.0	0.0	0.0	0.0	0.0	0.0	0.0	0.0	0.0
grp-13	T1	29	870.0	4	4	64.6436	19.6323	148.1461	33.987	0.1253	0.1602	0.1502	0.1917	36.2168	1.577																2.8969	0.325	0.1866	0.0747	0.0	0.0029	16.0137	4.0034	0.1573	0.0439	0.9688	0.0179	0.4571	0.119	0.0	0.0	0.0	0.0	0.0	0.0	0.0	0.0	0.0	0.0
grp-13	T1	30	900.0	4	4	70.002	21.8951	114.5419	55.5988	0.1259	0.1605	0.0669	0.1338	36.2328	1.5928																2.8837	0.3702	0.1842	0.033	0.0001	0.0022	12.5107	6.6137	0.162	0.0247	0.9694	0.0124	0.4781	0.0748	0.0	0.0	0.0	0.0	0.0	0.0	0.0	0.0	0.0	0.0
grp-13	T1	31	930.0	4	4	71.8115	22.7669	77.7237	24.5452	0.1268	0.1618	0.1003	0.2006	36.2646	1.6246																2.8306	0.381	0.1604	0.0251	-0.0015	0.0013	14.0035	8.7179	0.1035	0.0521	0.971	0.0142	0.3786	0.0777	0.0	0.0	0.0	0.0	0.0	0.0	0.0	0.0	0.0	0.0
grp-13	T1	32	960.0	4	4	65.9522	19.4936	99.6023	22.2741	0.1278	0.1637	0.0917	0.162	36.2852	1.6469																2.8414	0.3945	0.1568	0.0372	0.0011	0.0018	14.6792	5.7785	0.1229	0.0461	0.9696	0.0172	0.4168	0.1083	0.0	0.0	0.0	0.0	0.0	0.0	0.0	0.0	0.0	0.0
grp-13	T1	33	990.0	4	4	63.1327	20.032	79.2964		0.1344	0.1789	0.0751	0.1102	36.291	1.6556																2.8808	0.3912	0.1982	0.079	-0.0012	0.0019	11.0084	6.0063	0.1713	0.0746	0.9606	0.0351	0.5218	0.2929	0.0	0.0	0.0	0.0	0.0	0.0	0.0	0.0	0.0	0.0
grp-13	T1	34	1020.0	4	4	63.2317	23.0293	108.2858		0.1389	0.1885	0.0919	0.1427	36.2953	1.6628																2.9094	0.3151	0.2374	0.0531	0.001	0.0024	21.34	8.3238	0.1727	0.0493	0.9397	0.0606	0.5505	0.4074	0.0	0.0	0.0	0.0	0.0	0.0	0.0	0.0	0.0	0.0
grp-13	T1	35	1050.0	4	4	62.4772	25.6682	184.6794		0.1339	0.1777	0.1002	0.1279	36.3067	1.678																2.9776	0.2353	0.2155	0.0264	0.0006	0.0027	28.0239	9.173	0.1856	0.0308	0.9324	0.053	0.6162	0.2653	0.0	0.0	0.0	0.0	0.0	0.0	0.0	0.0	0.0	0.0
grp-13	T1	36	1080.0	4	4	66.5611	20.353	23.6846		0.1309	0.1714	0.1084	0.1751	36.3235	1.6983																2.9718	0.253	0.2022	0.06	-0.0016	0.0009	20.6816	8.0942	0.194	0.0415	0.9514	0.0333	0.6562	0.2602	0.0	0.0	0.0	0.0	0.0	0.0	0.0	0.0	0.0	0.0
grp-13	T1	37	1110.0	4	4	63.7832	20.7681	142.0258		0.1373	0.1827	0.1168	0.1733	36.3317	1.7072																2.9142	0.3044	0.2062	0.0712	-0.002	0.0019	16.0137	8.7253	0.1702	0.0376	0.9611	0.0289	0.6105	0.2206	0.0	0.0	0.0	0.0	0.0	0.0	0.0	0.0	0.0	0.0
grp-13	T1	38	1140.0	4	4	54.6967	19.5672	174.4365		0.1418	0.191	0.1253	0.1599	36.3332	1.7076																2.7889	0.2986	0.1961	0.0561	-0.0035	0.002	11.343	9.2455	0.1056	0.017	0.9681	0.0285	0.3999	0.0918	0.0	0.0	0.0	0.0	0.0	0.0	0.0	0.0	0.0	0.0
grp-13	T1	39	1170.0	4	4	58.2205	19.0531	166.8052	35.6137	0.1387	0.1832	0.0834	0.1107	36.3318	1.704																2.6705	0.2425	0.1499	0.0383	-0.0006	0.0023	8.0015	8.4869	0.0672	0.0161	0.982	0.0174	0.2698	0.1388	0.0	0.0	0.0	0.0	0.0	0.0	0.0	0.0	0.0	0.0
grp-13	T1	40	1200.0	4	4	65.7227	19.5179	84.0468	9.0163	0.1377	0.1789	0.0751	0.1289	36.3291	1.6997																2.6395	0.2234	0.1504	0.0627	-0.0001	0.0011	7.006	1.4154	0.079	0.0261	0.983	0.0183	0.3409	0.1831	0.0	0.0	0.0	0.0	0.0	0.0	0.0	0.0	0.0	0.0
grp-13	T1	41	1230.0	4	4	66.6958	20.1842	88.3514	13.2858	0.1431	0.1889	0.1085	0.1575	36.3347	1.7042																2.5934	0.1795	0.1626	0.0575	-0.0012	0.0024	8.6741	1.1556	0.0647	0.0219	0.9781	0.0184	0.3194	0.1537	0.0	0.0	0.0	0.0	0.0	0.0	0.0	0.0	0.0	0.0
grp-13	T1	42	1260.0	4	4	66.9538	20.6191	70.7712	17.4633	0.1477	0.1989	0.0668	0.0818	36.3321	1.7003																2.5464	0.1738	0.1155	0.065	-0.0002	0.0005	8.0035	2.8261	0.0526	0.0142	0.9828	0.0102	0.2408	0.101	0.0	0.0	0.0	0.0	0.0	0.0	0.0	0.0	0.0	0.0
grp-13	T1	43	1290.0	4	4	69.727	22.2413	84.9698	22.4053	0.1489	0.2025	0.0751	0.0958	36.3221	1.6901																2.5511	0.2004	0.1036	0.0416	0.0001	0.0006	6.6724	3.0577	0.0529	0.0045	0.981	0.0161	0.2398	0.115	0.0	0.0	0.0	0.0	0.0	0.0	0.0	0.0	0.0	0.0
grp-13	T1	44	1320.0	4	4	70.5447	22.7584	123.8508	72.1933	0.1503	0.2038	0.1585	0.2203	36.3199	1.6879																2.5741	0.2244	0.1116	0.0426	0.0005	0.0003	8.0055	2.0037	0.0729	0.0425	0.9736	0.0188	0.2917	0.1269	0.0	0.0	0.0	0.0	0.0	0.0	0.0	0.0	0.0	0.0
grp-13	T1	45	1350.0	4	4	67.9251	21.3708	130.7663	63.3118	0.1498	0.2002	0.1837	0.2679	36.3185	1.6862																2.6065	0.2155	0.1545	0.0761	0.0007	0.0026	7.3356	3.0542	0.0847	0.0369	0.9778	0.0141	0.3184	0.0923	0.0	0.0	0.0	0.0	0.0	0.0	0.0	0.0	0.0	0.0
grp-13	T1	46	1380.0	4	4	67.567	21.1722	85.6201	23.8717	0.1491	0.2004	0.1669	0.2527	36.3166	1.6846																2.6486	0.2399	0.1658	0.1043	0.0002	0.0034	6.0051	5.296	0.0641	0.016	0.9835	0.0112	0.288	0.0893	0.0	0.0	0.0	0.0	0.0	0.0	0.0	0.0	0.0	0.0
grp-13	T1	47	1410.0	4	4	68.5566	21.6736	138.9647	65.392	0.1499	0.2022	0.1752	0.2518	36.3117	1.6797																2.7101	0.2872	0.2228	0.1012	0.0012	0.0045	10.0068	5.2971	0.112	0.0515	0.9666	0.0242	0.3981	0.1384	0.0	0.0	0.0	0.0	0.0	0.0	0.0	0.0	0.0	0.0
grp-13	T1	48	1440.0	4	4	71.5017	23.5601	165.7523	50.7109	0.1475	0.1954	0.1754	0.203	36.3069	1.6743																2.8255	0.4145	0.2142	0.1033	0.0019	0.0027	14.6756	8.0889	0.1463	0.0386	0.9604	0.0301	0.5604	0.2239	0.0	0.0	0.0	0.0	0.0	0.0	0.0	0.0	0.0	0.0
grp-13	T1	49	1470.0	4	4	71.5062	23.5484	149.6584	35.5382	0.1462	0.1915	0.1335	0.1888	36.3044	1.6709																2.9076	0.4851	0.2081	0.0968	0.0007	0.0013	13.5115	10.2557	0.1631	0.0393	0.9616	0.0245	0.5794	0.1382	0.0	0.0	0.0	0.0	0.0	0.0	0.0	0.0	0.0	0.0
grp-13	T1	50	1500.0	4	4	66.8132	21.3319	168.8305		0.1482	0.1987	0.1668	0.2359	36.2963	1.6621																2.9795	0.4422	0.2584	0.0287	0.0026	0.0025	16.5074	10.3814	0.1904	0.0217	0.9543	0.026	0.5992	0.1204	0.0	0.0	0.0	0.0	0.0	0.0	0.0	0.0	0.0	0.0
grp-13	T1	51	1530.0	4	4	67.5849	21.1727	171.1252	38.7761	0.1488	0.2042	0.1584	0.2546	36.292	1.6557																3.0223	0.3358	0.2288	0.0652	-0.0006	0.0014	18.6826	9.0261	0.1591	0.0214	0.9621	0.0248	0.5823	0.188	0.0	0.0	0.0	0.0	0.0	0.0	0.0	0.0	0.0	0.0
grp-13	T2	0	0.0	4	4	64.7648	19.5418	131.4301		0.1483	0.2032	0.0334	0.0472	36.2938	1.6522	5.0	7.825	11.694	0.0	1.0	0.0	1.0	0.0	0.0	0.0	0.0	0.0	3.0	1.38	1.036	2.9063	0.254	0.1634	0.0358	-0.0006	0.0009	7.5014	4.1239	0.1433	0.0306	0.9745	0.0094	0.4688	0.0787	0.0	0.0	0.0	0.0	0.0	0.0	0.0	0.0	0.0	0.0
grp-13	T2	1	30.0	4	4	65.0824	19.7081	113.0354	13.2113	0.156	0.2174	0.0417	0.0631	36.3001	1.658	0.0	0.0	1.741	0.0	0.0	0.0	0.0	0.0	0.0		0.0	0.0	0.0	0.0	0.0	2.8836	0.2332	0.1767	0.0571	-0.0	0.0014	6.0051	3.2688	0.126	0.0688	0.9696	0.0248	0.4604	0.1608	0.0	0.0	0.0	0.0	0.0	0.0	0.0	0.0	0.0	0.0
grp-13	T2	2	60.0	4	4	65.4998	20.4662	186.9459	19.2974	0.1571	0.2188	0.0751	0.1502	36.3101	1.6681	0.0	0.0	4.148	0.0	0.0	0.0	0.0	0.0	0.0		0.0	0.0	0.0	0.0	0.0	2.8532	0.2332	0.1971	0.0693	-0.0002	0.0005	9.5081	5.7494	0.1559	0.0651	0.9586	0.0342	0.5422	0.2379	0.0	0.0	0.0	0.0	0.0	0.0	0.0	0.0	0.0	0.0
grp-13	T2	3	90.0	4	4	66.6955	20.9496	148.7732		0.157	0.2176	0.1086	0.1956	36.3134	1.6716	0.0	0.0	59.048	0.0	0.0	0.0	0.0	0.0	0.0		0.0	0.0	0.0	0.0	0.0	2.8234	0.2438	0.2187	0.0689	0.0005	0.0009	14.6694	6.4302	0.1947	0.0461	0.9594	0.024	0.608	0.2175	0.0	0.0	0.0	0.0	0.0	0.0	0.0	0.0	0.0	0.0
grp-13	T2	4	120.0	4	4	69.9295	21.4596	117.7586	32.9054	0.1564	0.2157	0.1334	0.2246	36.308	1.6663																2.7878	0.2293	0.2493	0.0871	-0.0017	0.0018	16.5141	8.0691	0.1744	0.0377	0.9544	0.0207	0.5878	0.1548	0.0	0.0	0.0	0.0	0.0	0.0	0.0	0.0	0.0	0.0
grp-13	T2	5	150.0	4	4	68.0649	20.5183	102.0922	37.0458	0.1598	0.222	0.0751	0.1501	36.3051	1.6637	1.0	12.405	0.0	0.0	0.0	0.0	0.0	0.0	0.0		0.0	0.0	1.0	-0.0	0.0	2.6504	0.1917	0.2184	0.0562	-0.0036	0.0017	15.0128	6.6388	0.1131	0.0379	0.9634	0.0173	0.4087	0.1388	0.0	0.0	0.0	0.0	0.0	0.0	0.0	0.0	0.0	0.0
grp-13	T2	6	180.0	4	4	72.0547	22.9911	115.8837	73.9457	0.1604	0.223	0.0919	0.1839	36.3123	1.6713	3.0	17.886	4.102	0.0	0.0	0.0	0.0	0.0	0.0		0.0	0.0	1.0	-0.0	0.0	2.5494	0.2092	0.1276	0.0554	-0.0003	0.0019	10.0018	4.8999	0.0798	0.0585	0.9756	0.0123	0.263	0.0974	0.0	0.0	0.0	0.0	0.0	0.0	0.0	0.0	0.0	0.0
grp-13	T2	7	210.0	4	4	72.2999	23.438	119.4543	59.0847	0.1597	0.2205	0.0501	0.0795	36.3199	1.6794	3.0	32.019	3.522	0.0	0.0	0.0	0.0	0.0	0.0		0.0	0.0	1.0	-0.0	0.0	2.6428	0.265	0.1955	0.0776	0.0024	0.0013	10.509	6.8127	0.1496	0.0398	0.9718	0.0192	0.3581	0.0748	0.0	0.0	0.0	0.0	0.0	0.0	0.0	0.0	0.0	0.0
grp-13	T2	8	240.0	4	4	67.2955	20.4264	132.5959	70.9428	0.1572	0.2194	0.0917	0.1259	36.3234	1.683	3.0	19.435	9.831	0.0	0.0	0.0	0.0	0.0	0.0		0.0	0.0	1.0	-0.0	0.0	2.7589	0.3284	0.2051	0.0705	0.0011	0.002	15.3464	11.0246	0.1603	0.0392	0.9706	0.021	0.4559	0.1939	0.0	0.0	0.0	0.0	0.0	0.0	0.0	0.0	0.0	0.0
grp-13	T2	9	270.0	4	4	65.5791	19.8405	165.2179	5.6833	0.159	0.2275	0.1336	0.1543	36.3256	1.6857	2.0	21.169	5.026	3.0	1.0	0.0	1.0	0.0	0.0	0.0	0.0	0.0	2.0	0.8045	1.562	2.8609	0.3935	0.2206	0.1054	0.0024	0.0033	13.3371	12.7029	0.1465	0.0595	0.9706	0.0237	0.4337	0.1534	0.0	0.0	0.0	0.0	0.0	0.0	0.0	0.0	0.0	0.0
grp-13	T2	10	300.0	4	4	64.8023	20.248	158.2212	15.8661	0.1584	0.2236	0.1501	0.1916	36.3219	1.6825	3.0	34.626	1.762	1.0	0.0	0.0	0.0	0.0	0.0		0.0	0.0	1.0	-0.0	0.51	2.9513	0.392	0.2039	0.0775	0.0003	0.0014	9.3413	9.4597	0.1614	0.0271	0.9659	0.024	0.4678	0.1966	0.0	0.0	0.0	0.0	0.0	0.0	0.0	0.0	0.0	0.0
grp-13	T2	11	330.0	4	4	63.6108	20.4516	230.5613		0.1568	0.2193	0.1502	0.1918	36.3166	1.6779	3.0	26.193	6.884	0.0	0.0	0.0	0.0	0.0	0.0		0.0	0.0	2.0	0.9995	0.0	2.9705	0.3795	0.2171	0.0761	0.0005	0.0017	9.3413	8.0898	0.1584	0.0303	0.9646	0.0258	0.4878	0.2412	0.0	0.0	0.0	0.0	0.0	0.0	0.0	0.0	0.0	0.0
grp-13	T2	12	360.0	4	4	58.8582	18.9945	163.3989		0.1578	0.2192	0.1669	0.2712	36.3093	1.6716	1.0	17.881	1.582	3.0	0.0	0.0	0.0	0.0	0.0		0.0	0.0	1.0	-0.0	0.762	2.9491	0.3338	0.2405	0.0737	-0.001	0.0031	13.3447	8.3338	0.1969	0.0547	0.9572	0.0281	0.5818	0.2142	0.0	0.0	0.0	0.0	0.0	0.0	0.0	0.0	0.0	0.0
grp-13	T2	13	390.0	4	4	62.5506	18.6289	102.1032	36.7232	0.1618	0.2267	0.1502	0.2786	36.2984	1.6612	4.0	40.164	3.173	1.0	0.0	0.0	0.0	0.0	0.0		0.0	0.0	2.0	0.9961	0.68	2.9085	0.2461	0.2148	0.0873	-0.0002	0.0009	10.509	5.0043	0.1598	0.0596	0.9599	0.0202	0.5792	0.1966	0.0	0.0	0.0	0.0	0.0	0.0	0.0	0.0	0.0	0.0
grp-13	T2	14	420.0	4	4	66.656	20.9826	152.4006	18.6018	0.1689	0.2423	0.142	0.2622	36.2852	1.649	2.0	17.654	3.101	2.0	0.0	0.0	0.0	0.0	0.0		0.0	0.0	1.0	-0.0	0.62	2.9265	0.3206	0.2064	0.0892	0.0009	0.0037	10.6686	2.3098	0.184	0.0134	0.9678	0.0193	0.4819	0.2222	0.0	0.0	0.0	0.0	0.0	0.0	0.0	0.0	0.0	0.0
grp-13	T2	15	450.0	4	4	69.1746	21.5072	110.9033	24.79	0.1788	0.2624	0.1001	0.1786	36.2732	1.6389	2.0	25.85	3.221	2.0	0.0	0.0	0.0	0.0	0.0		0.0	0.0	1.0	-0.0	1.022	2.9199	0.3754	0.2096	0.0846	-0.0008	0.0019	12.0103	5.2961	0.1943	0.0583	0.9598	0.0301	0.5476	0.2547	0.0	0.0	0.0	0.0	0.0	0.0	0.0	0.0	0.0	0.0
grp-13	T2	16	480.0	4	4	68.4152	20.7284	138.4237	1.3043	0.1812	0.2668	0.1001	0.1588	36.265	1.6334	4.0	21.263	4.967	0.0	0.0	0.0	0.0	0.0	0.0		0.0	0.0	3.0	1.0007	0.0	2.9398	0.359	0.2157	0.0801	0.0015	0.0019	12.6775	9.0262	0.1952	0.0295	0.9509	0.0384	0.6283	0.3076	0.0	0.0	0.0	0.0	0.0	0.0	0.0	0.0	0.0	0.0
grp-13	T2	17	510.0	4	4	64.6328	19.7581	142.047	51.5172	0.1846	0.273	0.1252	0.1453	36.2543	1.625	8.0	30.379	4.644	2.0	0.0	0.0	0.0	0.0	0.0		0.0	0.0	1.0	-0.0	1.261	3.0135	0.3522	0.1919	0.0635	0.0007	0.0017	15.3362	11.5492	0.1745	0.0369	0.9424	0.0472	0.5961	0.2805	0.0	0.0	0.0	0.0	0.0	0.0	0.0	0.0	0.0	0.0
grp-13	T2	18	540.0	4	4	61.504	19.2246	137.9121		0.1925	0.2872	0.1503	0.1819	36.2488	1.6211	5.0	22.933	6.589	1.0	0.0	0.0	0.0	0.0	0.0		0.0	0.0	2.0	0.9934	0.331	3.0372	0.3478	0.1809	0.0489	0.0002	0.0011	11.343	11.3822	0.1387	0.0436	0.9476	0.0458	0.5073	0.1325	0.0	0.0	0.0	0.0	0.0	0.0	0.0	0.0	0.0	0.0
grp-13	T2	19	570.0	4	4	59.5937	19.3893	119.861		0.1913	0.2834	0.075	0.1288	36.2505	1.6246	7.0	13.038	14.775	1.0	1.0	1.0	0.0	0.0	0.0	1.0	0.0	0.0	4.0	1.2571	3.512	3.0238	0.3903	0.193	0.0545	-0.0003	0.0013	12.6775	9.8742	0.1571	0.0652	0.9516	0.0401	0.4979	0.1671	0.0	0.0	0.0	0.0	0.0	0.0	0.0	0.0	0.0	0.0
grp-13	T2	20	600.0	4	4	65.3631	20.3992	114.9546		0.1966	0.2924	0.0334	0.0472	36.2511	1.6263	5.0	17.299	11.925	1.0	0.0	0.0	0.0	0.0	0.0		2.0	0.0	4.0	1.766	5.177	3.0206	0.3733	0.2059	0.056	0.0005	0.002	20.0064	6.9249	0.1618	0.0768	0.9451	0.0363	0.5316	0.2059	0.0	0.0	0.0	0.0	0.0	0.0	0.0	0.0	0.0	0.0
grp-13	T2	21	630.0	4	4	67.2062	21.0164	152.5235		0.2009	0.299	0.1085	0.1319	36.2478	1.6233	8.0	17.722	12.061	3.0	0.0	0.0	0.0	0.0	0.0		1.0	0.0	3.0	1.1269	2.016	2.9835	0.2552	0.2217	0.036	-0.0016	0.0024	14.012	10.5921	0.2119	0.0663	0.9618	0.0292	0.5141	0.1022	0.0	0.0	0.0	0.0	0.0	0.0	0.0	0.0	0.0	0.0
grp-13	T2	22	660.0	4	4	63.5233	19.4833			0.1959	0.2886	0.1836	0.2383	36.2413	1.6173	14.0	21.369	6.185	1.0	4.0	2.0	2.0	0.0	0.0	0.5	0.0	0.0	4.0	1.268	9.838	2.9496	0.2057	0.223	0.0574	0.0008	0.0024	10.6735	7.0301	0.2177	0.0455	0.9704	0.0238	0.4925	0.1163	0.0	0.0	0.0	0.0	0.0	0.0	0.0	0.0	0.0	0.0
grp-13	T2	23	690.0	4	4	60.9456	18.9881	171.1362		0.1969	0.2918	0.1585	0.2202	36.2353	1.6124	1.0	1.843	2.223	0.0	0.0	0.0	0.0	0.0	0.0		0.0	0.0	1.0	-0.0	0.0	3.0394	0.2684	0.229	0.0637	0.0029	0.0019	20.6785	6.1078	0.1756	0.0183	0.9289	0.0606	0.6268	0.2693	0.0	0.0	0.0	0.0	0.0	0.0	0.0	0.0	0.0	0.0
grp-13	T2	24	720.0	4	4	62.4215	18.821	164.0157		0.2074	0.3165	0.1918	0.2252	36.2348	1.6107																3.1028	0.341	0.1797	0.0883	-0.0007	0.001	28.6912	18.5991	0.1565	0.0508	0.9105	0.0817	0.6789	0.3874	0.0	0.0	0.0	0.0	0.0	0.0	0.0	0.0	0.0	0.0
grp-13	T2	25	750.0	4	4	64.0318	19.1226			0.2002	0.3025	0.1753	0.2136	36.2328	1.6064																3.0946	0.3288	0.2032	0.067	0.0001	0.0022	27.3473	15.5488	0.1631	0.0325	0.9229	0.064	0.6423	0.3872	0.0	0.0	0.0	0.0	0.0	0.0	0.0	0.0	0.0	0.0
grp-13	T2	26	780.0	4	4	61.3695	18.7377	179.9476		0.192	0.2815	0.192	0.2676	36.2201	1.5915																3.0758	0.2975	0.2113	0.0628	-0.0006	0.0014	29.3584	14.2014	0.1576	0.0237	0.911	0.0823	0.6072	0.2701	0.0	0.0	0.0	0.0	0.0	0.0	0.0	0.0	0.0	0.0
grp-13	T2	27	810.0	4	4	64.3183	19.6359	180.2793		0.1991	0.2877	0.2003	0.2998	36.2017	1.5711																3.0558	0.2872	0.1764	0.0439	0.0001	0.0013	23.3533	16.6676	0.1317	0.0203	0.93	0.0801	0.5428	0.2005	0.0	0.0	0.0	0.0	0.0	0.0	0.0	0.0	0.0	0.0
grp-13	T2	28	840.0	4	4	70.9358	26.1993			0.2062	0.2946	0.1586	0.2367	36.1879	1.5567																3.0464	0.3164	0.1764	0.0374	-0.0005	0.0019	20.0037	13.859	0.14	0.0255	0.9501	0.0373	0.5034	0.1781	0.0	0.0	0.0	0.0	0.0	0.0	0.0	0.0	0.0	0.0
grp-13	T2	29	870.0	4	4	68.7675	22.2577	167.4369		0.2161	0.3135	0.1001	0.1416	36.1718	1.5394																3.0433	0.3472	0.1994	0.074	-0.0	0.0008	17.5149	15.0128	0.1589	0.0787	0.9317	0.041	0.5067	0.1529	0.0	0.0	0.0	0.0	0.0	0.0	0.0	0.0	0.0	0.0
grp-13	T2	30	900.0	4	4	66.1908	19.3449	170.1606		0.2179	0.317	0.1168	0.1454	36.1619	1.5293																3.0814	0.3862	0.219	0.081	0.0008	0.0019	17.3481	5.7785	0.1488	0.0646	0.9342	0.0461	0.6034	0.2244	0.0	0.0	0.0	0.0	0.0	0.0	0.0	0.0	0.0	0.0
grp-13	T2	31	930.0	4	4	62.7948	18.8874	146.2751	13.1144	0.2116	0.304	0.217	0.2637	36.1622	1.5301																3.0924	0.4171	0.2206	0.0592	-0.0002	0.0019	19.3405	11.373	0.1558	0.0617	0.9312	0.0538	0.6133	0.2172	0.0	0.0	0.0	0.0	0.0	0.0	0.0	0.0	0.0	0.0
grp-13	T2	32	960.0	4	4	60.1536	18.4241	184.3761	16.6704	0.2181	0.3169	0.2002	0.2328	36.1658	1.534																3.0489	0.3196	0.2043	0.0557	-0.0009	0.0022	18.6826	10.272	0.133	0.0503	0.9394	0.0571	0.5268	0.2336	0.0	0.0	0.0	0.0	0.0	0.0	0.0	0.0	0.0	0.0
grp-13	T2	33	990.0	4	4	70.0109	22.3295	171.6259	18.7136	0.2387	0.3591	0.2002	0.2554	36.1653	1.5358																3.0288	0.2757	0.1818	0.0788	0.0002	0.0016	14.0106	7.2195	0.1207	0.0182	0.9653	0.0285	0.5057	0.2464	0.0	0.0	0.0	0.0	0.0	0.0	0.0	0.0	0.0	0.0
grp-13	T2	34	1020.0	4	4	73.242	24.6502	160.2207	8.7463	0.2442	0.3722	0.1752	0.2135	36.1646	1.5395																3.0171	0.3106	0.2099	0.0671	-0.0001	0.0006	9.336	9.2386	0.1559	0.0714	0.9738	0.0222	0.5121	0.1546	0.0	0.0	0.0	0.0	0.0	0.0	0.0	0.0	0.0	0.0
grp-13	T2	35	1050.0	4	4	68.3208	21.2727	142.026	10.0796	0.2431	0.3692	0.1837	0.2139	36.1696	1.5496																3.0024	0.3195	0.2103	0.0714	0.0007	0.0038	10.0085	5.296	0.1533	0.0859	0.9714	0.0179	0.5443	0.1496	0.0	0.0	0.0	0.0	0.0	0.0	0.0	0.0	0.0	0.0
grp-13	T2	36	1080.0	4	4	69.2389	22.4081			0.2306	0.343	0.167	0.2215	36.1753	1.5608																3.0084	0.2939	0.1997	0.0632	0.0005	0.0012	11.3421	7.0312	0.1628	0.0279	0.9653	0.0238	0.6133	0.2424	0.0	0.0	0.0	0.0	0.0	0.0	0.0	0.0	0.0	0.0
grp-13	T2	37	1110.0	4	4	68.0694	21.737	121.19		0.2269	0.3372	0.1001	0.1187	36.181	1.5695																3.0623	0.264	0.2079	0.0729	0.002	0.0019	12.0102	6.5376	0.1868	0.031	0.9596	0.021	0.601	0.2538	0.0	0.0	0.0	0.0	0.0	0.0	0.0	0.0	0.0	0.0
grp-13	T2	38	1140.0	4	4	65.4697	20.3116	156.1152		0.2427	0.3702	0.1335	0.1744	36.1877	1.5767																3.1213	0.2841	0.209	0.0304	0.0	0.0017	20.0171	9.173	0.1663	0.0494	0.9387	0.0569	0.6145	0.211	0.0	0.0	0.0	0.0	0.0	0.0	0.0	0.0	0.0	0.0
grp-13	T2	39	1170.0	4	4	65.2838	19.5123	140.7517	12.6882	0.254	0.3927	0.1503	0.1919	36.19	1.581																3.171	0.3718	0.2824	0.058	0.0017	0.003	15.5029	11.3599	0.1779	0.0369	0.9357	0.0559	0.7135	0.1626	0.0	0.0	0.0	0.0	0.0	0.0	0.0	0.0	0.0	0.0
grp-13	T2	40	1200.0	4	4	61.9125	18.6258	151.5942		0.2754	0.4348	0.1669	0.2527	36.1873	1.5805																3.1607	0.4609	0.2479	0.0745	-0.0014	0.0006	11.5098	4.7299	0.1642	0.0161	0.9604	0.0165	0.6148	0.2077	0.0	0.0	0.0	0.0	0.0	0.0	0.0	0.0	0.0	0.0
grp-13	T2	41	1230.0	4	4	61.6197	20.0724	86.8324		0.3671	0.6177	0.1169	0.1579	36.1828	1.5788																3.1111	0.4053	0.2151	0.0667	0.0004	0.0012	12.0102	8.7252	0.1265	0.0457	0.9606	0.028	0.593	0.2805	0.0	0.0	0.0	0.0	0.0	0.0	0.0	0.0	0.0	0.0
grp-13	T2	42	1260.0	4	4	67.1143	20.2241	114.0312		0.6281	1.1407	0.1252	0.1897	36.1839	1.5837																3.0903	0.3378	0.2263	0.0723	-0.001	0.0011	18.6777	14.204	0.1507	0.0171	0.9481	0.0388	0.7175	0.2194	0.0	0.0	0.0	0.0	0.0	0.0	0.0	0.0	0.0	0.0
grp-13	T2	43	1290.0	4	4	64.0595	18.9736	173.7907	49.0127	0.791	1.4665	0.1669	0.2093	36.1882	1.5894																3.0159	0.334	0.2155	0.0713	-0.0014	0.002	16.0136	6.0051	0.1943	0.033	0.9606	0.0247	0.6952	0.1774	0.0	0.0	0.0	0.0	0.0	0.0	0.0	0.0	0.0	0.0
grp-13	T2	44	1320.0	4	4	62.5367	18.6153	147.0575	16.4752	0.9697	1.8227	0.1335	0.1889	36.1914	1.5933																3.0012	0.3516	0.2238	0.0704	0.0007	0.001	9.006	3.8324	0.1908	0.0364	0.9701	0.0133	0.6443	0.2188	0.0	0.0	0.0	0.0	0.0	0.0	0.0	0.0	0.0	0.0
grp-13	T2	45	1350.0	4	4	73.4549	24.6682	99.1557	0.156	1.1683	2.2199	0.1334	0.1887	36.1963	1.5994																2.9954	0.2968	0.2607	0.0821	-0.0012	0.0027	14.5073	9.4446	0.1917	0.0316	0.9553	0.0357	0.6415	0.2916	0.0	0.0	0.0	0.0	0.0	0.0	0.0	0.0	0.0	0.0
grp-13	T2	46	1380.0	4	4	74.9585	26.859	92.0261	7.9014	1.1869	2.2571	0.1167	0.1348	36.2004	1.6073																2.7539	0.1988	0.2892	0.0857	-0.006	0.0029	14.6792	9.4597	0.1021	0.0139	0.9649	0.0315	0.4416	0.1409	0.0	0.0	0.0	0.0	0.0	0.0	0.0	0.0	0.0	0.0
grp-13	T2	47	1410.0	4	4	70.2543	23.2201	69.3491	15.3184	1.2698	2.4215	0.0585	0.0689	36.2039	1.617																2.5797	0.221	0.1465	0.0693	0.0007	0.002	5.0036	4.2472	0.0643	0.0278	0.9843	0.0097	0.311	0.1022	0.0	0.0	0.0	0.0	0.0	0.0	0.0	0.0	0.0	0.0
grp-13	T2	48	1440.0	4	4	70.8755	22.2635	72.422	29.2409	1.385	2.6508	0.0668	0.1336	36.2082	1.6269																2.5837	0.2481	0.1413	0.0731	-0.0007	0.002	6.0042	2.003	0.0703	0.0272	0.9806	0.0114	0.336	0.1223	0.0	0.0	0.0	0.0	0.0	0.0	0.0	0.0	0.0	0.0
grp-13	T2	49	1470.0	4	4	70.2217	23.1643	95.9889	62.888	1.5293	2.9385	0.1335	0.2452	36.2101	1.6331																2.5949	0.2499	0.1308	0.08	0.0012	0.0022	6.0051	4.0034	0.0877	0.0418	0.9818	0.0121	0.3337	0.1072	0.0	0.0	0.0	0.0	0.0	0.0	0.0	0.0	0.0	0.0
grp-13	T2	50	1500.0	4	4	67.318	23.9249	50.7408		1.6601	3.201	0.2086	0.2836	36.2155	1.6426																2.7429	0.3858	0.2056	0.1147	0.0036	0.0036	6.0024	2.8283	0.1359	0.0539	0.9775	0.0103	0.5312	0.1081	0.0	0.0	0.0	0.0	0.0	0.0	0.0	0.0	0.0	0.0
grp-13	T2	51	1530.0	4	4	68.158	21.9761	101.2	30.7921	1.6963	3.2752	0.1921	0.2536	36.2225	1.6529																2.9142	0.5524	0.2162	0.1196	0.0022	0.0038	7.3396	2.3114	0.1504	0.0448	0.8482	0.1524	0.6496	0.1583	0.0	0.0	0.0	0.0	0.0	0.0	0.0	0.0	0.0	0.0
grp-13	T2	52	1560.0	4	4	75.1136	30.9295	122.3485	38.6781	1.7003	3.2846	0.1251	0.1731	36.2245	1.6531																3.0015	0.6732	0.2479	0.0788	-0.0018	0.0148	10.0086	5.6617	0.1569	0.0383	0.597	0.4231	0.647	0.0783	0.0	0.0	0.0	0.0	0.0	0.0	0.0	0.0	0.0	0.0
grp-13	T2	53	1590.0	4	4	76.6869	35.7913	166.5945	37.5731	1.7327	3.3492	0.1501	0.1816	36.2257	1.6545																2.9652	0.0015	0.3655	0.1846	0.0054	0.0101	19.0035	9.9013	0.1648	0.0529	0.4708	0.5441	0.7171	0.0641	0.0	0.0	0.0	0.0	0.0	0.0	0.0	0.0	0.0	0.0
grp-13	T2	54	1620.0	4	4	69.8129	23.8837	175.8612	35.0945	1.4843	2.8502	0.167	0.2004	36.2251	1.6558																3.1976	0.2381	0.2231	0.0079	0.001	0.0031	25.0214	9.9079	0.1438	0.0349	0.4593	0.5312	0.639	0.1637	0.0	0.0	0.0	0.0	0.0	0.0	0.0	0.0	0.0	0.0
grp-13	T2	55	1650.0	4	4	68.6498	21.3933	134.239	46.9417	1.4654	2.812	0.1252	0.1503	36.2266	1.655																3.1857	0.0053	0.2316	0.0001	-0.0005	0.0038	26.0222	8.4925	0.1838	0.0133	0.4604	0.5323	0.6076	0.0374	0.0	0.0	0.0	0.0	0.0	0.0	0.0	0.0	0.0	0.0
grp-13	T2	56	1680.0	4	4	68.347	21.541	118.0644	44.2705	0.9724	1.8267	0.0501	0.0578	36.2301	1.6586																3.0828	0.2339	0.2703	0.0559	-0.0021	0.0031	18.0034	8.4868	0.1737	0.0136	0.4765	0.5503	0.6147	0.1255	0.0	0.0	0.0	0.0	0.0	0.0	0.0	0.0	0.0	0.0
grp-13	T2	57	1710.0	4	4	67.0733	19.7743	101.6942	42.7151	0.6931	1.2679	0.025	0.0319	36.2383	1.6708																2.9956	0.366	0.2491	0.1247	-0.0012	0.0002	16.0137	8.4925	0.1933	0.015	0.4778	0.5517	0.6688	0.1362	0.0	0.0	0.0	0.0	0.0	0.0	0.0	0.0	0.0	0.0
grp-13	T2	58	1740.0	4	4	65.1359	18.8792	138.1065	66.4641	0.8422	1.5678	0.0756	0.111	36.248	1.6818																3.2754	0.4719	0.2096	0.0707	0.0002	0.0041	19.0163	4.2462	0.1637	0.0557	0.5184	0.479	0.6944	0.2125	0.0	0.0	0.0	0.0	0.0	0.0	0.0	0.0	0.0	0.0
grp-13	T2	59	1770.0	4	4	59.9166	18.6153	226.668	41.1737	1.4116	2.7105	0.0919	0.1138	36.2423	1.6741																3.1212	0.2942	0.2007	0.0419	-0.0016	0.0039	14.6748	11.3812	0.1478	0.0402	0.72	0.2859	0.6882	0.1795	0.0	0.0	0.0	0.0	0.0	0.0	0.0	0.0	0.0	0.0
grp-14	T1	0	0.0	4	4	57.4912	21.0404	123.2018	27.5706	0.4144	0.423	0.2419	0.2488	35.3336	0.5345	4.0	20.487	7.315	1.0	0.0	0.0	0.0	0.0	0.0		0.0	1.0	3.0	1.2434	0.707	3.3651	0.4525	0.1457	0.037	0.0001	0.0004	21.0039	12.0577	0.1034	0.0086	0.9508	0.0213	0.5075	0.0574	0.0	1.0	0.0	0.0	0.0	0.0	0.0	0.0	1.0	0.0
grp-14	T1	1	30.0	4	4	58.6344	20.0735	178.1247	48.6373	0.4029	0.4032	0.1667	0.1415	35.3629	0.4889	5.0	43.028	6.044	0.0	1.0	0.0	1.0	0.0	0.0	0.0	0.0	2.0	1.0	-0.0	4.287	3.3484	0.4262	0.1409	0.0313	-0.0003	0.0009	20.0171	11.8985	0.0926	0.0149	0.9567	0.0185	0.4573	0.0658	0.0	1.0	0.0	1.0	0.0	0.0	0.0	0.5	0.5	0.0
grp-14	T1	2	60.0	4	4	71.9005	23.4236	114.4934	12.0775	0.3403	0.3449	0.1753	0.2429	35.4011	0.4352	2.0	16.074	1.625	3.0	2.0	1.0	1.0	0.0	0.0	0.5	0.0	0.0	1.0	-0.0	3.026	3.3187	0.381	0.1323	0.0334	-0.0001	0.0013	18.0154	13.2778	0.0851	0.0118	0.9616	0.024	0.4501	0.1095	0.0	0.0	0.0	0.0	0.0	0.0	0.0	0.0	0.0	0.0
grp-14	T1	3	90.0	4	4	59.7396	17.5584	140.8415	96.288	0.3275	0.3288	0.142	0.1994	35.4112	0.4108	5.0	23.263	4.303	1.0	0.0	0.0	0.0	0.0	0.0		0.0	0.0	1.0	-0.0	0.5	3.3341	0.3838	0.1437	0.0437	0.0007	0.0016	15.5029	11.4767	0.0881	0.0085	0.9673	0.0199	0.4249	0.0369	1.0	0.0	0.0	0.0	0.0	0.0	0.0	0.0	1.0	0.0
grp-14	T1	4	120.0	4	4	63.0612	18.4239	132.3347	34.2457	0.3064	0.3191	0.1584	0.2317	35.4093	0.4054	3.0	45.085	3.772	0.0	0.0	0.0	0.0	0.0	0.0		0.0	1.0	1.0	-0.0	0.203	3.3782	0.3812	0.1632	0.0586	0.0007	0.0011	16.0137	13.7716	0.093	0.0253	0.9629	0.0244	0.4162	0.0572	0.0	0.0	0.0	0.0	0.0	0.0	0.0	0.0	0.0	0.0
grp-14	T1	5	150.0	4	4	67.3015	9.9733	174.5404	81.7733	0.2808	0.3024	0.1836	0.2579	35.4153	0.4091	2.0	21.256	1.224	0.0	0.0	0.0	0.0	0.0	0.0		0.0	0.0	2.0	0.6977	0.5	3.367	0.376	0.195	0.0703	-0.0001	0.0019	16.5141	9.1548	0.1309	0.0449	0.9516	0.025	0.5828	0.2147	0.0	0.0	0.0	0.0	1.0	0.0	0.0	1.0	0.0	0.0
grp-14	T1	6	180.0	4	4	62.8962	16.2133	130.6274	12.5049	0.2563	0.2603	0.1671	0.1309	35.4323	0.4284	2.0	21.828	1.878	3.0	0.0	0.0	0.0	0.0	0.0		0.0	0.0	1.0	-0.0	1.0	3.1666	0.2951	0.2993	0.0988	-0.0043	0.0027	16.003	4.8999	0.1587	0.0535	0.9546	0.0179	0.604	0.2423	0.0	1.0	0.0	0.0	0.0	0.0	0.0	0.0	1.0	0.0
grp-14	T1	7	210.0	4	4	55.173	22.0093	110.1201	29.6321	0.207	0.18	0.1752	0.1399	35.4545	0.4661	6.0	28.373	5.261	2.0	1.0	0.0	1.0	0.0	0.0	0.0	1.0	0.0	3.0	0.9261	8.987	2.978	0.2445	0.2617	0.199	-0.0009	0.0031	14.5124	6.4086	0.0624	0.0165	0.9536	0.0441	0.4499	0.3839	0.0	0.0	0.0	0.0	1.0	0.0	0.0	1.0	0.0	0.0
grp-14	T1	8	240.0	4	4	64.3696	19.4499	148.371	79.5317	0.1881	0.1591	0.0917	0.1198	35.4726	0.4914	3.0	19.743	1.655	3.0	0.0	0.0	0.0	0.0	0.0		0.0	0.0	3.0	0.595	0.004	2.9633	0.2849	0.2259	0.2859	0.0001	0.0005	14.5124	9.5824	0.0625	0.0122	0.9439	0.0687	0.5195	0.6351	0.0	0.0	0.0	0.0	0.0	0.0	0.0	0.0	0.0	0.0
grp-14	T1	9	270.0	4	4	68.8324	24.5102	155.2947	74.642	0.1905	0.1596	0.1167	0.1263	35.4852	0.4974	2.0	49.964	1.46	0.0	0.0	0.0	0.0	0.0	0.0		0.0	0.0	1.0	-0.0	28.311	2.9618	0.2833	0.2415	0.1843	0.0006	0.003	14.0026	8.6426	0.1124	0.0201	0.9574	0.0389	0.482	0.36	0.0	0.0	0.0	0.0	0.0	0.0	0.0	0.0	0.0	0.0
grp-14	T1	10	300.0	4	4	70.0773	23.5718	158.5799	66.5397	0.1777	0.1457	0.1838	0.1002	35.4965	0.5098	4.0	25.977	0.844	0.0	2.0	1.0	1.0	1.0	0.0	0.5	1.0	0.0	2.0	0.6197	32.244	3.0185	0.3205	0.2294	0.0915	0.002	0.0011	17.0145	8.4135	0.1433	0.0096	0.9532	0.0239	0.4739	0.1011	0.0	0.0	0.0	0.0	0.0	0.0	0.0	0.0	0.0	0.0
grp-14	T1	11	330.0	4	4	69.9104	21.3333	164.5336	24.7613	0.1835	0.1496	0.1836	0.0964	35.5034	0.5215	2.0	25.731	6.752	1.0	0.0	0.0	0.0	0.0	0.0		0.0	0.0	2.0	0.4882	0.927	3.0911	0.3027	0.2212	0.1019	-0.0002	0.0019	18.0154	13.2778	0.1582	0.0479	0.9375	0.0476	0.5744	0.2348	0.0	0.0	0.0	0.0	0.0	0.0	0.0	0.0	0.0	0.0
grp-14	T1	12	360.0	4	4	72.8678	22.9139	170.4479	26.9253	0.1938	0.1655	0.1668	0.1187	35.4967	0.5146	3.0	20.547	5.939	3.0	0.0	0.0	0.0	0.0	0.0		0.0	1.0	1.0	-0.0	3.863	3.1256	0.2493	0.2311	0.0645	0.0004	0.0015	17.515	8.5513	0.1953	0.0669	0.939	0.035	0.7317	0.2259	0.0	0.0	0.0	0.0	0.0	0.0	0.0	0.0	0.0	0.0
grp-14	T1	13	390.0	4	4	82.5245	15.9503	159.1591	30.7407	0.2059	0.1853	0.1503	0.0795	35.4848	0.4927	7.0	35.847	4.402	4.0	3.0	0.0	1.0	0.0	2.0	0.0	1.0	0.0	3.0	0.8233	31.373	3.1635	0.2776	0.2551	0.0634	-0.0005	0.002	15.5132	3.0026	0.2154	0.0748	0.9519	0.0111	0.737	0.2277	0.0	0.0	0.0	0.0	0.0	0.0	0.0	0.0	0.0	0.0
grp-14	T1	14	420.0	4	4	73.8119	9.4655	164.8722	53.9006	0.2124	0.1982	0.1668	0.0817	35.4756	0.4738	8.0	8.734	13.305	1.0	2.0	1.0	1.0	1.0	0.0	0.5	1.0	0.0	4.0	1.6121	16.973	3.2501	0.4165	0.2756	0.114	0.002	0.0022	14.5027	8.388	0.2261	0.0503	0.9524	0.0302	0.711	0.159	0.0	0.0	0.0	0.0	0.0	0.0	0.0	0.0	0.0	0.0
grp-14	T1	15	450.0	4	4	66.0654	4.2897	176.6196	38.6195	0.1863	0.1687	0.1752	0.1372	35.4774	0.4785																3.3526	0.559	0.271	0.102	0.0013	0.0026	15.5132	13.2148	0.2212	0.0223	0.9531	0.0362	0.7438	0.0854	0.0	0.0	0.0	0.0	0.0	0.0	0.0	0.0	0.0	0.0
grp-14	T1	16	480.0	4	4	64.7343	7.4509	140.008	58.302	0.1948	0.1774	0.1754	0.1137	35.4873	0.485																3.2895	0.5501	0.2976	0.1487	-0.0022	0.0027	12.5107	9.5824	0.1896	0.0343	0.9574	0.0302	0.6702	0.0896	0.0	0.0	0.0	0.0	0.0	0.0	0.0	0.0	0.0	0.0
grp-14	T1	17	510.0	4	4	60.2982	15.4466	186.7459	53.6467	0.2223	0.2094	0.1836	0.0884	35.4813	0.4782																3.2071	0.3865	0.3181	0.1639	-0.0004	0.0033	15.0028	8.7194	0.1954	0.0678	0.9479	0.0388	0.7662	0.1525	0.0	0.0	0.0	0.0	0.0	0.0	0.0	0.0	0.0	0.0
grp-14	T1	18	540.0	4	4	60.7622	20.4321	155.9388	65.9226	0.2237	0.2145	0.1417	0.1344	35.4637	0.4789																3.2047	0.3172	0.2999	0.1314	0.0001	0.0022	17.515	10.764	0.1832	0.0763	0.9451	0.0397	0.8028	0.2867	0.0	0.0	0.0	0.0	0.0	0.0	0.0	0.0	0.0	0.0
grp-14	T1	19	570.0	4	4	66.3082	16.9963	147.1242	37.5199	0.2211	0.2131	0.1502	0.1375	35.4504	0.4851																3.2394	0.3425	0.2932	0.1093	0.0015	0.0018	18.0154	8.1719	0.1771	0.0618	0.9427	0.0406	0.7677	0.2498	0.0	0.0	0.0	0.0	0.0	0.0	0.0	0.0	0.0	0.0
grp-14	T1	20	600.0	4	4	67.625	13.5151	139.8167	45.4864	0.2233	0.2115	0.1169	0.1173	35.4458	0.4788																3.1749	0.3186	0.2814	0.0806	-0.0025	0.0027	19.5036	10.1179	0.1755	0.0746	0.9434	0.037	0.632	0.1016	0.0	0.0	0.0	0.0	0.0	0.0	0.0	0.0	0.0	0.0
grp-14	T1	21	630.0	4	4	65.9411	9.6105	192.6768	51.4795	0.2462	0.2241	0.1084	0.0632	35.4423	0.4651																3.1027	0.3528	0.1946	0.1076	0.0007	0.001	19.5167	10.2557	0.1859	0.0812	0.9496	0.0268	0.5237	0.1641	0.0	0.0	0.0	0.0	0.0	0.0	0.0	0.0	0.0	0.0
grp-14	T1	22	660.0	4	4	69.9588	13.6208	128.4447	32.0403	0.312	0.3043	0.1252	0.0959	35.441	0.4609																3.1475	0.3316	0.2468	0.0829	-0.0006	0.0033	18.0154	6.7387	0.2186	0.0525	0.9529	0.0188	0.6197	0.038	0.0	0.0	0.0	0.0	0.0	0.0	0.0	0.0	0.0	0.0
grp-14	T1	23	690.0	4	4	72.3368	17.0127	148.9849	35.3509	0.3844	0.4508	0.2006	0.1221	35.4386	0.4581																3.1395	0.2601	0.2584	0.0674	-0.0007	0.0017	15.5116	11.0105	0.2168	0.0346	0.9529	0.0238	0.5965	0.1081	0.0	0.0	0.0	0.0	0.0	0.0	0.0	0.0	0.0	0.0
grp-14	T1	24	720.0	4	4	68.453	17.9184	168.8507	44.1534	0.4095	0.5669	0.2586	0.074	35.4377	0.4553																3.2087	0.403	0.2528	0.1078	0.0028	0.0049	14.5124	10.6392	0.2108	0.0673	0.9536	0.0216	0.5211	0.064	0.0	0.0	0.0	0.0	0.0	0.0	0.0	0.0	0.0	0.0
grp-14	T1	25	750.0	4	4	65.7943	17.0044	134.4456	85.6958	0.4406	0.615	0.2751	0.1854	35.4448	0.4603																3.2954	0.535	0.174	0.0439	0.0003	0.0014	12.5043	5.0007	0.1705	0.0643	0.9586	0.02	0.5046	0.1323	0.0	0.0	0.0	0.0	0.0	0.0	0.0	0.0	0.0	0.0
grp-14	T1	26	780.0	4	4	65.6233	17.7418	126.0026	55.0743	0.4701	0.6275	0.1168	0.0431	35.4423	0.4599																3.3695	0.4891	0.2517	0.0716	0.0018	0.0027	14.5124	10.8874	0.1919	0.0424	0.9342	0.0519	0.5378	0.1011	0.0	0.0	0.0	0.0	0.0	0.0	0.0	0.0	0.0	0.0
grp-14	T1	27	810.0	4	4	64.8313	11.5	199.3749	80.0419	0.4654	0.6267	0.1502	0.0695	35.4467	0.4611																3.34	0.3561	0.3084	0.1171	-0.0034	0.0049	21.0179	7.4	0.2182	0.042	0.9172	0.0427	0.6036	0.0553	0.0	0.0	0.0	0.0	0.0	0.0	0.0	0.0	0.0	0.0
grp-14	T1	28	840.0	4	4	65.4469	21.293	157.4991	54.7048	0.4736	0.6379	0.1668	0.0862	35.4528	0.4643																3.2782	0.2707	0.2663	0.1117	0.0015	0.0017	20.5038	9.1487	0.2315	0.0331	0.9341	0.0236	0.5988	0.096	0.0	0.0	0.0	0.0	0.0	0.0	0.0	0.0	0.0	0.0
grp-14	T1	29	870.0	4	4	72.9991	15.6845	84.5918		0.4847	0.6556	0.2004	0.0983	35.4526	0.4669																3.3295	0.3737	0.2567	0.0988	0.0008	0.0032	16.0137	13.3781	0.1998	0.0256	0.9524	0.0353	0.5302	0.0364	0.0	0.0	0.0	0.0	0.0	0.0	0.0	0.0	0.0	0.0
grp-14	T1	30	900.0	4	4	70.8652	17.0091	119.7578	43.5359	0.5246	0.7067	0.1168	0.1037	35.4566	0.4705																3.3197	0.4141	0.2226	0.0607	-0.0005	0.0011	18.5158	8.3937	0.1779	0.0346	0.9349	0.036	0.4783	0.0244	0.0	0.0	0.0	0.0	0.0	0.0	0.0	0.0	0.0	0.0
grp-14	T1	31	930.0	4	4	75.4783	19.9284	119.31	44.6406	0.5683	0.8334	0.1669	0.1566	35.4598	0.4737																3.3354	0.3469	0.188	0.0266	0.0001	0.0012	18.0034	11.1973	0.141	0.0507	0.9276	0.0495	0.5266	0.1124	0.0	0.0	0.0	0.0	0.0	0.0	0.0	0.0	0.0	0.0
grp-14	T1	32	960.0	4	4	75.6084	15.6106	107.3578	26.9849	0.6116	0.9141	0.2087	0.1667	35.4655	0.4807																3.3634	0.4133	0.2348	0.0565	0.0006	0.0023	17.0145	5.0375	0.1736	0.0456	0.931	0.0354	0.688	0.1322	0.0	0.0	0.0	0.0	0.0	0.0	0.0	0.0	0.0	0.0
grp-14	T1	33	990.0	4	4	61.3721	18.5186	104.582		0.6346	0.9289	0.2001	0.1187	35.4588	0.4976																3.3308	0.5144	0.311	0.0975	-0.0014	0.0011	22.0188	9.3888	0.2038	0.0474	0.8914	0.0335	0.7801	0.1716	0.0	0.0	0.0	0.0	0.0	0.0	0.0	0.0	0.0	0.0
grp-14	T1	34	1020.0	4	4	58.991	17.5208	154.4231	8.1396	0.5969	0.9287	0.1835	0.2153	35.4479	0.5297																3.2195	0.3777	0.3128	0.1205	-0.0022	0.0052	20.5115	6.6165	0.2235	0.0684	0.9079	0.0554	0.7301	0.337	0.0	0.0	0.0	0.0	0.0	0.0	0.0	0.0	0.0	0.0
grp-14	T1	35	1050.0	4	4	60.3839	20.0239	75.1816		0.5574	0.9033	0.1752	0.2459	35.4574	0.5645																3.2277	0.318	0.2698	0.1077	0.0019	0.0023	18.0154	7.666	0.2289	0.0383	0.9307	0.0301	0.7468	0.3402	0.0	0.0	0.0	0.0	0.0	0.0	0.0	0.0	0.0	0.0
grp-14	T1	36	1080.0	4	4	74.4891	12.5973	119.9373	62.7435	0.5467	0.8516	0.217	0.1818	35.4677	0.5807																3.3232	0.5093	0.2512	0.0779	0.0008	0.0033	19.0096	9.3134	0.2158	0.0369	0.8963	0.0873	0.6916	0.2763	0.0	0.0	0.0	0.0	0.0	0.0	0.0	0.0	0.0	0.0
grp-14	T1	37	1110.0	4	4	66.1138	16.7914	143.0838	97.9187	0.5295	0.797	0.2507	0.1693	35.4585	0.5876																3.3771	0.5618	0.2759	0.0562	0.001	0.0014	21.5184	11.0094	0.1942	0.0399	0.8793	0.0647	0.7058	0.0891	0.0	0.0	0.0	0.0	0.0	0.0	0.0	0.0	0.0	0.0
grp-14	T1	38	1140.0	4	4	74.3305	21.8982	168.2284	38.9211	0.4998	0.7519	0.2088	0.1347	35.455	0.6004																3.421	0.4483	0.3437	0.0581	0.0003	0.0037	27.0231	7.4	0.1895	0.0232	0.8886	0.0445	0.8727	0.1123	0.0	0.0	0.0	0.0	0.0	0.0	0.0	0.0	0.0	0.0
grp-14	T1	39	1170.0	4	4	77.928	22.8139	163.7472	45.7781	0.4958	0.7356	0.1835	0.1234	35.448	0.6042																3.3645	0.3157	0.3687	0.1145	-0.002	0.0032	28.5053	8.388	0.2351	0.0225	0.9082	0.0244	1.0546	0.2808	0.0	0.0	0.0	0.0	0.0	0.0	0.0	0.0	0.0	0.0
grp-14	T1	40	1200.0	4	4	69.9807	15.374	171.5929	4.3938	0.4873	0.7254	0.1753	0.1346	35.4456	0.5987																3.2451	0.3228	0.3419	0.0911	-0.0014	0.0014	19.5167	9.9919	0.2062	0.0259	0.9407	0.0246	0.8663	0.1606	0.0	0.0	0.0	0.0	0.0	0.0	0.0	0.0	0.0	0.0
grp-14	T1	41	1230.0	4	4	69.5951	10.8489	154.3275	51.6343	0.4862	0.7096	0.1668	0.1248	35.4425	0.5979																3.26	0.4349	0.3568	0.0899	0.0008	0.0052	25.0214	6.8371	0.1977	0.0183	0.9195	0.0292	0.8488	0.279	0.0	0.0	0.0	0.0	0.0	0.0	0.0	0.0	0.0	0.0
grp-14	T1	42	1260.0	4	4	65.9918	15.7802	172.3401	47.9879	0.4852	0.6925	0.1835	0.084	35.4353	0.5995																3.171	0.3622	0.3697	0.1356	-0.0055	0.0052	26.5049	9.7143	0.1858	0.0119	0.9217	0.0332	0.7986	0.1847	0.0	0.0	0.0	0.0	0.0	0.0	0.0	0.0	0.0	0.0
grp-14	T1	43	1290.0	4	4	57.7392	18.5143	122.3475	1.615	0.4637	0.6253	0.2172	0.064	35.4205	0.5828																2.9744	0.2358	0.2184	0.0526	-0.0021	0.0011	10.0085	7.1241	0.1012	0.0122	0.9781	0.0143	0.4061	0.1282	0.0	0.0	0.0	0.0	0.0	0.0	0.0	0.0	0.0	0.0
grp-14	T1	44	1320.0	4	4	55.6401	17.4372	163.5073	127.7182	0.397	0.5815	0.2252	0.1753	35.4083	0.5879																2.913	0.2704	0.1309	0.0762	0.0001	0.0021	18.0154		0.0805	0.0179	0.986	0.0205	0.3246	0.1298	0.0	0.0	0.0	0.0	0.0	0.0	0.0	0.0	0.0	0.0
grp-14	T1	45	1350.0	4	4	61.6286	18.7348	145.3837	23.9563	0.3646	0.6085	0.2171	0.1976	35.4256	0.6114																2.907	0.2941	0.128	0.07	-0.0001	0.0006	8.0015	6.7342	0.0731	0.0192	0.9793	0.0161	0.3123	0.0676	0.0	0.0	0.0	0.0	0.0	0.0	0.0	0.0	0.0	0.0
grp-14	T1	46	1380.0	4	4	68.1532	18.3946	129.2451	2.4313	0.3818	0.6602	0.2671	0.3098	35.4456	0.6163																2.8897	0.2851	0.1369	0.0813	-0.0011	0.0004	9.3413	9.2455	0.0575	0.0099	0.9801	0.0145	0.3259	0.1343	0.0	0.0	0.0	0.0	0.0	0.0	0.0	0.0	0.0	0.0
grp-14	T1	47	1410.0	4	4	70.4178	16.0323	135.2843	45.7214	0.3779	0.667	0.1834	0.2381	35.4557	0.6125																2.8748	0.2837	0.1309	0.1119	0.0003	0.0009	28.0239		0.051	0.0098	0.9798	0.0296	0.3541	0.243	0.0	0.0	0.0	0.0	0.0	0.0	0.0	0.0	0.0	0.0
grp-14	T1	48	1440.0	4	4	69.5511	14.5382	132.4847	27.4468	0.3631	0.6438	0.1419	0.1598	35.4531	0.6124																2.8723	0.2795	0.1359	0.1127	-0.0	0.0003	28.0239		0.0551	0.0224	0.9791	0.0315	0.361	0.2191	0.0	0.0	0.0	0.0	0.0	0.0	0.0	0.0	0.0	0.0
grp-14	T1	49	1470.0	4	4	68.6896	15.4124	91.8882	10.0054	0.3645	0.608	0.192	0.1817	35.4505	0.6198																2.9117	0.2774	0.1738	0.1469	0.0015	0.0016	11.343	11.0245	0.0657	0.0383	0.978	0.0245	0.4529	0.3719	0.0	0.0	0.0	0.0	0.0	0.0	0.0	0.0	0.0	0.0
grp-14	T1	50	1500.0	4	4	62.9608	20.2002	138.7732	38.1036	0.3862	0.5632	0.2003	0.1658	35.4505	0.6007																3.0373	0.3515	0.2216	0.1877	0.0024	0.0036	12.6699	15.0131	0.0648	0.0276	0.9738	0.0356	0.5092	0.5845	0.0	0.0	0.0	0.0	0.0	0.0	0.0	0.0	0.0	0.0
grp-14	T1	51	1530.0	4	4	66.7021	12.0078	143.9351	37.1529	0.3982	0.5279	0.1586	0.1478	35.4405	0.5813																3.0686	0.4	0.2406	0.2462	-0.0011	0.0019	23.0196	9.9079	0.0709	0.015	0.9492	0.0518	0.525	0.4786	0.0	0.0	0.0	0.0	0.0	0.0	0.0	0.0	0.0	0.0
grp-14	T1	52	1560.0	4	4	72.2232	12.8358	183.1228	26.2096	0.4322	0.5691	0.1585	0.126	35.4236	0.5847																3.1113	0.4007	0.2821	0.2351	0.0031	0.0027	20.0171	12.4471	0.1289	0.0564	0.9302	0.0583	0.6002	0.3483	0.0	0.0	0.0	0.0	0.0	0.0	0.0	0.0	0.0	0.0
grp-14	T1	53	1590.0	4	4	68.9791	12.1544	155.2955	24.9313	0.4473	0.588	0.2502	0.1292	35.4162	0.5987																3.2267	0.3554	0.2826	0.0849	0.0021	0.0028	22.5042	13.7987	0.1731	0.0439	0.884	0.0638	0.6082	0.2697	0.0	0.0	0.0	0.0	0.0	0.0	0.0	0.0	0.0	0.0
grp-14	T1	54	1620.0	4	4	68.5165	15.9752	173.8885	37.9789	0.4336	0.5529	0.2419	0.1135	35.4157	0.6014																3.2594	0.2838	0.2242	0.0889	0.0008	0.0018	17.0145	13.2274	0.1774	0.0453	0.8921	0.0729	0.6155	0.1855	0.0	0.0	0.0	0.0	0.0	0.0	0.0	0.0	0.0	0.0
grp-14	T1	55	1650.0	4	4	65.215	19.6286	151.0844	4.6585	0.4726	0.6305	0.2086	0.1598	35.413	0.6098																3.2647	0.2864	0.2218	0.1063	0.0011	0.0008	19.5167	17.0145	0.1921	0.0458	0.934	0.0584	0.5674	0.2446	0.0	0.0	0.0	0.0	0.0	0.0	0.0	0.0	0.0	0.0
grp-14	T2	0	0.0	4	4	66.8404	9.2652	141.5888	22.9312	0.5026	0.6591	0.2251	0.2316	35.4496	0.6794	0.0	0.0	85.414	0.0	0.0	0.0	0.0	0.0	0.0		0.0	0.0	0.0	0.0	0.0	3.3303	0.4565	0.1459	0.0321	-0.0007	0.0005	14.5027	6.6093	0.0888	0.027	0.9426	0.0383	0.5287	0.2132	0.0	0.0	0.0	0.0	0.0	0.0	0.0	0.0	0.0	0.0
grp-14	T2	1	30.0	4	4	64.6359	11.5486	147.086	43.6275	0.4828	0.6306	0.2087	0.2398	35.4648	0.7006																3.3125	0.4097	0.1655	0.0255	0.0004	0.0018	17.515	5.2644	0.0966	0.0407	0.9509	0.0134	0.4988	0.278	0.0	0.0	0.0	0.0	0.0	0.0	0.0	0.0	0.0	0.0
grp-14	T2	2	60.0	4	4	65.3398	17.3889	152.1083	11.1358	0.4556	0.5876	0.192	0.1452	35.4799	0.7071																3.3754	0.4396	0.2274	0.0416	0.0021	0.0021	21.018	8.2533	0.1449	0.0355	0.9088	0.047	0.5792	0.1498	0.0	1.0	1.0	1.0	1.0	0.0	0.0	0.5	0.25	0.0
grp-14	T2	3	90.0	4	4	70.4633	21.2084	137.2697	30.4333	0.4407	0.5804	0.2254	0.0834	35.4989	0.7219	9.0	14.99	15.704	7.0	1.0	0.0	1.0	1.0	0.0	0.0	0.0	0.0	3.0	1.4428	4.672	3.3979	0.4504	0.2144	0.0455	-0.001	0.001	21.504	6.6093	0.1762	0.0431	0.91	0.0446	0.7721	0.3176	0.0	1.0	0.0	1.0	0.0	0.0	0.0	0.5	0.5	0.0
grp-14	T2	4	120.0	4	4	71.7118	14.6432	205.5436	35.7431	0.4092	0.581	0.2172	0.1693	35.5114	0.7394	4.0	20.411	11.403	1.0	2.0	0.0	2.0	0.0	0.0	0.0	1.0	1.0	2.0	0.7511	1.355	3.3	0.3544	0.2822	0.0621	-0.0029	0.0035	23.0197	12.5006	0.2022	0.0268	0.9339	0.0278	0.786	0.271	0.0	0.0	0.0	0.0	0.0	0.0	0.0	0.0	0.0	0.0
grp-14	T2	5	150.0	4	4	75.8497	14.6092	161.3377	34.3716	0.3748	0.5559	0.1502	0.1001	35.5119	0.7353	6.0	24.495	5.216	4.0	2.0	2.0	0.0	0.0	0.0	1.0	0.0	0.0	2.0	0.9997	10.087	3.0804	0.2739	0.3134	0.1246	-0.0045	0.0034	16.5141	12.1622	0.1163	0.034	0.9506	0.0387	0.6035	0.3746	0.0	0.0	0.0	0.0	2.0	0.0	0.0	1.0	0.0	0.0
grp-14	T2	6	180.0	4	4	68.4554	19.8115	165.3512	62.1113	0.3682	0.517	0.2169	0.1735	35.506	0.7277	6.0	30.583	2.892	1.0	1.0	0.0	1.0	0.0	0.0	0.0	2.0	0.0	3.0	0.9461	2.519	3.0417	0.2561	0.266	0.1087	0.0032	0.0025	6.5012	6.4043	0.1327	0.0319	0.979	0.0176	0.5656	0.3917	1.0	3.0	0.0	0.0	0.0	0.0	0.0	0.0	1.0	0.0
grp-14	T2	7	210.0	4	4	60.5366	22.025	162.2183	66.8419	0.344	0.4833	0.2587	0.1477	35.5023	0.7329	3.0	29.016	1.59	2.0	1.0	1.0	0.0	0.0	0.0	1.0	0.0	0.0	2.0	0.4069	3.139	3.1585	0.3698	0.2453	0.0852	0.0002	0.0034	9.5081	6.8127	0.1747	0.0402	0.9736	0.016	0.6197	0.2658	0.0	0.0	0.0	0.0	0.0	0.0	0.0	0.0	0.0	0.0
grp-14	T2	8	240.0	4	4	67.5756	16.5383	133.6219	11.9801	0.3227	0.4654	0.2252	0.0877	35.5152	0.7317	3.0	23.321	3.866	6.0	0.0	0.0	0.0	0.0	0.0		0.0	0.0	2.0	0.5045	2.209	3.1682	0.433	0.2373	0.0652	-0.0007	0.0014	13.5115	13.0111	0.201	0.0401	0.9699	0.0332	0.5578	0.1835	0.0	0.0	0.0	1.0	1.0	0.0	0.0	1.0	0.0	0.0
grp-14	T2	9	270.0	4	4	68.1021	17.8988	140.7108	26.8048	0.318	0.447	0.2919	0.2219	35.5261	0.7393	4.0	32.459	3.615	4.0	0.0	0.0	0.0	0.0	0.0		0.0	0.0	1.0	-0.0	0.918	3.1106	0.3822	0.2427	0.0997	-0.0024	0.0025	17.3366	11.3746	0.2062	0.0207	0.9733	0.0307	0.5348	0.0721	0.0	1.0	0.0	0.0	0.0	0.0	0.0	0.0	1.0	0.0
grp-14	T2	10	300.0	4	4	65.1066	20.5712	141.2572	55.6224	0.3065	0.4324	0.1669	0.1055	35.5339	0.742	3.0	23.979	3.365	2.0	0.0	0.0	0.0	0.0	0.0		0.0	0.0	2.0	0.848	0.0	3.0732	0.3148	0.2043	0.0693	0.0009	0.0024	13.3447	7.0298	0.1741	0.0209	0.9756	0.0164	0.5086	0.086	0.0	0.0	0.0	1.0	0.0	0.0	0.0	1.0	0.0	0.0
grp-14	T2	11	330.0	4	4	67.1132	19.6137	166.1466	45.7871	0.3099	0.4083	0.1502	0.114	35.5361	0.744	3.0	32.015	1.337	4.0	2.0	2.0	0.0	0.0	0.0	1.0	0.0	0.0	2.0	0.6823	25.877	3.1803	0.2853	0.229	0.0586	0.002	0.0016	13.0111	10.4012	0.1782	0.0325	0.9661	0.0153	0.5957	0.2163	0.0	1.0	1.0	0.0	0.0	0.0	0.0	0.0	0.5	0.0
grp-14	T2	12	360.0	4	4	69.0706	26.1957	163.8386	37.6661	0.3056	0.3773	0.2169	0.0695	35.5284	0.7522	12.0	34.303	5.26	4.0	6.0	0.0	5.0	1.0	1.0	0.0	0.0	1.0	3.0	1.0208	14.59	3.2555	0.3189	0.2971	0.1025	-0.0017	0.002	21.5184	12.5938	0.1836	0.0356	0.8709	0.0489	0.8609	0.2124	0.0	0.0	0.0	0.0	0.0	0.0	0.0	0.0	0.0	0.0
grp-14	T2	13	390.0	4	4	71.376	23.7861	156.9166		0.2786	0.3489	0.2169	0.0193	35.5198	0.7576	7.0	25.715	2.984	2.0	1.0	0.0	1.0	1.0	0.0	0.0	0.0	0.0	3.0	1.0812	7.156	3.2985	0.4341	0.3062	0.0974	0.0011	0.0017	18.5158	12.6994	0.1696	0.0343	0.8768	0.0611	0.8006	0.2501	0.0	0.0	0.0	0.0	0.0	0.0	0.0	0.0	0.0	0.0
grp-14	T2	14	420.0	4	4	73.6771	15.1275	173.9587	14.2201	0.2886	0.331	0.3007	0.2331	35.5147	0.7478	4.0	24.652	10.931	1.0	1.0	0.0	1.0	1.0	0.0	0.0	0.0	0.0	3.0	1.2329	14.144	3.3835	0.4935	0.2143	0.0714	0.0016	0.0022	11.5021	10.3782	0.1458	0.0752	0.9601	0.0185	0.64	0.3598	0.0	0.0	0.0	0.0	0.0	0.0	0.0	0.0	0.0	0.0
grp-14	T2	15	450.0	4	4	73.6489	12.6311	170.8832	13.8576	0.2922	0.3218	0.3674	0.317	35.5244	0.7266	2.0	28.262	4.21	4.0	0.0	0.0	0.0	0.0	0.0		0.0	1.0	1.0	-0.0	4.905	3.435	0.5368	0.2338	0.0514	0.0008	0.0025	18.5158	11.3675	0.1627	0.0466	0.9297	0.0313	0.8144	0.2652	0.0	0.0	0.0	0.0	0.0	0.0	0.0	0.0	0.0	0.0
grp-14	T2	16	480.0	4	4	71.8819	15.5188	151.4034	45.4454	0.3016	0.3087	0.434	0.2998	35.538	0.7293	5.0	28.679	7.581	5.0	2.0	2.0	0.0	0.0	0.0	1.0	0.0	0.0	3.0	1.2352	13.449	3.3926	0.5709	0.327	0.1546	-0.0018	0.0039	28.5244	13.7109	0.1673	0.0322	0.8836	0.0708	1.0733	0.2898	0.0	0.0	0.0	0.0	0.0	0.0	0.0	0.0	0.0	0.0
grp-14	T2	17	510.0	4	4	75.085	15.9609	166.2725	37.7647	0.3308	0.3092	0.3086	0.2218	35.5377	0.7304	3.0	16.9	9.619	3.0	0.0	0.0	0.0	0.0	0.0		1.0	1.0	2.0	0.8686	4.259	3.3962	0.4165	0.3559	0.1468	0.0015	0.0055	30.0056	9.0938	0.1726	0.052	0.8959	0.0348	0.9634	0.3188	0.0	0.0	0.0	0.0	0.0	0.0	0.0	0.0	0.0	0.0
grp-14	T2	18	540.0	4	4	76.493	18.4384	147.6814	15.8366	0.3205	0.2972	0.2	0.1054	35.5339	0.7141	7.0	25.789	3.552	6.0	1.0	0.0	1.0	0.0	0.0	0.0	0.0	0.0	1.0	-0.0	3.931	3.4342	0.2819	0.2444	0.0834	-0.0002	0.0014	24.5209	11.13	0.1601	0.0612	0.9389	0.0305	0.7001	0.5211	0.0	0.0	0.0	0.0	0.0	0.0	0.0	0.0	0.0	0.0
grp-14	T2	19	570.0	4	4	72.1852	9.9188	137.7786	49.4865	0.3088	0.2707	0.1754	0.1528	35.5274	0.6995	4.0	29.198	6.168	4.0	1.0	0.0	1.0	1.0	0.0	0.0	1.0	0.0	3.0	1.1866	2.696	3.4226	0.297	0.1924	0.0324	0.0004	0.0019	19.5167	9.9918	0.129	0.0387	0.9532	0.0206	0.6023	0.4225	0.0	0.0	0.0	0.0	0.0	0.0	0.0	0.0	0.0	0.0
grp-14	T2	20	600.0	4	4	71.4294	13.9645	119.43	49.7435	0.3026	0.2688	0.2922	0.3242	35.5276	0.6718	3.0	28.434	7.87	1.0	0.0	0.0	0.0	0.0	0.0		0.0	0.0	2.0	0.098	0.0	3.4117	0.3208	0.2016	0.0293	-0.001	0.0023	17.0032	12.2769	0.1523	0.066	0.9516	0.0273	0.6837	0.5081	0.0	0.0	0.0	0.0	0.0	0.0	0.0	0.0	0.0	0.0
grp-14	T2	21	630.0	4	4	75.7438	14.743	132.4973	60.9268	0.2828	0.2527	0.2253	0.2186	35.5227	0.6631	5.0	9.624	16.017	2.0	2.0	1.0	1.0	1.0	0.0	0.5	3.0	0.0	3.0	1.2504	9.026	3.3576	0.3467	0.2232	0.0087	-0.0007	0.0017	21.5184	6.4086	0.175	0.0813	0.9354	0.0312	0.7405	0.3897	0.0	0.0	0.0	0.0	0.0	0.0	0.0	0.0	0.0	0.0
grp-14	T2	22	660.0	4	4	75.5953	19.1789	130.1326	59.4473	0.2891	0.2555	0.1669	0.2263	35.5127	0.6512	10.0	14.562	10.751	0.0	2.0	0.0	2.0	1.0	0.0	0.0	0.0	0.0	4.0	1.5331	5.037	3.3375	0.4165	0.1946	0.0128	0.0007	0.0019	21.018	8.877	0.1702	0.0701	0.9417	0.0241	0.6577	0.2123	0.0	0.0	0.0	0.0	0.0	0.0	0.0	0.0	0.0	0.0
grp-14	T2	23	690.0	4	4	71.542	18.6973	170.2567	54.3917	0.3012	0.2725	0.2003	0.1828	35.497	0.6368	15.0	13.973	17.163	1.0	1.0	0.0	1.0	0.0	0.0	0.0	2.0	0.0	3.0	1.2363	2.535	3.3757	0.4138	0.2146	0.0874	0.0006	0.0024	17.5096	11.4754	0.1615	0.0686	0.9502	0.0187	0.6679	0.206	0.0	0.0	0.0	0.0	0.0	0.0	0.0	0.0	0.0	0.0
grp-14	T2	24	720.0	4	4	67.4695	17.1223	131.9521	4.5613	0.2888	0.2925	0.1335	0.0818	35.4951	0.6391	3.0	1.301	1.617	0.0	0.0	0.0	0.0	0.0	0.0		0.0	0.0	1.0	-0.0	0.0	3.4124	0.4114	0.2215	0.0801	0.0006	0.0008	18.0154	11.5569	0.1522	0.0626	0.9421	0.0246	0.6793	0.2456	0.0	0.0	0.0	0.0	0.0	0.0	0.0	0.0	0.0	0.0
grp-14	T2	25	750.0	4	4	64.1818	19.3721	127.9552	0.9169	0.2964	0.3235	0.1085	0.0632	35.5017	0.6297																3.4309	0.45	0.1931	0.0337	0.0003	0.0014	16.0067	9.3857	0.148	0.0445	0.9559	0.0187	0.5358	0.1843	0.0	0.0	0.0	0.0	0.0	0.0	0.0	0.0	0.0	0.0
grp-14	T2	26	780.0	4	4	75.0863	14.1621	139.5376	35.1495	0.2933	0.3184	0.1084	0.1317	35.4862	0.6311																3.4484	0.4533	0.2006	0.0328	0.0005	0.0017	21.0179	12.5006	0.1558	0.0208	0.9516	0.0196	0.5671	0.1555	0.0	0.0	0.0	0.0	0.0	0.0	0.0	0.0	0.0	0.0
grp-14	T2	27	810.0	4	4	83.231	12.9546	124.0669	27.6347	0.2808	0.3021	0.2501	0.3385	35.4845	0.6303																3.4354	0.3999	0.1976	0.065	-0.0003	0.0009	28.0239	13.9642	0.1483	0.0496	0.9329	0.0264	0.6384	0.1474	0.0	0.0	0.0	0.0	0.0	0.0	0.0	0.0	0.0	0.0
grp-14	T2	28	840.0	4	4	75.3772	14.9763	130.7919	45.7098	0.2631	0.2714	0.334	0.3318	35.4841	0.6369																3.4358	0.4104	0.1846	0.0565	0.0011	0.0019	20.5038	13.604	0.1436	0.0205	0.9498	0.0332	0.5137	0.0715	0.0	0.0	0.0	0.0	0.0	0.0	0.0	0.0	0.0	0.0
grp-14	T2	29	870.0	4	4	69.7571	12.4458	128.2977	90.8178	0.2225	0.2051	0.2922	0.2635	35.4811	0.6439																3.5167	0.5208	0.2065	0.0879	0.0021	0.0021	11.0094	7.4	0.1369	0.0306	0.9664	0.0188	0.5265	0.1219	0.0	0.0	0.0	0.0	0.0	0.0	0.0	0.0	0.0	0.0
grp-14	T2	30	900.0	4	4	69.515	16.2255	64.5177		0.2111	0.1747	0.1586	0.1374	35.4854	0.6395																3.532	0.5599	0.1998	0.0704	-0.0004	0.0012	12.5107	13.7108	0.1473	0.0422	0.9588	0.0297	0.559	0.1458	0.0	0.0	0.0	0.0	0.0	0.0	0.0	0.0	0.0	0.0
grp-14	T2	31	930.0	4	4	74.1408	12.663	149.0172	46.6155	0.2088	0.1636	0.1334	0.1123	35.483	0.6504																3.5394	0.5149	0.1988	0.0245	0.0013	0.0009	12.0022	12.1128	0.1494	0.0426	0.9514	0.0377	0.657	0.2145	0.0	0.0	0.0	0.0	0.0	0.0	0.0	0.0	0.0	0.0
grp-14	T2	32	960.0	4	4	77.6814	13.1692	129.9251	31.2313	0.2046	0.163	0.2086	0.1732	35.4834	0.6518																3.5836	0.4603	0.2047	0.0257	0.0001	0.0016	10.509	5.2644	0.1497	0.0431	0.9439	0.0322	0.7711	0.4071	0.0	0.0	0.0	0.0	0.0	0.0	0.0	0.0	0.0	0.0
grp-14	T2	33	990.0	4	4	72.1396	19.8057	143.2487	79.5205	0.1958	0.2094	0.3089	0.2367	35.4862	0.6489																3.531	0.4034	0.1738	0.0597	-0.0015	0.0009	11.5098	7.006	0.1289	0.046	0.9521	0.0289	0.5331	0.35	0.0	0.0	0.0	0.0	0.0	0.0	0.0	0.0	0.0	0.0
grp-14	T2	34	1020.0	4	4	71.075	25.6549	128.0514	11.8653	0.1977	0.2485	0.459	0.3463	35.493	0.6554																3.4309	0.4024	0.1704	0.034	-0.0011	0.0019	14.0083	5.8947	0.1172	0.0592	0.9653	0.0094	0.4318	0.1257	0.0	0.0	0.0	0.0	0.0	0.0	0.0	0.0	0.0	0.0
grp-14	T2	35	1050.0	4	4	73.9006	26.9099	138.6577	12.7859	0.2174	0.2318	0.2919	0.1451	35.5025	0.6642																3.3966	0.4419	0.1692	0.0379	0.0009	0.001	14.5124	10.6392	0.1306	0.0445	0.9649	0.0119	0.4972	0.0873	0.0	0.0	0.0	0.0	0.0	0.0	0.0	0.0	0.0	0.0
grp-14	T2	36	1080.0	4	4	72.0169	18.9195	159.7195	44.227	0.2237	0.2187	0.1752	0.0919	35.4909	0.6617																3.448	0.4366	0.1924	0.055	0.0012	0.0004	13.5065	8.8546	0.1304	0.0459	0.9584	0.0178	0.579	0.2433	0.0	0.0	0.0	0.0	0.0	0.0	0.0	0.0	0.0	0.0
grp-14	T2	37	1110.0	4	4	66.1371	20.0901	133.459	15.8413	0.2025	0.1623	0.1503	0.0795	35.4715	0.646																3.4911	0.4214	0.2114	0.0519	0.0002	0.0009	14.012	5.1684	0.1472	0.0659	0.9444	0.0262	0.7185	0.281	0.0	0.0	0.0	0.0	0.0	0.0	0.0	0.0	0.0	0.0
grp-14	T2	38	1140.0	4	4	78.3223	19.1315	141.4524	15.381	0.1968	0.1411	0.1835	0.1376	35.4689	0.6313																3.4548	0.4539	0.2789	0.0328	-0.0016	0.0019	17.515	10.5129	0.1435	0.0748	0.9232	0.0392	0.8226	0.4097	0.0	0.0	0.0	0.0	0.0	0.0	0.0	0.0	0.0	0.0
grp-14	T2	39	1170.0	4	4	85.2352	18.7687	140.632	45.0495	0.2222	0.1764	0.1418	0.126	35.4777	0.6121																3.4244	0.4638	0.2536	0.0609	0.0001	0.0013	16.5031	7.7258	0.1328	0.0567	0.9383	0.0414	0.6992	0.3132	0.0	0.0	0.0	0.0	0.0	0.0	0.0	0.0	0.0	0.0
grp-14	T2	40	1200.0	4	4	77.0811	5.9585	101.4751	49.1175	0.2297	0.1877	0.1252	0.0878	35.475	0.5978																3.4564	0.4419	0.1841	0.0249	0.0008	0.001	13.5115	7.1941	0.1324	0.0376	0.9623	0.0107	0.6083	0.2691	0.0	0.0	0.0	0.0	0.0	0.0	0.0	0.0	0.0	0.0
grp-14	T2	41	1230.0	4	4	73.109	12.4979	155.9725	22.6377	0.217	0.1888	0.142	0.042	35.4703	0.5989																3.4736	0.4293	0.2008	0.0262	0.0002	0.0015	28.0239	13.6743	0.1385	0.0755	0.9329	0.0333	0.7708	0.4797	0.0	0.0	0.0	0.0	0.0	0.0	0.0	0.0	0.0	0.0
grp-14	T2	42	1260.0	4	4	66.4829	18.3299	156.9591	40.9067	0.2047	0.19	0.2003	0.0668	35.4842	0.6106																3.4391	0.3799	0.2495	0.0719	-0.0012	0.0023	28.0052	14.3321	0.1587	0.057	0.9261	0.0435	0.7436	0.4539	0.0	0.0	0.0	0.0	0.0	0.0	0.0	0.0	0.0	0.0
grp-14	T2	43	1290.0	4	4	68.7166	18.0677	144.9107	36.0683	0.2039	0.1862	0.1417	0.1102	35.4771	0.6174																3.4192	0.4449	0.2698	0.0668	0.0002	0.0026	16.5141	8.0691	0.15	0.0728	0.9414	0.0321	0.6514	0.2828	0.0	0.0	0.0	0.0	0.0	0.0	0.0	0.0	0.0	0.0
grp-14	T2	44	1320.0	4	4	71.972	15.4906	162.0703	39.0343	0.211	0.1806	0.1085	0.1136	35.4478	0.6091																3.4101	0.4202	0.2274	0.0282	-0.0003	0.0029	15.0128	9.3174	0.1432	0.0813	0.9502	0.0123	0.7031	0.459	0.0	0.0	0.0	0.0	0.0	0.0	0.0	0.0	0.0	0.0
grp-14	T2	45	1350.0	4	4	66.9546	12.6401	159.0823	64.2609	0.2064	0.1781	0.1336	0.1056	35.4428	0.5982																3.3992	0.3581	0.1811	0.0231	0.0007	0.0011	18.5034	17.0814	0.144	0.0492	0.9481	0.018	0.7344	0.4731	0.0	0.0	0.0	0.0	0.0	0.0	0.0	0.0	0.0	0.0
grp-14	T2	46	1380.0	4	4	65.8727	14.6622	141.4088	34.1835	0.195	0.1769	0.1501	0.114	35.447	0.5883																3.4171	0.4012	0.1961	0.0473	0.0003	0.0001	23.0197	17.9411	0.1586	0.0565	0.9436	0.03	0.7096	0.3892	0.0	0.0	0.0	0.0	0.0	0.0	0.0	0.0	0.0	0.0
grp-14	T2	47	1410.0	4	4	69.3745	16.5278	181.0277	46.0709	0.1862	0.1745	0.1251	0.0959	35.4367	0.5902																3.3492	0.4209	0.3175	0.0962	-0.0038	0.0038	23.0197	9.5998	0.1486	0.0591	0.8672	0.0703	0.8764	0.468	0.0	0.0	0.0	0.0	0.0	0.0	0.0	0.0	0.0	0.0
grp-14	T2	48	1440.0	4	4	80.4868	17.3084	141.3584	38.1594	0.1865	0.1693	0.1669	0.0721	35.4329	0.6034																3.3236	0.3938	0.3822	0.1293	0.0011	0.0027	32.0233	12.5074	0.1761	0.0118	0.8101	0.1176	1.003	0.3835	0.0	0.0	0.0	0.0	0.0	0.0	0.0	0.0	0.0	0.0
grp-14	T2	49	1470.0	4	4	85.084	13.2617	160.4018	20.2036	0.1871	0.1726	0.1753	0.0997	35.4336	0.6031																3.4285	0.412	0.3255	0.0622	0.0008	0.0016	29.5252	5.2644	0.1921	0.0366	0.8768	0.0568	0.8486	0.092	0.0	0.0	0.0	0.0	0.0	0.0	0.0	0.0	0.0	0.0
grp-14	T2	50	1500.0	4	4	76.9347	15.9074	208.9661	68.7149	0.1892	0.1755	0.1669	0.187	35.4229	0.5901																3.4185	0.4766	0.3837	0.0769	-0.0026	0.0038	30.511	12.7964	0.1932	0.0484	0.8498	0.0464	1.016	0.1548	0.0	0.0	0.0	0.0	0.0	0.0	0.0	0.0	0.0	0.0
grp-14	T2	51	1530.0	4	4	76.1566	12.4356	199.0923	29.2655	0.1962	0.1746	0.2504	0.2085	35.409	0.5919																3.4651	0.4741	0.3852	0.0921	0.0015	0.0017	33.0282	13.723	0.1968	0.0355	0.8515	0.0356	1.071	0.2484	0.0	0.0	0.0	0.0	0.0	0.0	0.0	0.0	0.0	0.0
grp-14	T2	52	1560.0	4	4	76.5431	16.0767	154.3944	19.8723	0.1856	0.1725	0.2836	0.1732	35.4082	0.6109																3.4611	0.4318	0.3593	0.0419	-0.0037	0.0023	25.5218	5.0043	0.2079	0.0279	0.8799	0.0493	0.9942	0.3413	0.0	0.0	0.0	0.0	0.0	0.0	0.0	0.0	0.0	0.0
grp-14	T2	53	1590.0	4	4	75.937	17.6859	155.5595	30.9549	0.1652	0.1799	0.2668	0.1887	35.4204	0.6323																3.1267	0.3158	0.3605	0.085	-0.0058	0.0036	19.0035	7.395	0.1584	0.0468	0.9039	0.0586	0.695	0.24	0.0	0.0	0.0	0.0	0.0	0.0	0.0	0.0	0.0	0.0
grp-14	T2	54	1620.0	4	4	74.4403	6.1945	132.639	33.2368	0.1588	0.1823	0.1336	0.1443	35.4251	0.6513																2.9178	0.2564	0.1116	0.068	-0.0002	0.0007	14.6792	8.3338	0.0583	0.016	0.9749	0.0182	0.3097	0.1353	0.0	0.0	0.0	0.0	0.0	0.0	0.0	0.0	0.0	0.0
grp-14	T2	55	1650.0	4	4	70.7925	11.1133	125.6636	42.142	0.1582	0.1781	0.1837	0.1481	35.4181	0.6594																2.9022	0.2621	0.1042	0.0674	-0.0003	0.0004	12.6775	11.7289	0.0573	0.017	0.9765	0.0218	0.2754	0.1047	0.0	0.0	0.0	0.0	0.0	0.0	0.0	0.0	0.0	0.0
grp-14	T2	56	1680.0	4	4	68.7374	12.3565	165.3823	39.6313	0.1565	0.1761	0.217	0.2321	35.4069	0.6675																2.8904	0.2443	0.0914	0.0423	0.0001	0.0002	22.0041	16.9737	0.0629	0.0219	0.9731	0.0334	0.3148	0.1151	0.0	0.0	0.0	0.0	0.0	0.0	0.0	0.0	0.0	0.0
grp-14	T2	57	1710.0	4	4	67.2034	9.3385	201.7101	21.2461	0.1466	0.1761	0.1168	0.1293	35.4007	0.6741																2.9025	0.2544	0.1189	0.0569	0.0006	0.0008	14.6792	13.328	0.0788	0.0349	0.9733	0.0292	0.3767	0.1866	0.0	0.0	0.0	0.0	0.0	0.0	0.0	0.0	0.0	0.0
grp-14	T2	58	1740.0	4	4	67.318	9.3777	181.1679	2.8089	0.1597	0.1626	0.1836	0.1293	35.3927	0.658																2.9772	0.2681	0.1911	0.0482	0.0019	0.0006	14.6792	13.6253	0.1233	0.0801	0.9619	0.0334	0.5109	0.2282	0.0	0.0	0.0	0.0	0.0	0.0	0.0	0.0	0.0	0.0
grp-14	T2	59	1770.0	4	4	71.838	7.7256	164.5757	50.5894	0.1747	0.1556	0.242	0.1289	35.3822	0.6336																3.0322	0.3168	0.2144	0.0792	0.0003	0.0018	25.014	4.2566	0.1176	0.071	0.909	0.1295	0.5704	0.2568	0.0	0.0	0.0	0.0	0.0	0.0	0.0	0.0	0.0	0.0
grp-14	T2	60	1800.0	4	4	74.3568	15.5102	198.5158	34.7113	0.1815	0.162	0.1667	0.0861	35.3681	0.6353																3.154	0.3566	0.231	0.068	0.0032	0.0019	15.5132	13.6131	0.1457	0.0532	0.9001	0.1295	0.5048	0.1576	0.0	0.0	0.0	0.0	0.0	0.0	0.0	0.0	0.0	0.0
grp-14	T2	61	1830.0	4	4	73.6352	11.1895	189.9376	44.9073	0.1865	0.1693	0.1586	0.0998	35.3598	0.6385																3.3428	0.2904	0.2473	0.0241	0.0031	0.0034	18.5088	11.1212	0.1941	0.0254	0.9377	0.0305	0.733	0.2662	0.0	0.0	0.0	0.0	0.0	0.0	0.0	0.0	0.0	0.0
grp-14	T3	0	0.0	4	4	74.7246	10.1369	172.1864	18.3685	0.1939	0.175	0.1334	0.0816	35.3857	0.6648	1.0	2.392	27.128	0.0	0.0	0.0	0.0	0.0	0.0		1.0	0.0	1.0	-0.0	0.158	3.3351	0.4046	0.1505	0.0574	-0.0004	0.0011	17.0032	9.0202	0.0903	0.0198	0.9624	0.0133	0.4647	0.1043	0.0	0.0	0.0	0.0	0.0	0.0	0.0	0.0	0.0	0.0
grp-14	T3	1	30.0	4	4	66.9632	17.65	89.6637	21.6909	0.1904	0.1786	0.1001	0.0609	35.4033	0.6609	4.0	14.987	8.06	2.0	0.0	0.0	0.0	0.0	0.0		1.0	0.0	3.0	1.3312	4.005	3.3631	0.4089	0.168	0.0625	0.0009	0.0015	19.0162	6.8371	0.1177	0.0401	0.9579	0.0135	0.5581	0.2388	1.0	0.0	0.0	0.0	0.0	0.0	0.0	0.0	1.0	0.0
grp-14	T3	2	60.0	4	4	59.7442	16.6743	184.5284	99.303	0.178	0.1767	0.192	0.0501	35.4223	0.6613	5.0	26.634	5.547	2.0	0.0	0.0	0.0	0.0	0.0		1.0	1.0	2.0	0.4123	4.127	3.3971	0.4102	0.1899	0.0404	-0.0003	0.0002	15.5133	5.0043	0.1623	0.0245	0.9394	0.0272	0.6386	0.2358	0.0	0.0	0.0	0.0	0.0	0.0	0.0	0.0	0.0	0.0
grp-14	T3	3	90.0	4	4	60.571	10.6127	117.7148	87.9729	0.1707	0.1759	0.1502	0.0334	35.4215	0.6735	8.0	17.718	11.693	5.0	2.0	0.0	1.0	0.0	1.0	0.0	2.0	2.0	3.0	1.4777	6.806	3.192	0.2995	0.3127	0.0702	-0.0049	0.0026	14.5027	4.4355	0.1933	0.0198	0.9372	0.022	0.6181	0.0638	0.0	1.0	0.0	0.0	0.0	0.0	0.0	0.0	1.0	0.0
grp-14	T3	4	120.0	4	4	63.806	15.9108	147.4593	51.8288	0.1762	0.1702	0.1502	0.0193	35.4108	0.6736	12.0	16.893	10.52	0.0	0.0	0.0	0.0	0.0	0.0		6.0	2.0	2.0	0.3392	5.874	2.9947	0.2856	0.1999	0.1081	-0.0004	0.002	20.0171	14.0119	0.1492	0.0523	0.9572	0.0462	0.5822	0.2551	0.0	1.0	0.0	0.0	0.0	0.0	0.0	0.0	1.0	0.0
grp-14	T3	5	150.0	4	4	80.2966	11.1617	125.9153	52.8773	0.1724	0.1616	0.2755	0.1775	35.4067	0.6706	2.0	25.512	4.367	2.0	0.0	0.0	0.0	0.0	0.0		2.0	0.0	1.0	-0.0	0.5	2.9608	0.3072	0.1628	0.1092	-0.0007	0.0006	18.0154	17.7916	0.135	0.0255	0.9621	0.0432	0.5245	0.1666	0.0	0.0	0.0	1.0	0.0	0.0	0.0	1.0	0.0	0.0
grp-14	T3	6	180.0	4	4	82.1861	10.5176	153.8296	53.579	0.1665	0.1629	0.359	0.1935	35.4052	0.6866	4.0	31.844	1.7	1.0	0.0	0.0	0.0	0.0	0.0		0.0	0.0	1.0	-0.0	0.406	2.9536	0.3177	0.1731	0.1192	0.0002	0.0014	18.5034	19.6929	0.1255	0.0236	0.9359	0.0656	0.5081	0.1238	1.0	0.0	1.0	1.0	0.0	0.0	0.0	0.3333333333333333	0.3333333333333333	0.0
grp-14	T3	7	210.0	4	4	75.9926	10.1506	101.8257	74.2388	0.1689	0.1633	0.3089	0.1261	35.4189	0.6909	5.0	33.676	4.329	6.0	1.0	0.0	1.0	0.0	0.0	0.0	1.0	1.0	2.0	0.2811	10.091	2.9991	0.3324	0.1986	0.1359	0.0008	0.0013	28.6912	25.3462	0.1628	0.0242	0.925	0.0859	0.5841	0.2122	0.0	0.0	0.0	0.0	0.0	0.0	0.0	0.0	0.0	0.0
grp-14	T3	8	240.0	4	4	70.1443	21.6674	175.2211	54.7353	0.1793	0.1522	0.2335	0.0472	35.4192	0.684	5.0	18.319	3.168	11.0	1.0	0.0	1.0	1.0	0.0	0.0	0.0	0.0	2.0	0.7795	6.31	3.0453	0.3784	0.2189	0.0993	0.0008	0.0027	16.5141	17.0928	0.199	0.0596	0.9514	0.0492	0.5519	0.1481	0.0	0.0	0.0	0.0	0.0	0.0	0.0	0.0	0.0	0.0
grp-14	T3	9	270.0	4	4	67.4484	25.7255	180.0885	37.4454	0.1783	0.1492	0.2169	0.1263	35.415	0.6907	11.0	27.578	9.318	1.0	4.0	0.0	3.0	2.0	1.0	0.0	1.0	0.0	3.0	1.2738	11.303	3.0586	0.4422	0.2188	0.0976	0.0005	0.0021	13.5025	7.7258	0.1871	0.0478	0.9636	0.0234	0.5245	0.1876	0.0	0.0	0.0	0.0	0.0	0.0	0.0	0.0	0.0	0.0
grp-14	T3	10	300.0	4	4	59.2579	17.769	150.5699	51.0939	0.1656	0.1539	0.2253	0.1426	35.4282	0.6988	5.0	23.098	3.804	2.0	2.0	1.0	0.0	0.0	1.0	1.0	0.0	0.0	4.0	1.582	3.508	3.0092	0.3849	0.2296	0.1304	-0.0007	0.0028	16.0137	7.4897	0.1546	0.0671	0.9516	0.024	0.527	0.1935	0.0	0.0	0.0	0.0	0.0	0.0	0.0	0.0	0.0	0.0
grp-14	T3	11	330.0	4	4	58.1507	15.995	155.4783	2.673	0.1528	0.1585	0.2338	0.1125	35.4312	0.7144	3.0	24.058	4.58	4.0	0.0	0.0	0.0	0.0	0.0		0.0	0.0	1.0	-0.0	6.109	2.9491	0.3259	0.2002	0.1004	-0.0006	0.0004	16.5141	7.1941	0.1359	0.0365	0.9476	0.0263	0.5182	0.1643	0.0	0.0	0.0	0.0	0.0	0.0	0.0	0.0	0.0	0.0
grp-14	T3	12	360.0	4	4	70.1195	18.9228	154.735	53.561	0.1553	0.1573	0.2753	0.1598	35.4306	0.7253	11.0	13.257	7.435	1.0	8.0	1.0	4.0	2.0	3.0	0.2	0.0	0.0	4.0	1.9289	18.934	2.9466	0.3457	0.1656	0.0908	0.0006	0.0001	16.0137	13.8682	0.1171	0.0093	0.9613	0.0239	0.5305	0.1219	0.0	0.0	0.0	0.0	0.0	0.0	0.0	0.0	0.0	0.0
grp-14	T3	13	390.0	4	4	81.7071	9.6658	152.7386	27.3427	0.1648	0.152	0.3587	0.2334	35.4225	0.7182																3.0199	0.3682	0.2044	0.1122	0.002	0.0025	15.5132	14.5612	0.138	0.0073	0.9626	0.0281	0.551	0.1546	0.0	0.0	0.0	0.0	0.0	0.0	0.0	0.0	0.0	0.0
grp-14	T3	14	420.0	4	4	77.7128	18.2755	136.8136	55.0556	0.1693	0.1503	0.3006	0.2059	35.4068	0.7097																3.0815	0.4026	0.1949	0.1194	0.0004	0.0007	20.6705	10.0683	0.1463	0.0224	0.9473	0.0418	0.6583	0.2589	0.0	0.0	0.0	0.0	0.0	0.0	0.0	0.0	0.0	0.0
grp-14	T3	15	450.0	4	4	66.7099	17.7717	131.7944	25.5577	0.1686	0.1571	0.2087	0.0688	35.3935	0.7173																3.1881	0.4179	0.2511	0.0583	0.0035	0.0015	25.0214	17.1026	0.1972	0.0449	0.9142	0.0772	0.9036	0.5432	0.0	0.0	0.0	0.0	0.0	0.0	0.0	0.0	0.0	0.0
grp-14	T3	16	480.0	4	4	64.5747	21.6745	108.3946	61.6496	0.154	0.155	0.2084	0.0877	35.3705	0.754																3.3611	0.4722	0.2174	0.0557	0.0019	0.0009	21.5184	10.6392	0.1481	0.0155	0.9335	0.0449	0.7231	0.2738	0.0	0.0	0.0	0.0	0.0	0.0	0.0	0.0	0.0	0.0
grp-14	T3	17	510.0	4	4	72.1398	22.0354	163.2944	44.9048	0.1468	0.1348	0.2086	0.042	35.3482	0.7899																3.2869	0.4116	0.2366	0.1046	-0.0043	0.0036	10.0019	5.1649	0.1398	0.033	0.972	0.0199	0.499	0.2199	0.0	0.0	0.0	0.0	0.0	0.0	0.0	0.0	0.0	0.0
grp-14	T3	18	540.0	4	4	78.7624	25.6041	156.0779	81.5773	0.1492	0.1308	0.3004	0.0472	35.3711	0.7778																3.232	0.4328	0.2203	0.0784	0.0016	0.0028	10.6758	2.3114	0.1608	0.0356	0.9708	0.0153	0.4895	0.2372	0.0	0.0	0.0	0.0	0.0	0.0	0.0	0.0	0.0	0.0
grp-14	T3	19	570.0	4	4	76.4902	23.5438	200.3522	39.268	0.1731	0.1604	0.2334	0.0818	35.4075	0.7289																3.3296	0.4813	0.2077	0.0651	0.001	0.0026	16.0137	5.6617	0.1496	0.0641	0.9334	0.0192	0.7266	0.2966	0.0	0.0	0.0	0.0	0.0	0.0	0.0	0.0	0.0	0.0
grp-14	T3	20	600.0	4	4	71.0257	9.4986	176.7054	6.4394	0.1866	0.1637	0.1837	0.0884	35.4271	0.6879																3.3511	0.4091	0.1922	0.0522	0.0	0.0011	21.504	5.2609	0.1419	0.0385	0.9267	0.0241	0.81	0.4128	0.0	0.0	0.0	0.0	0.0	0.0	0.0	0.0	0.0	0.0
grp-14	T3	21	630.0	4	4	73.4943	10.2795	178.8175	33.7214	0.1813	0.1491	0.2171	0.1778	35.4336	0.6804																3.3531	0.4015	0.1591	0.0082	0.0	0.0007	20.0171	3.2688	0.1174	0.0459	0.9537	0.0075	0.5831	0.3076	0.0	0.0	0.0	0.0	0.0	0.0	0.0	0.0	0.0	0.0
grp-14	T3	22	660.0	4	4	75.7624	11.9642	149.8707	44.555	0.1826	0.1458	0.2504	0.1839	35.4284	0.6825																3.3372	0.4018	0.2437	0.1061	-0.0016	0.0038	22.5192	5.0043	0.1166	0.0352	0.9237	0.0335	0.7081	0.3039	0.0	0.0	0.0	0.0	0.0	0.0	0.0	0.0	0.0	0.0
grp-14	T3	23	690.0	4	4	72.0458	14.1221	159.8482	23.6194	0.1823	0.1454	0.1584	0.0958	35.439	0.6707																3.3274	0.4298	0.2297	0.0876	-0.0004	0.0008	20.5145	6.8142	0.1192	0.0338	0.9315	0.0334	0.6342	0.1458	0.0	0.0	0.0	0.0	0.0	0.0	0.0	0.0	0.0	0.0
grp-14	T3	24	720.0	4	4	70.927	20.703	130.0298	18.5749	0.1824	0.1523	0.1586	0.126	35.4459	0.6709																3.3524	0.5077	0.1746	0.0471	0.0002	0.0017	16.5141	9.2995	0.111	0.0452	0.9431	0.0439	0.5293	0.1528	0.0	0.0	0.0	0.0	0.0	0.0	0.0	0.0	0.0	0.0
grp-14	T3	25	750.0	4	4	71.5605	15.54	137.7571	18.6434	0.1699	0.1445	0.1085	0.0167	35.4384	0.6718																3.3543	0.5435	0.2309	0.0838	-0.0005	0.0026	16.0053	6.3247	0.1156	0.0281	0.9199	0.0641	0.7371	0.2399	0.0	0.0	0.0	0.0	0.0	0.0	0.0	0.0	0.0	0.0
grp-14	T3	26	780.0	4	4	68.6815	13.1917	167.9471	20.5929	0.1406	0.0863	0.1835	0.0839	35.4304	0.6522																3.3571	0.4494	0.251	0.0809	0.0006	0.0022	17.515	6.8127	0.1178	0.0358	0.9344	0.025	0.7066	0.2197	0.0	0.0	0.0	0.0	0.0	0.0	0.0	0.0	0.0	0.0
grp-14	T3	27	810.0	4	4	67.7345	14.659	191.5536	63.5464	0.1468	0.1093	0.1752	0.0997	35.427	0.6454																3.3756	0.3829	0.2305	0.0421	-0.0002	0.0011	21.5184	10.764	0.1543	0.0701	0.9384	0.0215	0.7279	0.3302	0.0	0.0	0.0	0.0	0.0	0.0	0.0	0.0	0.0	0.0
grp-14	T3	28	840.0	4	4	64.7273	19.3976	148.6592		0.173	0.1615	0.2086	0.1502	35.4265	0.6565																3.3661	0.3462	0.238	0.0265	-0.0011	0.0018	16.003	8.1665	0.1718	0.0589	0.9436	0.0234	0.6827	0.3103	0.0	0.0	0.0	0.0	0.0	0.0	0.0	0.0	0.0	0.0
grp-14	T3	29	870.0	4	4	63.8289	18.8785	131.5847		0.1814	0.1535	0.1836	0.1647	35.4233	0.6442																3.3488	0.3243	0.201	0.0243	-0.0004	0.002	14.5124	5.2644	0.1605	0.0453	0.9514	0.0183	0.5383	0.1417	0.0	0.0	0.0	0.0	0.0	0.0	0.0	0.0	0.0	0.0
grp-14	T3	30	900.0	4	4	70.7931	14.8762	178.729	5.4091	0.187	0.1533	0.1669	0.0983	35.4169	0.6306																3.3649	0.3609	0.1815	0.0447	0.0006	0.0015	17.0145	6.0051	0.1273	0.0346	0.9432	0.0252	0.5404	0.128	0.0	0.0	0.0	0.0	0.0	0.0	0.0	0.0	0.0	0.0
grp-14	T3	31	930.0	4	4	76.3421	20.0247	152.6365	29.6954	0.1822	0.1512	0.1919	0.1102	35.4109	0.6263																3.3775	0.3873	0.1822	0.0556	0.0	0.0018	14.0026	12.0022	0.1294	0.0343	0.9498	0.041	0.5065	0.1242	0.0	0.0	0.0	0.0	0.0	0.0	0.0	0.0	0.0	0.0
grp-14	T3	32	960.0	4	4	73.2071	13.6472	151.8225	28.096	0.1815	0.1552	0.2504	0.1293	35.4065	0.6224																3.4045	0.4195	0.1986	0.0539	0.0009	0.0013	13.5115	10.3851	0.1271	0.0301	0.9596	0.0274	0.5476	0.1071	0.0	0.0	0.0	0.0	0.0	0.0	0.0	0.0	0.0	0.0
grp-14	T3	33	990.0	4	4	66.1913	15.4215	149.2025	34.7419	0.181	0.1554	0.2587	0.1168	35.4058	0.6382																3.4258	0.4645	0.2175	0.0623	-0.0001	0.0005	14.012	6.33	0.1292	0.0283	0.9394	0.0305	0.6299	0.1185	0.0	0.0	0.0	0.0	0.0	0.0	0.0	0.0	0.0	0.0
grp-14	T3	34	1020.0	4	4	66.8335	15.4172	168.9526	23.2875	0.178	0.1362	0.2922	0.1452	35.4122	0.6467																3.4248	0.4431	0.2521	0.0931	0.0011	0.0011	15.5089	9.0088	0.1374	0.0208	0.9242	0.0337	0.6878	0.0563	0.0	0.0	0.0	0.0	0.0	0.0	0.0	0.0	0.0	0.0
grp-14	T3	35	1050.0	4	4	68.859	15.0402	152.4285	12.166	0.1897	0.1333	0.2003	0.0818	35.413	0.6476																3.4341	0.3492	0.265	0.0812	0.0001	0.0033	16.0137	12.1209	0.1488	0.0505	0.9415	0.0137	0.6774	0.1232	0.0	0.0	0.0	0.0	0.0	0.0	0.0	0.0	0.0	0.0
grp-14	T3	36	1080.0	4	4	72.2421	17.7206	149.9008	12.8556	0.1898	0.1542	0.1418	0.0501	35.4194	0.6518																3.3209	0.2185	0.2631	0.1161	-0.0036	0.0024	14.5064	8.0621	0.1405	0.0589	0.9568	0.0187	0.6531	0.1465	0.0	0.0	0.0	0.0	0.0	0.0	0.0	0.0	0.0	0.0
grp-14	T3	37	1110.0	4	4	78.3691	17.4737	157.352	27.0626	0.1761	0.1636	0.2169	0.114	35.4213	0.6649																3.2371	0.1887	0.2347	0.0863	0.0005	0.0022	16.5141	7.9019	0.1752	0.0455	0.9539	0.0219	0.7576	0.2236	0.0	0.0	0.0	0.0	0.0	0.0	0.0	0.0	0.0	0.0
grp-14	T3	38	1140.0	4	4	78.1458	25.7036	150.8522	25.6609	0.1689	0.1564	0.2837	0.1349	35.4157	0.6876																3.354	0.2719	0.2465	0.062	0.0023	0.0022	19.5167	7.5563	0.1973	0.0099	0.9432	0.0154	0.6987	0.2937	0.0	0.0	0.0	0.0	0.0	0.0	0.0	0.0	0.0	0.0
grp-14	T3	39	1170.0	4	4	69.0322	21.306	144.4546	7.3424	0.171	0.1463	0.3255	0.171	35.4129	0.6916																3.4219	0.3079	0.2471	0.1089	-0.0007	0.0013	20.5038	9.2933	0.1615	0.0836	0.9419	0.0295	0.6787	0.3579	0.0	0.0	0.0	0.0	0.0	0.0	0.0	0.0	0.0	0.0
grp-14	T3	40	1200.0	4	4	65.4829	15.4058	162.3041	43.7503	0.1782	0.1513	0.3169	0.1857	35.3943	0.6896																3.3746	0.3525	0.2835	0.0634	-0.0007	0.0034	26.0222	15.2446	0.1984	0.0484	0.9237	0.0453	0.8031	0.2367	0.0	0.0	0.0	0.0	0.0	0.0	0.0	0.0	0.0	0.0
grp-14	T3	41	1230.0	4	4	67.4941	19.9222	156.463	23.2458	0.1765	0.1511	0.2505	0.1602	35.3764	0.6936																3.2551	0.4028	0.2701	0.042	-0.003	0.001	24.0205	14.1542	0.2023	0.0252	0.9274	0.0425	0.6697	0.0684	0.0	0.0	0.0	0.0	0.0	0.0	0.0	0.0	0.0	0.0
grp-14	T3	42	1260.0	4	4	64.2365	14.4841	159.3416	49.151	0.1767	0.1465	0.1752	0.171	35.3673	0.7066																3.2431	0.3923	0.2427	0.1173	0.0016	0.0023	20.6705	7.0251	0.1804	0.0282	0.9469	0.034	0.5443	0.1878	0.0	0.0	0.0	0.0	0.0	0.0	0.0	0.0	0.0	0.0
grp-14	T3	43	1290.0	4	4	62.1754	14.6529	148.2287	74.1493	0.1832	0.14	0.1585	0.0997	35.3663	0.7157																3.3437	0.3616	0.2647	0.0544	0.0006	0.0032	16.0137	10.7174	0.1983	0.0061	0.9335	0.0413	0.7473	0.2457	0.0	0.0	0.0	0.0	0.0	0.0	0.0	0.0	0.0	0.0
grp-14	T3	44	1320.0	4	4	62.9649	14.8833	146.2825	33.2912	0.1852	0.1351	0.1336	0.1188	35.3684	0.7172																3.3464	0.3207	0.263	0.0336	-0.0002	0.002	20.0171	9.9416	0.2061	0.0252	0.9248	0.0318	0.8745	0.1756	0.0	0.0	0.0	0.0	0.0	0.0	0.0	0.0	0.0	0.0
grp-14	T3	45	1350.0	4	4	65.9567	12.5236	186.5332	65.9451	0.1732	0.1412	0.1668	0.0609	35.372	0.733																3.1274	0.2388	0.3329	0.038	-0.005	0.0031	16.5031	8.7003	0.1349	0.0248	0.9484	0.0268	0.6652	0.1923	0.0	0.0	0.0	0.0	0.0	0.0	0.0	0.0	0.0	0.0
grp-14	T3	46	1380.0	4	4	70.5916	15.3238	143.2424	21.0474	0.1616	0.1483	0.1001	0.0472	35.384	0.7571																2.9295	0.2376	0.1888	0.136	-0.0003	0.0013	11.343	11.0245	0.0586	0.0189	0.9756	0.0271	0.5036	0.3305	0.0	0.0	0.0	0.0	0.0	0.0	0.0	0.0	0.0	0.0
grp-14	T3	47	1410.0	4	4	69.4678	17.6288	191.1696	60.8451	0.1654	0.1441	0.1002	0.1056	35.3967	0.783																2.9098	0.2659	0.1413	0.1523	-0.0003	0.0003	16.0137	11.3234	0.0527	0.019	0.9828	0.0279	0.4368	0.2769	0.0	0.0	0.0	0.0	0.0	0.0	0.0	0.0	0.0	0.0
grp-14	T3	48	1440.0	4	4	69.6334	14.0734	155.743	41.8692	0.1595	0.1398	0.1253	0.0998	35.4021	0.8006																2.9353	0.2801	0.1805	0.2083	0.001	0.0022	15.0128	15.5696	0.0603	0.0285	0.9795	0.0301	0.5134	0.4706	0.0	0.0	0.0	0.0	0.0	0.0	0.0	0.0	0.0	0.0
grp-14	T3	49	1470.0	4	4	67.9765	11.3363	153.0112	25.1079	0.155	0.1409	0.1586	0.1136	35.4003	0.7983																2.9647	0.2919	0.2165	0.2331	0.0001	0.0017	14.012	14.0119	0.0658	0.034	0.9651	0.0436	0.5804	0.5507	0.0	0.0	0.0	0.0	0.0	0.0	0.0	0.0	0.0	0.0
grp-14	T3	50	1500.0	4	4	59.7943	19.0069	146.5574	29.5285	0.1657	0.1372	0.1418	0.1033	35.3823	0.7807																3.0097	0.3122	0.2328	0.2155	0.0021	0.0019	14.5037	14.273	0.1255	0.079	0.9309	0.0807	0.5838	0.4535	0.0	0.0	0.0	0.0	0.0	0.0	0.0	0.0	0.0	0.0
grp-14	T3	51	1530.0	4	4	62.2423	14.1685	175.7293		0.1749	0.1348	0.1502	0.0695	35.3679	0.7672																3.1729	0.4005	0.2452	0.1333	0.0028	0.0025	14.012	7.8382	0.1538	0.0393	0.9369	0.0523	0.5896	0.1947	0.0	0.0	0.0	0.0	0.0	0.0	0.0	0.0	0.0	0.0
grp-14	T3	52	1560.0	4	4	64.4109	14.0016	155.5055	14.4258	0.1697	0.1225	0.1586	0.1103	35.3783	0.7747																3.3187	0.4934	0.257	0.0532	0.0021	0.004	15.0128	10.0085	0.1718	0.0396	0.9412	0.0259	0.6696	0.2696	0.0	0.0	0.0	0.0	0.0	0.0	0.0	0.0	0.0	0.0
grp-15	T1	0	0.0	4	4	76.5069	10.856	86.9149	4.8932	0.191	0.2367	0.1668	0.1766	37.1018	1.483	3.0	13.961	18.622	3.0	1.0	1.0	0.0	0.0	0.0	1.0	3.0	0.0	1.0	-0.0	7.953	2.9683	0.2639	0.1768	0.0626	-0.0006	0.0012	9.5016	6.8081	0.1491	0.021	0.9608	0.0319	0.6111	0.263	0.0	0.0	0.0	1.0	0.0	0.0	0.0	1.0	0.0	0.0
grp-15	T1	1	30.0	4	4	80.9522	12.4531	111.1707	20.8241	0.1766	0.213	0.2002	0.2541	37.114	1.4721	10.0	21.791	6.702	6.0	5.0	0.0	5.0	5.0	0.0	0.0	1.0	0.0	3.0	1.2245	11.492	2.9675	0.2651	0.1584	0.0652	0.0005	0.0012	8.0068	6.9342	0.0931	0.0122	0.9684	0.0307	0.583	0.301	2.0	1.0	0.0	0.0	0.0	0.0	0.0	0.0	1.0	0.0
grp-15	T1	2	60.0	4	4	77.8974	5.8673	113.956	25.3266	0.176	0.2126	0.1669	0.2684	37.1326	1.4678	10.0	36.609	1.278	1.0	4.0	0.0	4.0	2.0	0.0	0.0	0.0	0.0	4.0	1.589	11.979	2.9761	0.2545	0.1507	0.0534	-0.0004	0.0008	6.6723	3.0577	0.0898	0.0118	0.9734	0.0223	0.5877	0.2829	2.0	1.0	0.0	0.0	0.0	0.0	0.0	0.0	1.0	0.0
grp-15	T1	3	90.0	4	4	71.3506	9.3526	105.6694	25.1128	0.1676	0.1732	0.2254	0.2429	37.1566	1.4728	9.0	23.26	2.885	11.0	1.0	0.0	1.0	0.0	0.0	0.0	0.0	0.0	4.0	1.8818	7.241	2.9631	0.2816	0.1728	0.062	-0.0001	0.0007	19.0033	9.9017	0.0946	0.0203	0.9646	0.0438	0.6756	0.3871	0.0	1.0	1.0	1.0	0.0	0.0	0.0	0.3333333333333333	0.3333333333333333	0.0
grp-15	T1	4	120.0	4	4	71.1887	8.0317	115.3806	44.257	0.1714	0.1666	0.2418	0.2317	37.1927	1.4862	7.0	25.5	5.459	4.0	2.0	0.0	2.0	1.0	0.0	0.0	0.0	1.0	3.0	1.2118	6.293	2.9589	0.2496	0.2036	0.0506	-0.0003	0.0023	14.0118	8.6484	0.162	0.0147	0.9589	0.0353	0.6918	0.2574	1.0	0.0	0.0	0.0	0.0	0.0	0.0	0.0	1.0	0.0
grp-15	T1	5	150.0	4	4	75.3087	10.3095	109.9454	22.5105	0.1814	0.1876	0.2923	0.2826	37.2231	1.5084	14.0	31.93	3.699	6.0	4.0	0.0	4.0	2.0	0.0	0.0	2.0	0.0	3.0	0.7391	18.978	2.823	0.1618	0.2073	0.0655	-0.0039	0.002	10.0083	4.0031	0.1482	0.0145	0.9748	0.0136	0.4372	0.1012	1.0	0.0	0.0	0.0	1.0	0.0	0.0	0.5	0.5	0.0
grp-15	T1	6	180.0	4	4	76.9198	9.467	125.5708	75.8038	0.1774	0.1872	0.3339	0.3738	37.2284	1.5377	6.0	29.061	8.414	6.0	2.0	0.0	2.0	1.0	0.0	0.0	1.0	0.0	2.0	0.2261	21.599	2.6803	0.13	0.0794	0.0266	-0.0006	0.0006	8.6708	3.0598	0.0497	0.0025	0.9866	0.0106	0.1844	0.0481	1.0	0.0	0.0	0.0	0.0	0.0	0.0	0.0	1.0	0.0
grp-15	T1	7	210.0	4	4	70.4128	7.4795	109.057	32.0917	0.166	0.1669	0.317	0.3451	37.2219	1.5628	8.0	27.082	9.539	5.0	2.0	1.0	1.0	0.0	0.0	0.5	1.0	2.0	3.0	1.1319	6.403	2.699	0.1478	0.0881	0.0194	0.0011	0.0008	11.0093	3.4672	0.0693	0.0272	0.9673	0.0128	0.2359	0.0657	1.0	0.0	0.0	0.0	0.0	0.0	0.0	0.0	1.0	0.0
grp-15	T1	8	240.0	4	4	63.1984	10.3246	117.9858	37.2528	0.1661	0.1647	0.3255	0.3701	37.2213	1.5804	5.0	30.699	4.43	10.0	0.0	0.0	0.0	0.0	0.0		0.0	0.0	3.0	1.4746	17.304	2.6992	0.1722	0.0915	0.0121	-0.0008	0.0006	10.5079	4.1282	0.0809	0.022	0.9671	0.0123	0.262	0.0627	0.0	0.0	0.0	0.0	0.0	0.0	0.0	0.0	0.0	0.0
grp-15	T1	9	270.0	4	4	64.0073	9.417	118.1731	79.2901	0.132	0.0942	0.3085	0.4062	37.2422	1.6198	4.0	15.1	3.871	7.0	1.0	0.0	1.0	0.0	0.0	0.0	1.0	0.0	2.0	0.0575	3.9	2.7314	0.2057	0.133	0.0775	0.0019	0.0025	7.5033	1.9132	0.1299	0.0824	0.976	0.0123	0.3572	0.2223	0.0	0.0	0.0	0.0	0.0	0.0	0.0	0.0	0.0	0.0
grp-15	T1	10	300.0	4	4	65.9373	7.5362	115.1075	28.9895	0.0967	0.0639	0.1918	0.2546	37.2821	1.6928	10.0	40.2	3.9	6.0	1.0	0.0	1.0	0.0	0.0	0.0	0.0	0.0	4.0	1.7229	6.514	2.8755	0.2649	0.1693	0.0508	0.0027	0.0009	12.0101	5.2962	0.179	0.0266	0.9618	0.0312	0.5567	0.2696	0.0	0.0	0.0	0.0	0.0	0.0	0.0	0.0	0.0	0.0
grp-15	T1	11	330.0	4	4	65.1643	3.967	200.4214	18.4597	0.1034	0.0709	0.2003	0.1417	37.2928	1.7135	6.0	30.248	0.0	5.0	1.0	1.0	0.0	0.0	0.0	1.0	3.0	0.0	3.0	0.9772	30.756	2.9967	0.3164	0.209	0.0631	0.0016	0.0028	14.5106	10.3862	0.1642	0.0586	0.9314	0.0779	0.7176	0.2685	0.0	0.0	0.0	0.0	0.0	0.0	0.0	0.0	0.0	0.0
grp-15	T1	12	360.0	4	4	71.5721	6.4188	194.3237	96.8936	0.1019	0.0747	0.1669	0.1156	37.2712	1.6736	10.0	30.899	0.066	1.0	1.0	0.0	1.0	1.0	0.0	0.0	1.0	0.0	2.0	0.9365	32.398	3.0304	0.3552	0.2241	0.0792	-0.0007	0.0018	15.0127	12.2852	0.1871	0.0784	0.9127	0.0708	0.6774	0.1652	0.0	0.0	0.0	0.0	0.0	0.0	0.0	0.0	0.0	0.0
grp-15	T1	13	390.0	4	4	77.7066	6.9113	124.9115	43.5484	0.1215	0.0926	0.0834	0.0578	37.2584	1.6402	9.0	32.54	1.0	2.0	3.0	0.0	3.0	2.0	0.0	0.0	3.0	0.0	2.0	0.7756	19.26	2.9827	0.2894	0.2386	0.1132	-0.0005	0.003	17.013	11.8435	0.1764	0.0808	0.9269	0.0595	0.589	0.15	0.0	0.0	0.0	0.0	0.0	0.0	0.0	0.0	0.0	0.0
grp-15	T1	14	420.0	4	4	73.5259	11.8138	119.9539	29.8748	0.1474	0.1198	0.1669	0.1566	37.2409	1.6214	3.0	4.1	6.0	1.0	1.0	0.0	1.0	0.0	0.0	0.0	0.0	0.0	2.0	0.1654	1.381	3.0202	0.2995	0.2319	0.0787	0.0025	0.0028	16.5055	9.0015	0.1602	0.0405	0.9399	0.0461	0.7221	0.3817	0.0	0.0	0.0	0.0	0.0	0.0	0.0	0.0	0.0	0.0
grp-15	T1	15	450.0	4	4	70.163	22.0558	88.3082	6.7182	0.1452	0.1232	0.1252	0.1289	37.2197	1.6048																3.0756	0.3194	0.209	0.0438	-0.0007	0.0012	19.5164	13.4152	0.1573	0.045	0.929	0.0503	0.7508	0.3283	0.0	0.0	0.0	0.0	0.0	0.0	0.0	0.0	0.0	0.0
grp-15	T1	16	480.0	4	4	68.6847	13.0443	128.874	45.7741	0.134	0.12	0.1419	0.1575	37.2083	1.5906																3.0265	0.2649	0.215	0.0463	-0.0008	0.0014	20.0128	11.2029	0.1798	0.0622	0.9132	0.0571	0.7949	0.2886	0.0	0.0	0.0	0.0	0.0	0.0	0.0	0.0	0.0	0.0
grp-15	T1	17	510.0	4	4	69.0917	10.543	136.8059	84.3576	0.0979	0.0772	0.1337	0.225	37.2086	1.6075																3.015	0.2694	0.2237	0.072	0.001	0.0012	25.5108	18.4312	0.1784	0.0438	0.9047	0.0636	0.9176	0.4064	0.0	0.0	0.0	0.0	0.0	0.0	0.0	0.0	0.0	0.0
grp-15	T1	18	540.0	4	4	68.5528	14.5167	119.9528	42.4033	0.0826	0.0688	0.1753	0.2691	37.2224	1.6208																3.0425	0.2958	0.2395	0.0569	0.0005	0.0012	28.0236	17.9783	0.2033	0.0447	0.9083	0.0576	0.8884	0.244	0.0	0.0	0.0	0.0	0.0	0.0	0.0	0.0	0.0	0.0
grp-15	T1	19	570.0	4	4	71.0174	13.6303	136.7023	48.9897	0.0963	0.075	0.2086	0.1971	37.2424	1.6229																2.9747	0.2246	0.2246	0.0757	-0.0018	0.0025	19.0148	14.2966	0.2378	0.0151	0.9249	0.0698	0.7797	0.3153	0.0	0.0	0.0	0.0	0.0	0.0	0.0	0.0	0.0	0.0
grp-15	T1	20	600.0	4	4	70.5884	16.5577	118.1114	32.4452	0.1063	0.0776	0.2088	0.2256	37.2587	1.633																2.9795	0.2548	0.2355	0.0492	0.002	0.0029	19.5078	13.8927	0.2176	0.0248	0.9384	0.0555	0.646	0.2656	0.0	0.0	0.0	0.0	0.0	0.0	0.0	0.0	0.0	0.0
grp-15	T1	21	630.0	4	4	68.3039	18.8316	84.6477	20.8205	0.124	0.1038	0.1586	0.2101	37.247	1.6252																3.0405	0.3362	0.261	0.0315	-0.0001	0.0026	22.0149	8.4926	0.1814	0.0177	0.9162	0.0262	0.7495	0.2413	0.0	0.0	0.0	0.0	0.0	0.0	0.0	0.0	0.0	0.0
grp-15	T1	22	660.0	4	4	74.0517	9.7978	140.3411	60.8985	0.1319	0.1102	0.1667	0.1564	37.2331	1.6121																3.0609	0.3537	0.2448	0.0631	0.0013	0.0006	20.0152	7.1272	0.189	0.0177	0.9063	0.0241	0.853	0.231	0.0	0.0	0.0	0.0	0.0	0.0	0.0	0.0	0.0	0.0
grp-15	T1	23	690.0	4	4	79.8405	9.3877	115.5905	26.6856	0.1383	0.1006	0.1752	0.1666	37.2251	1.6103																3.0321	0.3235	0.2096	0.0504	-0.0019	0.0016	14.0091	6.7374	0.1805	0.0548	0.9449	0.0197	0.6307	0.1064	0.0	0.0	0.0	0.0	0.0	0.0	0.0	0.0	0.0	0.0
grp-15	T1	24	720.0	4	4	74.7146	7.5228	137.9673	53.7395	0.1395	0.0927	0.2922	0.2941	37.2039	1.6118																2.9801	0.2932	0.2245	0.0333	0.0001	0.0022	19.016	9.3173	0.1976	0.038	0.9314	0.0292	0.5542	0.0962	0.0	0.0	0.0	0.0	0.0	0.0	0.0	0.0	0.0	0.0
grp-15	T1	25	750.0	4	4	69.6237	13.5755	87.758	5.672	0.1113	0.0737	0.2753	0.2473	37.1968	1.6198																2.9385	0.2542	0.2428	0.0502	-0.0013	0.0013	25.5182	7.1977	0.2108	0.0333	0.9188	0.0302	0.6186	0.0339	0.0	0.0	0.0	0.0	0.0	0.0	0.0	0.0	0.0	0.0
grp-15	T1	26	780.0	4	4	65.2883	18.378	76.8434	6.1122	0.1053	0.0744	0.2087	0.1621	37.1964	1.6194																2.8772	0.1915	0.2115	0.032	-0.0	0.002	19.5141	6.8153	0.1878	0.0289	0.9404	0.0302	0.5471	0.0887	0.0	0.0	0.0	0.0	0.0	0.0	0.0	0.0	0.0	0.0
grp-15	T1	27	810.0	4	4	66.4607	16.5322	116.3877	42.5684	0.1203	0.0784	0.1502	0.1601	37.1722	1.6077																2.9409	0.3174	0.2363	0.1122	0.0022	0.0045	18.5133	12.7006	0.1913	0.0622	0.9399	0.045	0.6069	0.2473	0.0	0.0	0.0	0.0	0.0	0.0	0.0	0.0	0.0	0.0
grp-15	T1	28	840.0	4	4	71.4952	11.9578	136.2982	49.657	0.1209	0.0766	0.1668	0.2001	37.1517	1.6078																2.976	0.3992	0.2165	0.0697	-0.0005	0.0013	22.0093	21.357	0.1468	0.0307	0.9079	0.0791	0.6553	0.3696	0.0	0.0	0.0	0.0	0.0	0.0	0.0	0.0	0.0	0.0
grp-15	T1	29	870.0	4	4	69.0093	11.5458	120.6117	42.8969	0.1212	0.0745	0.167	0.2077	37.1444	1.6123																2.9105	0.282	0.2203	0.0911	-0.0011	0.0024	23.0195	18.9548	0.1556	0.0355	0.9025	0.0744	0.6254	0.434	0.0	0.0	0.0	0.0	0.0	0.0	0.0	0.0	0.0	0.0
grp-15	T1	30	900.0	4	4	67.1462	12.1142	148.4027	36.1706	0.1263	0.0799	0.1754	0.1374	37.1429	1.6101																2.9001	0.2467	0.2093	0.0731	0.0003	0.0017	26.5193	13.7135	0.2016	0.0121	0.9133	0.0545	0.7381	0.4212	0.0	0.0	0.0	0.0	0.0	0.0	0.0	0.0	0.0	0.0
grp-15	T1	31	930.0	4	4	63.1006	11.1027	131.816	11.5271	0.1279	0.0819	0.1336	0.1417	37.1562	1.6009																2.929	0.2695	0.194	0.0697	0.0003	0.0007	24.0073	13.3675	0.1979	0.0173	0.9015	0.0642	0.7678	0.4504	0.0	0.0	0.0	0.0	0.0	0.0	0.0	0.0	0.0	0.0
grp-15	T1	32	960.0	4	4	62.63	13.1556	144.9689	61.2005	0.1259	0.0796	0.1252	0.1502	37.1582	1.6032																2.9334	0.2475	0.2388	0.0355	-0.0005	0.0028	18.5157	13.4156	0.1825	0.0395	0.922	0.057	0.6253	0.2637	0.0	0.0	0.0	0.0	0.0	0.0	0.0	0.0	0.0	0.0
grp-15	T1	33	990.0	4	4	69.0546	12.1245	120.0882	36.1739	0.1251	0.0779	0.1168	0.1037	37.1494	1.6083																2.9014	0.2491	0.2128	0.0565	-0.001	0.0014	17.5148	16.537	0.1324	0.0439	0.9322	0.0865	0.5671	0.3016	0.0	0.0	0.0	0.0	0.0	0.0	0.0	0.0	0.0	0.0
grp-15	T1	34	1020.0	4	4	77.5831	13.3926	123.6331	41.8627	0.113	0.0689	0.0834	0.0639	37.1513	1.6047																2.9205	0.1927	0.1889	0.0681	0.0009	0.0016	20.0075	10.4541	0.1743	0.0562	0.9177	0.0653	0.6093	0.2479	0.0	0.0	0.0	0.0	0.0	0.0	0.0	0.0	0.0	0.0
grp-15	T1	35	1050.0	4	4	76.0119	11.0007	116.8873	32.9122	0.113	0.076	0.1418	0.1346	37.1609	1.6102																2.8938	0.1754	0.2463	0.0648	-0.0019	0.0016	23.5178	9.1582	0.1899	0.0481	0.9048	0.0419	0.694	0.2329	0.0	0.0	0.0	0.0	0.0	0.0	0.0	0.0	0.0	0.0
grp-15	T1	36	1080.0	4	4	77.9378	12.9122	148.3716	79.1332	0.125	0.0828	0.1335	0.1307	37.1753	1.6188																2.8388	0.1772	0.2444	0.0622	0.0002	0.0028	19.5119	11.1255	0.1738	0.0509	0.9169	0.0605	0.6932	0.4084	0.0	0.0	0.0	0.0	0.0	0.0	0.0	0.0	0.0	0.0
grp-15	T1	37	1110.0	4	4	81.1109	11.75	152.8087	64.2252	0.1438	0.0968	0.1169	0.1108	37.1883	1.6289																2.8183	0.2296	0.2949	0.0287	-0.0007	0.0042	25.0154	7.391	0.2013	0.0977	0.898	0.0374	0.8416	0.2992	0.0	0.0	0.0	0.0	0.0	0.0	0.0	0.0	0.0	0.0
grp-15	T1	38	1140.0	4	4	73.3681	9.4542	118.8104	14.6589	0.1608	0.124	0.1503	0.1108	37.1969	1.6468																2.9043	0.3333	0.311	0.0219	0.0043	0.0014	27.5204	9.0118	0.1861	0.0374	0.8976	0.0222	0.8368	0.1386	0.0	0.0	0.0	0.0	0.0	0.0	0.0	0.0	0.0	0.0
grp-15	T1	39	1170.0	4	4	74.6307	9.2241	117.0715	38.9245	0.1637	0.1285	0.2421	0.2429	37.1957	1.6638																3.033	0.3284	0.2411	0.0687	0.0009	0.0009	22.0114	10.7129	0.1911	0.0273	0.9272	0.0351	0.6606	0.1495	0.0	0.0	0.0	0.0	0.0	0.0	0.0	0.0	0.0	0.0
grp-15	T1	40	1200.0	4	4	76.8559	10.4741	131.2676	44.4956	0.161	0.1237	0.1753	0.1916	37.1859	1.6797																2.9482	0.2253	0.1994	0.0842	-0.0022	0.003	14.5122	8.233	0.1685	0.0505	0.9527	0.0268	0.4392	0.138	0.0	0.0	0.0	0.0	0.0	0.0	0.0	0.0	0.0	0.0
grp-15	T1	41	1230.0	4	4	74.1735	8.9656	145.9717	30.9927	0.1596	0.1208	0.1001	0.0818	37.1824	1.6986																2.889	0.1531	0.1339	0.0556	0.0013	0.0018	8.6739	2.3113	0.1127	0.0258	0.98	0.0123	0.425	0.0885	0.0	0.0	0.0	0.0	0.0	0.0	0.0	0.0	0.0	0.0
grp-15	T1	42	1260.0	4	4	69.6504	7.8784	141.8563	33.1697	0.1628	0.1253	0.0917	0.1032	37.1858	1.6978																2.8556	0.1741	0.1457	0.0685	-0.0015	0.001	8.0049	6.0049	0.0988	0.0273	0.9821	0.0126	0.4182	0.0847	0.0	0.0	0.0	0.0	0.0	0.0	0.0	0.0	0.0	0.0
grp-15	T1	43	1290.0	4	4	66.335	13.49	118.4823	21.6161	0.1576	0.1157	0.0584	0.05	37.1929	1.6984																2.7649	0.1531	0.0785	0.0346	-0.0009	0.0005	8.673	4.1684	0.0475	0.0139	0.986	0.0083	0.2106	0.0202	0.0	0.0	0.0	0.0	0.0	0.0	0.0	0.0	0.0	0.0
grp-15	T1	44	1320.0	4	4	65.4216	16.454	128.5973	38.4497	0.1544	0.1099	0.0668	0.0472	37.198	1.7165																2.7514	0.121	0.072	0.0272	0.0004	0.0009	8.6722	5.0379	0.0451	0.0052	0.9821	0.0111	0.2173	0.0524	0.0	0.0	0.0	0.0	0.0	0.0	0.0	0.0	0.0	0.0
grp-15	T1	45	1350.0	4	4	66.6154	14.2383	117.6558	25.6911	0.1555	0.1114	0.0501	0.0578	37.2038	1.725																2.7722	0.1043	0.0845	0.0342	0.0001	0.0003	7.0038	1.418	0.0556	0.012	0.9823	0.0163	0.2643	0.093	0.0	0.0	0.0	0.0	0.0	0.0	0.0	0.0	0.0	0.0
grp-15	T1	46	1380.0	4	4	68.3248	12.1546	157.5189	66.6306	0.1449	0.0957	0.0334	0.0472	37.2123	1.7433																2.7816	0.1176	0.094	0.0265	-0.0002	0.0005	10.6744	8.0911	0.0654	0.0109	0.975	0.025	0.3095	0.0994	0.0	0.0	0.0	0.0	0.0	0.0	0.0	0.0	0.0	0.0
grp-15	T1	47	1410.0	4	4	72.4401	21.1801	137.8414	42.5173	0.1274	0.0765	0.1504	0.1405	37.2257	1.7766																2.834	0.1599	0.1924	0.09	0.0023	0.0013	14.5122	8.5513	0.1519	0.0578	0.9509	0.036	0.5172	0.2074	0.0	0.0	0.0	0.0	0.0	0.0	0.0	0.0	0.0	0.0
grp-15	T1	48	1440.0	4	4	78.2424	21.309	138.4215	80.8644	0.1383	0.0884	0.1586	0.1373	37.2243	1.7839																2.984	0.2204	0.2797	0.1256	0.0067	0.0075	8.0041	0.0037	0.1585	0.0724	0.8414	0.2454	0.722	0.3385	0.0	0.0	0.0	0.0	0.0	0.0	0.0	0.0	0.0	0.0
grp-15	T1	49	1470.0	4	4	79.0943	14.4626	102.0695	21.3175	0.148	0.1005	0.1501	0.2136	37.1994	1.7698																3.2468	0.5588	0.2452	0.0591	0.0144	0.0333	19.0162	15.5698	0.1422	0.0105	0.7166	0.4619	0.8123	0.4309	0.0	0.0	0.0	0.0	0.0	0.0	0.0	0.0	0.0	0.0
grp-15	T1	50	1500.0	4	4	77.8478	13.512	107.4513	44.1156	0.1491	0.0979	0.1335	0.2248	37.1722	1.7516																2.9431	0.2683	0.192	0.1181	0.0005	0.0003	30.0256	28.3086	0.1354	0.0544	0.6899	0.4686	0.5038	0.3011	0.0	0.0	0.0	0.0	0.0	0.0	0.0	0.0	0.0	0.0
grp-15	T1	51	1530.0	4	4	77.1315	11.0883	84.2516	46.7986	0.1483	0.0972	0.1001	0.1787	37.1481	1.7255																3.0708	0.2864	0.2193	0.1296	0.0038	0.0031	17.0146	18.4005	0.1106	0.037	0.7168	0.4806	0.2727	0.1432	0.0	0.0	0.0	0.0	0.0	0.0	0.0	0.0	0.0	0.0
grp-15	T1	52	1560.0	4	4	69.7016	4.7816	90.271	28.2271	0.1463	0.0962	0.0751	0.1501	37.13	1.7165																3.1309	0.237	0.2268	0.1646	-0.0147	0.0259	24.0206		0.0829	0.0225	0.7331	0.4765	0.8323	1.144	0.0	0.0	0.0	0.0	0.0	0.0	0.0	0.0	0.0	0.0
grp-15	T1	53	1590.0	4	4	65.2882	9.4863	99.54	22.01	0.1469	0.0939	0.1086	0.1754	37.1091	1.7259																3.1411	0.3059	0.2609	0.1315	0.0039	0.0052	20.0038	16.9738	0.1556	0.0549	0.8108	0.2594	0.65	0.5111	0.0	0.0	0.0	0.0	0.0	0.0	0.0	0.0	0.0	0.0
grp-15	T1	54	1620.0	4	4	69.4159	16.2673	119.1962	34.6213	0.165	0.0909	0.1919	0.1643	37.0933	1.7342																3.1473	0.346	0.2633	0.1027	0.0005	0.0022	37.3644	30.0466	0.1486	0.0798	0.8689	0.1289	0.6912	0.3648	0.0	0.0	0.0	0.0	0.0	0.0	0.0	0.0	0.0	0.0
grp-15	T1	55	1650.0	4	4	71.936	15.8524	124.9644	56.5777	0.1749	0.0978	0.2084	0.1932	37.0869	1.7329																3.1413	0.3581	0.2576	0.0778	0.0007	0.0022	36.0301	28.0232	0.1532	0.0843	0.8586	0.1442	0.6469	0.2932	0.0	0.0	0.0	0.0	0.0	0.0	0.0	0.0	0.0	0.0
grp-15	T1	56	1680.0	4	4	79.2922	10.0472	116.4543	23.0486	0.1915	0.1195	0.167	0.1746	37.0787	1.7355																3.1859	0.2559	0.2616	0.0688	-0.0005	0.0011	24.0102	22.9832	0.184	0.0619	0.8638	0.1183	0.8122	0.3825	0.0	0.0	0.0	0.0	0.0	0.0	0.0	0.0	0.0	0.0
grp-15	T1	57	1710.0	4	4	82.2568	11.9075	132.5623	16.0948	0.2289	0.1778	0.2758	0.3044	37.0648	1.738																3.1619	0.2456	0.2694	0.0813	-0.0006	0.0023	25.5141	19.8421	0.1832	0.047	0.883	0.0849	0.8982	0.4267	0.0	0.0	0.0	0.0	0.0	0.0	0.0	0.0	0.0	0.0
grp-15	T1	58	1740.0	4	4	78.7418	9.514	111.9769	34.3815	0.2529	0.2174	0.2334	0.279	37.0505	1.7194																3.0606	0.2585	0.2846	0.0591	-0.0018	0.0014	28.0236	21.3725	0.1684	0.0489	0.8995	0.076	0.9323	0.4115	0.0	0.0	0.0	0.0	0.0	0.0	0.0	0.0	0.0	0.0
grp-15	T2	0	0.0	4	4	68.4389	8.3819	159.3979	62.5894	0.3794	0.3655	0.2334	0.2597	36.9997	1.6711	0.0	0.0	0.0	0.0	0.0	0.0	0.0	0.0	0.0		0.0	0.0	0.0	0.0	0.0	2.9899	0.2248	0.1834	0.0796	-0.0011	0.0012	11.502	6.1925	0.106	0.0119	0.9529	0.0194	0.5481	0.19	0.0	0.0	0.0	0.0	0.0	0.0	0.0	0.0	0.0	0.0
grp-15	T2	1	30.0	4	4	68.5995	10.8368	108.8795	14.4936	0.333	0.293	0.2506	0.182	36.9857	1.6466																2.9664	0.2335	0.1576	0.0627	0.0003	0.0005	12.6773	4.1668	0.0878	0.0237	0.9663	0.0217	0.5407	0.245	0.0	0.0	0.0	0.0	0.0	0.0	0.0	0.0	0.0	0.0
grp-15	T2	2	60.0	4	4	72.8795	12.6096	104.6041	21.5002	0.3476	0.3423	0.2922	0.2029	36.9847	1.6234	5.0	18.0	0.0	0.0	0.0	0.0	0.0	0.0	0.0		1.0	0.0	2.0	0.3095	5.629	2.9963	0.2293	0.1962	0.0797	0.0004	0.002	14.5122	10.1246	0.1138	0.017	0.9437	0.0489	0.5373	0.2716	0.0	0.0	0.0	0.0	0.0	0.0	0.0	0.0	0.0	0.0
grp-15	T2	3	90.0	4	4	70.4839	15.6945	161.578	38.5914	0.3215	0.2893	0.2252	0.1794	36.9693	1.6066	8.0	28.0	0.0	2.0	0.0	0.0	0.0	0.0	0.0		1.0	0.0	3.0	0.9464	2.1	2.9983	0.208	0.2334	0.0749	-0.0013	0.0022	22.0038	15.0581	0.1955	0.0439	0.9147	0.0611	0.6214	0.2574	0.0	0.0	0.0	0.0	0.0	0.0	0.0	0.0	0.0	0.0
grp-15	T2	4	120.0	4	4	67.1747	9.6702	138.4197	31.1361	0.2686	0.2	0.1418	0.2045	36.9593	1.5986	9.0	31.091	0.0	1.0	4.0	0.0	3.0	3.0	1.0	0.0	1.0	0.0	3.0	1.2254	18.704	2.8174	0.1729	0.2271	0.0222	-0.0043	0.0011	20.0167	13.1765	0.1137	0.0231	0.9394	0.0278	0.4479	0.0975	0.0	0.0	0.0	0.0	0.0	0.0	0.0	0.0	0.0	0.0
grp-15	T2	5	150.0	4	4	65.1656	7.3215	146.0412	32.9857	0.234	0.1601	0.2839	0.3368	36.9625	1.5918	4.0	31.611	1.389	3.0	0.0	0.0	0.0	0.0	0.0		0.0	0.0	2.0	0.9578	2.94	2.6973	0.1723	0.1465	0.0231	0.0013	0.0004	13.0109	10.401	0.1007	0.0352	0.9639	0.0276	0.3524	0.19	0.0	0.0	0.0	0.0	0.0	0.0	0.0	0.0	0.0	0.0
grp-15	T2	6	180.0	4	4	74.744	16.6463	156.0049	46.3119	0.2058	0.1446	0.2668	0.3312	36.9729	1.5876	4.0	30.0	0.0	3.0	0.0	0.0	0.0	0.0	0.0		0.0	0.0	2.0	0.9968	1.5	2.8208	0.2307	0.2076	0.0655	0.0028	0.0017	18.506	19.0032	0.1883	0.0333	0.9341	0.0623	0.5004	0.2919	0.0	0.0	2.0	0.0	2.0	0.0	0.0	0.5	0.0	0.0
grp-15	T2	7	210.0	4	4	82.7143	24.9105	129.6145	54.3792	0.1913	0.1328	0.2754	0.3183	36.9854	1.5906	5.0	35.0	1.0	1.0	0.0	0.0	0.0	0.0	0.0		0.0	0.0	2.0	0.9947	0.0	2.9096	0.2604	0.1674	0.0582	-0.0006	0.0009	20.0169	14.1543	0.1619	0.0358	0.9272	0.0522	0.5366	0.1667	0.0	0.0	0.0	0.0	0.0	0.0	0.0	0.0	0.0	0.0
grp-15	T2	8	240.0	4	4	77.5035	21.9264	146.474	44.6963	0.1831	0.1221	0.3088	0.2771	36.9993	1.601	3.0	23.0	0.0	1.0	0.0	0.0	0.0	0.0	0.0		0.0	0.0	3.0	1.2641	1.72	2.9153	0.2358	0.1674	0.0469	0.0002	0.0011	19.5128	12.4864	0.1603	0.0437	0.9255	0.0613	0.5687	0.0721	0.0	0.0	0.0	1.0	0.0	0.0	0.0	1.0	0.0	0.0
grp-15	T2	9	270.0	4	4	76.5047	22.2325	155.5385	31.4599	0.1838	0.1124	0.2837	0.2649	37.0121	1.6021	4.0	34.0	0.0	0.0	0.0	0.0	0.0	0.0	0.0		0.0	0.0	1.0	-0.0	0.0	2.9464	0.2117	0.2078	0.0525	0.0008	0.001	20.0076	16.3309	0.1537	0.0481	0.9256	0.0744	0.6547	0.1916	0.0	0.0	0.0	1.0	0.0	0.0	0.0	1.0	0.0	0.0
grp-15	T2	10	300.0	4	4	78.842	17.5911	114.7565	36.1371	0.1934	0.1114	0.309	0.2578	37.0206	1.6012	3.0	27.971	4.36	0.0	0.0	0.0	0.0	0.0	0.0		0.0	1.0	3.0	1.4431	1.331	3.0094	0.2168	0.2426	0.0631	0.0021	0.0022	20.0168	5.1684	0.1167	0.0172	0.9277	0.0226	0.753	0.3352	1.0	0.0	0.0	0.0	0.0	0.0	0.0	0.0	1.0	0.0
grp-15	T2	11	330.0	4	4	80.8075	13.8917	142.577	40.9719	0.1952	0.1124	0.292	0.2236	37.0435	1.6052	5.0	26.0	0.0	5.0	1.0	0.0	1.0	1.0	0.0	0.0	0.0	0.0	1.0	-0.0	4.5	3.0927	0.306	0.2342	0.0688	0.0012	0.0022	23.0168	12.9231	0.1244	0.0242	0.9115	0.0566	0.7564	0.3401	0.0	0.0	0.0	0.0	0.0	0.0	0.0	0.0	0.0	0.0
grp-15	T2	12	360.0	4	4	82.8204	13.3875	140.9002	50.73	0.1921	0.1103	0.267	0.2498	37.0654	1.6097	5.0	45.952	0.0	3.0	0.0	0.0	0.0	0.0	0.0		0.0	0.0	2.0	0.4265	23.952	3.09	0.408	0.2811	0.09	-0.0011	0.0019	32.5274	15.8775	0.1262	0.0312	0.853	0.0789	0.8219	0.4364	0.0	0.0	0.0	0.0	0.0	0.0	0.0	0.0	0.0	0.0
grp-15	T2	13	390.0	4	4	77.8443	10.8706	155.59	28.4527	0.1877	0.1066	0.2501	0.2382	37.0707	1.6173	5.0	10.448	4.948	4.0	4.0	2.0	2.0	0.0	0.0	0.5	1.0	0.0	3.0	0.9382	14.092	3.1285	0.4602	0.2874	0.0801	0.0013	0.0006	32.5178	16.5182	0.1075	0.0246	0.8549	0.0694	0.8148	0.3913	0.0	0.0	0.0	0.0	0.0	0.0	0.0	0.0	0.0	0.0
grp-15	T2	14	420.0	4	4	70.5843	10.4976	152.4846	56.4939	0.1846	0.1043	0.292	0.2689	37.0781	1.6208	9.0	36.844	6.775	2.0	4.0	0.0	4.0	4.0	0.0	0.0	1.0	1.0	4.0	1.5002	54.678	3.1711	0.4243	0.2149	0.0938	-0.0005	0.0015	17.5095	16.1289	0.0811	0.0247	0.9245	0.0592	0.7345	0.3842	0.0	0.0	0.0	0.0	0.0	0.0	0.0	0.0	0.0	0.0
grp-15	T2	15	450.0	4	4	69.5274	13.0278	197.1401	32.4455	0.1777	0.0991	0.2921	0.2254	37.0939	1.6195	4.0	30.0	0.0	1.0	1.0	0.0	1.0	1.0	0.0	0.0	0.0	0.0	3.0	1.0912	2.42	3.1296	0.3502	0.2003	0.0885	-0.0006	0.0011	15.513	9.0072	0.1225	0.0405	0.931	0.041	0.7574	0.4224	0.0	0.0	0.0	0.0	0.0	0.0	0.0	0.0	0.0	0.0
grp-15	T2	16	480.0	4	4	64.8071	17.3577	173.7048	75.6373	0.1745	0.0975	0.2586	0.2063	37.0998	1.5997	8.0	30.429	0.0	1.0	1.0	1.0	0.0	0.0	0.0	1.0	0.0	0.0	3.0	0.6929	4.716	3.1073	0.2788	0.206	0.083	-0.0001	0.0014	16.0108	4.3243	0.1366	0.0497	0.9351	0.0378	0.7485	0.3982	0.0	0.0	0.0	0.0	0.0	0.0	0.0	0.0	0.0	0.0
grp-15	T2	17	510.0	4	4	66.5401	15.3353	177.6157	53.2643	0.1731	0.0986	0.2337	0.2345	37.0964	1.5819	5.0	36.382	3.589	3.0	0.0	0.0	0.0	0.0	0.0		0.0	0.0	3.0	1.5725	0.5	3.1124	0.2336	0.2198	0.0827	-0.0002	0.0012	14.5062	6.8063	0.1355	0.0283	0.9264	0.0711	0.6972	0.4469	0.0	0.0	0.0	0.0	0.0	0.0	0.0	0.0	0.0	0.0
grp-15	T2	18	540.0	4	4	69.6691	14.2015	142.5167	54.3064	0.157	0.0856	0.2422	0.2102	37.1057	1.5838	3.0	24.929	1.389	0.0	2.0	1.0	1.0	1.0	0.0	0.5	1.0	0.0	2.0	0.4838	15.538	3.1528	0.2611	0.2144	0.0652	0.0006	0.0016	15.5131	11.2494	0.1471	0.0526	0.9085	0.0817	0.6716	0.4449	0.0	0.0	0.0	0.0	0.0	0.0	0.0	0.0	0.0	0.0
grp-15	T2	19	570.0	4	4	71.6207	11.811	129.8523	58.3943	0.1438	0.0827	0.3006	0.2767	37.1288	1.5913	9.0	28.148	1.769	2.0	1.0	0.0	0.0	0.0	1.0		2.0	0.0	4.0	1.4536	9.664	3.1687	0.3275	0.1964	0.0588	-0.0001	0.0018	13.0096	8.0909	0.1215	0.0303	0.932	0.0478	0.596	0.2472	0.0	0.0	0.0	0.0	0.0	0.0	0.0	0.0	0.0	0.0
grp-15	T2	20	600.0	4	4	72.839	7.5799	143.9706	8.7501	0.1471	0.0837	0.2837	0.2506	37.1437	1.5995	7.0	23.0	8.502	2.0	0.0	0.0	0.0	0.0	0.0		2.0	0.0	4.0	1.548	12.02	3.1446	0.3681	0.2161	0.0381	0.0002	0.0004	21.5091	13.99	0.1647	0.0637	0.9122	0.0615	0.739	0.1863	0.0	0.0	0.0	0.0	0.0	0.0	0.0	0.0	0.0	0.0
grp-15	T2	21	630.0	4	4	65.0849	9.7099	186.2215	24.6118	0.1456	0.0839	0.2168	0.1916	37.1509	1.6078	14.0	31.1	1.0	2.0	2.0	0.0	2.0	1.0	0.0	0.0	0.0	0.0	4.0	1.7214	5.412	3.143	0.3582	0.2283	0.0299	-0.0002	0.0011	23.5158	14.6526	0.1864	0.0555	0.9053	0.053	0.831	0.2169	0.0	0.0	0.0	0.0	0.0	0.0	0.0	0.0	0.0	0.0
grp-15	T2	22	660.0	4	4	60.5516	14.8885	143.4866	103.4939	0.1526	0.0877	0.1667	0.2262	37.1568	1.6052	5.0	10.0	0.0	0.0	0.0	0.0	0.0	0.0	0.0		3.0	0.0	4.0	1.6855	4.346	3.1497	0.3115	0.2363	0.0558	-0.0007	0.0028	15.5121	9.7221	0.1535	0.0588	0.9382	0.0336	0.7377	0.2363	0.0	0.0	0.0	0.0	0.0	0.0	0.0	0.0	0.0	0.0
grp-15	T2	23	690.0	4	4	65.7375	11.3654	131.7526	53.3097	0.1633	0.0973	0.192	0.2444	37.1611	1.5931																3.1478	0.286	0.2233	0.0548	-0.0001	0.0013	23.348	10.0754	0.1334	0.045	0.9307	0.046	0.7595	0.3168	0.0	0.0	0.0	0.0	0.0	0.0	0.0	0.0	0.0	0.0
grp-15	T2	24	720.0	4	4	68.2288	8.6072	143.7441	38.6579	0.162	0.0972	0.217	0.1937	37.157	1.5954																3.1327	0.2767	0.1961	0.0387	-0.0001	0.0011	20.0168	16.5871	0.1339	0.0437	0.9248	0.0611	0.7582	0.3411	0.0	0.0	0.0	0.0	0.0	0.0	0.0	0.0	0.0	0.0
grp-15	T2	25	750.0	4	4	70.2706	14.8748	177.3326	76.6767	0.1611	0.0977	0.2668	0.239	37.1439	1.6128																3.1512	0.3013	0.2145	0.0708	0.001	0.0018	26.0206	23.1727	0.124	0.017	0.91	0.0861	0.7453	0.3605	0.0	0.0	0.0	0.0	0.0	0.0	0.0	0.0	0.0	0.0
grp-15	T2	26	780.0	4	4	73.2567	13.2745	134.2123	57.6004	0.1621	0.0983	0.217	0.252	37.1482	1.6233																3.1942	0.3677	0.2035	0.087	0.0006	0.0011	23.0126	17.7074	0.1024	0.0633	0.9139	0.0733	0.6951	0.3787	0.0	0.0	0.0	0.0	0.0	0.0	0.0	0.0	0.0	0.0
grp-15	T2	27	810.0	4	4	67.4075	7.492	131.8308	68.3188	0.1598	0.0971	0.2087	0.2444	37.161	1.6248																3.157	0.3713	0.2024	0.089	-0.0014	0.0014	18.0141	12.766	0.1092	0.03	0.926	0.0583	0.6851	0.3532	0.0	0.0	0.0	0.0	0.0	0.0	0.0	0.0	0.0	0.0
grp-15	T2	28	840.0	4	4	68.6484	8.4583	174.0412	55.6206	0.1582	0.0961	0.2338	0.2469	37.1707	1.6308																3.1187	0.3182	0.2178	0.1099	0.0001	0.001	19.5087	14.4598	0.1322	0.0444	0.9294	0.0525	0.7071	0.4428	0.0	0.0	0.0	0.0	0.0	0.0	0.0	0.0	0.0	0.0
grp-15	T2	29	870.0	4	4	78.7748	13.4271	90.6563		0.1513	0.0904	0.2338	0.2165	37.1754	1.6378																3.1047	0.2844	0.2322	0.1114	-0.0004	0.0009	20.5172	17.7821	0.1419	0.0427	0.9143	0.0795	0.7898	0.4704	0.0	0.0	0.0	0.0	0.0	0.0	0.0	0.0	0.0	0.0
grp-15	T2	30	900.0	4	4	77.9622	9.2095	146.8419	38.0349	0.1478	0.0902	0.2585	0.2457	37.1813	1.649																3.1144	0.2976	0.2297	0.0803	0.0008	0.0014	18.0142	14.7105	0.1358	0.0299	0.9077	0.078	0.8447	0.4902	0.0	0.0	0.0	0.0	0.0	0.0	0.0	0.0	0.0	0.0
grp-15	T2	31	930.0	4	4	76.0374	1.7161	141.9786	28.2167	0.1482	0.0908	0.2252	0.2472	37.1925	1.6591																3.1171	0.3372	0.2899	0.0783	-0.0015	0.0016	22.5046	14.8227	0.1336	0.0354	0.8865	0.0701	0.9736	0.4593	0.0	0.0	0.0	0.0	0.0	0.0	0.0	0.0	0.0	0.0
grp-15	T2	32	960.0	4	4	78.8879	19.2454	139.0673	63.4448	0.1434	0.0954	0.2087	0.2119	37.1989	1.6608																3.1078	0.3465	0.3214	0.1003	0.0006	0.0011	28.5239	20.4377	0.1375	0.0362	0.8696	0.0795	0.999	0.4069	0.0	0.0	0.0	0.0	0.0	0.0	0.0	0.0	0.0	0.0
grp-15	T2	33	990.0	4	4	76.471	20.0859	150.157	85.7317	0.1491	0.0977	0.217	0.1993	37.1973	1.65																3.1335	0.3344	0.2477	0.0842	0.0006	0.0013	20.0169	14.2484	0.1322	0.0668	0.9132	0.0648	0.7285	0.3427	0.0	0.0	0.0	0.0	0.0	0.0	0.0	0.0	0.0	0.0
grp-15	T2	34	1020.0	4	4	68.0138	14.5727	120.1997	38.1922	0.1582	0.0955	0.2335	0.242	37.1865	1.6462																3.1612	0.3769	0.1924	0.0695	0.0009	0.0011	16.0055	12.7549	0.1292	0.0638	0.9187	0.0591	0.6587	0.377	0.0	0.0	0.0	0.0	0.0	0.0	0.0	0.0	0.0	0.0
grp-15	T2	35	1050.0	4	4	65.4473	12.9192	132.0309	41.7131	0.1575	0.0946	0.2337	0.2818	37.1895	1.6407																3.1946	0.3979	0.2175	0.0635	0.0004	0.0012	16.5129	10.257	0.1361	0.0258	0.9245	0.0423	0.7227	0.2846	0.0	0.0	0.0	0.0	0.0	0.0	0.0	0.0	0.0	0.0
grp-15	T2	36	1080.0	4	4	75.6978	19.7666	68.3447		0.1511	0.0912	0.2755	0.2287	37.2057	1.6372																3.2385	0.3761	0.2574	0.0517	0.0014	0.0024	26.0188	13.1305	0.1643	0.0438	0.9327	0.0581	0.7128	0.237	0.0	0.0	0.0	0.0	0.0	0.0	0.0	0.0	0.0	0.0
grp-15	T2	37	1110.0	4	4	72.2038	18.0863	156.2735	68.4378	0.1452	0.0912	0.217	0.2084	37.2141	1.6567																3.3272	0.3924	0.2369	0.0528	0.0013	0.0024	24.6781	16.1647	0.1384	0.0584	0.9352	0.0599	0.6225	0.3517	0.0	0.0	0.0	0.0	0.0	0.0	0.0	0.0	0.0	0.0
grp-15	T2	38	1140.0	4	4	66.9588	14.0408	148.3934	63.5101	0.1421	0.0923	0.1835	0.2592	37.2232	1.6806																3.3098	0.3805	0.2555	0.0937	-0.0024	0.005	16.5119	9.156	0.121	0.0583	0.9427	0.0269	0.6111	0.2916	0.0	0.0	0.0	0.0	0.0	0.0	0.0	0.0	0.0	0.0
grp-15	T2	39	1170.0	4	4	74.9749	12.4683	165.6407	86.5257	0.1373	0.0946	0.2253	0.2415	37.2505	1.7027																3.1808	0.3298	0.2543	0.0792	-0.0021	0.0019	24.5139	15.448	0.1605	0.0287	0.9149	0.0608	0.7014	0.2493	0.0	0.0	0.0	0.0	0.0	0.0	0.0	0.0	0.0	0.0
grp-15	T2	40	1200.0	4	4	79.6317	15.0214	135.487	63.3657	0.1426	0.095	0.2089	0.1937	37.2751	1.7159																3.1277	0.273	0.2336	0.0772	0.0002	0.0013	23.5198	17.6312	0.1689	0.0381	0.9056	0.067	0.7231	0.3609	0.0	0.0	0.0	0.0	0.0	0.0	0.0	0.0	0.0	0.0
grp-15	T2	41	1230.0	4	4	79.3989	10.1995	166.903	86.4087	0.1555	0.0986	0.2086	0.1794	37.2959	1.7168																3.1525	0.333	0.225	0.0866	0.0006	0.0017	18.0151	8.1717	0.1421	0.033	0.9245	0.0384	0.7526	0.3216	0.0	0.0	0.0	0.0	0.0	0.0	0.0	0.0	0.0	0.0
grp-15	T2	42	1260.0	4	4	80.1858	5.5437	140.9266	54.6721	0.1616	0.1022	0.2252	0.2333	37.3191	1.7213																3.1691	0.3496	0.2444	0.0879	-0.0007	0.0022	15.5077	8.0676	0.1108	0.0302	0.915	0.0496	0.8202	0.2866	0.0	0.0	0.0	0.0	0.0	0.0	0.0	0.0	0.0	0.0
grp-15	T2	43	1290.0	4	4	83.8086	7.398	117.1268	13.8495	0.1556	0.1019	0.1586	0.1069	37.3341	1.7397																3.1009	0.3639	0.3106	0.0961	-0.002	0.0026	21.017	13.6262	0.1493	0.0438	0.8642	0.0869	1.0159	0.4481	0.0	0.0	0.0	0.0	0.0	0.0	0.0	0.0	0.0	0.0
grp-15	T2	44	1320.0	4	4	79.1489	14.1729	129.9835		0.1509	0.1007	0.1586	0.1137	37.3399	1.7647																3.0486	0.3971	0.3189	0.0334	0.0002	0.0013	26.5149	14.2708	0.1856	0.0672	0.8566	0.0734	0.9599	0.2656	0.0	0.0	0.0	0.0	0.0	0.0	0.0	0.0	0.0	0.0
grp-15	T2	45	1350.0	4	4	65.2847	15.5936	152.2162	25.3051	0.1544	0.1009	0.2504	0.1859	37.3245	1.7761																3.1113	0.3851	0.2695	0.074	0.0011	0.0016	21.0131	16.7095	0.139	0.0309	0.9078	0.0751	0.6421	0.0655	0.0	0.0	0.0	0.0	0.0	0.0	0.0	0.0	0.0	0.0
grp-15	T2	46	1380.0	4	4	63.6911	12.2536	174.3479	109.0905	0.1581	0.1026	0.1835	0.1293	37.3093	1.7713																3.1561	0.3963	0.2499	0.0871	0.0004	0.0022	18.0143	16.7475	0.1519	0.1013	0.925	0.0658	0.7226	0.2679	0.0	0.0	0.0	0.0	0.0	0.0	0.0	0.0	0.0	0.0
grp-15	T2	47	1410.0	4	4	72.0763	16.3517	145.8699	53.6197	0.1642	0.1059	0.1669	0.139	37.2974	1.7744																3.1394	0.3236	0.2413	0.0986	-0.0009	0.0018	21.5181	17.0143	0.1383	0.099	0.8773	0.0752	0.7931	0.4095	0.0	0.0	0.0	0.0	0.0	0.0	0.0	0.0	0.0	0.0
grp-15	T2	48	1440.0	4	4	74.7873	19.8059	147.7955	75.7978	0.1641	0.1057	0.1752	0.126	37.2842	1.7775																3.0552	0.2734	0.2648	0.0688	-0.0015	0.0004	27.5167	17.2427	0.1892	0.0525	0.8547	0.0638	0.7498	0.2401	0.0	0.0	0.0	0.0	0.0	0.0	0.0	0.0	0.0	0.0
grp-15	T2	49	1470.0	4	4	72.7466	11.5524	113.3165	44.5926	0.1521	0.1003	0.2168	0.1668	37.2888	1.7839																2.9686	0.2608	0.2625	0.0773	-0.0003	0.0029	26.0155	16.0903	0.1807	0.0232	0.8875	0.0645	0.6648	0.2465	0.0	0.0	0.0	0.0	0.0	0.0	0.0	0.0	0.0	0.0
grp-15	T2	50	1500.0	4	4	75.4124	14.931	161.418	62.5135	0.1444	0.0991	0.2169	0.2154	37.3009	1.8038																2.9866	0.3365	0.2444	0.0568	0.0018	0.0024	19.5135	13.0117	0.1759	0.0259	0.9148	0.0661	0.5598	0.2639	0.0	0.0	0.0	0.0	0.0	0.0	0.0	0.0	0.0	0.0
grp-15	T2	51	1530.0	4	4	81.6242	15.8939	110.8523	40.1054	0.1433	0.0979	0.2254	0.2136	37.306	1.8055																2.8955	0.3073	0.2601	0.1129	-0.0026	0.004	12.5092	6.4099	0.151	0.0299	0.9519	0.0192	0.4888	0.2038	0.0	0.0	0.0	0.0	0.0	0.0	0.0	0.0	0.0	0.0
grp-15	T2	52	1560.0	4	4	78.9694	4.6923	74.4747	9.7231	0.1399	0.0987	0.2252	0.2028	37.3194	1.8142																2.7981	0.2593	0.1134	0.0244	0.0014	0.0008	11.3397	3.0533	0.0599	0.0172	0.9733	0.015	0.3892	0.1502	0.0	0.0	0.0	0.0	0.0	0.0	0.0	0.0	0.0	0.0
grp-15	T2	53	1590.0	4	4	70.8311	7.4993	91.0507	20.346	0.1372	0.1	0.2169	0.2136	37.3428	1.8477																2.8311	0.2471	0.0942	0.0345	0.0002	0.0003	17.0082	1.4074	0.068	0.0218	0.973	0.0226	0.3719	0.1599	0.0	0.0	0.0	0.0	0.0	0.0	0.0	0.0	0.0	0.0
grp-15	T2	54	1620.0	4	4	71.122	7.0683	108.9323	22.0955	0.1394	0.1012	0.2004	0.2543	37.3583	1.8748																2.8701	0.2042	0.1416	0.0822	0.0012	0.0028	14.6777	9.0282	0.1095	0.0446	0.9643	0.0358	0.4178	0.1901	0.0	0.0	0.0	0.0	0.0	0.0	0.0	0.0	0.0	0.0
grp-15	T2	55	1650.0	4	4	74.9507	9.5993	110.4605	23.8947	0.1392	0.0993	0.2169	0.2084	37.3688	1.8863																2.9911	0.2948	0.2503	0.1629	0.0027	0.0043	27.3562	16.787	0.1825	0.0685	0.9242	0.0694	0.6444	0.4564	0.0	0.0	0.0	0.0	0.0	0.0	0.0	0.0	0.0	0.0
grp-15	T2	56	1680.0	4	4	74.3075	10.7859	124.9035	55.2124	0.1395	0.0984	0.2003	0.1518	37.3693	1.8993																3.053	0.408	0.2676	0.1687	-0.0	0.0023	36.6854	23.4443	0.1218	0.0237	0.899	0.0967	0.8465	0.6161	0.0	0.0	0.0	0.0	0.0	0.0	0.0	0.0	0.0	0.0
grp-15	T2	57	1710.0	4	4	72.6157	9.0603	124.4589	39.7277	0.1409	0.0975	0.2254	0.1711	37.3635	1.9077																3.0556	0.3333	0.3063	0.1229	0.001	0.0021	36.5207	29.4314	0.1688	0.0435	0.816	0.1142	1.0454	0.6106	0.0	0.0	0.0	0.0	0.0	0.0	0.0	0.0	0.0	0.0
grp-15	T2	58	1740.0	4	4	63.1472	13.123	156.5477	66.5322	0.1412	0.0905	0.1752	0.1199	37.3434	1.9121																3.017	0.2706	0.2851	0.1008	-0.001	0.0013	35.3631	21.4035	0.1562	0.0331	0.7455	0.2799	0.9423	0.5071	0.0	0.0	0.0	0.0	0.0	0.0	0.0	0.0	0.0	0.0
grp-15	T2	59	1770.0	4	4	62.6547	14.6228	135.9964	69.658	0.1403	0.0936	0.1753	0.1711	37.3261	1.9162																3.0149	0.2549	0.2303	0.098	0.0027	0.0018	18.6749	14.1891	0.1488	0.0176	0.7874	0.273	0.8069	0.4923	0.0	0.0	0.0	0.0	0.0	0.0	0.0	0.0	0.0	0.0
grp-15	T2	60	1800.0	4	4	70.072	12.4495	133.3276	82.6428	0.155	0.099	0.1085	0.1103	37.3236	1.9029																3.0699	0.2746	0.2303	0.0701	0.0003	0.0015	25.3546	18.4906	0.1556	0.0397	0.838	0.1447	0.6996	0.362	0.0	0.0	0.0	0.0	0.0	0.0	0.0	0.0	0.0	0.0
grp-15	T2	61	1830.0	4	4	71.3717	9.131	119.3337	50.8515	0.2163	0.1614	0.0834	0.1037	37.3019	1.8968																3.0994	0.3126	0.2528	0.06	0.0003	0.0013	24.5199	19.5024	0.1345	0.0289	0.8838	0.0439	0.698	0.3706	0.0	0.0	0.0	0.0	0.0	0.0	0.0	0.0	0.0	0.0
grp-15	T2	62	1860.0	4	4	73.8475	4.9796	127.7831	31.3867	0.2725	0.259	0.1335	0.0904	37.2905	1.8973																3.0488	0.3285	0.2622	0.0799	-0.0018	0.0008	21.0046	14.2839	0.126	0.0348	0.9252	0.0529	0.8125	0.5803	0.0	0.0	0.0	0.0	0.0	0.0	0.0	0.0	0.0	0.0
grp-15	T2	63	1890.0	4	4	75.2725	10.7751	110.0151	31.9345	0.2776	0.2749	0.1585	0.123	37.3035	1.892																3.0037	0.2765	0.2277	0.0977	0.0004	0.0022	22.0186	19.4074	0.1116	0.0332	0.9243	0.0942	0.758	0.7667	0.0	0.0	0.0	0.0	0.0	0.0	0.0	0.0	0.0	0.0
grp-15	T2	64	1920.0	4	4	84.7331	25.812	110.8404	68.0612	0.2647	0.2495	0.1002	0.1188	37.3102	1.8879																3.0091	0.1985	0.2133	0.1269	-0.0011	0.0008	24.0184	22.7073	0.1014	0.033	0.9195	0.0925	0.7022	0.7447	0.0	0.0	0.0	0.0	0.0	0.0	0.0	0.0	0.0	0.0
grp-15	T2	65	1950.0	4	4	97.3101	40.94	112.9133	66.1218	0.2611	0.236	0.0752	0.0879	37.3157	1.8839																2.9871	0.2191	0.2213	0.0926	-0.0005	0.0013	23.5185	19.9099	0.1177	0.042	0.914	0.07	0.6698	0.5352	0.0	0.0	0.0	0.0	0.0	0.0	0.0	0.0	0.0	0.0
grp-15	T2	66	1980.0	4	4	95.9644	40.6165	98.7696	32.3032	0.2608	0.233	0.0584	0.0958	37.3265	1.8894																2.9962	0.292	0.2212	0.0433	-0.0001	0.0012	24.5207	23.6494	0.1291	0.0451	0.905	0.0803	0.6698	0.3922	0.0	0.0	0.0	0.0	0.0	0.0	0.0	0.0	0.0	0.0
grp-15	T2	67	2010.0	4	4	95.2532	27.5215	101.0782	30.0995	0.2473	0.2117	0.1668	0.1467	37.3405	1.9013																3.0035	0.2938	0.2235	0.0565	-0.0001	0.0012	24.506	20.4228	0.1677	0.0369	0.91	0.0769	0.7736	0.4248	0.0	0.0	0.0	0.0	0.0	0.0	0.0	0.0	0.0	0.0
grp-15	T3	0	0.0	4	4	92.5548	28.4734	149.0977	40.5572	0.2991	0.347	0.1919	0.2046	37.3417	1.8814	7.0	22.368	8.654	0.0	2.0	0.0	2.0	0.0	0.0	0.0	1.0	0.0	4.0	1.0668	3.905	2.9883	0.2573	0.2107	0.0382	-0.0005	0.0023	15.5026	7.1888	0.1073	0.0098	0.9306	0.0262	0.5021	0.1111	0.0	2.0	1.0	0.0	0.0	0.0	0.0	0.0	0.6666666666666666	0.0
grp-15	T3	1	30.0	4	4	86.4954	22.8622	135.6568	37.6824	0.2684	0.3044	0.2922	0.2398	37.3384	1.8584	5.0	20.946	6.466	2.0	1.0	0.0	1.0	0.0	0.0	0.0	0.0	0.0	1.0	-0.0	1.001	3.0077	0.2881	0.1855	0.0504	0.0011	0.0018	17.3479	3.0573	0.0781	0.0299	0.9362	0.0425	0.5728	0.31	0.0	0.0	0.0	1.0	0.0	0.0	0.0	1.0	0.0	0.0
grp-15	T3	2	60.0	4	4	88.5931	22.5646	125.0098	46.5362	0.2361	0.2463	0.217	0.2289	37.3346	1.8589	4.0	26.693	2.961	0.0	0.0	0.0	0.0	0.0	0.0		0.0	0.0	1.0	-0.0	0.0	3.0231	0.2177	0.1884	0.0604	-0.0003	0.0016	15.5131	5.7495	0.1183	0.043	0.9385	0.0377	0.6386	0.3206	0.0	1.0	0.0	0.0	0.0	0.0	0.0	0.0	1.0	0.0
grp-15	T3	3	90.0	4	4	90.2654	16.8172	137.2662	25.9171	0.2256	0.2053	0.2168	0.2187	37.331	1.8714	7.0	38.975	6.888	1.0	1.0	1.0	0.0	0.0	0.0	1.0	2.0	1.0	2.0	0.6567	6.404	2.9425	0.1708	0.21	0.0705	-0.0022	0.0011	15.0026	7.7475	0.1861	0.0423	0.9329	0.0466	0.6405	0.3014	0.0	0.0	0.0	0.0	1.0	0.0	0.0	1.0	0.0	0.0
grp-15	T3	4	120.0	4	4	77.931	12.6311	154.2491	79.1269	0.1831	0.1188	0.1753	0.1856	37.3393	1.8874	6.0	12.327	2.322	2.0	0.0	0.0	0.0	0.0	0.0		0.0	0.0	1.0	-0.0	0.0	2.8175	0.157	0.1793	0.0487	-0.002	0.0017	15.0127	11.6146	0.1453	0.0224	0.9441	0.0448	0.5149	0.2247	0.0	2.0	1.0	0.0	0.0	0.0	0.0	0.0	0.6666666666666666	0.0
grp-15	T3	5	150.0	4	4	67.526	20.0869	103.1818	23.3093	0.1597	0.0988	0.2087	0.1503	37.36	1.9069	9.0	23.549	6.73	1.0	1.0	0.0	1.0	0.0	0.0	0.0	2.0	0.0	4.0	1.7987	5.086	2.7523	0.1755	0.1317	0.0456	-0.0001	0.0012	26.6891	14.0595	0.1162	0.0242	0.9352	0.0629	0.4502	0.1236	0.0	2.0	0.0	0.0	1.0	0.0	0.0	0.3333333333333333	0.6666666666666666	0.0
grp-15	T3	6	180.0	4	4	65.2846	18.0114	113.6422	59.4389	0.1769	0.1084	0.1418	0.1345	37.3668	1.917	4.0	23.522	11.164	3.0	1.0	0.0	1.0	1.0	0.0	0.0	3.0	0.0	2.0	0.4196	11.586	2.7449	0.1517	0.1096	0.0609	0.0	0.0003	31.0172	7.0884	0.1137	0.0266	0.9524	0.0527	0.4301	0.1272	0.0	0.0	1.0	0.0	0.0	0.0	0.0	0.0	0.0	0.0
grp-15	T3	7	210.0	4	4	71.1168	12.8558	110.8118	46.8905	0.1908	0.1264	0.1169	0.1141	37.3583	1.9234	9.0	23.883	12.768	2.0	1.0	1.0	0.0	0.0	0.0	1.0	0.0	0.0	4.0	1.7577	14.289	2.7687	0.157	0.1475	0.0338	0.0012	0.0012	15.513	5.7493	0.161	0.0355	0.9582	0.0095	0.49	0.0898	0.0	0.0	0.0	0.0	0.0	0.0	0.0	0.0	0.0	0.0
grp-15	T3	8	240.0	4	4	78.2076	18.3325	114.3602	67.6833	0.1887	0.1245	0.1251	0.0878	37.3692	1.9373	8.0	15.638	12.104	3.0	3.0	0.0	3.0	0.0	0.0	0.0	0.0	0.0	2.0	0.8243	3.726	2.8071	0.1908	0.1564	0.045	0.0006	0.0012	18.0111	4.8963	0.179	0.0511	0.9537	0.0064	0.5043	0.0747	0.0	0.0	0.0	0.0	0.0	0.0	0.0	0.0	0.0	0.0
grp-15	T3	9	270.0	4	4	77.878	17.7021	109.0017	45.8392	0.1854	0.1201	0.1251	0.1259	37.3852	1.9574	7.0	17.057	17.085	2.0	0.0	0.0	0.0	0.0	0.0		1.0	0.0	3.0	1.1636	4.313	2.8157	0.1951	0.1262	0.0361	-0.0003	0.0016	12.6754	6.4361	0.1559	0.0342	0.9723	0.0172	0.4278	0.1269	0.0	0.0	0.0	0.0	0.0	0.0	0.0	0.0	0.0	0.0
grp-15	T3	10	300.0	4	4	70.6789	9.2741	83.9636	42.1932	0.1642	0.0984	0.1504	0.1977	37.4012	1.9822	7.0	22.017	6.11	1.0	3.0	0.0	2.0	0.0	1.0	0.0	0.0	0.0	4.0	1.9277	4.026	2.7959	0.1872	0.1262	0.0263	-0.0006	0.0016	14.6789	10.2715	0.1532	0.0392	0.9581	0.0314	0.4448	0.1544	0.0	0.0	0.0	0.0	0.0	0.0	0.0	0.0	0.0	0.0
grp-15	T3	11	330.0	4	4	66.9983	8.6274	80.3042	42.7449	0.1646	0.0977	0.1585	0.2135	37.4101	1.9982	11.0	25.416	5.889	3.0	2.0	1.0	0.0	0.0	1.0	1.0	0.0	0.0	3.0	1.5817	18.452	2.7997	0.2085	0.1251	0.0399	0.0002	0.0007	16.6778	9.8755	0.134	0.029	0.9589	0.0305	0.4239	0.1558	0.0	0.0	0.0	0.0	0.0	0.0	0.0	0.0	0.0	0.0
grp-15	T3	12	360.0	4	4	67.316	7.8513	67.0933	19.9479	0.1618	0.0965	0.1418	0.2396	37.41	1.9982	4.0	5.852	5.01	1.0	2.0	0.0	2.0	1.0	0.0	0.0	0.0	0.0	2.0	0.9998	4.944	2.8202	0.2168	0.1385	0.0346	-0.0002	0.0006	16.0134	4.324	0.1292	0.024	0.9582	0.0129	0.4701	0.0824	0.0	0.0	0.0	0.0	0.0	0.0	0.0	0.0	0.0	0.0
grp-15	T3	13	390.0	4	4	69.0007	5.4798	72.629	27.2897	0.1304	0.088	0.167	0.2469	37.4328	2.014																2.829	0.1997	0.1304	0.0374	0.0002	0.0005	20.5122	7.1848	0.1334	0.0092	0.9482	0.0147	0.501	0.0673	0.0	0.0	0.0	0.0	0.0	0.0	0.0	0.0	0.0	0.0
grp-15	T3	14	420.0	4	4	69.6495	10.0267	101.2869	61.038	0.126	0.0977	0.1586	0.1896	37.4584	2.038																2.8384	0.1916	0.1321	0.0346	-0.0	0.0004	14.0076	12.341	0.1375	0.0351	0.9559	0.022	0.4479	0.1568	0.0	0.0	0.0	0.0	0.0	0.0	0.0	0.0	0.0	0.0
grp-15	T3	15	450.0	4	4	71.2084	14.4559	99.6226	63.7661	0.15	0.088	0.1752	0.1856	37.446	2.0323																2.8551	0.2112	0.1582	0.0376	0.0008	0.0019	13.0108	10.5283	0.1576	0.0253	0.9554	0.0323	0.5369	0.1559	0.0	0.0	0.0	0.0	0.0	0.0	0.0	0.0	0.0	0.0
grp-15	T3	16	480.0	4	4	78.4822	11.7824	108.4334	50.9621	0.1644	0.1031	0.2919	0.2301	37.4332	2.0209																2.8593	0.2301	0.1272	0.0468	0.0	0.0005	18.6765	8.0815	0.1395	0.0132	0.9589	0.0351	0.518	0.1129	0.0	0.0	0.0	0.0	0.0	0.0	0.0	0.0	0.0	0.0
grp-15	T3	17	510.0	4	4	80.5289	9.118	74.7564	6.3619	0.1603	0.104	0.3171	0.3041	37.4371	2.022																2.9352	0.2555	0.175	0.0533	0.0027	0.0016	19.5106	12.4842	0.1441	0.0349	0.9441	0.0262	0.4947	0.0643	0.0	0.0	0.0	0.0	0.0	0.0	0.0	0.0	0.0	0.0
grp-15	T3	18	540.0	4	4	83.7234	22.519	66.4572	11.8244	0.163	0.1142	0.2503	0.2336	37.4243	2.0284																3.0579	0.2847	0.1974	0.0438	0.0013	0.0019	26.5222	16.8564	0.1609	0.046	0.913	0.0588	0.639	0.0605	0.0	0.0	0.0	0.0	0.0	0.0	0.0	0.0	0.0	0.0
grp-15	T3	19	570.0	4	4	84.103	17.1699	98.8777	40.5294	0.1652	0.1239	0.2255	0.2066	37.4122	2.0299																3.0984	0.3003	0.2038	0.0782	0.0002	0.0017	18.0145	15.4196	0.1278	0.0411	0.9255	0.0788	0.769	0.4133	0.0	0.0	0.0	0.0	0.0	0.0	0.0	0.0	0.0	0.0
grp-15	T3	20	600.0	4	4	84.3318	7.1604	139.928	63.6156	0.1598	0.1128	0.2003	0.1724	37.4038	2.0172																3.0967	0.3529	0.2437	0.0916	-0.0002	0.0021	16.0074	11.7804	0.101	0.0244	0.9235	0.064	0.8361	0.4347	0.0	0.0	0.0	0.0	0.0	0.0	0.0	0.0	0.0	0.0
grp-15	T3	21	630.0	4	4	92.7782	5.7585	131.3456	69.908	0.1741	0.1109	0.2253	0.2237	37.388	1.9924																3.0832	0.3456	0.2393	0.1133	-0.0002	0.0014	17.5103	11.0047	0.1222	0.0054	0.9155	0.064	0.9325	0.5176	0.0	0.0	0.0	0.0	0.0	0.0	0.0	0.0	0.0	0.0
grp-15	T3	22	660.0	4	4	90.6548	14.2853	152.1976	50.1779	0.2065	0.1457	0.2086	0.1876	37.3685	1.9736																3.0536	0.2526	0.2155	0.1073	-0.0007	0.001	18.0139	16.5884	0.1213	0.0256	0.9242	0.0676	0.8121	0.5952	0.0	0.0	0.0	0.0	0.0	0.0	0.0	0.0	0.0	0.0
grp-15	T3	23	690.0	4	4	87.2838	24.531	131.9001	48.3514	0.2363	0.1923	0.1335	0.1442	37.3592	1.9615																3.0572	0.2755	0.2186	0.104	0.0005	0.0013	16.5067	18.3587	0.1174	0.0399	0.9299	0.0874	0.7261	0.6189	0.0	0.0	0.0	0.0	0.0	0.0	0.0	0.0	0.0	0.0
grp-15	T3	24	720.0	4	4	91.3685	30.1729	101.837	25.0861	0.246	0.2092	0.1503	0.1404	37.3562	1.9522																3.0319	0.2804	0.2255	0.1145	-0.0014	0.002	18.6825	11.7291	0.1073	0.0462	0.9339	0.0813	0.7648	0.6959	0.0	0.0	0.0	0.0	0.0	0.0	0.0	0.0	0.0	0.0
grp-15	T3	25	750.0	4	4	87.0972	23.2128	121.0046	48.7514	0.2394	0.1988	0.1335	0.0904	37.3501	1.9444																2.995	0.2679	0.2058	0.1216	0.0007	0.0013	22.6845	18.165	0.0927	0.033	0.931	0.0862	0.7005	0.6295	0.0	0.0	0.0	0.0	0.0	0.0	0.0	0.0	0.0	0.0
grp-15	T3	26	780.0	4	4	79.0591	5.989	123.4429	103.3519	0.2332	0.1921	0.1918	0.1794	37.3453	1.954																3.0253	0.3354	0.2028	0.0872	0.0009	0.0011	16.5113	13.9045	0.1087	0.0155	0.927	0.0612	0.6686	0.4174	0.0	0.0	0.0	0.0	0.0	0.0	0.0	0.0	0.0	0.0
grp-15	T3	27	810.0	4	4	79.7325	8.9825	118.1383	46.0646	0.2324	0.1914	0.267	0.2111	37.3484	1.9706																3.0399	0.3638	0.1968	0.0778	0.0001	0.0005	17.5143	12.9083	0.1139	0.022	0.9287	0.0456	0.7316	0.316	0.0	0.0	0.0	0.0	0.0	0.0	0.0	0.0	0.0	0.0
grp-15	T3	28	840.0	4	4	81.7189	15.9025	97.0058	68.6344	0.2012	0.142	0.1753	0.1857	37.3548	1.9864																3.044	0.3672	0.2003	0.0632	0.0	0.0007	15.0082	13.7218	0.1099	0.0228	0.9459	0.0385	0.7385	0.3115	0.0	0.0	0.0	0.0	0.0	0.0	0.0	0.0	0.0	0.0
grp-15	T3	29	870.0	4	4	77.66	16.0733	131.4425	79.6914	0.1724	0.1095	0.1836	0.1993	37.3586	2.0068																2.9976	0.3819	0.2736	0.1113	-0.0023	0.0033	23.5199	14.5613	0.1123	0.0296	0.9018	0.0588	0.8094	0.339	0.0	0.0	0.0	0.0	0.0	0.0	0.0	0.0	0.0	0.0
grp-15	T3	30	900.0	4	4	79.7859	13.8185	67.5878		0.1711	0.1106	0.2671	0.274	37.3658	2.0163																2.9772	0.4582	0.3139	0.1318	0.001	0.0014	30.5251	17.8584	0.1033	0.0372	0.8687	0.0818	0.9153	0.4856	0.0	0.0	0.0	0.0	0.0	0.0	0.0	0.0	0.0	0.0
grp-15	T3	31	930.0	4	4	87.3465	15.1402	152.6896	14.1143	0.1718	0.1095	0.3922	0.3183	37.3725	2.0329																3.0188	0.5053	0.2798	0.105	0.0006	0.001	26.5051	19.0718	0.1024	0.0383	0.8798	0.0743	0.879	0.513	0.0	0.0	0.0	0.0	0.0	0.0	0.0	0.0	0.0	0.0
grp-15	T3	32	960.0	4	4	84.6374	16.0764	145.5366	59.4665	0.1742	0.1088	0.4262	0.3424	37.3771	2.0462																3.0565	0.4493	0.2695	0.097	0.0012	0.002	21.5181	12.8039	0.113	0.0334	0.8921	0.0664	0.8781	0.5618	0.0	0.0	0.0	0.0	0.0	0.0	0.0	0.0	0.0	0.0
grp-15	T3	33	990.0	4	4	73.9176	18.0071	143.6523	42.6106	0.1725	0.1083	0.3004	0.2871	37.3904	2.0538																3.1081	0.3637	0.237	0.1053	0.0004	0.0016	15.0126	11.0245	0.106	0.0281	0.9233	0.0682	0.8694	0.6922	0.0	0.0	0.0	0.0	0.0	0.0	0.0	0.0	0.0	0.0
grp-15	T3	34	1020.0	4	4	71.2455	13.8042	113.4019	16.0399	0.163	0.1084	0.2086	0.3112	37.4197	2.0751																3.0928	0.3002	0.2261	0.0722	-0.0009	0.0006	17.3385	6.4262	0.1069	0.0269	0.9381	0.0466	0.7831	0.4689	0.0	0.0	0.0	0.0	0.0	0.0	0.0	0.0	0.0	0.0
grp-15	T3	35	1050.0	4	4	76.6364	6.7276	135.9192	90.6494	0.1548	0.1119	0.2004	0.318	37.4737	2.1218																2.984	0.3622	0.294	0.1043	-0.0024	0.0032	20.0145	5.1722	0.1214	0.0259	0.9245	0.0401	0.8564	0.3161	0.0	0.0	0.0	0.0	0.0	0.0	0.0	0.0	0.0	0.0
grp-15	T3	36	1080.0	4	4	75.9745	7.5342	112.4491	69.3032	0.1628	0.1099	0.2004	0.2999	37.5091	2.1504																2.9767	0.3684	0.3043	0.0991	0.0026	0.0041	26.5187	13.7126	0.1273	0.0203	0.8986	0.0534	0.8737	0.3292	0.0	0.0	0.0	0.0	0.0	0.0	0.0	0.0	0.0	0.0
grp-15	T3	37	1110.0	4	4	77.6703	7.2393	125.6471	77.3427	0.1634	0.1104	0.2086	0.2989	37.5157	2.1471																2.996	0.3142	0.3021	0.1023	-0.0013	0.0023	26.5137	19.2799	0.1477	0.0362	0.8437	0.1135	0.8613	0.5737	0.0	0.0	0.0	0.0	0.0	0.0	0.0	0.0	0.0	0.0
grp-15	T3	38	1140.0	4	4	82.5139	9.0821	94.2638	27.0575	0.1549	0.1144	0.1668	0.1982	37.5372	2.1559																3.0163	0.2829	0.2936	0.1023	0.0024	0.0021	23.0177	9.3202	0.1431	0.0352	0.8602	0.0879	0.8607	0.5309	0.0	0.0	0.0	0.0	0.0	0.0	0.0	0.0	0.0	0.0
grp-15	T3	39	1170.0	4	4	81.9694	8.6885	151.5103	69.6593	0.167	0.1097	0.192	0.2352	37.546	2.1586																3.0729	0.2414	0.2443	0.1013	-0.0005	0.0013	22.5091	14.4557	0.1339	0.0337	0.8995	0.0705	0.861	0.4547	0.0	0.0	0.0	0.0	0.0	0.0	0.0	0.0	0.0	0.0
grp-15	T3	40	1200.0	4	4	79.5205	7.6737	153.9081	22.7184	0.1729	0.1102	0.192	0.2785	37.5328	2.1627																3.1143	0.3877	0.2793	0.1335	0.0011	0.0047	24.0201	15.5905	0.1815	0.0517	0.8794	0.0844	0.8909	0.3301	0.0	0.0	0.0	0.0	0.0	0.0	0.0	0.0	0.0	0.0
grp-15	T3	41	1230.0	4	4	79.054	10.2336	193.0442	12.6221	0.1715	0.1091	0.2502	0.2534	37.5205	2.1648																3.1146	0.4594	0.3183	0.1125	-0.0017	0.0034	36.0302	21.434	0.1645	0.0637	0.8464	0.0924	0.9212	0.2783	0.0	0.0	0.0	0.0	0.0	0.0	0.0	0.0	0.0	0.0
grp-15	T3	42	1260.0	4	4	81.2702	7.3029	139.2288	38.5178	0.1767	0.112	0.2169	0.1974	37.5147	2.1443																3.0773	0.3842	0.3077	0.1057	0.0003	0.0023	35.0182	23.8253	0.1275	0.0306	0.8534	0.0893	0.9901	0.4554	0.0	0.0	0.0	0.0	0.0	0.0	0.0	0.0	0.0	0.0
grp-15	T3	43	1290.0	4	4	77.7747	6.3272	128.5508	52.8	0.1704	0.1126	0.1836	0.1554	37.5132	2.1376																3.0594	0.294	0.2369	0.0868	-0.0011	0.0021	22.5182	21.5208	0.1846	0.0534	0.9066	0.0952	0.7861	0.3183	0.0	0.0	0.0	0.0	0.0	0.0	0.0	0.0	0.0	0.0
grp-15	T3	44	1320.0	4	4	72.8279	7.7747	153.496	68.5238	0.1664	0.1124	0.2086	0.2152	37.5085	2.1529																3.0267	0.2583	0.1864	0.0454	0.0006	0.0012	17.0103	15.8013	0.1491	0.0236	0.9436	0.0552	0.5358	0.0801	0.0	0.0	0.0	0.0	0.0	0.0	0.0	0.0	0.0	0.0
grp-15	T3	45	1350.0	4	4	76.0921	7.1117	123.3517	50.6901	0.17	0.1137	0.1252	0.2083	37.5033	2.1726																3.0642	0.3205	0.187	0.0615	0.0015	0.002	15.3421	8.3316	0.1096	0.0274	0.9548	0.0287	0.4168	0.1205	0.0	0.0	0.0	0.0	0.0	0.0	0.0	0.0	0.0	0.0
grp-15	T3	46	1380.0	4	4	81.488	8.1608	142.5497	36.2377	0.17	0.1131	0.1419	0.2414	37.512	2.1865																3.1109	0.3946	0.1877	0.0917	0.0008	0.0012	18.681	12.0679	0.1446	0.0574	0.9345	0.0614	0.4117	0.139	0.0	0.0	0.0	0.0	0.0	0.0	0.0	0.0	0.0	0.0
grp-15	T3	47	1410.0	4	4	80.7253	12.3629	134.751	17.176	0.1712	0.1124	0.2086	0.2118	37.527	2.1979																2.9718	0.3058	0.2523	0.1175	-0.0045	0.0042	22.0186	14.4347	0.2049	0.0172	0.9429	0.0637	0.4175	0.0869	0.0	0.0	0.0	0.0	0.0	0.0	0.0	0.0	0.0	0.0
grp-15	T3	48	1440.0	4	4	70.3194	4.0532	103.1006	0.8425	0.1737	0.1134	0.1417	0.1102	37.5446	2.1965																2.9118	0.3294	0.2115	0.0783	0.0029	0.0028	16.0088	11.4341	0.1399	0.0466	0.9569	0.0252	0.3939	0.0683	0.0	0.0	0.0	0.0	0.0	0.0	0.0	0.0	0.0	0.0
grp-15	T3	49	1470.0	4	4	64.9742	9.3127	146.1913	75.1561	0.2098	0.1376	0.2003	0.1787	37.5714	2.1953																2.9693	0.3767	0.1991	0.0937	-0.001	0.0027	14.0094	6.5374	0.1287	0.0591	0.9608	0.0193	0.4262	0.1028	0.0	0.0	0.0	0.0	0.0	0.0	0.0	0.0	0.0	0.0
grp-15	T3	50	1500.0	4	4	73.7521	8.656	116.0785	50.3744	0.2717	0.2207	0.1753	0.1289	37.5878	2.2054																2.8508	0.3015	0.1617	0.0698	-0.0025	0.0021	11.0086	7.4008	0.0835	0.0359	0.9748	0.0154	0.3545	0.0989	0.0	0.0	0.0	0.0	0.0	0.0	0.0	0.0	0.0	0.0
grp-15	T3	51	1530.0	4	4	74.4859	6.3325	119.0894	33.3805	0.3324	0.3352	0.1334	0.1217	37.5987	2.202																2.8138	0.2637	0.1335	0.0422	0.0013	0.0017	12.675	2.3152	0.0981	0.0243	0.9786	0.0125	0.3545	0.055	0.0	0.0	0.0	0.0	0.0	0.0	0.0	0.0	0.0	0.0
grp-15	T3	52	1560.0	4	4	72.2857	5.1908	94.0402	29.1324	0.401	0.4634	0.1252	0.0959	37.6029	2.1842																2.8493	0.2787	0.1489	0.0519	0.0003	0.0004	16.0098	2.0019	0.1251	0.0243	0.9616	0.0251	0.4337	0.0829	0.0	0.0	0.0	0.0	0.0	0.0	0.0	0.0	0.0	0.0
grp-15	T3	53	1590.0	4	4	72.0315	2.5107	64.492	15.5089	0.3977	0.4493	0.1586	0.1231	37.5899	2.1688																2.8015	0.2474	0.1194	0.0628	-0.0012	0.0013	16.6762	4.1618	0.1034	0.0268	0.9626	0.0264	0.3695	0.0923	0.0	0.0	0.0	0.0	0.0	0.0	0.0	0.0	0.0	0.0
grp-15	T3	54	1620.0	4	4	67.4283	8.3883	153.9656	82.5652	0.3962	0.4535	0.0918	0.0997	37.579	2.1711																2.8043	0.17	0.1596	0.0474	0.0019	0.0014	15.011	10.53	0.1166	0.0479	0.9599	0.0356	0.3929	0.1665	0.0	0.0	0.0	0.0	0.0	0.0	0.0	0.0	0.0	0.0
grp-15	T3	55	1650.0	4	4	64.852	10.8444	157.514	51.9561	0.4114	0.5043	0.1251	0.1451	37.5635	2.1656																2.9167	0.181	0.242	0.0808	0.0029	0.0042	23.3529	11.5566	0.1815	0.0797	0.9322	0.054	0.5836	0.3047	0.0	0.0	0.0	0.0	0.0	0.0	0.0	0.0	0.0	0.0
grp-15	T3	56	1680.0	4	4	68.927	13.4377	119.9936	47.8025	0.4036	0.5119	0.1251	0.1452	37.5457	2.1467																3.0388	0.2763	0.2298	0.0759	0.0012	0.0011	25.5108	21.5711	0.1544	0.0582	0.8912	0.0891	0.7112	0.4111	0.0	0.0	0.0	0.0	0.0	0.0	0.0	0.0	0.0	0.0
grp-16	T1	0	0.0	4	4	50.9826	6.8839	161.8517	34.2076	0.0584	0.0378	0.0834	0.0963	36.0639	1.2733	1.0	9.0	0.971	2.0	0.0	0.0	0.0	0.0	0.0		0.0	0.0	1.0	-0.0	0.0	2.7957	0.157	0.1667	0.025	-0.0007	0.0013	17.0033	18.3883	0.1636	0.0432	1.0	0.0	0.433	0.1784	0.0	0.0	0.0	0.0	0.0	0.0	0.0	0.0	0.0	0.0
grp-16	T1	1	30.0	4	4	54.1778	6.5321	162.0515	102.6496	0.062	0.0437	0.0501	0.0578	36.0427	1.2929	3.0	34.539	0.461	1.0	0.0	0.0	0.0	0.0	0.0		0.0	0.0	3.0	1.0488	0.539	2.8421	0.1309	0.2004	0.0589	0.0022	0.0026	19.0197	12.7341	0.1716	0.0363	1.0	0.0	0.4666	0.1929	0.0	0.0	0.0	0.0	0.0	0.0	0.0	0.0	0.0	0.0
grp-16	T1	2	60.0	4	4	50.4001	9.1151	170.3286	11.8043	0.0636	0.0462	0.0835	0.1108	36.0521	1.3153	2.0	20.856	7.144	1.0	0.0	0.0	0.0	0.0	0.0		0.0	0.0	2.0	0.9864	1.171	2.9595	0.1578	0.209	0.0667	0.0012	0.0019	11.3431	12.7126	0.206	0.03	1.0	0.0	0.586	0.1797	0.0	0.0	0.0	0.0	0.0	0.0	0.0	0.0	0.0	0.0
grp-16	T1	3	90.0	4	4	56.2795	5.2311	190.8316	8.4519	0.0646	0.0474	0.1003	0.1592	36.0752	1.342	2.0	30.386	1.614	1.0	0.0	0.0	0.0	0.0	0.0		0.0	0.0	1.0	-0.0	1.331	2.9069	0.1413	0.2131	0.0702	-0.0023	0.0021	44.3641		0.1494	0.0381	1.0	0.0	0.5304	0.1888	0.0	0.0	0.0	0.0	0.0	0.0	0.0	0.0	0.0	0.0
grp-16	T1	4	120.0	4	4	69.9401	19.966	151.5852		0.0636	0.0454	0.0751	0.0878	36.0973	1.3592	2.0	28.149	0.851	1.0	0.0	0.0	0.0	0.0	0.0		0.0	0.0	2.0	0.6864	0.5	2.8613	0.0933	0.1839	0.0371	0.0016	0.0015	48.0413		0.1131	0.0818	1.0	0.0	0.4331	0.2857	0.0	0.0	0.0	0.0	0.0	0.0	0.0	0.0	0.0	0.0
grp-16	T1	5	150.0	4	4	64.6736	14.7916	126.2718	34.8655	0.0581	0.0359	0.0667	0.0817	36.1431	1.384	4.0	23.731	1.269	2.0	0.0	0.0	0.0	0.0	0.0		0.0	0.0	2.0	0.8604	1.731	2.9386	0.0533	0.1681	0.0412	0.0004	0.0017	9.0562	12.8074	0.1225	0.0432	1.0	0.0	0.5508	0.2433	4.0	2.0	1.0	3.0	1.0	0.0	0.0	0.36363636363636365	0.5454545454545454	0.0
grp-16	T1	6	180.0	4	4	54.7259	6.094	157.2053	47.9643	0.0534	0.0279	0.025	0.05	36.1917	1.4046	5.0	31.662	3.338	4.0	0.0	0.0	0.0	0.0	0.0		0.0	0.0	2.0	0.998	2.371	2.957	0.0266	0.15	0.0265	-0.0003	0.0024	6.0012		0.0877	0.0499	1.0	0.0	0.5079	0.1495	1.0	0.0	1.0	0.0	0.0	0.0	0.0	0.0	0.5	0.0
grp-16	T1	7	210.0	4	4	51.2778	4.1556	195.8287	44.4122	0.0528	0.0268	0.0	0.0	36.2155	1.3874	3.0	27.0	0.0	1.0	0.0	0.0	0.0	0.0	0.0		0.0	0.0	1.0	-0.0	0.5	2.9808	0.132	0.1542	0.0453	0.0007	0.0018	6.0052		0.102	0.0618	1.0	0.0	0.4409	0.1355	1.0	0.0	0.0	0.0	0.0	0.0	0.0	0.0	1.0	0.0
grp-16	T1	8	240.0	4	4	49.3438	9.1901	109.9361	95.2165	0.0531	0.0272	0.0083	0.0167	36.2183	1.3587	5.0	38.0	0.0	2.0	0.0	0.0	0.0	0.0	0.0		0.0	0.0	2.0	0.868	0.67	3.006	0.1766	0.172	0.0623	0.0004	0.0002	4.0034		0.1216	0.059	1.0	0.0	0.5738	0.2232	0.0	0.0	0.0	0.0	0.0	0.0	0.0	0.0	0.0	0.0
grp-16	T1	9	270.0	4	4	48.4637	8.8503	126.0469	4.7672	0.0512	0.0245	0.025	0.032	36.2199	1.3468	3.0	28.0	0.0	1.0	0.0	0.0	0.0	0.0	0.0		0.0	0.0	2.0	0.7496	1.009	3.0137	0.161	0.1903	0.0578	0.0003	0.0012	16.0031	22.6318	0.1703	0.0256	1.0	0.0	0.6484	0.2449	0.0	0.0	0.0	0.0	0.0	0.0	0.0	0.0	0.0	0.0
grp-16	T1	10	300.0	4	4	51.1234	9.013	156.0205	49.5808	0.0613	0.041	0.0584	0.0689	36.2276	1.3373	11.0	29.817	0.88	2.0	12.0	4.0	8.0	1.0	0.0	0.3333	0.0	0.0	3.0	1.3306	32.201	3.0267	0.2077	0.2067	0.0623	-0.0004	0.0019	21.0181	26.8932	0.1765	0.0372	1.0	0.0	0.6321	0.2361	0.0	0.0	0.0	0.0	0.0	0.0	0.0	0.0	0.0	0.0
grp-16	T1	11	330.0	4	4	56.0248	7.8585	167.9137	9.6381	0.0702	0.0576	0.0501	0.0795	36.2467	1.3349	5.0	29.579	1.421	8.0	0.0	0.0	0.0	0.0	0.0		1.0	0.0	4.0	1.5602	4.1	2.9898	0.1992	0.1917	0.0679	-0.0015	0.0022	11.0095	9.908	0.1226	0.0599	1.0	0.0	0.5268	0.2178	0.0	0.0	0.0	0.0	0.0	0.0	0.0	0.0	0.0	0.0
grp-16	T1	12	360.0	4	4	63.7191	9.0478	149.9113	28.7531	0.0677	0.0524	0.0334	0.0385	36.2815	1.3465	3.0	26.739	0.621	2.0	0.0	0.0	0.0	0.0	0.0		0.0	0.0	2.0	0.674	1.958	2.94	0.0951	0.1852	0.0508	-0.0006	0.0026	12.0023	2.829	0.1048	0.0712	1.0	0.0	0.5576	0.4068	0.0	0.0	0.0	0.0	0.0	0.0	0.0	0.0	0.0	0.0
grp-16	T1	13	390.0	4	4	65.3504	15.2784	182.6423	18.5461	0.0648	0.0464	0.025	0.032	36.3125	1.3526	10.0	22.269	6.64	2.0	2.0	0.0	2.0	0.0	0.0	0.0	1.0	0.0	3.0	1.5345	9.076	2.9468	0.0807	0.1789	0.049	0.0002	0.0015	14.012		0.0893	0.0425	1.0	0.0	0.6319	0.4786	0.0	0.0	0.0	0.0	0.0	0.0	0.0	0.0	0.0	0.0
grp-16	T1	14	420.0	4	4	56.3002	10.0119	176.0368	28.8297	0.0663	0.0492	0.0501	0.1001	36.3321	1.3368	7.0	6.2	0.0	1.0	1.0	0.0	1.0	0.0	0.0	0.0	0.0	0.0	3.0	1.4919	1.5	2.9737	0.0456	0.2012	0.0388	0.0005	0.0012	12.0103	8.4926	0.0935	0.0355	1.0	0.0	0.5585	0.3457	0.0	0.0	0.0	0.0	0.0	0.0	0.0	0.0	0.0	0.0
grp-16	T1	15	450.0	4	4	51.9185	6.6854	180.4145		0.0735	0.0627	0.0501	0.0795	36.326	1.314																2.9325	0.0714	0.2106	0.0605	-0.0012	0.0015	15.0129	4.2463	0.1399	0.0859	1.0	0.0	0.5805	0.3474	0.0	0.0	0.0	0.0	0.0	0.0	0.0	0.0	0.0	0.0
grp-16	T1	16	480.0	4	4	61.9881	19.3431			0.0717	0.059	0.0334	0.0668	36.308	1.3016																2.9344	0.0982	0.2181	0.069	0.0024	0.0033	16.1611	19.6076	0.1058	0.0413	1.0	0.0	0.6184	0.2993	0.0	0.0	0.0	0.0	0.0	0.0	0.0	0.0	0.0	0.0
grp-16	T1	17	510.0	4	4	64.5661	17.4771	189.1769	87.8781	0.0662	0.0487	0.0417	0.0835	36.3085	1.2906																3.0145	0.1548	0.2575	0.0427	0.0001	0.0029	22.0082	22.626	0.1373	0.0394	1.0	0.0	0.768	0.2011	0.0	0.0	0.0	0.0	0.0	0.0	0.0	0.0	0.0	0.0
grp-16	T1	18	540.0	4	4	63.1608	12.2484	198.7711	51.3289	0.0645	0.0452	0.0501	0.1001	36.3149	1.2878																2.9815	0.2133	0.2356	0.0282	-0.0014	0.0006	21.3501	0.9668	0.12	0.0296	1.0	0.0	0.7375	0.2645	0.0	0.0	0.0	0.0	0.0	0.0	0.0	0.0	0.0	0.0
grp-16	T1	19	570.0	4	4	61.0655	11.957	183.4523	28.7891	0.066	0.0475	0.0418	0.0632	36.3194	1.2896																														0.0	0.0	0.0	0.0	0.0	0.0	0.0	0.0	0.0	0.0
grp-16	T1	20	600.0	4	4	70.0997	13.8183	166.2501	18.3427	0.0823	0.0777	0.0667	0.0817	36.2993	1.2972																														0.0	0.0	0.0	0.0	0.0	0.0	0.0	0.0	0.0	0.0
grp-16	T1	21	630.0	4	4	75.8554	4.2755	161.5492	34.3474	0.0924	0.0971	0.0751	0.1102	36.2594	1.3086																														0.0	0.0	0.0	0.0	0.0	0.0	0.0	0.0	0.0	0.0
grp-16	T1	22	660.0	4	4	81.5144	12.5488	186.0039	38.6208	0.0773	0.068	0.1252	0.2082	36.2445	1.2995																														0.0	0.0	0.0	0.0	0.0	0.0	0.0	0.0	0.0	0.0
grp-16	T1	23	690.0	4	4	83.1443	24.3502	173.4667		0.0798	0.0722	0.0668	0.1124	36.2409	1.2954																														0.0	0.0	0.0	0.0	0.0	0.0	0.0	0.0	0.0	0.0
grp-16	T1	24	720.0	4	4	67.4795	12.1331	122.4994	39.5465	0.0861	0.0868	0.025	0.032	36.2427	1.3034																														0.0	0.0	0.0	0.0	0.0	0.0	0.0	0.0	0.0	0.0
grp-16	T1	25	750.0	4	4	58.6425	10.4563	133.9678	23.2126	0.0814	0.0822	0.0584	0.1168	36.2528	1.3056																														0.0	0.0	0.0	0.0	0.0	0.0	0.0	0.0	0.0	0.0
grp-16	T1	26	780.0	4	4	55.1967	16.2191	168.3618		0.081	0.0756	0.0584	0.0958	36.2437	1.3237																														0.0	0.0	0.0	0.0	0.0	0.0	0.0	0.0	0.0	0.0
grp-16	T1	27	810.0	4	4	54.6305	10.8055	122.0218	34.9792	0.0779	0.0695	0.0668	0.0945	36.2229	1.3429																														0.0	0.0	0.0	0.0	0.0	0.0	0.0	0.0	0.0	0.0
grp-16	T1	28	840.0	4	4	60.7582	19.4387	147.9969	41.9948	0.066	0.0455	0.0667	0.0771	36.2373	1.3267																														0.0	0.0	0.0	0.0	0.0	0.0	0.0	0.0	0.0	0.0
grp-16	T1	29	870.0	4	4	67.433	23.0462	174.7568	49.0387	0.0481	0.0196	0.025	0.032	36.298	1.2667																														0.0	0.0	0.0	0.0	0.0	0.0	0.0	0.0	0.0	0.0
grp-16	T1	30	900.0	4	4	68.2711	9.453	185.0818	27.6379	0.042	0.02	0.0084	0.0167	36.3579	1.2077																														0.0	0.0	0.0	0.0	0.0	0.0	0.0	0.0	0.0	0.0
grp-16	T1	31	930.0	4	4	85.756	20.4038	147.5863		0.0419	0.0199	0.0667	0.0943	36.384	1.1873																														0.0	0.0	0.0	0.0	0.0	0.0	0.0	0.0	0.0	0.0
grp-16	T1	32	960.0	4	4	96.6264	30.9114	138.3282	75.6034	0.0416	0.0197	0.0917	0.1135	36.3984	1.1865																														0.0	0.0	0.0	0.0	0.0	0.0	0.0	0.0	0.0	0.0
grp-16	T1	33	990.0	4	4	81.6878	20.3786	169.9309	47.3635	0.0425	0.0202	0.0418	0.0501	36.3949	1.1981																														0.0	0.0	0.0	0.0	0.0	0.0	0.0	0.0	0.0	0.0
grp-16	T1	34	1020.0	4	4	73.1824	20.4792	158.8291	45.0528	0.0434	0.0208	0.0167	0.0193	36.3913	1.2007																														0.0	0.0	0.0	0.0	0.0	0.0	0.0	0.0	0.0	0.0
grp-16	T1	35	1050.0	4	4	68.9493	19.7025	155.2487	6.9819	0.0434	0.0209	0.0167	0.0334	36.4162	1.2035																														0.0	0.0	0.0	0.0	0.0	0.0	0.0	0.0	0.0	0.0
grp-16	T1	36	1080.0	4	4	66.7771	18.1932	121.3699	105.3489	0.0432	0.0209	0.0584	0.0789	36.4392	1.206																														0.0	0.0	0.0	0.0	0.0	0.0	0.0	0.0	0.0	0.0
grp-16	T1	37	1110.0	4	4	65.179	18.4921	173.1064	38.0435	0.0433	0.0198	0.0918	0.1069	36.4446	1.197																														0.0	0.0	0.0	0.0	0.0	0.0	0.0	0.0	0.0	0.0
grp-16	T1	38	1140.0	4	4	59.3757	17.3346			0.043	0.0195	0.1001	0.1156	36.4441	1.2063																														0.0	0.0	0.0	0.0	0.0	0.0	0.0	0.0	0.0	0.0
grp-16	T2	0	0.0	4	4	50.1483	10.7195	180.2605	59.8446	0.0524	0.0189	0.0167	0.0333	36.2667	1.2933	1.0	18.75	20.479	0.0	0.0	0.0	0.0	0.0	0.0		0.0	0.0	1.0	-0.0	0.029	2.9283	0.1793	0.1902	0.0383	-0.0002	0.0011	10.9135	10.4118	0.1299	0.1187	1.0	0.0	0.6857	0.1946	0.0	0.0	0.0	0.0	0.0	0.0	0.0	0.0	0.0	0.0
grp-16	T2	1	30.0	4	4	58.8254	17.5717	193.2285	62.9134	0.0524	0.019	0.0083	0.0167	36.2691	1.2903	1.0	29.531	0.0	0.0	0.0	0.0	0.0	0.0	0.0		0.0	0.0	1.0	-0.0	0.029	2.9663	0.231	0.2075	0.0499	0.0014	0.0023	16.0218	5.6503	0.1138	0.0627	1.0	0.0	0.7955	0.4803	0.0	1.0	0.0	1.0	0.0	0.0	0.0	0.5	0.5	0.0
grp-16	T2	2	60.0	4	4	65.7397	25.5088	168.2996	88.3193	0.0539	0.0192	0.0334	0.0472	36.28	1.2779	6.0	19.2	2.013	2.0	2.0	0.0	2.0	1.0	0.0	0.0	0.0	0.0	3.0	0.9617	5.234	2.9889	0.2842	0.2033	0.0582	-0.0015	0.0013	6.0125	5.6608	0.1213	0.071	1.0	0.0	0.8104	0.4968	2.0	0.0	0.0	0.0	1.0	0.0	0.0	0.3333333333333333	0.6666666666666666	0.0
grp-16	T2	3	90.0	4	4	63.3735	26.9507	102.5601	80.5228	0.0578	0.0213	0.0751	0.0958	36.3012	1.2541	4.0	32.793	3.682	3.0	1.0	1.0	0.0	0.0	0.0	1.0	0.0	0.0	2.0	0.8671	8.777	2.9621	0.3228	0.1877	0.0768	0.0001	0.0009	15.0865	12.6574	0.1288	0.084	1.0	0.0	0.7182	0.3239	0.0	3.0	0.0	0.0	0.0	0.0	0.0	0.0	1.0	0.0
grp-16	T2	4	120.0	4	4	60.241	14.0518	84.0302	60.9359	0.0758	0.0484	0.0834	0.1106	36.329	1.259	2.0	37.47	0.251	0.0	1.0	1.0	0.0	0.0	0.0	1.0	0.0	0.0	1.0	-0.0	6.215	2.9903	0.296	0.2181	0.059	0.001	0.0021	20.1197	15.9653	0.1688	0.0931	1.0	0.0	0.7483	0.2337	0.0	0.0	1.0	0.0	0.0	0.0	0.0	0.0	0.0	0.0
grp-16	T2	5	150.0	4	4	52.4986	9.8789	117.8489	112.6188	0.0832	0.0625	0.0668	0.0722	36.3546	1.2787	4.0	25.409	4.821	4.0	2.0	0.0	2.0	0.0	0.0	0.0	0.0	0.0	2.0	0.3091	6.136	3.0006	0.2619	0.2216	0.0701	-0.0005	0.0011	16.0547	9.106	0.1572	0.0734	1.0	0.0	0.7425	0.1656	0.0	0.0	0.0	0.0	0.0	0.0	0.0	0.0	0.0	0.0
grp-16	T2	6	180.0	4	4	61.6287	20.0765	143.5458	29.2048	0.0832	0.0616	0.0668	0.061	36.3518	1.2478	4.0	19.029	1.399	3.0	2.0	0.0	2.0	0.0	0.0	0.0	0.0	0.0	1.0	-0.0	5.723	2.9727	0.2485	0.2226	0.0573	-0.0004	0.0022	18.0235	2.8574	0.1759	0.0771	1.0	0.0	0.7507	0.1905	1.0	0.0	1.0	1.0	0.0	0.0	0.0	0.3333333333333333	0.3333333333333333	0.0
grp-16	T2	7	210.0	4	4	50.5836	7.8817	144.8963		0.0929	0.0783	0.0751	0.0958	36.3123	1.235	6.0	35.458	1.586	4.0	3.0	0.0	2.0	1.0	1.0	0.0	0.0	0.0	2.0	0.767	8.996	2.8435	0.1185	0.262	0.0852	-0.003	0.0044	13.0266	4.2397	0.1629	0.0478	1.0	0.0	0.698	0.301	1.0	1.0	3.0	0.0	0.0	0.0	0.0	0.0	0.4	0.0
grp-16	T2	8	240.0	4	4	57.2486	16.6821	142.9695		0.1024	0.0971	0.0584	0.0789	36.2826	1.2658	4.0	19.891	5.22	4.0	0.0	0.0	0.0	0.0	0.0		0.0	0.0	1.0	-0.0	3.302	2.6741	0.1287	0.1828	0.0754	-0.0019	0.0027	11.1138	4.0987	0.1512	0.1065	1.0	0.0	0.4828	0.2569	0.0	1.0	0.0	0.0	0.0	0.0	0.0	0.0	1.0	0.0
grp-16	T2	9	270.0	4	4	63.205	19.1199	67.8101	95.8979	0.1122	0.1164	0.0417	0.0501	36.2661	1.2948	5.0	38.071	1.644	3.0	3.0	0.0	3.0	2.0	0.0	0.0	0.0	0.0	3.0	1.2026	17.724	2.6949	0.1656	0.1664	0.0536	0.002	0.0019	9.0313	1.3726	0.1524	0.0619	1.0	0.0	0.5235	0.2163	0.0	0.0	0.0	0.0	0.0	0.0	0.0	0.0	0.0	0.0
grp-16	T2	10	300.0	4	4	57.4413	12.5857	164.3742	22.8561	0.1204	0.1314	0.1086	0.0741	36.2536	1.306	6.0	26.323	10.459	0.0	4.0	0.0	4.0	4.0	0.0	0.0	0.0	0.0	3.0	0.9063	24.71	2.7904	0.0931	0.1948	0.0328	0.0013	0.0032			0.2113	0.0608	1.0	0.0	0.6202	0.1042	0.0	0.0	0.0	0.0	0.0	0.0	0.0	0.0	0.0	0.0
grp-16	T2	11	330.0	4	4	64.8379	11.6659	109.0778	37.9145	0.1241	0.1375	0.0835	0.0795	36.2459	1.2963	5.0	40.982	2.724	2.0	0.0	0.0	0.0	0.0	0.0		0.0	0.0	2.0	0.9586	1.52	2.8317	0.1436	0.1936	0.0689	0.0002	0.0008	10.0086		0.1826	0.0674	1.0	0.0	0.6248	0.2258	0.0	0.0	0.0	0.0	0.0	0.0	0.0	0.0	0.0	0.0
grp-16	T2	12	360.0	4	4	67.0486	18.7744	125.8509	40.7426	0.1248	0.139	0.0417	0.05	36.2564	1.2807	3.0	20.796	0.586	3.0	2.0	0.0	1.0	1.0	1.0	0.0	0.0	0.0	2.0	0.9933	21.124	2.8099	0.1458	0.1957	0.0653	-0.0019	0.0016	8.0015	5.6579	0.1825	0.0861	1.0	0.0	0.5478	0.1856	0.0	0.0	0.0	0.0	0.0	0.0	0.0	0.0	0.0	0.0
grp-16	T2	13	390.0	4	4	57.4975	20.0686	184.9741	43.8654	0.1232	0.1376	0.0835	0.0964	36.2995	1.2841	11.0	24.85	12.25	5.0	8.0	1.0	6.0	4.0	1.0	0.1429	3.0	0.0	4.0	1.8464	39.967	2.7694	0.1227	0.1661	0.0187	-0.0004	0.0007	7.006	7.0771	0.1477	0.0602	1.0	0.0	0.4624	0.0877	0.0	0.0	0.0	0.0	0.0	0.0	0.0	0.0	0.0	0.0
grp-16	T2	14	420.0	4	4	54.0684	14.0493	41.136		0.1164	0.1248	0.0835	0.0965	36.3515	1.3039	15.0	32.638	3.276	2.0	8.0	0.0	7.0	3.0	1.0	0.0	1.0	0.0	4.0	1.9165	29.978	2.7744	0.1435	0.1395	0.0217	0.0002	0.0007	14.012	12.176	0.1552	0.0899	1.0	0.0	0.4625	0.1312	0.0	0.0	0.0	0.0	0.0	0.0	0.0	0.0	0.0	0.0
grp-16	T2	15	450.0	4	4	62.2112	17.1174	151.1768	73.5825	0.1092	0.109	0.0417	0.0834	36.3858	1.3178	6.0	23.539	8.32	5.0	2.0	0.0	2.0	1.0	0.0	0.0	0.0	0.0	4.0	1.8158	7.273	2.7601	0.1653	0.1184	0.0195	-0.0006	0.0013			0.1256	0.0467	1.0	0.0	0.4513	0.2667	0.0	0.0	0.0	0.0	0.0	0.0	0.0	0.0	0.0	0.0
grp-16	T2	16	480.0	4	4	65.0952	17.6325	134.8189	34.6155	0.1104	0.11	0.0167	0.0333	36.3983	1.3242	5.0	14.939	3.01	0.0	2.0	0.0	2.0	1.0	0.0	0.0	1.0	0.0	3.0	1.5034	3.44	2.7485	0.1581	0.1386	0.0298	0.0003	0.0019	44.0968		0.135	0.0971	1.0	0.0	0.4549	0.3702	0.0	0.0	0.0	0.0	0.0	0.0	0.0	0.0	0.0	0.0
grp-16	T2	17	510.0	4	4	67.1872	20.8007	153.0804	47.1368	0.1114	0.115	0.0501	0.0579	36.3892	1.3047																2.7064	0.0441	0.2112	0.0337	-0.0015	0.0037	9.0678	7.1659	0.14	0.0635	1.0	0.0	0.5116	0.3809	0.0	0.0	0.0	0.0	0.0	0.0	0.0	0.0	0.0	0.0
grp-16	T2	18	540.0	4	4	68.2714	19.8112	157.4614	51.7156	0.1104	0.1201	0.0834	0.1001	36.3757	1.2752																2.6054	0.1661	0.2013	0.106	-0.0006	0.0042	12.1298	5.8307	0.1403	0.1032	1.0	0.0	0.4819	0.3599	0.0	0.0	0.0	0.0	0.0	0.0	0.0	0.0	0.0	0.0
grp-16	T2	19	570.0	4	4	62.2578	12.8591	155.2976	7.9112	0.1099	0.1237	0.0584	0.0688	36.3636	1.2609																2.5356	0.228	0.111	0.083	-0.0008	0.0014	4.0034		0.1023	0.0754	1.0	0.0	0.3524	0.2672	0.0	0.0	0.0	0.0	0.0	0.0	0.0	0.0	0.0	0.0
grp-16	T2	20	600.0	4	4	59.796	4.5462	158.0928	32.083	0.1101	0.1261	0.025	0.032	36.3548	1.2456																2.5375	0.1832	0.1178	0.0238	0.0008	0.0011			0.1166	0.0448	1.0	0.0	0.3151	0.1651	0.0	0.0	0.0	0.0	0.0	0.0	0.0	0.0	0.0	0.0
grp-16	T2	21	630.0	4	4	63.7822	11.923	155.7167	15.2135	0.1061	0.1181	0.0835	0.1456	36.3822	1.2566																2.6137	0.2315	0.1904	0.0557	0.0018	0.0018	8.0069		0.1452	0.0247	1.0	0.0	0.3817	0.1813	0.0	0.0	0.0	0.0	0.0	0.0	0.0	0.0	0.0	0.0
grp-16	T2	22	660.0	4	4	75.387	7.9853	146.5081	30.7456	0.1013	0.1086	0.1085	0.2169	36.4146	1.2955																2.7122	0.2701	0.2121	0.0468	0.0021	0.0026	8.0069		0.1645	0.0225	1.0	0.0	0.4862	0.2416	0.0	0.0	0.0	0.0	0.0	0.0	0.0	0.0	0.0	0.0
grp-16	T2	23	690.0	4	4	69.3905	21.4981	172.3462	63.4451	0.1087	0.1228	0.0584	0.1168	36.4219	1.3306																2.8721	0.2205	0.23	0.1152	0.0036	0.0041	8.023	0.0304	0.184	0.0815	1.0	0.0	0.6064	0.2918	0.0	0.0	0.0	0.0	0.0	0.0	0.0	0.0	0.0	0.0
grp-16	T2	24	720.0	4	4	70.4939	16.9393	161.618	63.5225	0.1191	0.1428	0.0417	0.0632	36.4324	1.3487																2.9899	0.2594	0.2029	0.0406	-0.0002	0.0003	16.0138	11.3234	0.1958	0.0387	1.0	0.0	0.6449	0.2928	0.0	0.0	0.0	0.0	0.0	0.0	0.0	0.0	0.0	0.0
grp-16	T2	25	750.0	4	4	71.4204	21.5625	167.1554	32.4809	0.1235	0.1479	0.0751	0.1103	36.4214	1.3456																														0.0	0.0	0.0	0.0	0.0	0.0	0.0	0.0	0.0	0.0
grp-16	T2	26	780.0	4	4	75.6573	23.1695	184.1601	57.6599	0.1156	0.1272	0.1334	0.1887	36.3862	1.3187																														0.0	0.0	0.0	0.0	0.0	0.0	0.0	0.0	0.0	0.0
grp-16	T2	27	810.0	4	4	82.5477	18.7775	158.1647	37.8851	0.1091	0.1122	0.1086	0.1346	36.3662	1.3069																														0.0	0.0	0.0	0.0	0.0	0.0	0.0	0.0	0.0	0.0
grp-16	T2	28	840.0	4	4	81.1824	17.4898	130.6944	14.9027	0.1117	0.1147	0.0835	0.0884	36.3507	1.3161																														0.0	0.0	0.0	0.0	0.0	0.0	0.0	0.0	0.0	0.0
grp-16	T2	29	870.0	4	4	75.4408	19.5362	176.7627	9.0438	0.104	0.0961	0.0251	0.032	36.3291	1.2954																														0.0	0.0	0.0	0.0	0.0	0.0	0.0	0.0	0.0	0.0
grp-16	T2	30	900.0	4	4	77.6238	21.6905	129.7498		0.07	0.0335	0.0334	0.0386	36.3383	1.2313																														0.0	0.0	0.0	0.0	0.0	0.0	0.0	0.0	0.0	0.0
grp-16	T2	31	930.0	4	4	78.9548	25.6751	154.4853	49.531	0.0514	0.0274	0.025	0.0319	36.3859	1.172																														0.0	0.0	0.0	0.0	0.0	0.0	0.0	0.0	0.0	0.0
grp-16	T2	32	960.0	4	4	71.8753	17.8196	166.2087	54.376	0.052	0.0281	0.0	0.0	36.4165	1.1246																														0.0	0.0	0.0	0.0	0.0	0.0	0.0	0.0	0.0	0.0
grp-16	T2	33	990.0	4	4	66.0037	12.4995	180.1133	23.6902	0.0513	0.0281	0.025	0.0501	36.4307	1.0864																														0.0	0.0	0.0	0.0	0.0	0.0	0.0	0.0	0.0	0.0
grp-16	T2	34	1020.0	4	4	65.2785	7.3084	177.2868	28.6698	0.0492	0.0282	0.0834	0.1454	36.4789	1.0961																														0.0	0.0	0.0	0.0	0.0	0.0	0.0	0.0	0.0	0.0
grp-16	T2	35	1050.0	4	4	65.6494	8.0242	188.468	27.8719	0.0577	0.0247	0.1168	0.1505	36.5132	1.1474																														0.0	0.0	0.0	0.0	0.0	0.0	0.0	0.0	0.0	0.0
grp-16	T2	36	1080.0	4	4	68.0664	11.1398	171.983	13.8292	0.0842	0.0625	0.1002	0.0818	36.4783	1.2522																														0.0	0.0	0.0	0.0	0.0	0.0	0.0	0.0	0.0	0.0
grp-16	T2	37	1110.0	4	4	73.1218	19.2875	195.0268		0.1024	0.1002	0.1751	0.1526	36.4302	1.3539																														0.0	0.0	0.0	0.0	0.0	0.0	0.0	0.0	0.0	0.0
grp-16	T2	38	1140.0	4	4	72.852	22.3219	181.4836	30.5342	0.1073	0.1139	0.1252	0.129	36.3946	1.387																														0.0	0.0	0.0	0.0	0.0	0.0	0.0	0.0	0.0	0.0
grp-16	T2	39	1170.0	4	4	69.7961	20.7184	170.0289	18.4496	0.1076	0.1129	0.0251	0.032	36.3702	1.3906																														0.0	0.0	0.0	0.0	0.0	0.0	0.0	0.0	0.0	0.0
grp-16	T2	40	1200.0	4	4	71.0459	23.9509	162.098		0.1051	0.1058	0.0501	0.0334	36.359	1.373																														0.0	0.0	0.0	0.0	0.0	0.0	0.0	0.0	0.0	0.0
grp-16	T2	41	1230.0	4	4	77.2799	11.6575	202.4957	23.7453	0.1028	0.0979	0.0667	0.077	36.3429	1.3604																														0.0	0.0	0.0	0.0	0.0	0.0	0.0	0.0	0.0	0.0
grp-16	T2	42	1260.0	4	4	75.3287	20.115	161.8	10.2982	0.0994	0.0921	0.0417	0.05	36.3181	1.3559																														0.0	0.0	0.0	0.0	0.0	0.0	0.0	0.0	0.0	0.0
grp-16	T3	0	0.0	4	4	55.5598	5.1037	195.3352	7.1116	0.0565	0.0262	0.125	0.145	36.2742	1.4578	0.0	0.0	23.093	0.0	0.0	0.0	0.0	0.0	0.0		0.0	0.0	0.0	0.0	0.0	2.7915	0.1397	0.199	0.0773	-0.0005	0.002	19.0037	9.9014	0.2055	0.105	1.0	0.0	0.5011	0.2986	0.0	2.0	0.0	0.0	0.0	0.0	0.0	0.0	1.0	0.0
grp-16	T3	1	30.0	4	4	55.0721	13.9385	203.6343	42.7808	0.0597	0.027	0.0752	0.1291	36.2531	1.4648	9.0	26.147	5.007	1.0	4.0	0.0	3.0	1.0	1.0	0.0	3.0	0.0	4.0	1.4698	16.457	2.7893	0.1112	0.1889	0.0365	-0.0001	0.001	31.2024	38.4651	0.2215	0.1382	1.0	0.0	0.4678	0.1671	0.0	3.0	0.0	0.0	1.0	0.0	0.0	0.25	0.75	0.0
grp-16	T3	2	60.0	4	4	58.6667	21.2575	140.7935		0.0597	0.0275	0.0668	0.0904	36.2512	1.4428	9.0	24.314	11.912	8.0	4.0	0.0	4.0	1.0	0.0	0.0	2.0	0.0	3.0	1.3508	17.037	2.8508	0.0803	0.2048	0.0445	0.0016	0.0023	54.0464		0.2257	0.1076	1.0	0.0	0.4664	0.1538	0.0	1.0	0.0	1.0	1.0	0.0	0.0	0.6666666666666666	0.3333333333333333	0.0
grp-16	T3	3	90.0	4	4	62.0099	15.3612			0.0582	0.0276	0.1252	0.0959	36.2455	1.4016	4.0	25.849	6.769	2.0	2.0	1.0	0.0	0.0	1.0	1.0	1.0	0.0	3.0	1.3749	17.989	2.9368	0.1062	0.1837	0.0507	0.0008	0.0017	26.005		0.1926	0.0767	1.0	0.0	0.4799	0.1642	1.0	1.0	0.0	1.0	0.0	0.0	0.0	0.3333333333333333	0.6666666666666666	0.0
grp-16	T3	4	120.0	4	4	55.1557	8.8349	104.8041	2.701	0.0574	0.029	0.1669	0.1156	36.2459	1.3816	6.0	33.84	6.768	2.0	0.0	0.0	0.0	0.0	0.0		1.0	0.0	3.0	1.5395	1.612	2.9461	0.1339	0.2005	0.0181	0.0001	0.0021	22.0189		0.1952	0.0925	1.0	0.0	0.5022	0.0886	0.0	0.0	3.0	2.0	5.0	0.0	0.0	0.7	0.0	0.0
grp-16	T3	5	150.0	4	4	55.377	6.6068	177.6281	2.2225	0.0541	0.0254	0.1252	0.0959	36.2667	1.3573	5.0	25.568	1.915	1.0	4.0	2.0	2.0	1.0	0.0	0.5	1.0	0.0	2.0	0.9786	41.983	2.9448	0.1285	0.2035	0.0252	0.001	0.0025	16.0138		0.1874	0.0863	1.0	0.0	0.5148	0.1486	0.0	2.0	0.0	0.0	0.0	0.0	0.0	0.0	1.0	0.0
grp-16	T3	6	180.0	4	4	66.4191	16.3964	186.1463	45.096	0.048	0.0241	0.1419	0.1551	36.2953	1.3291	11.0	44.384	4.162	2.0	6.0	1.0	5.0	4.0	0.0	0.1667	0.0	0.0	4.0	1.9143	78.037	2.9487	0.1678	0.1851	0.0368	0.0	0.0023	24.0206		0.1585	0.0714	1.0	0.0	0.4925	0.1729	1.0	0.0	0.0	0.0	2.0	0.0	0.0	0.6666666666666666	0.3333333333333333	0.0
grp-16	T3	7	210.0	4	4	76.0056	24.0598	165.7562	38.2651	0.0476	0.0254	0.1168	0.1577	36.2925	1.3331	6.0	20.393	4.244	3.0	2.0	0.0	2.0	1.0	0.0	0.0	2.0	0.0	2.0	0.9389	7.132	2.9376	0.1788	0.2011	0.0468	0.0002	0.0017	26.0224		0.2075	0.077	1.0	0.0	0.5673	0.194	0.0	0.0	1.0	2.0	0.0	0.0	0.0	0.6666666666666666	0.0	0.0
grp-16	T3	8	240.0	4	4	77.6958	16.5916	161.3294	41.1365	0.0481	0.0245	0.1085	0.1954	36.271	1.3489	5.0	34.606	4.051	0.0	3.0	3.0	0.0	0.0	0.0	1.0	0.0	0.0	3.0	0.9587	17.2	2.9638	0.1641	0.2207	0.0294	0.0012	0.0019	18.053	14.2074	0.2037	0.088	1.0	0.0	1.3268	1.4825	0.0	1.0	0.0	2.0	2.0	0.0	0.0	0.8	0.2	0.0
grp-16	T3	9	270.0	4	4	74.4404	8.1065	157.0988	62.4467	0.0493	0.0255	0.1168	0.2336	36.2618	1.3676	10.0	27.973	6.358	0.0	9.0	4.0	5.0	2.0	0.0	0.4444	0.0	0.0	4.0	1.6474	29.368	3.0041	0.1951	0.223	0.0626	0.0002	0.0014	16.6788	11.5415	0.2632	0.2691	1.0	0.0	2.6793	4.2986	0.0	0.0	0.0	0.0	0.0	0.0	0.0	0.0	0.0	0.0
grp-16	T3	10	300.0	4	4	74.8527	15.459	176.8581	40.2286	0.0491	0.0246	0.1002	0.2004	36.2576	1.3926	8.0	32.21	3.113	3.0	3.0	0.0	3.0	1.0	0.0	0.0	1.0	0.0	3.0	1.5155	11.229	2.963	0.1969	0.2218	0.061	-0.0023	0.002	15.5133	8.5514	0.2834	0.1954	1.0	0.0	1.9781	2.7429	0.0	0.0	0.0	0.0	0.0	0.0	0.0	0.0	0.0	0.0
grp-16	T3	11	330.0	4	4	84.7004	21.1891	147.4745	32.6751	0.0492	0.0244	0.0668	0.1335	36.258	1.405	4.0	17.808	9.353	2.0	0.0	0.0	0.0	0.0	0.0		0.0	0.0	3.0	1.3526	0.5															0.0	0.0	0.0	0.0	0.0	0.0	0.0	0.0	0.0	0.0
grp-16	T3	12	360.0	4	4	84.9111	19.7955	179.6196	6.3046	0.0503	0.0263	0.0417	0.05	36.2539	1.4077	5.0	42.576	1.433	4.0	1.0	1.0	0.0	0.0	0.0	1.0	0.0	0.0	1.0	-0.0	16.451															0.0	0.0	0.0	0.0	0.0	0.0	0.0	0.0	0.0	0.0
grp-16	T3	13	390.0	4	4	75.195	15.9215	164.8679	29.4307	0.0479	0.0251	0.0834	0.1001	36.2605	1.4116	5.0	16.979	2.051	4.0	2.0	1.0	1.0	0.0	0.0	0.5	1.0	0.0	2.0	0.911	12.498															0.0	0.0	0.0	0.0	0.0	0.0	0.0	0.0	0.0	0.0
grp-16	T3	14	420.0	4	4	82.5324	27.8752	148.3743	14.2919	0.0463	0.026	0.1418	0.1643	36.2741	1.4283	9.0	27.799	3.661	0.0	4.0	2.0	0.0	0.0	2.0	1.0	4.0	0.0	4.0	1.8949	26.99															0.0	0.0	0.0	0.0	0.0	0.0	0.0	0.0	0.0	0.0
grp-16	T3	15	450.0	4	4	91.7988	33.7568	138.7039	47.9181	0.0467	0.0252	0.1503	0.1819	36.2742	1.4556	6.0	28.907	0.867	3.0	5.0	0.0	5.0	4.0	0.0	0.0	1.0	0.0	3.0	1.4124	26.499															0.0	0.0	0.0	0.0	0.0	0.0	0.0	0.0	0.0	0.0
grp-16	T3	16	480.0	4	4	87.6602	35.2514			0.0471	0.027	0.1085	0.1104	36.2779	1.4886	8.0	31.952	4.4	3.0	3.0	2.0	1.0	1.0	0.0	0.6667	0.0	0.0	3.0	0.8154	16.334															0.0	0.0	0.0	0.0	0.0	0.0	0.0	0.0	0.0	0.0
grp-16	T3	17	510.0	4	4	80.5976	26.1068	138.5889	84.906	0.055	0.0302	0.0417	0.0632	36.2616	1.5518	4.0	34.245	0.397	1.0	3.0	2.0	1.0	0.0	0.0	0.6667	0.0	0.0	3.0	0.5159	38.96															0.0	0.0	0.0	0.0	0.0	0.0	0.0	0.0	0.0	0.0
grp-16	T3	18	540.0	4	4	71.3439	6.0778	163.7445	39.131	0.0618	0.0367	0.0333	0.0667	36.2489	1.6184	3.0	93.701	14.398	1.0	0.0	0.0	0.0	0.0	0.0		0.0	0.0	2.0	0.24	2.701															0.0	0.0	0.0	0.0	0.0	0.0	0.0	0.0	0.0	0.0
grp-16	T3	19	570.0	4	4	62.8707	7.7454	184.407	48.4212	0.0624	0.0373	0.0167	0.0334	36.2774	1.6409																														0.0	0.0	0.0	0.0	0.0	0.0	0.0	0.0	0.0	0.0
grp-16	T3	20	600.0	4	4	66.092	5.1907	157.8826	41.2466	0.0612	0.0359	0.0501	0.0431	36.2852	1.6357																														0.0	0.0	0.0	0.0	0.0	0.0	0.0	0.0	0.0	0.0
grp-16	T3	21	630.0	4	4	72.4917	4.6941	196.2499	57.1708	0.0585	0.0331	0.0417	0.042	36.2682	1.6195	2.0	12.0	0.0	0.0	0.0	0.0	0.0	0.0	0.0		0.0	0.0	1.0	-0.0	0.0															0.0	0.0	0.0	0.0	0.0	0.0	0.0	0.0	0.0	0.0
grp-16	T3	22	660.0	4	4	73.8471	7.342	189.7223	41.0902	0.0565	0.0321	0.0334	0.0272	36.2471	1.6026	1.0	2.0	0.0	0.0	0.0	0.0	0.0	0.0	0.0		0.0	0.0	1.0	-0.0	0.0															0.0	0.0	0.0	0.0	0.0	0.0	0.0	0.0	0.0	0.0
grp-16	T3	23	690.0	4	4	74.6693	8.6811	160.7096	7.0672	0.0556	0.032	0.0167	0.0193	36.2262	1.5928																														0.0	0.0	0.0	0.0	0.0	0.0	0.0	0.0	0.0	0.0
grp-16	T3	24	720.0	4	4	68.7299	9.0625	165.9733	7.6045	0.0555	0.0323	0.0083	0.0167	36.2345	1.5888																														0.0	0.0	0.0	0.0	0.0	0.0	0.0	0.0	0.0	0.0
grp-16	T3	25	750.0	4	4	73.2542	13.8189	123.7706	36.9238	0.0562	0.0328	0.0167	0.0193	36.2412	1.5888																														0.0	0.0	0.0	0.0	0.0	0.0	0.0	0.0	0.0	0.0
grp-16	T3	26	780.0	4	4	75.3222	18.5486	177.5028	25.6005	0.0586	0.0343	0.025	0.032	36.228	1.5845																														0.0	0.0	0.0	0.0	0.0	0.0	0.0	0.0	0.0	0.0
grp-16	T3	27	810.0	4	4	68.0363	18.3768	142.3999	21.2481	0.06	0.0347	0.025	0.032	36.218	1.5711																														0.0	0.0	0.0	0.0	0.0	0.0	0.0	0.0	0.0	0.0
grp-16	T3	28	840.0	4	4	64.5151	15.1996	140.9705	27.8772	0.0593	0.033	0.0584	0.0959	36.2185	1.5588																														0.0	0.0	0.0	0.0	0.0	0.0	0.0	0.0	0.0	0.0
grp-16	T3	29	870.0	4	4	64.3468	8.9763	167.2426	47.1729	0.0562	0.0329	0.1085	0.1103	36.2239	1.5478																														0.0	0.0	0.0	0.0	0.0	0.0	0.0	0.0	0.0	0.0
grp-16	T3	30	900.0	4	4	73.6602	3.4112	163.611	12.2113	0.0524	0.0343	0.0918	0.1033	36.2383	1.5429																														0.0	0.0	0.0	0.0	0.0	0.0	0.0	0.0	0.0	0.0
grp-16	T3	31	930.0	4	4	81.3814	13.5999	179.374	52.0205	0.0514	0.035	0.0417	0.0319	36.2425	1.5469																														0.0	0.0	0.0	0.0	0.0	0.0	0.0	0.0	0.0	0.0
grp-16	T3	32	960.0	4	4	72.9939	15.8578	178.2065	27.6565	0.0519	0.035	0.0334	0.0667	36.2435	1.5576																														0.0	0.0	0.0	0.0	0.0	0.0	0.0	0.0	0.0	0.0
grp-16	T3	33	990.0	4	4	68.1548	13.8287	165.2092	25.1876	0.0524	0.035	0.0752	0.1104	36.2498	1.5635																														0.0	0.0	0.0	0.0	0.0	0.0	0.0	0.0	0.0	0.0
grp-16	T3	34	1020.0	4	4	73.3011	12.4399	186.5595	26.6336	0.0535	0.0344	0.0751	0.0959	36.2506	1.5544																														0.0	0.0	0.0	0.0	0.0	0.0	0.0	0.0	0.0	0.0
grp-16	T3	35	1050.0	4	4	67.048	3.2608	153.2657	7.9321	0.0522	0.0348	0.025	0.0319	36.261	1.5425																														0.0	0.0	0.0	0.0	0.0	0.0	0.0	0.0	0.0	0.0
grp-16	T3	36	1080.0	4	4	66.8888	8.3875	171.7397		0.049	0.0353	0.0334	0.0272	36.3019	1.4853																														0.0	0.0	0.0	0.0	0.0	0.0	0.0	0.0	0.0	0.0
grp-16	T3	37	1110.0	4	4	71.1137	12.1248	163.4274	1.2301	0.0489	0.036	0.0667	0.0472	36.3149	1.4462																														0.0	0.0	0.0	0.0	0.0	0.0	0.0	0.0	0.0	0.0
grp-16	T3	38	1140.0	4	4	71.2027	8.6417	182.995	84.4115	0.0513	0.037	0.0584	0.0789	36.2509	1.4648																														0.0	0.0	0.0	0.0	0.0	0.0	0.0	0.0	0.0	0.0
grp-16	T3	39	1170.0	4	4	74.6112	4.0055	145.6116	54.1141	0.0531	0.0372	0.0918	0.14	36.1935	1.4638																														0.0	0.0	0.0	0.0	0.0	0.0	0.0	0.0	0.0	0.0
grp-16	T3	40	1200.0	4	4	65.301	2.9747	176.2466	46.1112	0.0522	0.0382	0.0835	0.1038	36.179	1.4451																														0.0	0.0	0.0	0.0	0.0	0.0	0.0	0.0	0.0	0.0
grp-16	T3	41	1230.0	4	4	59.1312	10.9629	108.1742	13.3946	0.0511	0.0385	0.0919	0.1137	36.1699	1.4211																														0.0	0.0	0.0	0.0	0.0	0.0	0.0	0.0	0.0	0.0
grp-16	T3	42	1260.0	4	4	62.029	21.3194	69.3055		0.0504	0.0387	0.1085	0.1426	36.158	1.4223																														0.0	0.0	0.0	0.0	0.0	0.0	0.0	0.0	0.0	0.0
grp-16	T3	43	1290.0	4	4	67.1421	16.4465	61.4474		0.0508	0.0396	0.1334	0.144	36.1472	1.4562																														0.0	0.0	0.0	0.0	0.0	0.0	0.0	0.0	0.0	0.0
grp-16	T3	44	1320.0	4	4	64.8157	17.4363	115.7551	40.5344	0.0518	0.04	0.2421	0.2047	36.1362	1.4936																														0.0	0.0	0.0	0.0	0.0	0.0	0.0	0.0	0.0	0.0
grp-16	T3	45	1350.0	4	4	65.6935	15.0751	122.1615	75.54	0.0521	0.0379	0.2253	0.1774	36.1313	1.5171																														0.0	0.0	0.0	0.0	0.0	0.0	0.0	0.0	0.0	0.0
grp-16	T3	46	1380.0	4	4	75.2356	14.8616	136.565	32.3527	0.0499	0.0331	0.2505	0.1861	36.129	1.5242																														0.0	0.0	0.0	0.0	0.0	0.0	0.0	0.0	0.0	0.0
grp-16	T3	47	1410.0	4	4	72.2462	17.5363	136.7523		0.0512	0.0341	0.2252	0.1952	36.125	1.5402																														0.0	0.0	0.0	0.0	0.0	0.0	0.0	0.0	0.0	0.0
grp-16	T3	48	1440.0	4	4	67.7526	14.927	120.9904		0.055	0.0397	0.1669	0.1658	36.1101	1.5587																														0.0	0.0	0.0	0.0	0.0	0.0	0.0	0.0	0.0	0.0
grp-16	T3	49	1470.0	4	4	81.9547	18.2588			0.0529	0.0409	0.0751	0.0878	36.1139	1.5367																														0.0	0.0	0.0	0.0	0.0	0.0	0.0	0.0	0.0	0.0
grp-16	T3	50	1500.0	4	4	80.2608	16.2776			0.0515	0.0418	0.0501	0.0794	36.1407	1.4968																														0.0	0.0	0.0	0.0	0.0	0.0	0.0	0.0	0.0	0.0
grp-16	T3	51	1530.0	4	4	62.6118	6.6306	190.9956	38.6357	0.0536	0.0437	0.1002	0.0721	36.1254	1.4833																														0.0	0.0	0.0	0.0	0.0	0.0	0.0	0.0	0.0	0.0
grp-16	T3	52	1560.0	4	4	59.1755	10.302	209.7564	9.7934	0.0546	0.0457	0.1585	0.1477	36.09	1.4876																														0.0	0.0	0.0	0.0	0.0	0.0	0.0	0.0	0.0	0.0
grp-16	T3	53	1590.0	4	4	65.806	13.4827	182.9251	59.0491	0.0545	0.0464	0.1669	0.1467	36.0614	1.5242																														0.0	0.0	0.0	0.0	0.0	0.0	0.0	0.0	0.0	0.0
grp-16	T3	54	1620.0	4	4	67.5759	18.9071	134.8202	23.6449	0.0551	0.0463	0.1085	0.0835	36.0398	1.5579																														0.0	0.0	0.0	0.0	0.0	0.0	0.0	0.0	0.0	0.0
grp-16	T3	55	1650.0	4	4	71.1309	11.8837	122.2777	115.1962	0.0519	0.0381	0.1168	0.1505	36.0524	1.531																														0.0	0.0	0.0	0.0	0.0	0.0	0.0	0.0	0.0	0.0
grp-16	T3	56	1680.0	4	4	70.6217	9.4413	144.8022	11.722	0.0501	0.0333	0.1169	0.1735	36.0682	1.5029																														0.0	0.0	0.0	0.0	0.0	0.0	0.0	0.0	0.0	0.0
grp-16	T3	57	1710.0	4	4	72.146	13.4099	159.6608	40.2003	0.0538	0.0409	0.0584	0.0688	36.0824	1.4995																														0.0	0.0	0.0	0.0	0.0	0.0	0.0	0.0	0.0	0.0
grp-16	T3	58	1740.0	4	4	72.1259	7.2518	201.9032	46.5043	0.0564	0.0465	0.1584	0.1875	36.084	1.5099																														0.0	0.0	0.0	0.0	0.0	0.0	0.0	0.0	0.0	0.0
grp-16	T3	59	1770.0	4	4	75.6718	16.1849	167.2615	14.9545	0.0551	0.0468	0.0752	0.1104	36.0793	1.5427																														0.0	0.0	0.0	0.0	0.0	0.0	0.0	0.0	0.0	0.0
grp-16	T3	60	1800.0	4	4	74.1046	23.3611	258.0855	0.455	0.0467	0.0315	0.0334	0.0386	36.1066	1.5533																														0.0	0.0	0.0	0.0	0.0	0.0	0.0	0.0	0.0	0.0
grp-16	T3	61	1830.0	4	4	64.2544	11.5423	205.4177	50.7736	0.0403	0.0178	0.0334	0.0386	36.1438	1.5535																														0.0	0.0	0.0	0.0	0.0	0.0	0.0	0.0	0.0	0.0
grp-16	T3	62	1860.0	4	4	70.4224	9.9468	193.5306	31.8879	0.0392	0.0137	0.05	0.0578	36.1676	1.5775																														0.0	0.0	0.0	0.0	0.0	0.0	0.0	0.0	0.0	0.0
