group_id	task_id	window_index	da_n_utterances	da_n_speakers	da_statement	da_proposal	da_agreement	da_disagreement	da_compromise	da_question	da_answer	da_backchannel	da_hedge	da_decision	da_offtask	da_dominant
grp-07	T1	5	3	2	0.13327469180027643	0.016405471755812567	0.025381189150114853	0.03411124118914207	0.012667109879354635	0.010793371902157864	0.0990654566558078	0.045840486884117126	0.5799709657828013	0.02668338641524315	0.015806585705528658	hedge
grp-07	T1	6	4	2	0.09601082233712077	0.11907181795686483	0.061088255839422345	0.029412518488243222	0.04561910452321172	0.02902122843079269	0.0933414560277015	0.04379720240831375	0.40161309391260147	0.05474546505138278	0.026279051322489977	hedge
grp-07	T1	7	3	1	0.1313091665506363	0.028912901257475216	0.06118873444696268	0.04834696650505066	0.04937037080526352	0.03222754287223021	0.008843569085001945	0.0624451811114947	0.4555208335320155	0.09409257397055626	0.027742182835936546	hedge
grp-07	T1	8	6	3	0.12250074464827776	0.08388319704681635	0.0826778042440613	0.03276870547172924	0.06740028566370408	0.017401272663846612	0.007222943512412409	0.04315450290838877	0.4697918544212977	0.04654918642093738	0.026649482276601095	hedge
grp-07	T1	9	2	1	0.15385420992970467	0.1261206492781639	0.058387868106365204	0.06440079025924206	0.08544238656759262	0.0345814498141408	0.010887449607253075	0.07611159235239029	0.26441802829504013	0.0808394942432642	0.044956060126423836	hedge
grp-07	T1	10	4	2	0.1304155932739377	0.053412795066833496	0.10514611192047596	0.023979957797564566	0.0576755260117352	0.04166306788101792	0.022507302928715944	0.10766351781785488	0.33941767923533916	0.07707187673076987	0.04104658216238022	hedge
grp-07	T1	11	3	1	0.09825688600540161	0.1163299431403478	0.08241128921508789	0.04219976377983888	0.035752066100637116	0.036116924757758774	0.013894871808588505	0.059262885401646294	0.31361239155133563	0.14442122230927149	0.05774171588321527	hedge
grp-07	T1	12	7	2	0.18160877004265785	0.032121818978339434	0.043901938545916765	0.054133654705115726	0.0404900041674929	0.0250283990587507	0.005889177255864654	0.05514689215591976	0.3950776777097157	0.12057672574051789	0.04602494410106114	hedge
grp-07	T1	13	7	2	0.11811101596270289	0.03887704759836197	0.05233157293072769	0.06348655958260808	0.027385784313082695	0.03507839449282203	0.008572036500221916	0.07306748841490064	0.47049398720264435	0.0656410540853228	0.046955054359776635	hedge
grp-07	T2	3	2	1	0.04148868517950177	0.21440694108605385	0.017749855993315578	0.02588252304121852	0.014534982852637768	0.025914016645401716	0.01621279976097867	0.020564001752063632	0.4686427116394043	0.12961488403379917	0.024988625198602676	hedge
grp-07	T2	4	7	2	0.08578704031450408	0.06399998348206282	0.050695304359708517	0.05610450889383044	0.03806840069591999	0.042583746037312915	0.06296986966793026	0.07818473476384367	0.3922168420893805	0.08753348008862563	0.0418560973235539	hedge
grp-07	T2	5	5	2	0.26559810172766446	0.23703568950295448	0.054711859486997125	0.03334493455477059	0.027342462074011566	0.013494226802140474	0.005043241940438747	0.02651746030896902	0.1687572866678238	0.15690971314907073	0.011245012283325195	statement
grp-07	T2	6	3	2	0.08822689702113469	0.0948636420071125	0.04506337580581506	0.021565538831055164	0.2632987139125665	0.018205761288603146	0.01484751352109015	0.05986270805199941	0.29691448311011	0.051848638181885086	0.04530272322396437	compromise
grp-07	T2	7	2	1	0.08459402248263359	0.13130252063274384	0.05856279283761978	0.04839914105832577	0.03895161487162113	0.033366657327860594	0.013471803860738873	0.09818228520452976	0.3743996024131775	0.07609077543020248	0.04267874825745821	hedge
grp-07	T2	8	8	2	0.16624519298784435	0.04608316638041288	0.03422849078197032	0.029235424823127687	0.02531935810111463	0.017762580886483192	0.0483063911597128	0.07270424778107554	0.43427596241235733	0.09935707086697221	0.026482120680157095	hedge
grp-07	T2	9	12	3	0.10150208060319225	0.04116917075589299	0.046460981015115976	0.04828788621428733	0.03352302718364323	0.053092297671052315	0.008707440768678984	0.061353038530796766	0.43187807376186055	0.13105655275285244	0.042969398821393646	hedge
grp-07	T2	10	2	1	0.1864270158112049	0.2792134750634432	0.008917705854400992	0.005966441705822945	0.14600439369678497	0.005743514513596892	0.006271346937865019	0.015109890140593052	0.32751064002513885	0.013858509715646505	0.004977032775059342	hedge
grp-07	T2	11	4	2	0.22508343122899532	0.03931478364393115	0.05028766067698598	0.047239010338671505	0.03921745205298066	0.026375576853752136	0.012119368475396186	0.09020309988409281	0.3786895340308547	0.0626923143863678	0.028777763014659286	hedge
grp-07	T2	12	7	3	0.0963514330131667	0.03978803540979113	0.041639775303857665	0.05332855015460934	0.0306973281050367	0.04504550541085856	0.010218651033937931	0.06997283335242953	0.4506624298436301	0.11734737854983125	0.044948077627590725	hedge
grp-07	T2	13	8	2	0.04145092214457691	0.1266955538885668	0.02739792363718152	0.031404930632561445	0.024720070883631706	0.137473720300477	0.03225601220037788	0.03219538030680269	0.36482485849410295	0.15941755613312125	0.022163083194755018	hedge
grp-07	T2	14	5	2	0.10478620678186416	0.09666424812749028	0.09205340258777142	0.05512157843913883	0.038130426593124864	0.028862740378826857	0.04749949062243104	0.06287510888651013	0.3652514636516571	0.06050512380897999	0.04825022148434073	hedge
grp-07	T2	15	5	1	0.10203003250062466	0.13837046809494497	0.056993411481380464	0.05141702014952898	0.0952257089316845	0.04269321346655488	0.014275877131149172	0.06709380671381951	0.2850292921066284	0.09775547282770276	0.04911569245159626	hedge
grp-07	T2	16	2	2	0.009133214596658945	0.44981807726435363	0.003298538038507104	0.006821941991802305	0.47201841743662953	0.003191966679878533	0.0011276291334070265	0.012485581915825605	0.026218192651867867	0.01080422243103385	0.00508219946641475	compromise
grp-07	T2	17	4	1	0.06055042799562216	0.06418774975463748	0.03482156386598945	0.0289632398635149	0.13202711008489132	0.036019762395881116	0.0053418418392539024	0.03682801080867648	0.5437540411949158	0.03612900618463755	0.021377215394750237	hedge
grp-07	T2	18	5	2	0.0648699302226305	0.08170256707817317	0.03135398253798485	0.043816941976547244	0.09054012587293983	0.029121962003409864	0.014181121671572327	0.04360883757472038	0.540470564365387	0.03229549378156662	0.028038499131798744	hedge
grp-07	T2	19	3	2	0.02247983341415723	0.0768224863956372	0.02840939164161682	0.019844198677067954	0.039831155290206276	0.02293642113606135	0.02471825449417035	0.03590779937803745	0.6863963405291239	0.02905225505431493	0.013601803841690222	hedge
grp-07	T2	20	4	2	0.09722835011780262	0.09607705334201455	0.03460682928562164	0.058930251747369766	0.051349307876080275	0.045774218160659075	0.010928055038675666	0.060682705603539944	0.4796515330672264	0.04485355783253908	0.019918125122785568	hedge
grp-07	T2	21	8	3	0.12166390335187316	0.05295999738154933	0.07593550626188517	0.053590502589941025	0.049917604424990714	0.024470910080708563	0.00709185961750336	0.044695972464978695	0.47250636480748653	0.060647061094641685	0.03652031405363232	hedge
grp-07	T2	22	4	1	0.057899381732568145	0.14191098790615797	0.03936468902975321	0.05350160907255486	0.18622726877219975	0.04287533275783062	0.008736859483178705	0.06565056229010224	0.31962338648736477	0.044319859240204096	0.03989004506729543	hedge
grp-07	T2	23	6	2	0.056506336821864046	0.11214072816073895	0.03156315962163111	0.0512716737575829	0.0350452596321702	0.018960849071542423	0.005361236185611536	0.04231028460587064	0.5479933768510818	0.06694533675909042	0.03190174171080192	hedge
grp-07	T2	24	4	1	0.12185060512274504	0.10533564118668437	0.05932155856862664	0.024295681854709983	0.13437868026085198	0.02855612151324749	0.011143066338263452	0.03653717623092234	0.3668656684458256	0.08017211267724633	0.03154371306300163	hedge
grp-07	T2	25	5	2	0.10594971273094415	0.07687925603240728	0.04347190242260694	0.05273635280318558	0.09042857848107815	0.11390708610415459	0.010090904217213393	0.051249469816684726	0.37247288823127744	0.04491759277880192	0.0378962239716202	hedge
grp-07	T2	26	2	1	0.02655676193535328	0.2342220318969339	0.010403534164652228	0.005120816174894571	0.1525895744562149	0.0056337579153478146	0.0016111249569803476	0.010491590946912766	0.5378406196832657	0.009082073345780373	0.006448040367104113	hedge
grp-07	T2	27	8	4	0.13006125716492534	0.07329416740685701	0.03674060618504882	0.05557381396647543	0.059169252519495785	0.027259811642579734	0.013662247438332997	0.04590744327288121	0.4298841096460819	0.09957073000259697	0.028876535536255687	hedge
grp-07	T2	28	5	3	0.09478099793195724	0.045232646819204095	0.05786544345319271	0.06913739666342736	0.05063889138400555	0.03134256061166525	0.010154375899583101	0.061283911019563674	0.4651208817958832	0.05968982614576816	0.054753055423498155	hedge
grp-07	T2	29	9	4	0.1819682079884741	0.06386198496652974	0.05816702586081293	0.059244178649452	0.029812556691467762	0.022890232141233154	0.015780271056832537	0.0781094262169467	0.3977740986479653	0.05270302564733558	0.03968898796786865	hedge
grp-07	T2	30	2	1	0.0907018855214119	0.12373516336083412	0.06700623966753483	0.029635088751092553	0.02331522712484002	0.022465654648840427	0.04483230202458799	0.03209139220416546	0.43697506189346313	0.09750882349908352	0.03173314081504941	hedge
grp-07	T3	10	1	1	0.009035265073180199	0.054596152156591415	0.010666958056390285	0.004714979790151119	0.026738276705145836	0.00905292946845293	0.04073121398687363	0.011288579553365707	0.8046384453773499	0.021234506741166115	0.0073027038015425205	hedge
grp-07	T3	11	14	4	0.08062234614044428	0.047407615796795914	0.03593976835587195	0.05127171699755958	0.07840335156236376	0.02072957726860685	0.006807128998583981	0.05506456836259791	0.5358776428869793	0.05388279285814081	0.033993514986442666	hedge
grp-07	T3	12	10	3	0.10739604011178017	0.03817090354859829	0.06501563340425491	0.06021692301146686	0.026804865710437296	0.018103011359926313	0.030182302952744065	0.06671238038688898	0.5134006023406983	0.042013063398189845	0.03198428651085124	hedge
grp-07	T3	13	4	2	0.07837008591741323	0.1228398378007114	0.060670359060168266	0.05573921976611018	0.04285916592925787	0.021382728591561317	0.005900321790250018	0.05777360592037439	0.44063850492239	0.08461148990318179	0.029214655281975865	hedge
grp-07	T3	14	11	4	0.0797351138158278	0.08687439459291371	0.06806796662170779	0.05697824200615287	0.07255765253847296	0.01965341104236855	0.00531173243441365	0.06108497093770315	0.4645606292919679	0.04588262922003527	0.03929324006788771	hedge
grp-07	T3	15	13	2	0.0851891149695103	0.09492201487032267	0.042085906777244345	0.05937848207899011	0.10197927387287983	0.02615290844383148	0.00939989394436662	0.06845022960064504	0.4033536481169554	0.05885723376503357	0.0502312988615953	hedge
grp-07	T3	16	6	3	0.12582852008442083	0.05427433208872875	0.061828975255290665	0.04574764162922899	0.034692755434662104	0.02090006977474938	0.013886207753481964	0.05926457171638807	0.5062669267257055	0.051314722280949354	0.02599532149421672	hedge
grp-07	T3	17	5	3	0.07535060420632363	0.03305303137749434	0.03790235184133053	0.060793479532003404	0.14571631290018558	0.011964293196797371	0.0041815854609012605	0.05125551968812943	0.5272399753332138	0.0300473315641284	0.022495496459305285	hedge
grp-07	T3	18	6	2	0.08050439165284236	0.033608890526617564	0.041014949791133404	0.047532222544153534	0.05565942140916983	0.01589847371603052	0.01753741883051892	0.08050688604513805	0.5353895599643389	0.05188116213927666	0.04046661282579104	hedge
grp-07	T3	19	7	3	0.03895131831190416	0.1127959602246327	0.0451967686946903	0.026884386415726373	0.11061304062604904	0.02443997383982475	0.007943446631543338	0.06209503420229469	0.5012102595397404	0.04659628868103027	0.023273534573880688	hedge
grp-07	T3	20	7	3	0.05592887928443296	0.06764975615910121	0.029954605868884494	0.03969728121800082	0.034627472183534076	0.012997087091207504	0.0071620689039783815	0.04908207830573831	0.6074175621782031	0.06067923429821219	0.03480400903416531	hedge
grp-07	T3	21	9	4	0.05854553615467416	0.02638507727533579	0.052889139417351946	0.047531609475198716	0.025203031487762928	0.0214596269134846	0.007038006196833319	0.05981601567731963	0.6043391889995999	0.07195414437188043	0.024838633524874847	hedge
grp-07	T3	22	8	2	0.13270119251683354	0.09776163776405156	0.05744043953018263	0.04991939204046503	0.0414551617577672	0.0216429822758073	0.007818894897354767	0.061678242636844516	0.4345281533896923	0.05716008716262877	0.03789382067043334	hedge
grp-07	T4	5	1	1	0.023078782483935356	0.0021890001371502876	0.05258337780833244	0.002692516427487135	0.17994022369384766	0.24982225894927979	0.01634933240711689	0.006193399429321289	0.3179711401462555	0.14830416440963745	0.0008758410695008934	hedge
grp-07	T4	6	10	2	0.16763341650366784	0.03647547347936779	0.07860501538962125	0.06107104355469346	0.051476210542023185	0.02634552218951285	0.011823565047234297	0.06550267422571779	0.38225626200437546	0.06992309577763081	0.048887744755484165	hedge
grp-07	T4	7	9	3	0.06278089185555775	0.023305692037360534	0.02596351799244682	0.04944862715072102	0.033442585004700556	0.013245464613040289	0.005788820588754283	0.05559912365343836	0.6750403642654419	0.037442253385153085	0.0179426535550091	hedge
grp-07	T4	8	9	3	0.16136184417539173	0.021998553381611902	0.03468069423817926	0.05022642513116201	0.02668783472230037	0.01284550545581927	0.004743337450135086	0.050396206167836986	0.5787981649239858	0.03814741958760553	0.020114034750602312	hedge
grp-07	T4	9	8	4	0.11267807986587286	0.05464966967701912	0.059039513347670436	0.07384325563907623	0.052047014934942126	0.028069685446098447	0.008364830981008708	0.05906490422785282	0.4285978879779577	0.06920464243739843	0.05444052431266755	hedge
grp-07	T4	10	10	3	0.1391094673424959	0.06642363285645843	0.06002257177606225	0.08840123545378446	0.057305979332886635	0.026490244478918613	0.013209167029708624	0.061227746307849884	0.38236458152532576	0.05184733290225267	0.05359803643077612	hedge
grp-07	T4	11	1	1	0.10920406132936478	0.011971453204751015	0.027970707044005394	0.032162658870220184	0.020403938367962837	0.012112569063901901	0.08619792014360428	0.05000947415828705	0.6200440526008606	0.02430136874318123	0.005621876567602158	hedge
grp-08	T1	0	2	2	0.0652216374874115	0.021583066321909428	0.023651921190321445	0.05115559697151184	0.03346230462193489	0.028591842390596867	0.006885616923682392	0.0404707258567214	0.660893976688385	0.03971457853913307	0.02836873009800911	hedge
grp-08	T1	3	2	2	0.09722045436501503	0.06238647922873497	0.05772069841623306	0.06298938021063805	0.046273414976894855	0.027528791688382626	0.011361952871084213	0.09320203587412834	0.41122859716415405	0.060609953477978706	0.0694782454520464	hedge
grp-08	T1	6	1	1	0.011846120469272137	0.3190850019454956	0.06655806303024292	0.004357944242656231	0.03713569417595863	0.015480460599064827	0.0034744562581181526	0.0029030167497694492	0.4993021786212921	0.03724464774131775	0.0026124322321265936	hedge
grp-08	T1	7	1	1	0.04182012006640434	0.5473864078521729	0.042728323489427567	0.030180789530277252	0.036121681332588196	0.027053887024521828	0.021276352927088737	0.018305575475096703	0.1894489973783493	0.03212728723883629	0.013550514355301857	proposal
grp-08	T1	8	3	1	0.18285134434700012	0.053460213666160904	0.06753055130441983	0.024771337397396564	0.06403130448112886	0.01759220737343033	0.006606064736843109	0.03795888150731722	0.410955215493838	0.10364751952389877	0.03059539571404457	hedge
grp-08	T1	9	4	2	0.05272441520355642	0.3030560889746994	0.030619603116065264	0.028571390081197023	0.04359824303537607	0.05227715405635536	0.006267643359024078	0.03978190338239074	0.3802768625319004	0.04236397426575422	0.02046271285507828	hedge
grp-08	T1	10	2	1	0.0855823028832674	0.1206431295722723	0.2728630118072033	0.04478932544589043	0.03995306044816971	0.021233354229480028	0.00673630042001605	0.04123673029243946	0.2391648069024086	0.09119320660829544	0.03660477604717016	agreement
grp-08	T1	11	3	2	0.09773152321577072	0.023181917145848274	0.019460107820729416	0.053783285121122994	0.021961831177274387	0.013766881078481674	0.021552288516735036	0.04169495590031147	0.6435850461324056	0.03622014323870341	0.027062008778254192	hedge
grp-08	T1	12	9	2	0.18078986555337906	0.12056639697402716	0.04056656350278192	0.0824767569752617	0.02246901982774337	0.014262339824603664	0.005034286735786332	0.04103465569722983	0.4134042114019394	0.040712470499177776	0.03868342696740809	hedge
grp-08	T1	13	3	1	0.061939217150211334	0.051785918263097606	0.034955150758226715	0.04067056563993295	0.01821128837764263	0.020973861838380497	0.032371932097400226	0.04230936182041963	0.5962788860003153	0.05637520489593347	0.04412859181563059	hedge
grp-08	T1	14	8	3	0.05333924712613225	0.032478174776770175	0.028392982087098062	0.03997878963127732	0.029780011158436537	0.014866602548863739	0.004737148730782792	0.04695985349826515	0.6884480006992817	0.03245769883506	0.028561495360918343	hedge
grp-08	T1	15	9	2	0.12256123084161016	0.0299050301934282	0.043451095206869975	0.057567626962231264	0.0376224782731798	0.02072624137832059	0.004709589256284137	0.0604055720484919	0.5318205083409945	0.04612719267606735	0.04510344627002875	hedge
grp-08	T1	16	3	2	0.06454410528143247	0.03466643579304218	0.0476016029715538	0.034007020915548004	0.031173184514045715	0.01943887568389376	0.008589341693247357	0.06328747235238552	0.6181921362876892	0.04311836572984854	0.035381493934740625	hedge
grp-08	T1	17	9	4	0.15365349998076758	0.04146096482872963	0.057140969360868134	0.06832445081737307	0.037864570402436785	0.025805877935555246	0.011010900346769227	0.07665909661187066	0.40501850015587276	0.058237924344009824	0.06482325121760368	hedge
grp-08	T1	18	3	2	0.054040323942899704	0.02971528222163518	0.03432170612116655	0.05569745103518168	0.030275621140996616	0.01850863608221213	0.011577519122511148	0.04967674364646276	0.637036124865214	0.049661235262950264	0.02948937254647414	hedge
grp-08	T1	19	7	4	0.09722083328025681	0.03718206419476441	0.03889139089733362	0.056245800107717514	0.039679725388331075	0.019961174710520675	0.01566580556599157	0.06341989365007196	0.5440558109964643	0.04341223915772779	0.04426525666245392	hedge
grp-08	T1	23	3	2	0.25503075619538623	0.02271648372213046	0.03146220619479815	0.05253725747267405	0.026255952815214794	0.017474365110198658	0.008264305458093682	0.047893683115641274	0.4693300475676854	0.04204554110765457	0.026989443227648735	hedge
grp-08	T1	24	3	2	0.12588738650083542	0.028971577063202858	0.05460169663031896	0.10560324043035507	0.03629672216872374	0.020762535743415356	0.006800879413882892	0.10703093061844508	0.37142059703667957	0.10313025489449501	0.03949423134326935	hedge
grp-08	T1	25	6	3	0.08348338305950165	0.023533456415558856	0.031209973463167746	0.17649734734247127	0.024158685157696407	0.019449003661672275	0.005168763474406053	0.03805569373071194	0.5171924332777659	0.04384015779942274	0.03741111389050881	hedge
grp-08	T1	26	6	3	0.10871936908612649	0.02596499553571145	0.04641186119988561	0.0585724962875247	0.02172706959148248	0.016106944531202316	0.019092887523584068	0.04864736863722404	0.5763819515705109	0.04288686175520221	0.03548820549622178	hedge
grp-08	T1	27	8	3	0.0699801598675549	0.02519264444708824	0.03397311712615192	0.06325992289930582	0.02539852191694081	0.014534446760080755	0.004995154245989397	0.056110121542587876	0.6364474222064018	0.039905017940327525	0.030203451577108353	hedge
grp-08	T1	28	1	1	0.10829105973243713	0.061581987887620926	0.044878698885440826	0.09353524446487427	0.06523437798023224	0.04833626002073288	0.01283287350088358	0.09716631472110748	0.31241005659103394	0.07961522787809372	0.07611790299415588	hedge
grp-08	T2	0	2	1	0.0515124574303627	0.02911756094545126	0.023562468588352203	0.046208882704377174	0.03815581649541855	0.01405180711299181	0.004106953158043325	0.05968774389475584	0.6641624867916107	0.03570645209401846	0.03372735437005758	hedge
grp-08	T2	2	1	1	0.05883921682834625	0.018156474456191063	0.02878817543387413	0.04515766724944115	0.019555293023586273	0.010528706014156342	0.004270631819963455	0.06812150776386261	0.6873312592506409	0.03202157840132713	0.027229493483901024	hedge
grp-08	T2	3	2	1	0.03560553723946214	0.010516988579183817	0.017887979745864868	0.023046351969242096	0.023239364847540855	0.0117522026412189	0.01227516122162342	0.05230864696204662	0.7781473994255066	0.01960301771759987	0.01561732217669487	hedge
grp-08	T2	4	3	1	0.03918378738065561	0.14487757223347822	0.019420310234030087	0.026622215596338112	0.013821910135447979	0.1036571857209007	0.0253322278149426	0.040050588392963014	0.43742825587590534	0.12820737125972906	0.021398553003867466	hedge
grp-08	T2	5	2	1	0.26063478738069534	0.21239600703120232	0.02800076548010111	0.028100904542952776	0.047404381446540356	0.0126273725181818	0.020269630011171103	0.0649188719689846	0.25671767443418503	0.04757483769208193	0.02135474793612957	proposal
grp-08	T2	6	5	2	0.2200191929936409	0.17197819706052542	0.08090478461235762	0.023997439444065093	0.03892297958955169	0.014294680580496788	0.013526331353932618	0.06553040221333503	0.2903394475579262	0.05269040949642658	0.02779613547027111	hedge
grp-08	T2	7	6	1	0.06463177362456918	0.12927910002569357	0.03992183165003856	0.030362160798783105	0.07505792922650774	0.02613452379591763	0.008550190260090554	0.042428305450206004	0.51713860531648	0.04149701748974621	0.024998541494521003	hedge
grp-08	T2	8	1	1	0.11349509656429291	0.02022966928780079	0.06517475098371506	0.1440327763557434	0.015540949068963528	0.02038833312690258	0.004890176467597485	0.050166793167591095	0.4526786506175995	0.06790351122617722	0.04549930989742279	hedge
grp-08	T2	10	1	1	0.017762377858161926	0.6619875431060791	0.1305122822523117	0.001992883626371622	0.04125845804810524	0.01797175593674183	0.0034907949157059193	0.00421893410384655	0.03228939697146416	0.08445042371749878	0.004065241664648056	proposal
grp-08	T2	11	9	4	0.08739788250790702	0.03830461576581001	0.04150778096583155	0.06526575434125131	0.10764903140564759	0.027853894875281386	0.011536431007294191	0.0645456727490657	0.4573226835992601	0.050624559012552105	0.04799169891824325	hedge
grp-08	T2	12	8	4	0.19311692798510194	0.04083429544698447	0.047851961804553866	0.05745328380726278	0.12154321419075131	0.019783467083470896	0.0063950917101465166	0.06634802022017539	0.33438503043726087	0.05312885786406696	0.059159853335586376	hedge
grp-08	T2	13	4	1	0.06368841463699937	0.028913417365401983	0.033336300868541	0.04174244124442339	0.03674059780314565	0.016285835183225572	0.01839368761284277	0.07339433394372463	0.601467527449131	0.03586781118065119	0.05016964394599199	hedge
grp-08	T2	14	8	4	0.20452826283872128	0.03238924185279757	0.05244699877221137	0.07518442673608661	0.03682883991859853	0.02784492284990847	0.01411211711820215	0.07628913084045053	0.36745843291282654	0.0485583795234561	0.06435924692777917	hedge
grp-08	T2	15	6	3	0.09620781832685073	0.06448427401483059	0.04934843140654266	0.06276485572258632	0.056158420629799366	0.03599734526748458	0.014166045080249509	0.07020239407817523	0.44145197172959644	0.05816501239314675	0.051053453236818314	hedge
grp-08	T2	16	2	1	0.11742910742759705	0.02876837830990553	0.05971299298107624	0.0903601385653019	0.15044169314205647	0.03335194382816553	0.011296763084828854	0.059216203168034554	0.3324969410896301	0.05468258820474148	0.06224324181675911	hedge
grp-08	T2	17	5	2	0.10190905407071113	0.04934783149510622	0.053646381944417953	0.13133079521358013	0.04993646219372749	0.030703435000032187	0.00890172403305769	0.04436429105699062	0.4177438855171204	0.05671908780932426	0.05539702828973532	hedge
grp-08	T2	18	15	4	0.08503806044658026	0.03996666266272465	0.033823573403060435	0.06682132470111052	0.03194585394424697	0.021314350763956706	0.006233533766741554	0.06757840675612291	0.5583254069089889	0.046016013622283934	0.042936818674206734	hedge
grp-08	T2	19	8	4	0.06386667466722429	0.03784771671053022	0.027013549231924117	0.04269927856512368	0.1218100399710238	0.013741973525611684	0.0073190590483136475	0.1023011653451249	0.5234881900250912	0.0325380542781204	0.027374280500225723	hedge
grp-08	T2	20	5	2	0.1382966202683747	0.14471233785152435	0.027687078341841698	0.05749004948884249	0.15206683482974767	0.02298218375071883	0.0062959222355857495	0.050175007060170175	0.33256900012493135	0.03446701429784298	0.03325799135491252	hedge
grp-08	T2	21	4	2	0.12675122870132327	0.03160943603143096	0.04972088779322803	0.07406882988288999	0.19212361983954906	0.08543614321388304	0.02310438931453973	0.06057232432067394	0.24906706996262074	0.05720092821866274	0.05034515936858952	hedge
grp-08	T2	22	3	2	0.07736874651163816	0.14294367035230002	0.07067069287101428	0.039343867218121886	0.23636040588219961	0.04614938593780001	0.014646677145113548	0.036478990223258734	0.20154663920402527	0.09258655955394109	0.04190436804977556	hedge
grp-08	T2	23	17	4	0.08039971517727655	0.04428592877572074	0.06043404132566031	0.04780842304257128	0.04770987239830634	0.01898867658832494	0.008420038009610246	0.056240504388423526	0.5268895174650585	0.06898777011562796	0.03983553318197236	hedge
grp-08	T2	24	4	2	0.06733501888811588	0.03204695554450154	0.032661229372024536	0.13373338151723146	0.03084474429488182	0.020142383640632033	0.010248252598103136	0.04034404782578349	0.541938342154026	0.04001124086789787	0.05069438274949789	hedge
grp-08	T2	25	2	2	0.06917080283164978	0.020071777515113354	0.037979425862431526	0.04582020826637745	0.028704550117254257	0.015095195267349482	0.0058924052864313126	0.12059568986296654	0.5865302979946136	0.03911280445754528	0.031026813201606274	hedge
grp-08	T2	26	1	1	0.12915681302547455	0.04050232470035553	0.052773427218198776	0.06371910125017166	0.050307609140872955	0.02767418697476387	0.004370147828012705	0.06459624320268631	0.4741693437099457	0.05246511474251747	0.040265701711177826	hedge
grp-08	T2	27	1	1	0.56405109167099	0.01481286995112896	0.014024542644619942	0.027218444272875786	0.016589628532528877	0.010081789456307888	0.0038266154006123543	0.031084438785910606	0.28306928277015686	0.02444615587592125	0.010795076377689838	statement
grp-08	T2	28	2	1	0.059730734676122665	0.017354873474687338	0.026450183242559433	0.05390200577676296	0.020299148745834827	0.011071146698668599	0.07669456512667239	0.058683525770902634	0.6165972650051117	0.024384718388319016	0.034831829369068146	hedge
grp-08	T2	29	6	2	0.11776195218165715	0.03214046910094718	0.04103221573556463	0.11163633316755295	0.036898983642458916	0.026750768224398296	0.018353024497628212	0.07340366082886855	0.43681370715300244	0.05000895463551084	0.05519993820538124	hedge
grp-08	T2	30	10	3	0.11630068756639958	0.027657718863338232	0.03484376110136509	0.08418660536408425	0.034760747384279964	0.017130434419959782	0.005991662910673767	0.04628092348575592	0.5554940193891525	0.03788609281182289	0.03946734145283699	hedge
grp-08	T2	31	8	2	0.12400652235373855	0.03810841229278594	0.047061788849532604	0.06854864466004074	0.03290291107259691	0.023759352508932352	0.013735025306232274	0.07112485822290182	0.47908890619874	0.05019493744475767	0.05146862822584808	hedge
grp-08	T2	32	3	2	0.29578445851802826	0.03554126930733522	0.03551195561885834	0.06535200402140617	0.026519502823551495	0.022145759935180347	0.0040395378600806	0.059180695563554764	0.38062234222888947	0.043873743464549385	0.0314287394285202	hedge
grp-08	T2	33	1	1	0.05883921682834625	0.018156474456191063	0.02878817543387413	0.04515766724944115	0.019555293023586273	0.010528706014156342	0.004270631819963455	0.06812150776386261	0.6873312592506409	0.03202157840132713	0.027229493483901024	hedge
grp-08	T3	2	9	4	0.0944421576956908	0.04378356168874436	0.03876783440096511	0.040485304262903005	0.028618415610657796	0.05524160837133726	0.02401877748262551	0.0443151852943831	0.5302973687648773	0.06748971446520752	0.03254006497768892	hedge
grp-08	T3	3	5	3	0.07320355996489525	0.040117020905017856	0.03929214477539063	0.059104370325803755	0.03444656580686569	0.01758180931210518	0.012632490787655114	0.07047890722751618	0.5598719596862793	0.048995263129472735	0.04427591487765312	hedge
grp-08	T3	5	1	1	0.05295944586396217	0.03162353113293648	0.01994471065700054	0.05203665420413017	0.01656707189977169	0.01689382828772068	0.004052014090120792	0.050386425107717514	0.6821097135543823	0.03376184031367302	0.03966479375958443	hedge
grp-08	T3	11	3	1	0.11666292945543925	0.028937400008241337	0.04055086399118105	0.04924962545434634	0.03642168641090393	0.025543638815482456	0.010946201781431833	0.06453312436739604	0.5341404577096304	0.05180369317531586	0.041210380072395005	hedge
grp-08	T3	12	1	1	0.08004546165466309	0.04623635858297348	0.03174674138426781	0.08075208216905594	0.03386029601097107	0.03168479725718498	0.0055600241757929325	0.06707671284675598	0.5039305686950684	0.05023813247680664	0.06886885315179825	hedge
grp-08	T3	13	5	4	0.08089850172400474	0.16499337665736674	0.037587845697999	0.03047422133386135	0.03127997741103172	0.035728182084858416	0.006743722967803479	0.04939591512084007	0.47802785634994505	0.053176349774003026	0.031694038584828374	hedge
grp-08	T3	14	5	4	0.06826674453914165	0.04212148413062096	0.04091523140668869	0.058487946446985004	0.029593593254685403	0.06506693363189697	0.017565073259174824	0.07287739478051662	0.4473132312297821	0.11419865712523461	0.043593709077686074	hedge
grp-08	T3	15	1	1	0.07322932779788971	0.11100901663303375	0.03989192843437195	0.016467822715640068	0.295339971780777	0.015775207430124283	0.010105977766215801	0.05182604119181633	0.28625330328941345	0.07409252226352692	0.02600892260670662	compromise
grp-08	T3	16	2	1	0.02571075689047575	0.06564498879015446	0.06161168031394482	0.01077666156925261	0.10392355173826218	0.018077845685184002	0.0051634988049045205	0.014440069440752268	0.6268001794815063	0.0592694440856576	0.0085813591722399	hedge
grp-08	T3	17	2	2	0.03566136350855231	0.016371916979551315	0.045159149914979935	0.027514919638633728	0.281006408855319	0.00540330889634788	0.0026239032740704715	0.07785776257514954	0.4642869681119919	0.024119861656799912	0.01999447215348482	compromise
grp-08	T3	18	5	3	0.12152287587523461	0.04965352155268192	0.10264076367020607	0.053530205972492695	0.03414327073842287	0.029078449122607708	0.004686582833528519	0.04467865563929081	0.46299232840538024	0.05121128559112549	0.04586209610570222	hedge
grp-08	T3	19	10	3	0.06117021292448044	0.06952581759542227	0.04015049953013659	0.06002043318003416	0.051820067781955005	0.01701189479790628	0.0036293953307904303	0.04525642860680819	0.5855893701314926	0.041301597468554975	0.024524290673434736	hedge
grp-08	T3	20	5	3	0.12893514856696128	0.10702747404575348	0.03587826080620289	0.04792664982378483	0.04411820843815804	0.02164845885708928	0.0060323240701109174	0.043619785970076916	0.4766214579343796	0.046087562665343286	0.042104671336710454	hedge
grp-08	T3	21	17	4	0.08784573021180489	0.03849942064570153	0.03827495341572691	0.048972567105117965	0.0328942560864722	0.020962202017579007	0.006554014624699074	0.05264438984586912	0.569303407388575	0.06564186842126005	0.03840720817884978	hedge
grp-08	T3	22	11	4	0.0608740895986557	0.033869973976503716	0.033152653497051106	0.06864108162170107	0.05144306284968148	0.021573699164119633	0.009025651136074554	0.04660295838998123	0.60558220744133	0.037612499626861376	0.031622137620367786	hedge
grp-08	T3	23	5	2	0.07238825559616088	0.021223078854382037	0.04362613186240196	0.05535901300609112	0.05522791109979153	0.01414754632860422	0.008703362615779042	0.07904200181365013	0.5661751508712769	0.044407499581575395	0.03970005735754967	hedge
grp-08	T3	24	12	4	0.1848075638214747	0.054536642118667565	0.04151608608663082	0.04164629499427974	0.05551063998912772	0.01841140943967427	0.005264042721440394	0.05588372113804022	0.45578722438464564	0.04780070988150934	0.038835691792579986	hedge
grp-08	T3	25	5	3	0.31152275055646894	0.03167457580566406	0.038839053362607956	0.04021749310195446	0.08677863143384457	0.020317767281085253	0.004588325787335634	0.11417265757918357	0.28090775609016416	0.04449516013264656	0.02648581638932228	statement
grp-08	T3	26	4	3	0.08424834813922644	0.046927873976528645	0.06858670059591532	0.05843914020806551	0.03773831110447645	0.03566878288984299	0.007868478947784752	0.06791100138798356	0.48582077771425247	0.06305354321375489	0.04373705724719912	hedge
grp-08	T3	27	8	4	0.09034097287803888	0.1395654382649809	0.04303588671609759	0.08133321173954755	0.03592229075729847	0.01964104303624481	0.006410656991647556	0.05037270556204021	0.423974996432662	0.07285238523036242	0.03655042336322367	hedge
grp-08	T3	28	5	3	0.10151521116495132	0.042763324547559024	0.05401080921292305	0.05003790184855461	0.027593783847987653	0.02349268542602658	0.011263901181519032	0.09171914979815483	0.50835190564394	0.0616123765707016	0.02763895206153393	hedge
grp-08	T3	31	2	2	0.1208801120519638	0.062438176944851875	0.06024758704006672	0.07381923869252205	0.049004049971699715	0.030286486260592937	0.011335248593240976	0.09615779295563698	0.3587529808282852	0.06250538490712643	0.0745729599148035	hedge
grp-08	T4	3	3	2	0.12205119555195172	0.05286882072687149	0.07714253974457581	0.09585629527767499	0.03581270265082518	0.022554269681374233	0.008193499874323606	0.06507027273376782	0.41467005014419556	0.06188204884529114	0.043898300578196846	hedge
grp-08	T4	5	7	3	0.1227149675999369	0.04019439300256116	0.044241184634821754	0.06561853257673127	0.03659988673669951	0.025399746240249703	0.008256023051217198	0.05074615350791386	0.5077118277549744	0.05697974828737123	0.041537554402436526	hedge
grp-08	T4	6	23	4	0.1438923646574435	0.0351384064162393	0.04735894914230575	0.05587345466989538	0.039304352001003594	0.019412751754988796	0.016806988733942093	0.05364532064160575	0.49879566839207773	0.052814402415052704	0.036957335233202444	hedge
grp-08	T4	7	17	4	0.13637671258081407	0.035475445294971854	0.04031487203696195	0.06749226678820218	0.034421948168207615	0.02518688712049933	0.02247538707931252	0.0772708761779701	0.46517909099073973	0.05175984519369462	0.04404665699557347	hedge
grp-08	T4	8	11	4	0.07267896306108344	0.03107399781319228	0.034671933644197205	0.05785085311667486	0.03592067753726786	0.04918897219679572	0.023003481137989598	0.05437421062114564	0.5513512871482156	0.05531600778075782	0.03456961384720423	hedge
grp-08	T4	9	2	2	0.050478704273700714	0.009424664545804262	0.03503793152049184	0.0432357182726264	0.05086655542254448	0.010846681776456535	0.008662948850542307	0.04685023473575711	0.6737654656171799	0.03621681686490774	0.03461430291645229	hedge
grp-08	T4	10	4	3	0.20131032913923264	0.03204618440940976	0.11450942046940327	0.04459885018877685	0.03426450281403959	0.04952572286128998	0.0038176117232069373	0.077644327073358	0.3174482472240925	0.09094582684338093	0.033888961479533464	hedge
grp-08	T4	11	6	4	0.1704077161848545	0.02451169832299153	0.039835301538308464	0.057887560687959194	0.028747662746657927	0.0199621159893771	0.005197395376550655	0.04347749085476001	0.5301463597764572	0.05047950800508261	0.029347181009749573	hedge
grp-08	T4	12	9	3	0.17746566153234905	0.05074132445992695	0.06299655760327975	0.08652475103735924	0.05920940844549073	0.03989168209955096	0.008155878710870942	0.0875730315844218	0.29267647862434387	0.06717848943339454	0.06758674585984813	hedge
grp-08	T4	13	2	2	0.04944567009806633	0.02366998977959156	0.027147585526108742	0.03865642286837101	0.034452080726623535	0.010842995252460241	0.005139214219525456	0.05233784765005112	0.7030650973320007	0.025572139769792557	0.02967093698680401	hedge
grp-08	T4	14	1	1	0.1007268950343132	0.08548580855131149	0.07398179173469543	0.04947538673877716	0.1054578348994255	0.014147277921438217	0.008648057468235493	0.12161853909492493	0.3117032051086426	0.1070140153169632	0.021741213276982307	hedge
grp-09	T2	3	1	1	0.039229635149240494	0.02704121731221676	0.021370481699705124	0.029124533757567406	0.012810841202735901	0.020471667870879173	0.005413867067545652	0.030581923201680183	0.08579006046056747	0.7021859288215637	0.025979895144701004	decision
grp-09	T2	5	3	2	0.10840416699647903	0.16677554355313381	0.036774302211900554	0.020516850675145786	0.10405548848211765	0.003820071268516282	0.002845269589064022	0.020043448234597843	0.4167509327332179	0.10944120570396383	0.010572641311834255	hedge
grp-09	T2	6	3	2	0.26386833439270657	0.08750351456304391	0.02211984060704708	0.027424931215743225	0.031067929541071255	0.012902700652678808	0.007203434438755115	0.036242926493287086	0.44465290506680805	0.04032118432223797	0.02669232649107774	hedge
grp-09	T2	7	4	2	0.2646862417459488	0.04273981158621609	0.08184783486649394	0.03712002979591489	0.051282656379044056	0.0240614574868232	0.006587129202671349	0.0743359886109829	0.31192129850387573	0.06895363284274936	0.036463940516114235	hedge
grp-09	T2	8	3	1	0.13673405659695467	0.16544183250516653	0.03549943848823508	0.01366517700565358	0.1565998966495196	0.007395614869892597	0.0036399923264980316	0.031545363987485565	0.38934866338968277	0.037052600954969726	0.023077411111444235	hedge
grp-09	T2	9	3	1	0.0799728335502247	0.1396067552268505	0.062249851102630295	0.05569407685349385	0.26370586703221005	0.03861688543111086	0.009062840680902204	0.07184215883413951	0.17662917698423067	0.05362397339195013	0.048995609705646835	hedge
grp-09	T2	10	2	1	0.05786617286503315	0.12870491668581963	0.030079876072704792	0.04390666354447603	0.12675045430660248	0.022047098726034164	0.014540826436132193	0.04545227810740471	0.436692476272583	0.05185992456972599	0.04209924954921007	hedge
grp-09	T2	11	4	2	0.07227791007608175	0.15477929823100567	0.04124234616756439	0.046752836322411895	0.16034134570509195	0.027040219167247415	0.010485026752576232	0.03137418034020811	0.37069757655262947	0.06742451013997197	0.01758474111557007	hedge
grp-09	T2	12	4	3	0.1825690963305533	0.09994056168943644	0.038500095484778285	0.033212113892659545	0.08952979883179069	0.020421329652890563	0.005809767520986497	0.04895161709282547	0.38100857101380825	0.06074883323162794	0.03930821339599788	hedge
grp-09	T2	13	3	1	0.06062954105436802	0.2496749497950077	0.02856709451104204	0.00792343324671189	0.07381151088823874	0.011946236249059439	0.007128745938340823	0.01979074999690056	0.44274130711952847	0.08750579785555601	0.01028064452111721	hedge
grp-09	T2	14	5	1	0.12746655456721784	0.1660584334284067	0.04198027513921261	0.06085621081292629	0.03331474205479026	0.01806179736740887	0.008554503950290383	0.07967484686523676	0.3491436421871185	0.043464832939207554	0.07142413319088518	hedge
grp-09	T2	15	3	2	0.07050671800971031	0.03515704441815615	0.05291600152850151	0.046340477342406906	0.0876723440984885	0.031190845494469006	0.010409995447844267	0.09388294443488121	0.3921886334816615	0.13826162492235503	0.04147337997953097	hedge
grp-09	T2	16	4	2	0.026619050069712102	0.2027914507780224	0.022670375183224678	0.025196129456162453	0.19694702432025224	0.10264796274714172	0.028956006004591472	0.012816330243367702	0.20632106810808182	0.16120383515954018	0.013830748706823215	proposal
grp-09	T2	17	5	3	0.19126889035105704	0.03215078916400671	0.03330918289721012	0.023494582111015915	0.03986417693085968	0.038663420267403124	0.05270009781233966	0.04535359386354685	0.29856509044766427	0.2214516680687666	0.023178495932370424	hedge
grp-09	T2	18	7	2	0.14478164352476597	0.043767348530569246	0.02834910766354629	0.03573876725775855	0.02368610884462084	0.014621131088850754	0.01652036261345659	0.031424059931721	0.4774767373289381	0.15681955617453372	0.02681518143175968	hedge
grp-09	T2	19	8	3	0.09948738012462854	0.04780265304725617	0.06162583944387734	0.06127087341155857	0.04782507475465536	0.029349162941798568	0.015199981222394854	0.09480094257742167	0.39722995832562447	0.06947339093312621	0.07593473559245467	hedge
grp-09	T3	0	3	2	0.09559104467431705	0.05189754503468672	0.051424733052651085	0.06423179060220718	0.04232853464782238	0.029238393530249596	0.00821994966827333	0.08424646159013112	0.45729948083559674	0.0551463228960832	0.06037575254837672	hedge
grp-09	T3	7	1	1	0.08539658039808273	0.03741646185517311	0.0535442978143692	0.08236604928970337	0.043787021189928055	0.03849126026034355	0.011256423778831959	0.19676752388477325	0.3474943935871124	0.05772581696510315	0.04575416073203087	hedge
grp-09	T3	8	5	2	0.06267707794904709	0.030218499712646008	0.04703576676547527	0.07688499689102173	0.03690946027636528	0.03094307575374842	0.006656775344163179	0.041631029546260835	0.5576078116893768	0.059408941119909284	0.050026572588831184	hedge
grp-09	T3	9	6	3	0.10672678239643574	0.031055791148295004	0.10066275050242741	0.0968918955574433	0.03844240951972703	0.016634218394756317	0.008597381335372726	0.06334594155972202	0.4517758662501971	0.0523520284332335	0.033514960280930005	hedge
grp-09	T3	10	7	2	0.06613707209804229	0.05032691705439772	0.041122059736933024	0.06348712462931871	0.05006856630955424	0.016682268053825413	0.00686698779463768	0.04924937058240175	0.5754715991871697	0.04511603234069688	0.0354720121914787	hedge
grp-09	T3	11	3	3	0.07777717057615519	0.13829424837604165	0.14237296426047882	0.023399625904858112	0.16621556722869477	0.018982655252330005	0.01935343607328832	0.03945913010587295	0.3321197380622228	0.02366589669448634	0.018359552836045623	agreement
grp-09	T3	12	3	1	0.03875173752506574	0.1458909995853901	0.02677789454658826	0.021577538611988228	0.11475073732435703	0.01501762744737789	0.001958281771900753	0.022837549603233736	0.5650230298439661	0.03364277584478259	0.013771797142301997	hedge
grp-09	T3	13	13	3	0.1173140648752451	0.03432319836261181	0.05383383554334824	0.05707509643756426	0.049377507601793	0.02239303822772434	0.007944143592165066	0.08559528064842407	0.4784592246780029	0.05309489813561623	0.0405897106258915	hedge
grp-09	T3	14	10	4	0.09343103598803282	0.048429852817207575	0.0729274682700634	0.03515777150169015	0.12304447833448648	0.038477641507051887	0.0249916817760095	0.041652627475559714	0.45343635231256485	0.0430788841098547	0.02537220357917249	hedge
grp-09	T3	15	4	2	0.0716010881587863	0.06741065182723105	0.04556920891627669	0.03216806659474969	0.08803721750155091	0.009177404281217605	0.017068411223590374	0.04526521358639002	0.4550234265625477	0.1459145217668265	0.022764773340895772	hedge
grp-09	T3	16	2	1	0.42385968565940857	0.0193042173050344	0.03514116443693638	0.0475058825686574	0.03286446072161198	0.01510772155597806	0.016648282995447516	0.05797999631613493	0.2178177796304226	0.03917602822184563	0.09459476545453072	statement
grp-09	T3	17	8	4	0.22747334244195372	0.12613248208072037	0.03823137970175594	0.07076367875561118	0.08515504538081586	0.012812812827178277	0.009540742888930254	0.05914989486336708	0.2892765924334526	0.037977583007887006	0.04348646232392639	hedge
grp-09	T3	18	8	3	0.15954473987221718	0.06947645405307412	0.06785731390118599	0.06132457801140845	0.06563074537552893	0.030181938083842397	0.009027301624882966	0.05483931605704129	0.3672554660588503	0.0633558458648622	0.05150633049197495	hedge
grp-09	T3	19	6	3	0.07921410631388426	0.11258213004718225	0.07696781260892749	0.04192571256620189	0.14344227934877077	0.017671346198767424	0.005561277037486434	0.05697022875150045	0.3917977747817834	0.0434936365733544	0.030373724177479744	hedge
grp-09	T3	20	2	1	0.04851130582392216	0.013250881340354681	0.041601432487368584	0.020702864741906524	0.011548854410648346	0.020603099837899208	0.005175109254196286	0.036528184078633785	0.728652834892273	0.054486981593072414	0.018938436172902584	hedge
grp-09	T3	21	6	2	0.10410370615621407	0.06084319964672128	0.0505191491295894	0.0647442148377498	0.165790941255788	0.027513645123690367	0.007588617891694109	0.058716232577959694	0.3491511916120847	0.058292067144066095	0.052737059692541756	hedge
grp-09	T3	22	6	2	0.2063190396875143	0.03294495877344161	0.03306288147966067	0.04218526339779297	0.025929967872798443	0.01551575306802988	0.00846949495219936	0.05387748312205076	0.5117054308454195	0.03709801115716497	0.032891724801932774	hedge
grp-09	T3	23	10	3	0.0943164024502039	0.1339644939173013	0.03869162816554308	0.034148941095918414	0.06358205890282989	0.011910100979730488	0.036422576778568326	0.034283678000792864	0.4892338991165161	0.034683752711862324	0.0287624376360327	hedge
grp-09	T3	24	2	2	0.21777773648500443	0.032084749545902014	0.03044628817588091	0.0522874416783452	0.026530963368713856	0.016927729127928615	0.0063300724141299725	0.049340443685650826	0.49426592886447906	0.03569565620273352	0.03831299301236868	hedge
grp-09	T4	2	1	1	0.025902537629008293	0.008908074349164963	0.014487500302493572	0.013959730975329876	0.017646754160523415	0.32335636019706726	0.01609896309673786	0.01606755331158638	0.5217928290367126	0.02760004810988903	0.014179565012454987	hedge
grp-09	T4	3	2	2	0.057429101318120956	0.024838922545313835	0.05070156790316105	0.05730676278471947	0.044324781745672226	0.012089700438082218	0.02471249271184206	0.048547226935625076	0.5772240608930588	0.05790507793426514	0.04492027871310711	hedge
grp-09	T4	6	4	2	0.09515529358759522	0.02426983113400638	0.04659518273547292	0.048145719803869724	0.045192321529611945	0.01757577818352729	0.005368176673073322	0.061276706866919994	0.5606922768056393	0.07337191747501493	0.022356810048222542	hedge
grp-09	T4	7	2	2	0.22075552865862846	0.05406404146924615	0.04700847715139389	0.07453597709536552	0.04802996525540948	0.010195625713095069	0.01047658349853009	0.05972200958058238	0.38290533423423767	0.031539810821413994	0.060766652692109346	hedge
grp-09	T4	8	8	3	0.10496865725144744	0.01736016117502004	0.03913323488086462	0.055112116038799286	0.043392488732934	0.014726836292538792	0.026268762216204777	0.04695250769145787	0.5853861197829247	0.041829087771475315	0.02487002033740282	hedge
grp-09	T4	9	12	3	0.1273314623783032	0.022350565899008263	0.03601097742406031	0.054234289874633156	0.029912471227968734	0.0462017486958454	0.0476174340195333	0.06689743231981993	0.4897785447537899	0.04736836797868212	0.03229671258789798	hedge
grp-09	T4	10	4	3	0.28377279825508595	0.025372861651703715	0.05085840553510934	0.04474763013422489	0.039914422668516636	0.0228386209346354	0.005058338341768831	0.0783484810963273	0.3552335128188133	0.048770719673484564	0.045084192883223295	hedge
grp-09	T4	11	10	4	0.09864219408482314	0.03642015850637108	0.120315096154809	0.12470480017364025	0.06419686819426715	0.018849207810126244	0.006806596624664962	0.04901317982003093	0.39550851210951804	0.054799620807170865	0.03074374166317284	hedge
grp-09	T4	12	6	3	0.09835987879584233	0.02582470009413858	0.05715640028938651	0.047728274328013263	0.048509872828920685	0.02042055510294934	0.008299593697302043	0.04660281849404176	0.5696800773342451	0.053627420837680496	0.023790390541156132	hedge
grp-09	T4	13	3	1	0.1464697706202666	0.03358572069555521	0.03029033603767554	0.059322050462166466	0.02822084880123536	0.022027865673104923	0.004087346062685053	0.05159559162954489	0.5453430513540903	0.039561775823434196	0.03949563018977642	hedge
grp-10	T1	7	6	2	0.06683459722747405	0.035859937158723675	0.030784106192489464	0.05471045554925998	0.0339153102443864	0.032004858211924635	0.0253549669481193	0.04340924477825562	0.5983806103467941	0.04061324428766966	0.038132666454960905	hedge
grp-10	T1	8	2	2	0.36394471302628517	0.052308352664113045	0.0887162834405899	0.06602643616497517	0.07178572565317154	0.020506696309894323	0.01255935535300523	0.06466440670192242	0.13154955953359604	0.09058532677590847	0.03735310211777687	hedge
grp-10	T1	9	3	1	0.09788195292154948	0.04885046587636074	0.03507236825923125	0.05671279256542524	0.04239888985951742	0.018591808155179024	0.011196292471140623	0.048552864541610084	0.5475665926933289	0.04909889275828997	0.04407710830370585	hedge
grp-10	T1	10	3	2	0.24190669258435568	0.03944169916212559	0.06980509931842487	0.056175123900175095	0.08464469388127327	0.048894219721357025	0.007007896434515715	0.06406306972106297	0.2824345876773198	0.06937849273284276	0.03624844178557396	statement
grp-10	T1	11	3	1	0.10785922904809316	0.05686413558820883	0.08475552995999654	0.0834600180387497	0.17174413055181503	0.07008557642499606	0.017998498554031055	0.07279789944489796	0.18539354701836905	0.0946675439675649	0.05437390754620234	hedge
grp-10	T1	12	3	2	0.05530592675010363	0.10903457210709651	0.05076747387647629	0.06551872193813324	0.06523719305793445	0.029119329527020454	0.008877538299808899	0.07723786930243175	0.4600890378157298	0.0610738197962443	0.01773853786289692	hedge
grp-10	T1	13	2	2	0.0485508581623435	0.3167822062969208	0.14863935485482216	0.032916543539613485	0.04572084732353687	0.025483770295977592	0.010396075900644064	0.027799958363175392	0.12628211081027985	0.20114189386367798	0.016286307480186224	proposal
grp-10	T1	14	3	1	0.2793850551048915	0.03024882326523463	0.044020832205812134	0.05200141171614329	0.025857509424289066	0.016947795016070206	0.0039164244662970304	0.045439787209033966	0.4122126152118047	0.04772792880733808	0.042241827895243965	hedge
grp-10	T1	15	4	2	0.11569119105115533	0.025664625223726034	0.061446262523531914	0.03884083265438676	0.06976621982175857	0.013505861046724021	0.006284926057560369	0.05149802900268696	0.5383139848709106	0.04786797845736146	0.031120155515964143	hedge
grp-10	T1	16	5	2	0.11124313473701478	0.02898130677640438	0.044341972656548025	0.036629085429012775	0.15619047186337412	0.029037315957248212	0.00848243017680943	0.06075903605669737	0.4390091061592102	0.04698153622448444	0.03834464009851217	hedge
grp-10	T1	17	5	3	0.17491968348622322	0.07385603301227092	0.08728372529149056	0.02581859715282917	0.04191288538277149	0.015607921965420246	0.012389152310788631	0.049992918595671655	0.3832944303750992	0.09435509666800498	0.04056952930986881	hedge
grp-10	T1	18	10	4	0.18716289615258574	0.020267712697386742	0.04080648869276047	0.039981738477945325	0.01938546234741807	0.03661571145057678	0.024484081310220063	0.05046566566452384	0.43257743716239927	0.12416677456349134	0.024086036253720522	hedge
grp-10	T1	19	3	2	0.0531160905957222	0.028840459883213043	0.03077346334854762	0.036791391049822174	0.03113142152627309	0.01399934229751428	0.03033112579335769	0.0552318866054217	0.6557050943374634	0.03322450568278631	0.030855247750878334	hedge
grp-10	T2	5	4	2	0.051229982636868954	0.19946590531617403	0.04553952545393258	0.045980030205100775	0.018972014164319262	0.07487831031903625	0.009587176144123077	0.04377835732884705	0.417475663125515	0.0655912789516151	0.027501724776811898	hedge
grp-10	T2	6	2	2	0.4041566401720047	0.036986054852604866	0.02345677651464939	0.024315123446285725	0.05377400200814009	0.012687578680925071	0.012129360809922218	0.07778846751898527	0.2745782881975174	0.04127842141315341	0.03884927975013852	hedge
grp-10	T2	7	4	2	0.08380512427538633	0.14305013790726662	0.040363358333706856	0.05955009954050183	0.029713190393522382	0.026015607407316566	0.09330641344422475	0.047934527741745114	0.3819361701607704	0.05345546919852495	0.04086988721974194	hedge
grp-10	T2	8	2	2	0.03257084358483553	0.05729689821600914	0.06678104028105736	0.01539723202586174	0.28360794484615326	0.009245150722563267	0.0027980562299489975	0.017407106701284647	0.48694518208503723	0.01718225982040167	0.010768267791718245	compromise
grp-10	T2	9	2	1	0.24947810173034668	0.03343225736171007	0.099144596606493	0.03742097248323262	0.15188033878803253	0.02551637578289956	0.007855240954086185	0.05808104947209358	0.2478857934474945	0.04643492866307497	0.04287032806314528	hedge
grp-10	T2	10	6	2	0.10191144794225693	0.062115286787350975	0.048142451172073684	0.06596872707207997	0.15336749516427517	0.027582768506060045	0.007436793142308791	0.06933210883289576	0.35936175535122555	0.05842588174467286	0.046355280404289566	hedge
grp-10	T2	11	6	1	0.15969079236189523	0.030448290674636763	0.026457969875385363	0.0498213746274511	0.05705008003860712	0.018822793383151293	0.018411182798445225	0.04790201627959808	0.512804688885808	0.040303281818826996	0.03828753903508186	hedge
grp-10	T2	12	6	3	0.14382525347173214	0.02394427064185341	0.027943934158732493	0.04388648628567656	0.02579412717993061	0.013413953439642986	0.0052267446105058	0.052471167563150324	0.5711461106936137	0.0601016979975005	0.0322462758825471	hedge
grp-10	T2	13	4	2	0.0855733803473413	0.06193346017971635	0.04149492830038071	0.06608156324364245	0.04516022652387619	0.029006208758801222	0.013156237779185176	0.086926294490695	0.456334725022316	0.06493698270060122	0.04939600545912981	hedge
grp-10	T2	14	3	2	0.10513802183171113	0.20665458589792252	0.07131156953983009	0.02648642030544579	0.2739395772417386	0.022881161887198687	0.006625887239351869	0.048973367006207504	0.13535031924645105	0.05241623908902208	0.05022282669475923	compromise
grp-10	T2	15	4	1	0.18616406340152025	0.01890764944255352	0.03222253965213895	0.03890413837507367	0.07146179676055908	0.02341713197529316	0.021105704247020185	0.0725202951580286	0.4747716784477234	0.027547030709683895	0.03297796496190131	hedge
grp-10	T2	16	2	1	0.08041660767048597	0.04178328067064285	0.03096720390021801	0.04215943533927202	0.3769491836428642	0.03486104030162096	0.008615409024059772	0.060078103095293045	0.26585230231285095	0.025619828142225742	0.03269759938120842	compromise
grp-10	T2	17	5	2	0.06506344601511956	0.07864834256470203	0.03867175243794918	0.03819913165643811	0.04227286651730537	0.02138828793540597	0.0057568606222048405	0.04312850646674633	0.5823427081108093	0.039981900900602343	0.04454617095179856	hedge
grp-10	T2	18	2	2	0.16880817711353302	0.04516707267612219	0.05182330124080181	0.0743027962744236	0.058712094090878963	0.025860152207314968	0.006592773599550128	0.05510778911411762	0.40190765261650085	0.06098945625126362	0.050728751346468925	hedge
grp-10	T2	19	2	2	0.02009828551672399	0.489512175321579	0.010941695421934128	0.006348740032990463	0.11896864045411348	0.019410102861002088	0.019537898944690824	0.0061740956152789295	0.2838342394679785	0.020211558556184173	0.004962556500686333	hedge
grp-10	T2	20	2	2	0.09545591101050377	0.09783683624118567	0.025731938891112804	0.0433163782581687	0.29191994573920965	0.013285280205309391	0.002848984324373305	0.041093798354268074	0.3443937599658966	0.026188151445239782	0.0179289891384542	compromise
grp-10	T2	21	5	2	0.09970137253403663	0.15055199675261974	0.027846976928412915	0.06596698928624392	0.06286767299752682	0.014786332938820123	0.011263892333954573	0.04243304915726185	0.4137982875108719	0.08273388780653476	0.02804953623563051	hedge
grp-10	T2	22	3	1	0.23280668755372366	0.036488525569438934	0.05889254001279672	0.05340459539244572	0.23137624996403852	0.022180228494107723	0.006830905408908923	0.1020524703587095	0.14457540959119797	0.07095399623115857	0.04043837947150072	backchannel
grp-10	T2	23	3	2	0.1461352532108625	0.15595064808924994	0.03391786695768436	0.04246945553071176	0.08011367296179135	0.020999820592502754	0.003854024650839468	0.0417073261924088	0.3958556056022644	0.0380873242393136	0.04090893245302141	hedge
grp-10	T2	24	4	2	0.04534842516295612	0.06523314747028053	0.02420744369737804	0.04741591215133667	0.019849478034302592	0.04032818088307977	0.004678630852140486	0.03123252233490348	0.5486486926674843	0.14154309639707208	0.031514453527051955	hedge
grp-10	T2	25	2	2	0.03496398404240608	0.37043763138353825	0.012561759911477566	0.006980202393606305	0.07440630975179374	0.06715842359699309	0.09662340075010434	0.012974563520401716	0.19229702651500702	0.12412266619503498	0.007473944453522563	hedge
grp-10	T2	26	3	2	0.12105928858121236	0.04119728443523248	0.06006869673728943	0.06420602525273959	0.031296380485097565	0.02166150603443384	0.007900593026230732	0.07724569737911224	0.47231024503707886	0.0656522127489249	0.03740206671257814	hedge
grp-10	T2	27	9	4	0.11485119370950593	0.030953328383879528	0.02664533940454324	0.06031248687456051	0.02152006866203414	0.0395927706008984	0.025799121423107054	0.04825596407883697	0.5278115570545197	0.06657829637535745	0.03767988458275795	hedge
grp-10	T2	28	9	4	0.09863316267728806	0.06518402819832166	0.07215358565251033	0.052699192634059325	0.0848458202348815	0.024577846595396597	0.0066838432879497605	0.05003856484674745	0.42104780673980713	0.08401717876808511	0.04011901359384259	hedge
grp-10	T2	29	8	4	0.1131014721468091	0.09427997726015747	0.04648902325425297	0.05976085946895182	0.07011109124869108	0.03623917908407748	0.007096007509971969	0.042693885741755366	0.44143046252429485	0.052438807557336986	0.036359189165523276	hedge
grp-10	T3	8	4	2	0.17103132046759129	0.034026058623567224	0.018650484853424132	0.04243495129048824	0.016903984709642828	0.09233717946335673	0.018070498597808182	0.03830912569537759	0.5235352218151093	0.026406485587358475	0.01829470437951386	hedge
grp-10	T3	9	3	1	0.026580193856110174	0.06458103998253743	0.012131699050466219	0.012163093158354362	0.17945073544979095	0.006836773982892434	0.004362248776790996	0.0451265030230085	0.5063620954751968	0.12596378568559885	0.016441812738776207	hedge
grp-10	T3	10	6	2	0.13287179389347634	0.03008191365127762	0.032174388761632144	0.05346654402092099	0.047196875171115	0.013042672479059547	0.0070334572228603065	0.03161698183976114	0.5944639891386032	0.03169580867203573	0.02635557623580098	hedge
grp-10	T3	11	3	1	0.03087513940408826	0.21261826336073378	0.03270328456225494	0.011871650194128355	0.03212204265097777	0.015402631213267645	0.0052243721050520735	0.016546582027028005	0.6305113931496938	0.007378017374624808	0.004746602576536437	hedge
grp-10	T3	12	4	3	0.039359330432489514	0.3729626424610615	0.09208656055852771	0.028512868157122284	0.024060428608208895	0.01182714314199984	0.007603665872011334	0.028359971445752308	0.3540557995438576	0.02240007696673274	0.018771557173749898	hedge
grp-10	T3	13	2	1	0.012337525375187397	0.45389479398727417	0.190262071788311	0.056003933772444725	0.053916426841169596	0.0023352880962193012	0.0012141168990638107	0.007126011652871966	0.2121703326702118	0.008698638994246721	0.002040826133452356	proposal
grp-10	T3	14	10	4	0.15712696500122547	0.07001817617565394	0.042160763125866654	0.05856770878890529	0.037855082750320436	0.020260638801846653	0.007059986307285726	0.05816150913015008	0.4198158003389835	0.08353335950523615	0.0454400063958019	hedge
grp-10	T3	15	4	2	0.12826461344957352	0.18867623340338469	0.08033005194738507	0.06431891256943345	0.06353384209796786	0.010479089745786041	0.012292506522499025	0.03856444265693426	0.3161011952906847	0.026468035764992237	0.07097102596890181	hedge
grp-10	T3	16	10	3	0.11678761951625347	0.02880664876429364	0.0580107131972909	0.040314073232002555	0.03287052654195577	0.02341334936209023	0.04027894570026547	0.04496933799237013	0.47863261476159097	0.10308523606508971	0.032830946566537025	hedge
grp-10	T3	17	13	3	0.19350216824274796	0.04792629755460299	0.048171943913285546	0.07991618634416507	0.04030124384623308	0.028141806511065133	0.010177985711309772	0.06435510946007875	0.39093391826519597	0.05472015560819553	0.04185319555780062	hedge
grp-10	T3	18	6	2	0.2068346431478858	0.1516965377765397	0.04085751871267954	0.02180291712284088	0.1315003838390112	0.005825668466665472	0.006116076954640448	0.03550019767135382	0.3696919033924739	0.020395442377775908	0.009778725177360078	hedge
grp-10	T3	19	8	4	0.060260937083512545	0.02600831480231136	0.03611858014483005	0.0550832177978009	0.11635656876023859	0.013914495706558228	0.008137489392538555	0.03750612842850387	0.5822089137509465	0.03880676021799445	0.025598588748835027	hedge
grp-10	T3	20	14	4	0.07353122944810561	0.08269338974995273	0.028070855353559767	0.05334774710770164	0.03836483298800886	0.013044810421498758	0.003870464628562331	0.03766059895445194	0.614980182477406	0.030860190013689653	0.02357569948903152	hedge
grp-10	T3	21	4	2	0.06813220167532563	0.04674731369595975	0.02134090068284422	0.026377341244369745	0.016787688597105443	0.029995721532031894	0.03266788221662864	0.047148105688393116	0.6479030400514603	0.04264220572076738	0.020257572643458843	hedge
grp-10	T4	0	3	3	0.056437794119119644	0.019220752641558647	0.031228842213749886	0.0542227178812027	0.0183764286339283	0.01001062337309122	0.004255354404449463	0.06414003670215607	0.6888973116874695	0.033340469002723694	0.01986965537071228	hedge
grp-10	T4	2	2	1	0.08771447092294693	0.029029974713921547	0.03686252795159817	0.056406835094094276	0.029717332683503628	0.018837571144104004	0.006051197531633079	0.06824659928679466	0.574141263961792	0.04635356552898884	0.04663860984146595	hedge
grp-10	T4	5	4	2	0.09287494793534279	0.034935879055410624	0.05490521248430014	0.08492910489439964	0.04541914560832083	0.03231123182922602	0.01450103078968823	0.06914633605629206	0.45379195362329483	0.06229159189388156	0.05489358212798834	hedge
grp-10	T4	6	9	3	0.06993568833503458	0.025744233125199873	0.03714575318412648	0.06665032548415992	0.06724473182111979	0.05115535348239872	0.009236595541652706	0.05067752632829878	0.537086910671658	0.046861977212958865	0.038260880236824356	hedge
grp-10	T4	7	1	1	0.043790146708488464	0.011007199063897133	0.04281754046678543	0.039677172899246216	0.015341793186962605	0.007246950641274452	0.0029741423204541206	0.05302773043513298	0.7413778305053711	0.028578395023941994	0.014161154627799988	hedge
grp-10	T4	8	9	4	0.09914536194668876	0.029788348823785782	0.04336743594871627	0.06288386301861869	0.03040722705837753	0.01927330820924706	0.005035752223597633	0.058255038120680384	0.5753395226266649	0.04079387543929948	0.03571025230404404	hedge
grp-10	T4	9	9	4	0.11238768614000744	0.03404809720814228	0.040077917381293245	0.06111890905433231	0.031586750927898616	0.019095172226015065	0.008612558788930377	0.05305675769017802	0.5540100451972749	0.049376003030273646	0.03663010129498111	hedge
grp-10	T4	10	20	4	0.11707576168701053	0.03841174975968897	0.04881910691037774	0.06823225999251008	0.04109625364653766	0.027592099644243716	0.007192087243311107	0.06227617226541042	0.4787404529750347	0.06340842368081212	0.04715564590878785	hedge
grp-10	T4	11	2	1	0.11081413552165031	0.07205920293927193	0.06734013743698597	0.09965326637029648	0.0874408595263958	0.03975992649793625	0.0074720189440995455	0.08323153480887413	0.3071499764919281	0.0770362950861454	0.04804259352385998	hedge
grp-11	T1	0	3	1	0.12118539710839589	0.036688843121131264	0.1026642235616843	0.044729343305031456	0.059979802618424095	0.02133636052409808	0.010623040609061718	0.07250778128703435	0.40799251198768616	0.08012284711003304	0.04216986118505398	hedge
grp-11	T1	1	8	2	0.09683763701468706	0.051631296635605395	0.07397891744039953	0.06755992257967591	0.04770468745846301	0.035555674228817225	0.010365388006903231	0.08235981315374374	0.42452382761985064	0.058559235534630716	0.050923589791636914	hedge
grp-11	T1	2	4	2	0.10159797733649611	0.020885196048766375	0.04232160979881883	0.03862781077623367	0.03720982093364	0.015879556420259178	0.00499173766002059	0.04361232044175267	0.6184940114617348	0.04265263979323208	0.03372732223942876	hedge
grp-11	T1	3	2	2	0.15665483474731445	0.04413202777504921	0.0340550821274519	0.0318369260057807	0.1322576543316245	0.0444369837641716	0.04123720480129123	0.031372521072626114	0.40661194920539856	0.03982635773718357	0.03757842816412449	hedge
grp-11	T1	4	3	2	0.10584090029199918	0.017670053678254288	0.02577191994835933	0.03430300516386827	0.032178509359558426	0.00927303514132897	0.006221833871677518	0.04603067971765995	0.6662726203600565	0.028800949454307556	0.02763652801513672	hedge
grp-11	T1	5	5	2	0.10848366543650627	0.09280139692127705	0.0365197891369462	0.053928167931735514	0.029613460414111614	0.08792027458548546	0.005125063331797719	0.04647308271378279	0.45678816363215446	0.042762596160173416	0.03958432339131832	hedge
grp-11	T1	6	9	4	0.0795668972035249	0.034374796940634646	0.0227544450511535	0.08159217652347353	0.026156612516691286	0.014244299847632647	0.004949639266770747	0.048669041651818484	0.6059639122751024	0.044659689275754824	0.03706851042807102	hedge
grp-11	T1	7	10	3	0.12844250295311213	0.049056495726108554	0.032734515611082315	0.06034337691962719	0.028887215093709527	0.027801989065483212	0.00987960589118302	0.05988453105092049	0.40389392860233786	0.15318005494773387	0.04589581694453955	hedge
grp-11	T1	8	3	2	0.09881222620606422	0.039732396602630615	0.059871735672156014	0.060020467887322106	0.05223508800069491	0.036054775739709534	0.013105664402246475	0.0654165931046009	0.4595991522073746	0.06422512729962666	0.05092678094903628	hedge
grp-11	T1	9	9	3	0.1339715760615137	0.1093989068435298	0.07782008333338632	0.06856735454251368	0.05679268576204777	0.04623436420742008	0.011234029558383755	0.07962836573521297	0.30058831969896954	0.05823573821948634	0.057528600407143436	hedge
grp-11	T1	10	8	2	0.08394516189582646	0.03445784485666081	0.04440681706182659	0.04813413415104151	0.036818358581513166	0.025905409827828407	0.010221467149676755	0.051844165311194956	0.5750479381531477	0.05194925097748637	0.03726944187656045	hedge
grp-11	T1	11	9	4	0.22938882311185202	0.0345760208244125	0.03392265116175016	0.04917452743069993	0.029480151780363586	0.04451052565127611	0.009236719084179236	0.05260738813214832	0.37814277907212573	0.09989164252248076	0.039068760350346565	hedge
grp-11	T1	12	2	2	0.06471660360693932	0.09133560210466385	0.10130061954259872	0.011628853157162666	0.021741648204624653	0.009772519231773913	0.13390161585994065	0.03466933313757181	0.4057821184396744	0.11132462043315172	0.013826491311192513	hedge
grp-11	T1	13	1	1	0.0754384770989418	0.051044221967458725	0.03605465963482857	0.07024774700403214	0.03566942736506462	0.024111581966280937	0.010090542957186699	0.09162033349275589	0.49966728687286377	0.04804535582661629	0.05801038816571236	hedge
grp-11	T1	16	3	1	0.10812975093722343	0.06523684412240982	0.04217741390069326	0.08722684656580289	0.032908630246917404	0.046400161460042	0.011482234733800093	0.04192317401369413	0.41462868452072144	0.10164789793392022	0.04823837863902251	hedge
grp-11	T1	17	12	4	0.07501409326990445	0.0252169204565386	0.040784760494716465	0.08033025707118213	0.026066845127691824	0.018448397517204285	0.012200137134641409	0.04572681322072943	0.5621083776156107	0.07007716634931664	0.04402622704704603	hedge
grp-11	T1	18	1	1	0.03191467374563217	0.12761935591697693	0.01836288534104824	0.017317848280072212	0.015432926826179028	0.009601255878806114	0.0016076677711680532	0.0303344689309597	0.7137178182601929	0.02225828357040882	0.011832836084067822	hedge
grp-11	T2	0	3	2	0.10917521516482036	0.03727991816898187	0.04993868060410023	0.1008538727958997	0.04183657777806123	0.02482364388803641	0.007142946589738131	0.05278918892145157	0.4551364779472351	0.06468044842282931	0.05634300410747528	hedge
grp-11	T2	6	7	2	0.06955671523298536	0.06552654092333146	0.03603115784270423	0.04766965830432517	0.03222377318888903	0.023598380785967623	0.022566561653677906	0.043424355132239204	0.5649159124919346	0.05265048226075513	0.04183647967875004	hedge
grp-11	T2	7	5	2	0.21465111132711173	0.11893788650631905	0.0505552563816309	0.04771471619606018	0.04223179090768099	0.026097724121063946	0.005298756249248982	0.06069974303245544	0.34918665885925293	0.0626632735133171	0.021963112335652114	hedge
grp-11	T2	8	7	3	0.1730064025947026	0.04274574341252446	0.04706386609801224	0.06352739741227456	0.14853197602289064	0.025407611458961452	0.0074774038844874924	0.07300754423652377	0.31846555535282406	0.048552121967077255	0.05221438940082278	hedge
grp-11	T2	9	6	1	0.14307771995663643	0.041407560308774315	0.06748152896761894	0.06592320092022419	0.04486665098617474	0.032540723060568176	0.016740215631822746	0.07034198194742203	0.4203916961948077	0.06103309212873379	0.036195600405335426	hedge
grp-11	T2	10	3	1	0.12273958201209705	0.0462741224716107	0.05293649062514305	0.05464420964320501	0.24722309038043022	0.04284477994466821	0.01777045972024401	0.03180753315488497	0.3340102781852086	0.03627196761469046	0.013477489197005829	compromise
grp-11	T2	11	4	2	0.14233587123453617	0.07715095044113696	0.05832514073699713	0.07194630894809961	0.056957295164465904	0.07516847224906087	0.02074752963380888	0.10159670561552048	0.2902856804430485	0.05455288151279092	0.050933186430484056	hedge
grp-11	T2	12	5	2	0.17819246724247934	0.06671828292310238	0.046669328771531585	0.04648527465760708	0.035918553546071055	0.020033629797399043	0.005943953199312091	0.061542258411645887	0.4240418240427971	0.07642240449786186	0.038032041117548945	hedge
grp-11	T2	13	4	3	0.0886714430525899	0.03332400228828192	0.041253863368183374	0.0605862676165998	0.022833662340417504	0.01877532247453928	0.0237690961221233	0.06237256806343794	0.5773877874016762	0.035434359684586525	0.035591616528108716	hedge
grp-11	T2	14	7	1	0.08243734655635697	0.04976133283759866	0.07293366906898362	0.07460750692657062	0.06001095420547894	0.036526120134762356	0.00893514959274658	0.08336100434618336	0.38197082706860136	0.09645262679883412	0.05300345777400902	hedge
grp-11	T2	15	8	3	0.06989457248710096	0.03441666346043348	0.044649779330939054	0.06074207788333297	0.038220314134377986	0.05213646683841944	0.01488281402271241	0.06542761879973114	0.5010797046124935	0.08408006350509822	0.03446991532109678	hedge
grp-11	T2	16	5	2	0.05532350540161133	0.038133178278803824	0.036308705992996695	0.05160992406308651	0.10451754070818424	0.026472666207700966	0.022335111256688835	0.05458960346877575	0.5441788554191589	0.038758571818470956	0.027772316243499517	hedge
grp-11	T2	17	8	3	0.11242525256238878	0.044995118980295956	0.04386127844918519	0.05613350169733167	0.037932559207547456	0.030206146650016308	0.006529285165015608	0.07477228669449687	0.4814663380384445	0.0535139252897352	0.05816431809216738	hedge
grp-11	T2	18	10	4	0.15629782248288393	0.12886714637279512	0.03801742820069194	0.06016051899641752	0.035338462237268685	0.022952412813901903	0.0076356090139597654	0.05060744248330593	0.4041316986083984	0.04676443599164486	0.0492270452901721	hedge
grp-11	T2	19	6	3	0.061058035120368004	0.03394080155218641	0.037630929145962	0.057255496426175036	0.024504246888682246	0.024924042789886396	0.062457475888853274	0.040383971917132534	0.5732835878928503	0.04638759916027387	0.038173794435958065	hedge
grp-11	T2	20	15	4	0.07497485267619292	0.05024524529774984	0.03497910176714261	0.11480692066252232	0.029928441159427166	0.045232367453475794	0.012817292924349506	0.04167385300000508	0.47683258255322775	0.07586272371311982	0.042646616542090975	hedge
grp-11	T2	21	9	3	0.08659714336196582	0.04185669951968723	0.036128962205515966	0.09421254984206623	0.03858582820329401	0.025695703509781096	0.007885233136928745	0.04995012055668566	0.5179570416609446	0.05288754693335957	0.04824313609343436	hedge
grp-11	T2	22	5	3	0.04721120297908783	0.04795431271195412	0.03804835118353367	0.06994336619973182	0.010738360788673162	0.04435872361063957	0.01137382653541863	0.03583607878535986	0.375047504901886	0.28729888424277306	0.03218936333432794	hedge
grp-11	T2	23	15	4	0.0731318009396394	0.06637507987519105	0.03447308552761873	0.050467185924450556	0.03478964784493049	0.029939196445047854	0.04081406335656842	0.05848123915493488	0.5199044128259023	0.05513019114732742	0.036494082088271776	hedge
grp-11	T2	24	5	2	0.15035257935523988	0.04325085058808327	0.07545718774199486	0.05984151214361191	0.05179584845900535	0.02314902264624834	0.009915647283196449	0.08499557673931121	0.3917641848325729	0.05443685948848724	0.05504071265459061	hedge
grp-11	T2	26	2	1	0.13721154630184174	0.07335210964083672	0.10942591354250908	0.05943305790424347	0.09655506908893585	0.04879035148769617	0.05230832984670997	0.1271151266992092	0.15804165229201317	0.08187510073184967	0.055891680996865034	hedge
grp-11	T2	27	1	1	0.054664235562086105	0.013330795802175999	0.020526515319943428	0.07723964750766754	0.017660437151789665	0.017352711409330368	0.0035185383167117834	0.04639293625950813	0.6844074130058289	0.03136038780212402	0.033546365797519684	hedge
grp-11	T2	28	1	1	0.10291944444179535	0.03229030221700668	0.07066638767719269	0.07822056114673615	0.017521675676107407	0.025945985689759254	0.004706693347543478	0.11470286548137665	0.4617599844932556	0.059101659804582596	0.03216441348195076	hedge
grp-11	T3	0	5	4	0.13321774490177632	0.04218120519071818	0.046136639453470706	0.060774906724691394	0.03755325898528099	0.025195849873125554	0.007838380103930832	0.05237469542771578	0.49088329672813413	0.05278179571032524	0.05106221456080675	hedge
grp-11	T3	1	1	1	0.08426810055971146	0.015049535781145096	0.03519684821367264	0.09428367018699646	0.013281169347465038	0.024237709119915962	0.010776444338262081	0.2624954581260681	0.33279889822006226	0.09165099263191223	0.03596120700240135	hedge
grp-11	T3	2	4	2	0.21191731747239828	0.06017618463374674	0.03840368986129761	0.15341410040855408	0.03981398546602577	0.03092805901542306	0.013045479136053473	0.0348787703551352	0.2791528254747391	0.07095682993531227	0.06731275282800198	hedge
grp-11	T3	3	8	3	0.13556140777654946	0.05906743183732033	0.030120491632260382	0.052728874143213034	0.038437576324213296	0.01546668610535562	0.0044221035786904395	0.062430246034637094	0.4822159241884947	0.08189879101701081	0.037650471087545156	hedge
grp-11	T3	4	2	1	0.12427525594830513	0.04737053718417883	0.038639395497739315	0.1020595133304596	0.06418397929519415	0.022185990121215582	0.00632687215693295	0.06574864126741886	0.40840181708335876	0.07369810435920954	0.04710991773754358	hedge
grp-11	T3	5	2	1	0.05544811114668846	0.02488477062433958	0.028434590436518192	0.05212283879518509	0.030704463832080364	0.013305610977113247	0.004809579928405583	0.05855015479028225	0.6506156027317047	0.043761199340224266	0.03736311197280884	hedge
grp-11	T3	6	14	4	0.15443980560771056	0.04454325698316097	0.0696932871692947	0.06204101822472045	0.02998533394254212	0.025945786253682206	0.01059821923263371	0.046755459159612656	0.4662637806364468	0.04801880069343107	0.04171526777957167	hedge
grp-11	T3	7	10	3	0.10198905970901251	0.050942050945013764	0.046815257705748084	0.07826120126992464	0.05098756137304008	0.027591652236878872	0.006070167291909456	0.05995920095592737	0.4680164270102978	0.05898284604772926	0.05038457335904241	hedge
grp-11	T3	8	3	2	0.12262566884358723	0.014108464121818542	0.018744218163192272	0.025082019468148548	0.13366793716947237	0.004978504031896591	0.0046295407228171825	0.03575098514556885	0.6055237154165903	0.020162348945935566	0.014726576395332813	hedge
grp-11	T3	9	14	3	0.06289495354784387	0.05958831536450556	0.03502651224178927	0.04641992103175393	0.029072348593867252	0.07420444591636104	0.02263700503057667	0.06493832443707756	0.47499456469501766	0.09827728902122804	0.031946326539452584	hedge
grp-11	T3	10	12	4	0.07372600387316197	0.15989237666750947	0.033400886439873524	0.04927052336279303	0.03639845043653622	0.020218990878978122	0.006735611833088721	0.04949740398054322	0.4476467554147045	0.08776773302815855	0.03544523049883234	hedge
grp-11	T3	11	4	3	0.04416045593097806	0.0638841581530869	0.031089809024706483	0.035562608391046524	0.10137304337695241	0.007831032969988883	0.005299763171933591	0.033008386846631765	0.6253306865692139	0.033706099493429065	0.018753958866000175	hedge
grp-11	T3	12	11	3	0.13097800585356625	0.03993911554359577	0.04640420898795128	0.039343713486397806	0.05119583086872643	0.01614546492187814	0.005024375224655325	0.056327756494283676	0.5252962220798839	0.05608658543364568	0.03325874781744047	hedge
grp-11	T3	13	12	4	0.12764754914678633	0.053890033004184566	0.03969419514760375	0.03894747087421516	0.028601141025622685	0.031019139258811872	0.01358103280654177	0.05078503179053465	0.5211064082880815	0.061745489637056984	0.032982533040922135	hedge
grp-11	T3	14	6	2	0.08990032877773046	0.12007728684693575	0.04382374199728171	0.05830652352112035	0.0485812829186519	0.02706067220424302	0.005092474670770268	0.07341803548236688	0.41965021193027496	0.05943708121776581	0.05465235219647487	hedge
grp-11	T3	15	6	3	0.15006616773704687	0.049429410292456545	0.059566058218479156	0.06278378904486696	0.033072767701620855	0.014611938425029317	0.006066381698474288	0.058202967047691345	0.48251301298538846	0.054276181384921074	0.029411338735371828	hedge
grp-11	T3	16	8	3	0.16740930918604136	0.023114657611586154	0.04279037471860647	0.07600102107971907	0.03021879692096263	0.014537801907863468	0.022120168257970363	0.09055473585613072	0.46781217865645885	0.03680491587147117	0.028636060189455748	hedge
grp-11	T4	7	9	4	0.1285823103454378	0.03306570131745604	0.0536208717773358	0.1370983277964923	0.0736555718920297	0.03149012383073568	0.005379614265014728	0.04955652387191852	0.36201917545662987	0.0739784770541721	0.05155329747746388	hedge
grp-11	T4	8	10	4	0.13032527808099986	0.033090127259492876	0.035958063788712025	0.0523354493547231	0.05702011212706566	0.020121258171275257	0.007746088190469891	0.04958568997681141	0.5029077127575874	0.07256844714283943	0.03834174424409866	hedge
grp-11	T4	9	9	3	0.08976278826594353	0.03679783952732881	0.03778192256059912	0.0645335101419025	0.03930532425228092	0.026516303627027407	0.015774332814746432	0.05976914490262667	0.5285159250100454	0.05327981089552244	0.04796309055139621	hedge
grp-11	T4	10	12	4	0.0978131303563714	0.03138098415608207	0.04777401825413108	0.08017962224160631	0.032948155188933015	0.026662495685741305	0.012635456281714141	0.06247861466060082	0.439464778949817	0.11141904164105654	0.057243679029246174	hedge
grp-11	T4	11	11	3	0.12580396895381538	0.025669668970460243	0.03279021568596363	0.046408105810934845	0.024807763285934925	0.017979033989831805	0.010676111835478381	0.04788871211084453	0.5840365805409171	0.0436277375979857	0.040312103630805556	hedge
grp-11	T4	12	6	3	0.08228554017841816	0.025795530683050554	0.036982853741695486	0.058819789749880634	0.036355417144174375	0.022338565438985825	0.008831915523235997	0.05797048844397068	0.5798104306062063	0.044913691778977714	0.04589577205479145	hedge
grp-11	T4	13	1	1	0.05883921682834625	0.018156474456191063	0.02878817543387413	0.04515766724944115	0.019555293023586273	0.010528706014156342	0.004270631819963455	0.06812150776386261	0.6873312592506409	0.03202157840132713	0.027229493483901024	hedge
grp-12	T1	3	2	2	0.053892023861408234	0.0340122040361166	0.044896644772961736	0.0747517067939043	0.027472324669361115	0.042347368551418185	0.013323041435796767	0.039572461508214474	0.5660399943590164	0.03970313677564263	0.06398909399285913	hedge
grp-12	T1	4	1	1	0.14295057952404022	0.05027847737073898	0.04863648861646652	0.08081693202257156	0.06029310077428818	0.034488435834646225	0.008686046116054058	0.1364043951034546	0.2647298574447632	0.11242255568504333	0.06029310077428818	hedge
grp-12	T1	7	2	2	0.1427297592163086	0.04599929507821798	0.06608476862311363	0.057324932888150215	0.05128829926252365	0.028114481829106808	0.017037371173501015	0.07299722544848919	0.39597976207733154	0.06285050697624683	0.059593587182462215	hedge
grp-12	T1	8	6	2	0.07282047377278407	0.047392165288329124	0.043242015332604446	0.055776161762575306	0.04588774684816599	0.03239011213493844	0.009796753079475215	0.06037504210447272	0.5380562370022138	0.049562492951129876	0.044700812082737684	hedge
grp-12	T1	9	5	3	0.08020961470901966	0.05592659935355186	0.056937959417700766	0.03119834465906024	0.2968026213347912	0.03900143597275019	0.004541513649746776	0.054525479674339294	0.29275631010532377	0.06217772886157036	0.025922379549592735	hedge
grp-12	T1	10	1	1	0.0574311837553978	0.09322001039981842	0.17095625400543213	0.016583362594246864	0.04970254376530647	0.02728799544274807	0.017481345683336258	0.04578813165426254	0.37085893750190735	0.13576683402061462	0.014923411421477795	hedge
grp-12	T1	11	7	3	0.106395796207445	0.025075574405491352	0.03541620900588376	0.054536392113992145	0.048673976212739944	0.027731120719441345	0.012564243449430381	0.06566206046513148	0.5149919582264764	0.06288939900696278	0.04606326563017709	hedge
grp-12	T1	12	4	2	0.0728003780823201	0.030660929391160607	0.03371784812770784	0.040949732094304636	0.25308512686751783	0.14953421615064144	0.007545526081230491	0.03782053827308118	0.29247925989329815	0.044542789459228516	0.03686362592270598	compromise
grp-12	T1	13	3	2	0.2422175034880638	0.048536392549673714	0.06693444401025772	0.07512818276882172	0.058135164280732475	0.054465348521868386	0.007879326740900675	0.09082123637199402	0.2373746857047081	0.07139627759655316	0.04711141685644785	hedge
grp-12	T1	14	5	3	0.07477521263062954	0.042842742428183554	0.042433257400989535	0.06258200965821743	0.05825179666280746	0.028117916733026504	0.009714938793331384	0.08267761617898942	0.502330994606018	0.051179899275302886	0.04509365875273943	hedge
grp-12	T1	15	1	1	0.06074938550591469	0.1084032952785492	0.12093261629343033	0.01503337174654007	0.24381396174430847	0.07769964635372162	0.015847424045205116	0.022878427058458328	0.10819178819656372	0.2162182331085205	0.01023186556994915	compromise
grp-12	T1	16	2	2	0.05772510915994644	0.02575375698506832	0.04894620552659035	0.03498085681349039	0.026552343741059303	0.018609508406370878	0.06859774538315833	0.027156569762155414	0.6390703320503235	0.03518519178032875	0.01742241089232266	hedge
grp-12	T1	17	5	4	0.15089357569813727	0.020353880990296603	0.030289999023079873	0.041823342069983484	0.02433553375303745	0.0832602621987462	0.008195154974237085	0.04398336298763752	0.4568894445896149	0.10767607986927033	0.03229936771094799	hedge
grp-12	T1	18	6	4	0.07684240738550822	0.046233795738468565	0.05279903610547384	0.07123029666642348	0.059927898459136486	0.05873999418690801	0.00980466945717732	0.06581503277023633	0.4531598115960757	0.06888048350811005	0.03656653935710589	hedge
grp-12	T1	19	2	1	0.037049755454063416	0.0453770337626338	0.07559573836624622	0.01567555731162429	0.427907794713974	0.025467590428888798	0.022563469596207142	0.04491794854402542	0.1857195571064949	0.1033872738480568	0.016338287852704525	compromise
grp-12	T1	21	4	2	0.2519259378314018	0.04079501982778311	0.08181799482554197	0.04478036891669035	0.029657002072781324	0.024302136269398034	0.01584768295288086	0.09160136245191097	0.2645691931247711	0.10848092474043369	0.046222403179854155	hedge
grp-12	T2	2	3	1	0.05466958569983641	0.014624580120046934	0.021572973889609177	0.035667564099033676	0.1336058254043261	0.020051676779985428	0.022625271851817768	0.04230670506755511	0.5887467861175537	0.0408245250582695	0.025304466485977173	hedge
grp-12	T2	4	1	1	0.03591850772500038	0.02527182549238205	0.016509054228663445	0.014798618853092194	0.0072830491699278355	0.02038596011698246	0.006253903266042471	0.04648200049996376	0.23942142724990845	0.554907500743866	0.03276811167597771	decision
grp-12	T2	5	2	2	0.05085627268999815	0.037226126063615084	0.039624766912311316	0.04679898684844375	0.46201327443122864	0.03263935633003712	0.005060081311967224	0.01606886787340045	0.21665705181658268	0.05439319182187319	0.03866202663630247	compromise
grp-12	T2	6	2	2	0.07512745261192322	0.16753606870770454	0.035197122022509575	0.025987815111875534	0.10700844787061214	0.09211636800318956	0.0189716974273324	0.03265216760337353	0.3855290859937668	0.04047941602766514	0.019394289702177048	hedge
grp-12	T2	7	4	1	0.07111176010221243	0.07303522899746895	0.04460621112957597	0.05495066707953811	0.126795195043087	0.019313499564304948	0.0077636801870539784	0.06349983485415578	0.4067898392677307	0.06881766952574253	0.0633164462633431	hedge
grp-12	T2	8	4	2	0.10183467995375395	0.15520904352888465	0.036559856263920665	0.04896902106702328	0.22684085182845592	0.018310934421606362	0.010041964880656451	0.044548518722876906	0.28407243732362986	0.03388243296649307	0.03973024705192074	hedge
grp-12	T2	9	5	1	0.09866032153367996	0.03916088845580816	0.039315900579094884	0.045707954280078414	0.05510874390602112	0.01892660651355982	0.005653717461973429	0.04778490103781223	0.5711124181747437	0.04607701003551483	0.03249149117618799	hedge
grp-12	T2	10	3	2	0.1883058873936534	0.2357852744559447	0.03344229329377413	0.056732049522300564	0.17339264042675495	0.0060615829812983675	0.002964394516311586	0.035979134030640125	0.19725236545006433	0.044429125574727855	0.025655243235329788	compromise
grp-12	T2	11	5	2	0.11243153288960457	0.23447275459766387	0.03848281167447567	0.028805206157267095	0.07315595149993896	0.020033312030136585	0.01459555272012949	0.04946233630180359	0.36925835013389585	0.028627485129982234	0.030674711056053638	proposal
grp-12	T2	12	3	2	0.028275609482079744	0.15767279112090668	0.018479929771274328	0.016701874245579045	0.14867774272958437	0.01333191121617953	0.08034213415036599	0.02125764839972059	0.4734513958295186	0.022388116146127384	0.019420863905300696	hedge
grp-12	T2	13	3	3	0.2082535403314978	0.10819851607084274	0.03187447413802147	0.03824433536889652	0.14351174732049307	0.015395156728724638	0.004812769203757246	0.036094706039875746	0.33427526615560055	0.048314678482711315	0.031024750011662643	compromise
grp-12	T2	14	4	1	0.10718517564237118	0.11928536090999842	0.044414530508220196	0.06023524422198534	0.04980297992005944	0.06456994148902595	0.026612569112330675	0.0542189939878881	0.34885649010539055	0.068671794841066	0.056146934162825346	hedge
grp-12	T2	15	1	1	0.03603518009185791	0.18697594106197357	0.00936368852853775	0.007915877737104893	0.2518494725227356	0.027147702872753143	0.016562676057219505	0.010405224747955799	0.4056107699871063	0.036388806998729706	0.011744697578251362	hedge
grp-12	T2	16	7	3	0.07273441632943493	0.0479078922154648	0.03068859861897571	0.05190830145563398	0.049492474645376205	0.02377065284443753	0.007139687459649784	0.046168635466269085	0.587449485702174	0.043982245294111114	0.038757609602596076	hedge
grp-12	T2	17	5	3	0.09014458805322648	0.14289824590086936	0.04364185072481632	0.06539424806833267	0.10766967982053757	0.025487100519239903	0.008245834335684776	0.06395217943936586	0.33163246512413025	0.059842193871736525	0.06109161525964737	hedge
grp-12	T2	18	4	3	0.08886102959513664	0.03290219244081527	0.026819059159606695	0.03248776728287339	0.17856064019724727	0.029995485907420516	0.08317563927266747	0.05073491856455803	0.42140103317797184	0.029921855311840773	0.02514036966022104	hedge
grp-12	T2	19	4	3	0.12672951072454453	0.04751812946051359	0.0704276217147708	0.05763670615851879	0.07918828818947077	0.044096939731389284	0.010777200921438634	0.07813028432428837	0.3598640002310276	0.06722264736890793	0.05840868875384331	hedge
grp-12	T2	20	3	3	0.11725675438841184	0.023518073838204145	0.0252574123442173	0.13581419891367355	0.021776720493411023	0.19959091457227865	0.03162766356642047	0.027864099169770878	0.3366291324297587	0.03728766180574894	0.043377374609311424	disagreement
grp-12	T2	21	11	3	0.12502458327534524	0.0382674331988462	0.03559744383462451	0.049553373362869024	0.07252979363230141	0.10273096079684117	0.010409518060359087	0.047569510865617885	0.42908878082578833	0.055304466408084736	0.03392413317818533	hedge
grp-12	T2	22	6	3	0.1456885978889962	0.07562878696868817	0.055391165583084025	0.06759426141312967	0.08529756590723991	0.03437053086236119	0.011748745804652572	0.07961570223172505	0.3008294316629569	0.08856205145517985	0.05527316499501467	hedge
grp-12	T2	23	7	3	0.0970410054682621	0.1105864021394934	0.05263798524226461	0.02233292829311852	0.07410225485052381	0.023501733584063395	0.032672062782304626	0.030141942336090972	0.4909150557858603	0.02981699357873627	0.03625164294083204	hedge
grp-12	T2	24	4	3	0.1887336033396423	0.1213129460811615	0.040421802550554276	0.021120576304383576	0.03277315606828779	0.01991020468994975	0.0075152950012125075	0.04179362813010812	0.4257522616535425	0.05926589388400316	0.04140064190141857	hedge
grp-12	T2	25	7	4	0.06464251862572772	0.03826798937682595	0.04495273743356977	0.05404412294072764	0.10590965726545878	0.025816433231479356	0.014008333174777883	0.047739994046943526	0.4963779832635607	0.07684044832629817	0.03139978327921459	hedge
grp-12	T2	26	11	4	0.08541575886986473	0.0788511687635698	0.10111470689827745	0.05536701407452876	0.08061869662593711	0.03172039587728002	0.005898511608723889	0.060490584847601975	0.3992297053337097	0.06065266951918602	0.040640796619382774	hedge
grp-12	T2	27	4	2	0.09894599299877882	0.03226541681215167	0.11464324500411749	0.04887440521270037	0.04694468202069402	0.027551524341106415	0.017894298187457025	0.07841623201966286	0.4451830983161926	0.04245358286425471	0.04682755284011364	hedge
grp-12	T3	0	1	1	0.1735600382089615	0.053295914083719254	0.08907970041036606	0.03120889887213707	0.05075608193874359	0.009974963963031769	0.0044960686936974525	0.10455232858657837	0.3569708466529846	0.08838647603988647	0.03771871700882912	hedge
grp-12	T3	9	5	3	0.06989782378077507	0.09749064408242702	0.054302648082375525	0.06859702169895172	0.0538065429776907	0.04412123002111912	0.005251218914054334	0.06684678569436073	0.4298699527978897	0.06561686731874943	0.04419924672693014	hedge
grp-12	T3	10	12	3	0.0756679605692625	0.04517190701638659	0.05181777019364139	0.055557700960586466	0.039495924254879355	0.02011936720615874	0.007585002924315631	0.05109616772582134	0.5561955496668816	0.05290743444735805	0.04438522217484812	hedge
grp-12	T3	11	2	1	0.042993202805519104	0.23903551697731018	0.11591371148824692	0.012621035566553473	0.1749267354607582	0.004453318775631487	0.006055751582607627	0.03457460971549153	0.2894476354122162	0.06808614637702703	0.01189230801537633	hedge
grp-12	T3	12	6	4	0.06307863409165293	0.1593863588447372	0.049391873025645815	0.041085277839253344	0.12195579862842958	0.014728150679729879	0.006949324849604939	0.044301445595920086	0.4307505612572034	0.040763029751057424	0.027609572551834088	hedge
grp-12	T3	13	6	4	0.06668275625755389	0.11057987529784441	0.03516052461539706	0.05248515152682861	0.08038533525541425	0.019798373978119344	0.0074894077649029596	0.07326362716654937	0.4733970065911611	0.048317093246926866	0.032440852373838425	hedge
grp-12	T3	14	7	4	0.17604982586843626	0.0419322598193373	0.05878882675564715	0.06895819466028895	0.04188675632966416	0.030077591937567507	0.016537267581692765	0.06302154756018094	0.3951198990855898	0.05094784192208733	0.056679977370159965	hedge
grp-12	T3	15	12	3	0.08631335307533543	0.056332567667899035	0.03403664589859545	0.04006324840399126	0.050936285445156194	0.01952416180089737	0.012241816283979764	0.047036282097299896	0.5874055325984955	0.039080648799426854	0.02702948097915699	hedge
grp-12	T3	16	7	2	0.09544693266174623	0.1027729937008449	0.04195394180715084	0.06260881320174251	0.06539235077798367	0.014861032832413912	0.005277815341417279	0.05629564342754228	0.4858831614255905	0.03675543889403343	0.03275190041001354	hedge
grp-12	T3	17	9	4	0.08227410131237572	0.17748970445245504	0.03875464532110426	0.045831488510076374	0.1510246598886119	0.019693000462009676	0.006116724644218468	0.05060541619443231	0.3262144099507067	0.060307473694491714	0.04168836275736491	hedge
grp-12	T3	18	5	3	0.053625890985131264	0.2475575689226389	0.09290125221014023	0.04800555650144815	0.04802882000803947	0.015352198597975075	0.009597383439540863	0.07081865966320038	0.3529481142759323	0.02950814235955477	0.031656429078429936	hedge
grp-12	T3	19	9	4	0.08570491677771012	0.053942716421766415	0.03202090769385298	0.08190828955007924	0.07531058661536211	0.01387230839787258	0.013366683205175731	0.046124916058033705	0.5123072183794446	0.05227092534510626	0.03317055390733811	hedge
grp-12	T3	20	10	3	0.10335088856518268	0.04159034243784845	0.11367484917864204	0.02822700166143477	0.024865162605419756	0.047173780179582535	0.01433459761319682	0.03706325786188245	0.49173706471920015	0.0766408471390605	0.021342186909168958	hedge
grp-12	T3	21	10	3	0.09158306363970041	0.1014340282883495	0.07973657688125968	0.07550776647403837	0.04065403565764427	0.01760631944052875	0.011892309982795269	0.04570498540997505	0.4778114229440689	0.03105589945334941	0.02701360182836652	hedge
grp-12	T3	22	9	4	0.11353827805982696	0.06299801652009289	0.03623925097700623	0.04956406924045748	0.10945601885517438	0.020949532769413456	0.005185826177087923	0.05249491685794459	0.46574824551741284	0.04467697307053539	0.03914882946345541	hedge
grp-12	T3	23	7	3	0.06427043782813209	0.03270052473193833	0.039036975375243595	0.0479474277900798	0.03575141967407295	0.01613563033086913	0.011071944309930717	0.07183608944926943	0.6139972039631435	0.04038012959063053	0.02687221166810819	hedge
grp-12	T4	0	2	1	0.06788225937634706	0.03532989416271448	0.028117329813539982	0.04741290211677551	0.015081421006470919	0.03102349117398262	0.0025386721245013177	0.049939694814383984	0.6528173089027405	0.053022345528006554	0.01683459314517677	hedge
grp-12	T4	8	4	2	0.10372024029493332	0.04212513007223606	0.04332547029480338	0.07759558223187923	0.04875511769205332	0.029215249232947826	0.0101234131725505	0.0770754162222147	0.46868791431188583	0.059054767712950706	0.04032169817946851	hedge
grp-12	T4	9	6	3	0.1864575855433941	0.03917447291314602	0.0473066084086895	0.07273395235339801	0.05621043654779593	0.03375946792463461	0.007582316951205333	0.08807660266757011	0.32683581051727134	0.059394593661030136	0.08246815080444019	hedge
grp-12	T4	10	5	2	0.04296028390526772	0.01872573345899582	0.02839200310409069	0.04595006890594959	0.026409359648823738	0.021737255901098252	0.02264617015607655	0.031684910878539085	0.6979603052139283	0.0350603960454464	0.028473489731550217	hedge
grp-12	T4	11	8	3	0.0935715960804373	0.021342682652175426	0.030799950240179896	0.05092044756747782	0.027032222831621766	0.04643358488101512	0.022814707073848695	0.05026001902297139	0.5773189626634121	0.04247081046923995	0.03703505266457796	hedge
grp-12	T4	12	7	4	0.07107554003596306	0.03469393029808998	0.03551633163754429	0.0824047007731029	0.032220461671905856	0.029822124168276787	0.03209343742180083	0.05037107025938375	0.5422960434641156	0.03609896304884127	0.05340738088956901	hedge
grp-13	T1	1	2	1	0.06231790594756603	0.06236168183386326	0.054749829694628716	0.06841924041509628	0.07152819633483887	0.04786941781640053	0.009504768764600158	0.07897464372217655	0.4352463632822037	0.061017975211143494	0.04801000654697418	hedge
grp-13	T1	3	2	1	0.046318693086504936	0.04065163712948561	0.07854235358536243	0.03447305643931031	0.03457688447088003	0.03036334551870823	0.003897614893503487	0.03161807544529438	0.3600863143801689	0.3162846099585295	0.02318740915507078	decision
grp-13	T1	4	2	2	0.1679864451289177	0.028583595529198647	0.03940399643033743	0.06492138653993607	0.03565794136375189	0.04566566925495863	0.008601948618888855	0.06834232807159424	0.4412566274404526	0.06766282394528389	0.03191728517413139	hedge
grp-13	T1	8	2	1	0.04475123528391123	0.2573519852012396	0.02290103235282004	0.02587895467877388	0.06595025956630707	0.024709236808121204	0.00740581622812897	0.035295295529067516	0.44827403128147125	0.05065426416695118	0.016827831510454416	hedge
grp-13	T1	9	4	1	0.11824517603963614	0.037982109701260924	0.03686220105737448	0.03820576798170805	0.14141572173684835	0.032733015483245254	0.006444099766667932	0.08822249807417393	0.3940102979540825	0.0680113984271884	0.03786770021542907	hedge
grp-13	T1	10	3	1	0.19448929900924364	0.06752264856671293	0.03272439974049727	0.034247844790418945	0.060749706191321216	0.014487072670211395	0.003534074251850446	0.028751127421855927	0.5209866166114807	0.02902945891643564	0.01347773444528381	hedge
grp-13	T1	11	6	2	0.18051137092212835	0.05592251227547725	0.10039070745309193	0.047322114619115986	0.04721398185938597	0.01945194322615862	0.0062635137389103574	0.056957551278173923	0.4055427710215251	0.04313343266646067	0.0372900894532601	hedge
grp-13	T1	12	2	1	0.0364376325160265	0.021769396495074034	0.04119126405566931	0.023545498959720135	0.05524898134171963	0.021176525857299566	0.01203931076452136	0.015839395578950644	0.6948378682136536	0.06854216940701008	0.009371957276016474	hedge
grp-13	T1	13	1	1	0.06886594742536545	0.04185096547007561	0.06642203778028488	0.07091334462165833	0.06873156875371933	0.024174217134714127	0.0037656172644346952	0.04001254215836525	0.5196512341499329	0.07091334462165833	0.024699203670024872	hedge
grp-13	T1	14	4	2	0.16613874805625528	0.027829137165099382	0.18553389888256788	0.058984418865293264	0.05347707774490118	0.018031808082014322	0.008075909281615168	0.0394350053393282	0.3525973930954933	0.057767800986766815	0.032128783932421356	hedge
grp-13	T1	15	3	2	0.12286807845036189	0.034627155400812626	0.05298162127534548	0.05719634393850962	0.03657488400737444	0.02518787266065677	0.012133991500983635	0.1073906309902668	0.41997761527697247	0.09200176472465198	0.03906005931397279	hedge
grp-13	T1	16	11	2	0.0811283231120218	0.028106949546120384	0.03537511994892901	0.09664191220971671	0.030200714076107197	0.019070546100424093	0.006023742628961124	0.059402023357423867	0.5640855187719519	0.04220525886524807	0.03775987761433829	hedge
grp-13	T1	17	3	3	0.048882496232787766	0.06662336736917496	0.05301049289604028	0.039022047693530716	0.11674343173702557	0.02811804072310527	0.008403333136811852	0.033277436159551144	0.5122315138578415	0.06484101588527362	0.02884682236860196	hedge
grp-13	T1	18	5	3	0.2393198326230049	0.04400318041443825	0.059058313444256785	0.0691798623651266	0.046663331985473636	0.03255089931190014	0.006896786391735077	0.07207956314086914	0.3079911023378372	0.07873748987913132	0.04351963959634304	hedge
grp-13	T1	19	3	3	0.2103992154200872	0.010567046081026396	0.03756040707230568	0.017258103859300416	0.01868267667790254	0.06566024757921696	0.009734522473687926	0.05105435848236084	0.383463720480601	0.17405410731832185	0.021565630411108334	hedge
grp-13	T2	0	5	3	0.12806418612599374	0.04409661814570427	0.06378969475626946	0.03314351867884398	0.02923383768647909	0.011734611354768276	0.004485747031867504	0.06061396095901728	0.5103916853666306	0.08544873669743538	0.028997403383255006	hedge
grp-13	T2	5	1	1	0.0313108004629612	0.024805190041661263	0.014147380366921425	0.0022428168449550867	0.0037267820443958044	0.005749649368226528	0.0017535439692437649	0.027889225631952286	0.8718549609184265	0.012644530273973942	0.0038752397522330284	hedge
grp-13	T2	6	3	1	0.10941323141256969	0.05233240562180678	0.03468477167189121	0.06076755498846372	0.041193791354695954	0.07129137900968392	0.05550834691772858	0.0676856463154157	0.42327000697453815	0.04182939355572065	0.042023493287463985	hedge
grp-13	T2	7	3	1	0.07231740280985832	0.09886128269135952	0.04317232066144546	0.03375303543483218	0.17698816334207854	0.018613571301102638	0.005411292426288128	0.055495867505669594	0.4047176043192546	0.04847042293598255	0.04219901437560717	hedge
grp-13	T2	8	3	1	0.06280635980268319	0.05804614660640558	0.03506585955619812	0.024905069110294182	0.09464576188474894	0.01265510885665814	0.003877847882298132	0.042586458226044975	0.6025340656439463	0.04181180459757646	0.021065498391787212	hedge
grp-13	T2	9	2	2	0.05099383927881718	0.2289355844259262	0.04055575840175152	0.02740731742233038	0.2325173681601882	0.08972716890275478	0.00765624619089067	0.05150111112743616	0.1934146210551262	0.04831725498661399	0.028973692329600453	compromise
grp-13	T2	10	3	1	0.1177934060494105	0.14577551931142807	0.06503456303228934	0.040592886817952	0.19333281243840852	0.03284560112903515	0.008560906785229841	0.04772878787480295	0.262252156312267	0.04333828017115593	0.04274508201827606	hedge
grp-13	T2	11	3	2	0.023948058485984802	0.09160205814987421	0.02597552879403035	0.01710470796873172	0.16165298906465372	0.009039253229275346	0.004881364371006687	0.017914599428574245	0.6190618872642517	0.020292143647869427	0.008527423410365978	hedge
grp-13	T2	12	1	1	0.03535594046115875	0.03640708327293396	0.0038485368713736534	0.003559315111488104	0.39409786462783813	0.0023802947252988815	0.007804685737937689	0.010319354012608528	0.4952758550643921	0.005128444638103247	0.0058226510882377625	hedge
grp-13	T2	13	4	2	0.04512082989094779	0.05255203973501921	0.03392983123194426	0.02926535264123231	0.29656133707612753	0.028470423247199506	0.010423803818412125	0.023809431004337966	0.4295578896999359	0.03496234770864248	0.015346721396781504	hedge
grp-13	T2	14	2	1	0.05505723040550947	0.13590680249035358	0.03063714411109686	0.045994061045348644	0.3168792361393571	0.027903668582439423	0.0044526527635753155	0.055715872906148434	0.2358054667711258	0.03833613311871886	0.053311741910874844	compromise
grp-13	T2	15	2	1	0.06475328654050827	0.19999291002750397	0.010760125005617738	0.008415826712734997	0.3284588670358062	0.018353572115302086	0.0018148360832128674	0.010462166974321008	0.3309570411220193	0.018980776891112328	0.007050589716527611	compromise
grp-13	T2	16	4	3	0.05372419627383351	0.2965601123869419	0.028248981339856982	0.036705247359350324	0.05470832111313939	0.01805343508021906	0.010220610245596617	0.020022374344989657	0.4247721768915653	0.0350108896382153	0.021973711787723005	hedge
grp-13	T2	17	8	1	0.12134746462106705	0.024550818430725485	0.027519284281879663	0.03714567085262388	0.07895056717097759	0.012988105125259608	0.0038390652334783226	0.05077332095243037	0.5777309909462929	0.0398107337532565	0.025343968183733523	hedge
grp-13	T2	18	5	2	0.05687698796391487	0.03558262260630727	0.035127914510667324	0.03248496549203992	0.17114232685416936	0.050474848970770834	0.004790259199216962	0.04742477722465992	0.45735428780317305	0.0685416541993618	0.04019934176467359	hedge
grp-13	T2	19	7	4	0.2344189914209502	0.027465970920664922	0.04025967445756708	0.04060685155647142	0.031536790276212354	0.015983381840799536	0.004876004598502602	0.04750174789556435	0.4565117859414646	0.07539561257830688	0.025443226099014282	hedge
grp-13	T2	20	5	4	0.048832008987665175	0.12899611443281173	0.061799019761383536	0.022285222727805375	0.04281520266085863	0.04783609602600336	0.007486778404563665	0.03802803438156843	0.44057120084762574	0.14227939546108245	0.019070935156196355	hedge
grp-13	T2	21	8	3	0.08704806212335825	0.03793872200185433	0.04192857106681913	0.10666008852422237	0.057855323306284845	0.01831415097694844	0.016694939899025485	0.04918983380775899	0.48747760988771915	0.061155727598816156	0.035736942721996456	hedge
grp-13	T2	22	13	4	0.07859949982510163	0.052759391184036546	0.03658399451524019	0.07188712210895923	0.02436208689155487	0.031109273290404908	0.021437760209664702	0.04579398465844301	0.5096184473771316	0.09014791923646744	0.0377005163150338	hedge
grp-13	T2	23	2	1	0.07028465531766415	0.08576097711920738	0.060864198952913284	0.04412721935659647	0.17275933176279068	0.0346852820366621	0.011328480672091246	0.048525337129831314	0.3446246236562729	0.0998565312474966	0.027183320373296738	hedge
grp-14	T1	7	4	3	0.1221372950822115	0.011294063995592296	0.019011336378753185	0.025935888581443578	0.010814436129294336	0.05865668866317719	0.08157014823518693	0.029751696507446468	0.5079575851559639	0.11777348793111742	0.015097397903446108	hedge
grp-14	T1	8	4	1	0.09492009319365025	0.05303802993148565	0.12340130377560854	0.045464962255209684	0.061320916283875704	0.019976295065134764	0.006643024389632046	0.058743431232869625	0.34098316729068756	0.13733604922890663	0.05817271722480655	hedge
grp-14	T1	9	3	2	0.05313131089011828	0.14492547636230788	0.09995071838299434	0.03139999291549126	0.13172011325756708	0.01891522839044531	0.010726986297716698	0.03348172456026077	0.2601900597413381	0.19336437558134398	0.022193963212581973	decision
grp-14	T1	10	5	1	0.11703909039497376	0.08754816111177206	0.05527322217822075	0.029471881315112115	0.051724298112094405	0.02166305873543024	0.07220874065533281	0.04879457987844944	0.4386135369539261	0.04851728416979313	0.029146130196750164	hedge
grp-14	T1	11	3	1	0.11356889704863231	0.05436133670931061	0.051898758858442307	0.04069738524655501	0.10890205514927705	0.03546734255117675	0.015090343270761272	0.03250799886882305	0.47012967864672345	0.05223398966093858	0.025142238475382328	hedge
grp-14	T1	12	2	2	0.04110060352832079	0.008592977188527584	0.050627777352929115	0.035834540612995625	0.009212845703586936	0.006021901732310653	0.003793640178628266	0.015717592556029558	0.798039048910141	0.019962100312113762	0.011096984148025513	hedge
grp-14	T1	13	2	1	0.0835571177303791	0.4441814199090004	0.043652404099702835	0.06418437045067549	0.030373090412467718	0.021165494807064533	0.00849662465043366	0.059210739098489285	0.15949088335037231	0.05946714663878083	0.02622073469683528	hedge
grp-14	T1	14	6	3	0.11421443987637758	0.024394759287436802	0.058255414168039955	0.057065803557634354	0.02374427222336332	0.07685940898954868	0.013088580182132622	0.039715890772640705	0.48311544706424076	0.07450455706566572	0.03504145021239916	hedge
grp-14	T1	15	3	3	0.07604911054174106	0.04872815000514189	0.04709648465116819	0.048699421963344015	0.03646973893046379	0.01617470073203246	0.007225548227628072	0.05228373656670252	0.5923502743244171	0.039637225369612374	0.03528565882394711	hedge
grp-14	T1	16	2	1	0.15975989773869514	0.13372677937150002	0.09070965088903904	0.026392297819256783	0.11837102845311165	0.11878103017807007	0.012499446514993906	0.03949323762208223	0.11585116386413574	0.1495734453201294	0.034842041321098804	proposal
grp-14	T1	17	4	2	0.3166221957653761	0.017661808291450143	0.046783225145190954	0.022438640939071774	0.019436912261880934	0.01081156957661733	0.004583645146340132	0.03502329136244953	0.45264842733740807	0.04163312562741339	0.03235714265611023	hedge
grp-14	T1	18	2	2	0.023716459050774574	0.03887461218982935	0.030867526307702065	0.014082582667469978	0.031114401761442423	0.10300023481249809	0.037293167784810066	0.02183029055595398	0.5608462244272232	0.12676522321999073	0.011609203997068107	hedge
grp-14	T1	19	2	1	0.04301357548683882	0.0626780609600246	0.04829634726047516	0.021113869384862483	0.2679880587384105	0.012957115191966295	0.0038384776562452316	0.048638930544257164	0.3857300952076912	0.08935835212469101	0.016387073672376573	compromise
grp-14	T1	20	8	4	0.09472016524523497	0.0254994387505576	0.11837739706970751	0.03435237461235374	0.026801953557878733	0.018401936220470816	0.004665630753152072	0.053233557497151196	0.47903893515467644	0.11042116116732359	0.03448745422065258	hedge
grp-14	T1	21	8	4	0.0833450797945261	0.029963373322971165	0.04004298476502299	0.0459381639957428	0.028186117531731725	0.017775851767510176	0.008277457760414109	0.05479210801422596	0.567068550735712	0.09304566564969718	0.031564641278237104	hedge
grp-14	T2	6	5	3	0.03176704198122025	0.1852321935351938	0.014251434430480003	0.010740932077169418	0.00879932246170938	0.18537356108427047	0.013959148991852998	0.02604020554572344	0.4261853814125061	0.0821769192814827	0.015473853051662444	hedge
grp-14	T2	7	8	3	0.1451687754597515	0.08801020518876612	0.043793003307655454	0.07255376734246965	0.06265158136375248	0.022440044267568737	0.012146257518907078	0.06043977430090308	0.3977013826370239	0.04961836207075976	0.045476846491510514	hedge
grp-14	T2	8	3	2	0.1621100107828776	0.09078863946100076	0.07096365342537563	0.09466519765555859	0.04999371990561485	0.047545978178580604	0.006956519403805335	0.08465629816055298	0.2874695112307866	0.06098233908414841	0.043868159564832844	hedge
grp-14	T2	9	8	3	0.18960292590782046	0.030739213689230382	0.029807077487930655	0.04500613600248471	0.07206897519063205	0.02381448503001593	0.007530948729254305	0.04010094015393406	0.4901466406881809	0.04015822889050469	0.03102441574446857	hedge
grp-14	T2	10	2	1	0.03172225272282958	0.14071176014840603	0.006888718344271183	0.007687090430408716	0.36742686852812767	0.009496462298557162	0.003645356046035886	0.009111437713727355	0.400013686157763	0.016548263374716043	0.006748088402673602	compromise
grp-14	T2	11	5	3	0.08334845528006554	0.03608339838683605	0.03723019603639841	0.041055251006037	0.11189686916768551	0.021222574543207882	0.006787245930172503	0.0380864430218935	0.5450779795646667	0.03824033793061972	0.04097126442939043	hedge
grp-14	T2	12	2	1	0.034195306710898876	0.1516000982373953	0.017166129779070616	0.017759086564183235	0.022287895902991295	0.01829464011825621	0.0033335634507238865	0.013679366558790207	0.42323834635317326	0.2881323369219899	0.010313260834664106	decision
grp-14	T2	13	5	2	0.05130740981549024	0.029075933247804643	0.04346753307618201	0.03792284340597689	0.09978864081203938	0.09293449595570565	0.015402025310322642	0.04885776350274682	0.5035585254430771	0.041247503645718095	0.036437347251921895	hedge
grp-14	T2	14	1	1	0.27613329887390137	0.011168412864208221	0.043999720364809036	0.014709302224218845	0.008732011541724205	0.05710693076252937	0.013630478642880917	0.05834710970520973	0.47281062602996826	0.032128073275089264	0.011234045028686523	hedge
grp-14	T2	15	7	2	0.1359376045210021	0.030493263421314105	0.03248561293418918	0.058004851319960186	0.03056575357913971	0.03586083504238299	0.017420336404549226	0.057463940499084334	0.49926074913569857	0.03797952937228339	0.06452751292714051	hedge
grp-14	T2	16	10	4	0.1466319590806961	0.04229861334897578	0.03891687151044607	0.044746136479079726	0.07141301436349749	0.0167458244250156	0.02691029510460794	0.06543791289441288	0.4034075528383255	0.10006254033651203	0.04342928691767156	hedge
grp-14	T2	17	7	3	0.11176091119913119	0.18834180411483561	0.04695190283070717	0.022790901163326844	0.06893244944512844	0.01470775602917586	0.008165732699645949	0.04177797971559422	0.37182523629495073	0.09968372939952783	0.025061599544382522	hedge
grp-14	T2	18	3	2	0.027334683885176975	0.022771605911354225	0.013174069269249836	0.012696533425090214	0.45238400747378665	0.014276131056249142	0.00343236963575085	0.05198116026197871	0.3811585530638695	0.01426578895188868	0.006525113169724743	compromise
grp-14	T2	19	2	2	0.31636038422584534	0.037049912847578526	0.053148478269577026	0.025901729241013527	0.2262476161122322	0.03717680322006345	0.0065978586208075285	0.03630726411938667	0.10973938927054405	0.12013081647455692	0.03133972967043519	compromise
grp-14	T2	20	5	2	0.14462488126009704	0.057439432479441166	0.03188143987208605	0.032164812088012695	0.06087374035269022	0.032135958410799505	0.06035425770096481	0.04854861125349998	0.40505348443984984	0.09095923267304898	0.03596416711807251	hedge
grp-14	T2	21	4	2	0.1183167127892375	0.029791668523103	0.042136252857744694	0.0316503681242466	0.11774518806487322	0.03696910757571459	0.0076295381877571344	0.07925899466499686	0.44402915984392166	0.053884383756667376	0.03858861094340682	hedge
grp-14	T2	22	8	3	0.08208800526335835	0.05031782551668584	0.04500615911092609	0.048432097770273685	0.1787540407385677	0.02955439136712812	0.008685458611580543	0.04337067762389779	0.4276115829125047	0.0464497902430594	0.03972997236996889	hedge
grp-14	T2	23	3	2	0.20371070271357894	0.05235550800959269	0.044626925606280565	0.01884500728920102	0.2887617393086354	0.01556002146874865	0.08804853772744536	0.05443173305441936	0.13749602995812893	0.06079378848274549	0.03537005977705121	compromise
grp-14	T2	24	4	3	0.11789606953971088	0.09578916477039456	0.03709591366350651	0.028175500105135143	0.020663785515353084	0.016188942187000066	0.004382666869787499	0.04375934647396207	0.48223967105150223	0.12643099832348526	0.027377896127291024	hedge
grp-14	T2	25	6	3	0.06349071363608043	0.026840687496587634	0.06879377954949935	0.05609649637093147	0.02987824659794569	0.015415478963404894	0.005092067876830697	0.06034934179236492	0.5939466208219528	0.04424573356906573	0.035850847993666925	hedge
grp-14	T2	26	14	4	0.12697043176740408	0.0433798946573266	0.04452311420547111	0.05235053452530077	0.03419101587496698	0.02632256437625204	0.0119392206626279	0.05840345857931035	0.5034666210412979	0.06286900703396116	0.03558414216552462	hedge
grp-14	T2	27	9	3	0.11375991958710882	0.0451876578024692	0.04594148240155644	0.06753609432942337	0.03590123893486129	0.03488942380580637	0.00674472495706545	0.06522763861964147	0.46081066462728715	0.07120877421564525	0.05279238584140936	hedge
grp-14	T3	9	1	1	0.6250478029251099	0.014585320837795734	0.035783130675554276	0.10445597022771835	0.03713596984744072	0.004010837059468031	0.008507542312145233	0.047823429107666016	0.07751145958900452	0.03201320394873619	0.013125368393957615	statement
grp-14	T3	10	3	2	0.21866657802214226	0.09511305391788483	0.052185701206326485	0.2521541764338811	0.02580975027134021	0.012133826036006212	0.007017988711595535	0.033351554380108915	0.22949228311578432	0.054899277786413826	0.019175786214570206	disagreement
grp-14	T3	11	6	2	0.05672120520224174	0.08302662894129753	0.034533667378127575	0.038231905472154416	0.2686022237564127	0.008317155065014958	0.003610589754922936	0.03476265352219343	0.3884397267053525	0.052007833340515695	0.031746396251643695	compromise
grp-14	T3	12	7	3	0.08278727797525269	0.04587477631866932	0.043840056019169946	0.054100725799798965	0.12273457779416017	0.02190891480339425	0.006705833931586572	0.05560636892914772	0.4807963328702109	0.05407719899501119	0.03156790589647634	hedge
grp-14	T3	13	11	1	0.06705918569456447	0.06837686820125038	0.04010317102074623	0.056675917553630745	0.09966310266066682	0.028566743501208046	0.006683759444223886	0.058178087188438934	0.47748770767992194	0.050617868419397964	0.046587592414156956	hedge
grp-14	T3	14	4	3	0.19398804078809917	0.09345284220762551	0.04283276945352554	0.054546874336665496	0.13922070106491446	0.015296342724468559	0.006271603429922834	0.1018884542863816	0.26384686678647995	0.04493596497923136	0.04371952544897795	hedge
grp-14	T3	15	3	1	0.05393948468069235	0.02841960887114207	0.04090887246032556	0.031170643866062164	0.2822647790114085	0.011990167666226625	0.006134175695478916	0.08400652060906093	0.34834932039181393	0.04529946235318979	0.06751698969552915	hedge
grp-14	T3	16	6	2	0.15497301103702435	0.12979285682862005	0.030628091112400096	0.028074871176310506	0.08805312239564955	0.008936135137143234	0.005919349195513253	0.04289923546214899	0.4440271854400635	0.03187122801318765	0.03482493036426604	hedge
grp-14	T3	17	4	2	0.14032859075814486	0.1452833004295826	0.11725495290011168	0.015026943176053464	0.08325079269707203	0.009510940202744678	0.003263647173298523	0.023256964283064008	0.39614368975162506	0.05165305454283953	0.015027150162495673	hedge
grp-14	T3	18	11	3	0.1583228207785975	0.06275902959433469	0.04389475743201646	0.04113202224570242	0.05241917454722253	0.02262174546591599	0.009504274486310103	0.06792548154904084	0.41069686006415973	0.09785915470936081	0.03286469706588171	hedge
grp-14	T3	19	5	3	0.12061316967010498	0.07407584972679615	0.07146704681217671	0.05106396940536797	0.12369765341281891	0.021567657380364834	0.005823626706842333	0.09415095560252666	0.2891456991434097	0.11431382894515991	0.034080514847300944	hedge
grp-14	T3	20	4	1	0.06123540783300996	0.10368806216865778	0.0372307226061821	0.01445138012059033	0.11126649205107242	0.045512285782024264	0.02553516667103395	0.02421312779188156	0.5193956047296524	0.043428554898127913	0.014043158909771591	hedge
grp-14	T3	21	11	4	0.11477979526601055	0.037599665874784645	0.04578200355172157	0.05938111262565309	0.036801545626737854	0.0437881045720794	0.012580930932678959	0.07951643487269228	0.4819068502296101	0.05944296616044911	0.02842061094601046	hedge
grp-14	T4	7	3	2	0.04188197727004687	0.01422341214492917	0.021629178741325934	0.026541228406131268	0.02392337719599406	0.00974140331769983	0.002906965712706248	0.02824393877138694	0.7802770137786865	0.029054732372363407	0.02157677135740717	hedge
grp-14	T4	8	4	3	0.1179573368281126	0.04496195027604699	0.05614063236862421	0.09283708035945892	0.045782643370330334	0.035497172735631466	0.0069609086494892836	0.08885085768997669	0.37148530036211014	0.06888146325945854	0.07064468786120415	hedge
grp-14	T4	9	8	3	0.07583885872736573	0.035234408802352846	0.04127904726192355	0.068225801223889	0.03433523536659777	0.024779272731393576	0.009599241428077221	0.050334298284724355	0.5666196942329407	0.04757701372727752	0.04617710900492966	hedge
grp-14	T4	10	12	3	0.13456624001264572	0.031930436205584556	0.04766982731719812	0.06861605122685432	0.03762182088879248	0.021313416752188157	0.023310175087923806	0.05081267018492023	0.48998829784492653	0.05168849268617729	0.0424826032637308	hedge
grp-14	T4	11	9	3	0.19616935360762808	0.023314742423180077	0.0832509214265479	0.049502942297193736	0.027452452160004113	0.04565269903590282	0.050308583976907864	0.032529293559491634	0.4074772861268785	0.04844143521040678	0.03590025517365171	hedge
grp-14	T4	12	11	2	0.10739594122225588	0.03460036679594354	0.045417660508643494	0.05835706740617752	0.03720031246881594	0.021605955055830153	0.010325491513040934	0.05546426129612056	0.5500554699789394	0.04807644439014522	0.03150100811299952	hedge
grp-14	T4	13	11	3	0.13276950202204965	0.04052055931904099	0.04778737270019271	0.06202558902176944	0.0366410735825246	0.02355851571668278	0.012241542508656328	0.0640287311239676	0.4597754600373181	0.06426174667748538	0.05638990348035639	hedge
grp-14	T4	14	3	2	0.07980498174826305	0.026882125685612362	0.03530552921195825	0.05935858438412348	0.03660122801860174	0.012557972533007463	0.011819894736011824	0.05549547076225281	0.5988041659196218	0.04193804785609245	0.041432020564874016	hedge
grp-15	T1	6	1	1	0.055672552436590195	0.010419780388474464	0.020084653049707413	0.03470316901803017	0.04922690987586975	0.008912511169910431	0.005138055887073278	0.027132635936141014	0.7258608937263489	0.042685624212026596	0.020163264125585556	hedge
grp-15	T1	7	8	2	0.1141095629427582	0.03716284199617803	0.05153214046731591	0.06463585441815667	0.04174888110719621	0.028306950931437314	0.012138224847149104	0.06306229426991194	0.3824947481043637	0.16031448123976588	0.04449400946032256	hedge
grp-15	T1	8	12	3	0.06283244956284761	0.03544457730216285	0.042113148917754493	0.06105498604786893	0.02737261215224862	0.01921262964606285	0.010779639861236015	0.04833637923002243	0.5692622593293587	0.0898886804158489	0.033702642656862736	hedge
grp-15	T1	9	6	3	0.22787924824903408	0.03939160890877247	0.05188852890084187	0.04698657197877765	0.05921468542267879	0.018450021278113127	0.007368566584773362	0.06106986881544193	0.37646842872103053	0.05649488636602958	0.054787577440341316	hedge
grp-15	T1	10	10	4	0.280427223816514	0.05514781042002141	0.05247355196624994	0.048991262819617985	0.04195370711386204	0.03356350073590875	0.008225498907268047	0.054299459978938105	0.3208838656544685	0.06582560492679476	0.03820853491779417	hedge
grp-15	T1	11	12	3	0.10685247865815957	0.02863520969791959	0.03232757654041052	0.08415690048908193	0.029617899175112445	0.022618122360048194	0.006691734384124477	0.06014838030872246	0.5535699787239233	0.043901913333684206	0.03147980431094766	hedge
grp-15	T1	12	8	3	0.14186531957238913	0.03824242518749088	0.059495795518159866	0.06618562998482957	0.04753153468482196	0.04601210867986083	0.011028552922653034	0.07423300249502063	0.40863286331295967	0.06405137036927044	0.042721434379927814	hedge
grp-15	T1	13	9	3	0.17581288682089913	0.03325269557535648	0.04757285759680801	0.05143576218850083	0.03163329284224245	0.015206698897398181	0.005403509984413783	0.04434266810615858	0.504376444965601	0.05551942644847764	0.03544376459386614	hedge
grp-15	T1	14	5	2	0.05719969645142555	0.02434645122848451	0.03606762755662203	0.028909808211028575	0.12084870748221874	0.022565632965415715	0.008267336431890726	0.055308087915182116	0.5591283649206161	0.06252875365316868	0.02482953332364559	hedge
grp-15	T1	15	2	1	0.030399656854569912	0.0209305165335536	0.0247081583365798	0.04154761089012027	0.14413422346115112	0.011289866641163826	0.0036483315052464604	0.026103603653609753	0.6531272232532501	0.018366702599450946	0.025744022335857153	hedge
grp-15	T1	16	10	3	0.10714064724743366	0.039053113711997864	0.044981165789067745	0.10736657939851284	0.03147204052656889	0.033051095670089126	0.010043260967358946	0.05661769052967429	0.45181117951869965	0.056692704744637015	0.061770531721413134	hedge
grp-15	T1	17	5	1	0.20152913108468057	0.023692874424159526	0.040406729094684124	0.05755344908684492	0.14388079289346933	0.022046495974063874	0.006047657225281	0.056775303184986116	0.3663645818829536	0.041807868704199794	0.03989511579275131	hedge
grp-15	T1	18	10	3	0.1568790463730693	0.03310346172656864	0.02595644975081086	0.09474366242066026	0.02861765541601926	0.016406826442107558	0.004504494229331612	0.042690667975693944	0.5235276579856872	0.03780040442943573	0.03576970594003796	hedge
grp-15	T1	19	9	2	0.15992224547598097	0.060609970862666764	0.05188914781643285	0.05822881135261721	0.05448799290590816	0.025845719656596582	0.006133457128372457	0.07784101615349452	0.40036900010373855	0.061754417709178396	0.04291822616424826	hedge
grp-15	T1	20	7	3	0.1329041692827429	0.026908945558326586	0.030718466533081874	0.04294515161642006	0.02581258410853999	0.015372949785419874	0.004531216208956071	0.0628776161798409	0.5887049606868199	0.037142999204141755	0.03208094981632063	hedge
grp-15	T2	5	5	2	0.058367420174181464	0.040198611468076705	0.025643948838114737	0.023463091999292373	0.013639107486233116	0.028170585446059705	0.026605196204036473	0.03421274870634079	0.7072853684425354	0.025234183482825755	0.017179737612605096	hedge
grp-15	T2	6	7	2	0.082192348582404	0.05315428599715233	0.05514688763235297	0.057953489678246636	0.027483741087572917	0.028579250111111572	0.007866092691464084	0.055556745933634896	0.5484601727553776	0.05104275207434382	0.03256422707012722	hedge
grp-15	T2	7	10	3	0.07125672213733196	0.05071624843403697	0.059294028021395204	0.04935878040269017	0.029411199130117895	0.018850385723635555	0.008566815382800996	0.06594215985387564	0.5256699234247207	0.07159726042300463	0.049336477369070056	hedge
grp-15	T2	8	4	2	0.09708053711801767	0.10406341264024377	0.042788900434970856	0.05209652613848448	0.05240048072300851	0.018366973265074193	0.010838367452379316	0.06867086514830589	0.46792858093976974	0.05168329691514373	0.0340820646379143	hedge
grp-15	T2	9	4	2	0.06010633194819093	0.12993601616472006	0.027416055789217353	0.02573157916776836	0.05469945608638227	0.08354483498260379	0.006123535102233291	0.034422306111082435	0.5214728228747845	0.036580560728907585	0.01996649068314582	hedge
grp-15	T2	10	5	2	0.18272153437137603	0.12992291748523713	0.0438958743121475	0.05342492558993399	0.07902144119143487	0.04026596162002534	0.009064554912038147	0.05179836959578097	0.30529793724417686	0.050644994154572485	0.05394147698534653	hedge
grp-15	T2	11	3	3	0.18337716658910116	0.026295373837153118	0.03801717422902584	0.04106673287848631	0.029376881197094917	0.02443569463988145	0.008539068046957254	0.06524227311213811	0.4764746129512787	0.07185321177045505	0.03532181493937969	hedge
grp-15	T2	12	4	1	0.044257464818656445	0.07959973812103271	0.030659489799290895	0.027580506168305874	0.1269282614812255	0.021740992553532124	0.006060847430489957	0.05459784297272563	0.5396968126296997	0.04046066338196397	0.02841735351830721	hedge
grp-15	T2	13	3	3	0.19819545994202295	0.019653534206251305	0.021292615061004955	0.02139314543455839	0.044537159303824105	0.24934826511889696	0.005318337585777044	0.030980147421360016	0.31687966734170914	0.0696224697555105	0.022779217610756557	hedge
grp-15	T2	14	5	1	0.07468725368380547	0.06599533781409264	0.040393229201436044	0.04729783833026886	0.07174763306975365	0.027038038708269596	0.006513426825404167	0.05760936141014099	0.5276967108249664	0.04213191233575344	0.03888925164937973	hedge
grp-15	T2	15	5	2	0.06659127329476178	0.03092007730156183	0.038993776123970744	0.038127988553605975	0.17257663495838643	0.03854579087346792	0.005996455857530236	0.03693623188883066	0.5203889966011047	0.025370446033775806	0.025552304252050816	hedge
grp-15	T2	16	4	2	0.06407459359616041	0.09711710829287767	0.03748065163381398	0.05561936553567648	0.0367080953437835	0.021768602658994496	0.005552529852138832	0.0506767425686121	0.5506288334727287	0.04351960448548198	0.036853861063718796	hedge
grp-15	T2	17	10	4	0.10252840351313353	0.037777050770819186	0.0533850253559649	0.07413515960797668	0.03994943983852863	0.02512897227425128	0.007565258734393865	0.05063568912446499	0.4959577485918999	0.06983268251642585	0.043104590172879396	hedge
grp-15	T2	18	3	3	0.2095593772828579	0.12327578415473302	0.07313686981797218	0.02086106160034736	0.07989587758978207	0.029287829684714477	0.007643403640637795	0.06322779630621274	0.2798515285054843	0.07295635839303334	0.0403041218717893	hedge
grp-15	T2	19	8	3	0.11047790525481105	0.02686710248235613	0.04208679054863751	0.06460213527316228	0.03079303738195449	0.02840352919884026	0.012918773922137916	0.08558411919511855	0.49830049835145473	0.06277835229411721	0.037187764479313046	hedge
grp-15	T2	20	6	3	0.08648652540675054	0.18494122910002866	0.04052702741076549	0.04168786765270246	0.1010491605848074	0.019310448008279007	0.010221512779632272	0.10953923714502405	0.2918046514193217	0.09009313521285851	0.02433922864778045	hedge
grp-15	T2	21	2	2	0.2876107224728912	0.15662838704884052	0.023220957606099546	0.02995504322461784	0.2255851086229086	0.01884995587170124	0.004220042377710342	0.032493382692337036	0.15908039547502995	0.03924680780619383	0.02310926333302632	compromise
grp-15	T2	22	7	4	0.15311916917562485	0.11120211625737804	0.06348954726542745	0.04926563160760062	0.06332533673516341	0.023017508243875846	0.010105772808726345	0.058403671852179935	0.3360557439071791	0.08178536647132464	0.05023013135152204	hedge
grp-15	T2	23	9	4	0.12321375517381562	0.014433130104508664	0.050237737182113856	0.034748143775181636	0.04590083249948091	0.03150305369247993	0.022162315125266712	0.045571861478189625	0.533396816915936	0.07782009037004577	0.021012285077530477	hedge
grp-15	T2	24	14	4	0.07004343838031803	0.04179692793903606	0.04143078265977757	0.057440011495990415	0.07115586893633008	0.039160815599773614	0.013173479769778038	0.05323565139302185	0.5274657990251269	0.04916844131158931	0.03592879408305245	hedge
grp-15	T2	25	6	4	0.07684123019377391	0.030874337535351515	0.04301872570067644	0.08831987561037143	0.1119218251357476	0.02491383192439874	0.004568465568202858	0.06358188856393099	0.4274379039804141	0.1023665942872564	0.026155322790145874	hedge
grp-15	T3	10	1	1	0.10856045037508011	0.10753168910741806	0.022451993077993393	0.013511846773326397	0.01279276143759489	0.03380332142114639	0.0049416907131671906	0.024827834218740463	0.5847269892692566	0.06226496398448944	0.024586552754044533	hedge
grp-15	T3	11	8	4	0.09969857009127736	0.05619027209468186	0.04126972134690732	0.0582042068708688	0.0752916734199971	0.014925999392289668	0.004768261016579345	0.05069452663883567	0.5058753453195095	0.06556055299006402	0.027520879870280623	hedge
grp-15	T3	12	5	1	0.09125405624508857	0.14408954782411457	0.06343170395120978	0.022758554108440875	0.15846726298332214	0.015470938570797444	0.008186835050582885	0.04055960848927498	0.27682510018348694	0.14825065732002257	0.030705733597278594	hedge
grp-15	T3	13	5	1	0.04765396974980831	0.12875099144876004	0.03271544361487031	0.022398426849395036	0.03490056619048119	0.010610861564055085	0.004339375789277256	0.054876616410911086	0.6265158951282501	0.0224400470033288	0.014797798963263631	hedge
grp-15	T3	14	4	1	0.15127261728048325	0.05688967811875045	0.02420233190059662	0.08080594544298947	0.09643501497339457	0.013210508972406387	0.01725790125783533	0.04185605491511524	0.4754219353199005	0.02517953747883439	0.01746847154572606	hedge
grp-15	T3	15	10	1	0.0690362349152565	0.08366540600545705	0.038335112016648056	0.0661889174953103	0.07203201344236732	0.027697340957820414	0.00909186287317425	0.07021220810711384	0.46827113926410674	0.04961719764396548	0.04585256408900022	hedge
grp-15	T3	16	6	4	0.07195317496856053	0.06355232357357939	0.04379658199225863	0.0576984928532814	0.07411392359063029	0.009474418785733482	0.010719887912273407	0.06367556968082984	0.5488652860124906	0.03628095231639842	0.019869367747257154	hedge
grp-15	T3	17	5	2	0.12905629500746726	0.042402286641299726	0.03854894693940878	0.046577003039419654	0.04075728580355644	0.015326506830751896	0.005625851824879647	0.12109151408076287	0.47598018050193786	0.06812654975801706	0.016507594753056763	hedge
grp-15	T3	18	8	3	0.07360592251643538	0.03981964220292866	0.032161393435671926	0.05372920725494623	0.03655285097192973	0.01913471129955724	0.0039995806000661105	0.04866801458410919	0.6204654276371002	0.0395121033070609	0.03235113527625799	hedge
grp-15	T3	19	11	3	0.1106986314566298	0.06902939385988495	0.04375461878424341	0.06788791970095852	0.05515709968114441	0.021156402728097004	0.005686469704166732	0.06239766652949832	0.46329993280497467	0.0635277818549763	0.03740407541309568	hedge
grp-15	T3	20	7	3	0.09817659668624401	0.03321134738091912	0.02341428997793368	0.033326037294630496	0.10194952230501388	0.023278027240719115	0.014873920291263078	0.03358850787792887	0.4797539327825819	0.12984709268701927	0.02858074741171939	hedge
grp-15	T3	21	8	2	0.09066924336366355	0.05462731886655092	0.026044977363198996	0.03254333860240877	0.020130591932684183	0.017689011699985713	0.012345410126727074	0.05762233166024089	0.6342295184731483	0.026562507613562047	0.027535768458619714	hedge
grp-15	T3	22	6	3	0.2087404914200306	0.04844154883176088	0.05805076379328966	0.06759209449713428	0.03716802472869555	0.035758681556520365	0.005476971622556448	0.06828135903924704	0.3460271917283535	0.0726052566121022	0.05185762932524085	hedge
grp-15	T3	23	4	2	0.056530993431806564	0.02186977816745639	0.0378924747928977	0.05479062581434846	0.020924463169649243	0.014307750388979912	0.01045432104729116	0.0571877951733768	0.6706603020429611	0.03650197107344866	0.018879508832469583	hedge
grp-15	T4	5	3	2	0.17594809954365095	0.016948641277849674	0.027993986383080482	0.038718086977799736	0.0234842033435901	0.018562807080646355	0.017183426457146805	0.04007976998885473	0.5560512840747833	0.06290256790816784	0.022127116098999977	hedge
grp-15	T4	6	9	2	0.30084093784292537	0.02111845613560743	0.04987016609973378	0.04431251110509038	0.03738038314299451	0.013124995399266481	0.00970323325600475	0.0543869464761681	0.38674505593048203	0.048740761561526194	0.03377657776905431	hedge
grp-15	T4	7	6	3	0.15662303008139133	0.020773783326148987	0.03082005229468147	0.07130307393769424	0.02416744517783324	0.015546465059742332	0.006669323270519574	0.053217749732236065	0.5462503333886465	0.03756369495143493	0.037065060809254646	hedge
grp-15	T4	8	8	2	0.1699069901369512	0.04552961094304919	0.04171250923536718	0.056393907172605395	0.036596145830117166	0.048062612360809	0.010711256036302075	0.06332876381929964	0.4339408855885267	0.04629859689157456	0.04751870612381026	hedge
grp-15	T4	9	7	4	0.12933247370113218	0.058458508258419375	0.037431167039488046	0.05268140769164477	0.023611120879650116	0.021333037742546627	0.015003332186357252	0.041089088922100406	0.5351182073354721	0.05228025785514286	0.033661360519805124	hedge
grp-15	T4	10	10	4	0.06491818912327289	0.030646054726094007	0.03741338700056076	0.04909298364073038	0.046808249317109585	0.015349267655983568	0.007446965645067393	0.05239284224808216	0.6198956191539764	0.04120154306292534	0.03483489882200956	hedge
grp-15	T4	11	5	3	0.2052067682147026	0.025230085663497447	0.03100859634578228	0.03496173638850451	0.022883990593254567	0.02117337444797158	0.010721621941775084	0.04474147818982601	0.5229333937168121	0.045543281361460686	0.03559566522017121	hedge
grp-15	T4	12	3	2	0.06631602595249812	0.044950050922731556	0.049809266502658524	0.04738195985555649	0.05799224600195885	0.017452688577274483	0.009262545499950647	0.08570375417669614	0.5269606312115988	0.06193436309695244	0.03223647860189279	hedge
grp-16	T1	6	1	1	0.050878752022981644	0.010643956251442432	0.02412748523056507	0.026369785889983177	0.01824798621237278	0.021230142563581467	0.21337240934371948	0.043731920421123505	0.513355553150177	0.03671823441982269	0.04132375493645668	hedge
grp-16	T1	7	3	3	0.2148901621500651	0.032300095384319626	0.04914698004722595	0.08057931686441104	0.053973947341243424	0.03630711076160272	0.013650478019068638	0.04345480600992838	0.37680260837078094	0.0528168777624766	0.04607767860094706	hedge
grp-16	T1	8	2	2	0.07860590890049934	0.034558307845145464	0.020241152960807085	0.010756817180663347	0.02588450675830245	0.004756916780024767	0.002478471491485834	0.026336892507970333	0.5834320485591888	0.19464735127985477	0.018301647622138262	decision
grp-16	T1	9	2	1	0.04621139355003834	0.08026057295501232	0.05355845205485821	0.02393616922199726	0.3046178873628378	0.06433835439383984	0.00907974224537611	0.01994571415707469	0.34673707000911236	0.04264364577829838	0.0086709352908656	compromise
grp-16	T1	10	2	2	0.04483010619878769	0.05223746784031391	0.04672835161909461	0.06049077957868576	0.2944951355457306	0.06380770169198513	0.013903068844228983	0.06279034074395895	0.25480370968580246	0.062095481902360916	0.04381795972585678	compromise
grp-16	T1	11	3	2	0.2537166370699803	0.2057467270642519	0.03395404356221358	0.026753302508344252	0.0193568201114734	0.012458063972493013	0.0073893258813768625	0.030974550483127434	0.3213880647284289	0.0507932702700297	0.03746919147670269	hedge
grp-16	T1	12	5	2	0.09784525185823441	0.09063141420483589	0.05649966336786747	0.067865751683712	0.04438420599326491	0.05933774784207344	0.017797275679185987	0.05927007980644703	0.3901760935783386	0.06392148714512587	0.052271037548780444	hedge
grp-16	T1	13	4	1	0.0987580195069313	0.05054791131988168	0.050830821972340345	0.05490546952933073	0.04271941399201751	0.03553732507862151	0.012744466424919665	0.037749829702079296	0.5091228634119034	0.06293806061148643	0.04414580017328262	hedge
grp-16	T1	14	4	2	0.08147859480232	0.03995620086789131	0.04575908789411187	0.06375959794968367	0.05208399845287204	0.026862632017582655	0.00894316693302244	0.05346802622079849	0.5380876809358597	0.050951553508639336	0.03864945750683546	hedge
grp-16	T1	15	3	2	0.05159140688677629	0.1387978264441093	0.056547739853461586	0.019704584653178852	0.053133631125092506	0.07237213974197705	0.011983946586648623	0.07122989309330781	0.3840230206648509	0.12005411957701047	0.0205617300234735	hedge
grp-16	T1	16	12	3	0.08901308011263609	0.03793912132581075	0.04788994028543433	0.04523872661714753	0.03103860147530213	0.02395655874473353	0.008262966526672244	0.06625158386304975	0.5053423630694548	0.11189823566625516	0.03316882989990214	hedge
grp-16	T1	17	5	4	0.09372951462864876	0.035648152511566875	0.027296818047761916	0.04054509345442057	0.09522962188348175	0.022800702881067992	0.040918514225631954	0.04452342800796032	0.5367607414722443	0.031495078839361666	0.031052344292402268	hedge
grp-16	T1	18	2	1	0.30863411352038383	0.09895153902471066	0.07586256042122841	0.0831162128597498	0.03047948982566595	0.03904622886329889	0.01100924564525485	0.06805786862969398	0.16295074671506882	0.06624976545572281	0.05564225651323795	proposal
grp-16	T1	19	11	3	0.1464929125187072	0.0407721788876436	0.054490020498633385	0.058506310494108635	0.03156631605022333	0.04895261184058406	0.009220351443879983	0.04848271066492254	0.4201576452363621	0.08907098492438142	0.05228796973824501	hedge
grp-16	T1	20	7	3	0.3968291256044592	0.04400107577177031	0.03364720514842442	0.02732512354850769	0.014001765421458654	0.012182450287842326	0.04712245683185756	0.048892899283341	0.33986069208809305	0.024797074496746063	0.01134012925571629	hedge
grp-16	T2	6	2	1	0.2476773615926504	0.38307321071624756	0.023406563326716423	0.015216430881991982	0.04422352463006973	0.017856866121292114	0.021024718647822738	0.021961059421300888	0.16120241209864616	0.046434612944722176	0.017923180828802288	proposal
grp-16	T2	7	3	2	0.179613646119833	0.29543973319232464	0.05773066201557716	0.04190951042498151	0.0328504778444767	0.031084338203072548	0.008129858411848545	0.06253315818806489	0.1702075923482577	0.05819903779774904	0.06230194059511026	hedge
grp-16	T2	8	6	2	0.08548178989440203	0.21055198336640993	0.043839849376430116	0.06227721910302838	0.04616518039256334	0.031058291904628277	0.0321538255084306	0.05776132022341093	0.3193485861023267	0.05338273818294207	0.0579791950682799	hedge
grp-16	T2	9	2	2	0.03272215067408979	0.2897612638771534	0.025938456878066063	0.03169227123726159	0.03461110219359398	0.011378046008758247	0.005233450909145176	0.027823799173347652	0.4940592646598816	0.026539270184002817	0.02024091617204249	hedge
grp-16	T2	10	1	1	0.017766864970326424	0.3388567268848419	0.008692768402397633	0.010881899856030941	0.006116126198321581	0.010903174988925457	0.0047632441855967045	0.02202501893043518	0.5451808571815491	0.020731039345264435	0.014082223176956177	hedge
grp-16	T2	11	6	2	0.19661441072821617	0.1439502357194821	0.051818006206303835	0.05748074563841025	0.040851885142425694	0.02571934104586641	0.011860200708421567	0.05400264076888561	0.33942606548468274	0.04617371239388982	0.032102765049785376	hedge
grp-16	T2	12	6	2	0.06340147213389476	0.28188907851775485	0.038179500649372734	0.044451551123832665	0.02830907943037649	0.02771139486382405	0.01506691169925034	0.04896774282678962	0.32726605733235675	0.09392749735464652	0.030829691017667454	hedge
grp-16	T2	13	5	2	0.051305719465017316	0.12279148818925023	0.031249522976577283	0.02859854865819216	0.05930473357439041	0.07444047313183547	0.04973213141784072	0.03837877754122019	0.4844779372215271	0.03419411294162274	0.025526529550552367	hedge
grp-16	T2	14	5	3	0.05682774968445301	0.11103872265666723	0.030685933865606786	0.02840604241937399	0.035711821541190146	0.04898225199431181	0.10036451516207308	0.03002404668368399	0.4028674364089966	0.12913025431334973	0.025961224175989627	hedge
grp-16	T2	15	3	2	0.27410363033413887	0.06504830035070579	0.03661335383852323	0.05019543350984653	0.1936672292649746	0.04262790363281965	0.005304364332308372	0.0576670387138923	0.18655811871091524	0.054307542741298676	0.03390709372858206	compromise
grp-16	T2	16	6	3	0.1346979751251638	0.09611595204720895	0.043688774264107146	0.04829681245610118	0.04780388018116355	0.08049022278282791	0.007253230161344011	0.04120714652041594	0.4341437468926112	0.0448323767632246	0.02146984248732527	hedge
grp-16	T2	17	4	2	0.032535326201468706	0.17643303563818336	0.027727224689442664	0.020651423721574247	0.09267969609936699	0.09796473325695843	0.014739534439286217	0.02843559836037457	0.4400598891079426	0.04607255174778402	0.022700993446051143	hedge
grp-16	T2	18	7	3	0.042172434872814586	0.030390649501766478	0.0201880687049457	0.03458242144967828	0.01801192866904395	0.09723953164315649	0.009458325104787946	0.079048663643854	0.5252654807908195	0.12889359066528933	0.014748883965824331	hedge
grp-16	T2	19	14	4	0.08405292380068984	0.04353755037300289	0.03238977179197328	0.07191394841564554	0.03664093943578856	0.04661632443146248	0.0218528015996396	0.04194827371143869	0.5250183131013598	0.06858935606266771	0.027439786004833877	hedge
grp-16	T2	20	10	4	0.05426747053861618	0.06275418745353818	0.02864497760310769	0.04312855708412826	0.06513197808526457	0.03859152039512992	0.006993599189445377	0.04022222366183996	0.49103250801563264	0.13701514163985848	0.0322178159840405	hedge
grp-16	T2	21	6	3	0.06318377579251926	0.054867068538442254	0.05009004815171162	0.05916050487818817	0.05262550991028547	0.03870083546886841	0.006159179009652386	0.04082891081149379	0.39524000386397046	0.20698525135715803	0.03215895111983021	hedge
grp-16	T2	22	2	2	0.05059625115245581	0.03349037724547088	0.04099004436284304	0.0519740916788578	0.02120655309408903	0.029976630117744207	0.011385724414139986	0.05247131548821926	0.4354197680950165	0.25393882393836975	0.018550463253632188	decision
grp-16	T3	10	2	1	0.1111939400434494	0.06683509796857834	0.06543059460818768	0.09983448311686516	0.06605850346386433	0.06240571290254593	0.007146250456571579	0.07920843735337257	0.24333181977272034	0.11701546609401703	0.08153977990150452	hedge
grp-16	T3	11	10	3	0.26839191988110545	0.03900328101590276	0.0652007907629013	0.039509864151477815	0.04815788259729743	0.013437255518510938	0.005489364138338715	0.05050422539934516	0.3890691589564085	0.051643301360309125	0.029592948500066996	hedge
grp-16	T3	12	7	3	0.22293173894286156	0.05414140623595033	0.05816829523869923	0.0661334762615817	0.08801439191613879	0.025945214022483145	0.0075437909191740414	0.05629300485764231	0.3122834196048124	0.06259710022381373	0.04594816054616656	hedge
grp-16	T3	13	4	2	0.15145341539755464	0.012950525269843638	0.06187207577750087	0.03435407392680645	0.08145140472333878	0.00672965838748496	0.010723950283136219	0.06254315469413996	0.5387165145948529	0.016244415193796158	0.022960813948884606	hedge
grp-16	T3	14	5	2	0.06620325669646263	0.12822218500077726	0.037693430483341214	0.04742088336497545	0.1210897171869874	0.019075878709554673	0.007143791811540723	0.050228291749954225	0.4123335599899292	0.05649134442210198	0.05409766146913171	hedge
grp-16	T3	15	7	3	0.19759903981217317	0.08517137272948665	0.04905279912054539	0.028917239047586918	0.10899933866624321	0.011041011295414396	0.009364824326309775	0.05397765019110271	0.3879721015691757	0.03805394244513342	0.029850701402340616	hedge
grp-16	T3	16	9	4	0.05176796453694502	0.08507879285348786	0.033624525285429425	0.0374993858858943	0.13257674045032924	0.00805796064539916	0.006863222315183116	0.03281412832438946	0.5180722185307078	0.07820210874908501	0.015442949616246752	hedge
grp-16	T3	17	7	3	0.0959613344499043	0.14905977728111403	0.10276473153914724	0.0491420702310279	0.1642234410558428	0.01500711074498083	0.0118866910093597	0.05702585939850126	0.2761285560471671	0.0514945425093174	0.02730589366651007	hedge
grp-16	T3	18	5	3	0.04986333549022674	0.052536541223526	0.02333963792771101	0.04483374692499638	0.024887970788404344	0.019136465899646283	0.004825347429141402	0.03864294737577438	0.5820066809654236	0.1244126282632351	0.03551472760736942	hedge
grp-16	T3	19	10	3	0.09678712971508503	0.03203295832499862	0.03670522607862949	0.14105761144310236	0.03907081172801554	0.024285403778776526	0.010740502527914942	0.05113120600581169	0.4731495022773743	0.05012893471866846	0.04491071500815451	hedge
grp-16	T3	20	7	3	0.07080455590039492	0.1481809743813106	0.057818676478096416	0.0445042700905885	0.07865535241684743	0.012103984182301377	0.006492208074113088	0.06291481001036507	0.44451481316770824	0.04772588484255331	0.02628448128234595	hedge
grp-16	T3	21	5	3	0.08896334692835808	0.033250645361840726	0.06028882171958685	0.03582963589578867	0.0566084417514503	0.039469978865236045	0.011257045622915029	0.07900440841913223	0.4901790633797646	0.06451288536190987	0.040635775029659274	hedge
grp-16	T3	22	4	1	0.0412097480148077	0.12348181521520019	0.027788270555902272	0.03867552531301044	0.14158241916447878	0.015197215863736346	0.011828400427475572	0.03159173927269876	0.4984827972948551	0.04043636075221002	0.0297257064958103	hedge
grp-16	T3	23	7	3	0.17003946964229857	0.10471673496067524	0.07070061990192958	0.028839774828936373	0.10469489491411618	0.01321624219417572	0.0063231746566348845	0.044526111733700545	0.37038479638951166	0.05197803010897977	0.034580183415008445	hedge
grp-16	T3	24	7	3	0.08570808172225952	0.03191776241042784	0.03760206965463502	0.14664412449513162	0.025743040655340468	0.02111088005559785	0.006078817249674883	0.0584720673837832	0.47898849312748226	0.055787808927042146	0.051946863532066345	hedge
grp-16	T3	25	7	3	0.14831453348909104	0.10469368818615164	0.07718650251626968	0.04722192427808685	0.056134141981601715	0.019849769870883653	0.009488739422522485	0.04340383343930755	0.3508071455040148	0.1103324182331562	0.03256730728649667	hedge
grp-16	T3	26	7	3	0.0897435168735683	0.09354684222489595	0.06965267428729151	0.03207315371504852	0.05249642115086317	0.07780727181982781	0.005900506345954325	0.029112443194857666	0.4646948618548257	0.06650749065114983	0.01846478839537927	hedge
grp-16	T3	27	4	3	0.19875675858929753	0.27859614230692387	0.028245851630344987	0.03578157350420952	0.09404462995007634	0.01692361425375566	0.004325393703766167	0.03581491997465491	0.24511069152504206	0.04535542335361242	0.017045028740540147	hedge
grp-16	T3	28	3	2	0.2274076590935389	0.043104605128367744	0.041867402692635856	0.052553498496611915	0.03497857041656971	0.02458477361748616	0.012780106626451015	0.0651968630651633	0.41661888360977173	0.05229636716345946	0.028611242926369112	hedge
grp-16	T3	31	3	2	0.07881067569057147	0.2968788656095664	0.041403696251412235	0.018329704801241558	0.17739942173163095	0.008058301638811827	0.002940732694696635	0.0517930838589867	0.2596793919801712	0.05170806062718233	0.012998042938609919	compromise
grp-16	T4	6	3	1	0.15437176078557968	0.06996168568730354	0.05689952398339907	0.0969289739926656	0.055535885194937386	0.03561375973125299	0.006805737192432086	0.07909394552310307	0.28822701176007587	0.08120379721124966	0.07535795494914055	hedge
grp-16	T4	7	7	3	0.08924029501421112	0.10567449578749281	0.05513025687209198	0.07194163756711143	0.05317724376384701	0.03325161763599941	0.00787673837372235	0.08700306713581085	0.3751806233610426	0.06674720799284321	0.054776823946407864	hedge
grp-16	T4	8	5	2	0.06313775181770324	0.034152941592037675	0.034542566537857054	0.05347331911325455	0.03548322916030884	0.020190206170082093	0.0063854876905679704	0.05202847383916378	0.597405207157135	0.05192512646317482	0.051275641098618506	hedge
grp-16	T4	9	8	3	0.13222497794777155	0.02966581186046824	0.04480720905121416	0.05640009819762781	0.06598966973251663	0.0175596050103195	0.006558713110280223	0.03973795962519944	0.47147947177290916	0.1083258530125022	0.02725062723038718	hedge
grp-16	T4	10	4	2	0.095606604591012	0.037029903032816947	0.034590260591357946	0.03476008912548423	0.046028323587961495	0.01317482179729268	0.005645009339787066	0.06119954213500023	0.5881204083561897	0.041490994626656175	0.04235401353798807	hedge
grp-16	T4	11	7	3	0.038672548319612234	0.01516094065404364	0.03978117488856826	0.08119308589292425	0.03989586140960455	0.015770921217543737	0.005123626673594117	0.035092155183000226	0.571722286088126	0.14399415640426533	0.013593224409435476	hedge
grp-16	T4	12	6	3	0.09207332630952199	0.10762906974802415	0.050368002926309906	0.04631200758740306	0.06715514262517293	0.03172631577278177	0.010798621457070112	0.04471081060667833	0.418813335398833	0.08284859297176202	0.04756477475166321	hedge
grp-16	T4	13	5	2	0.051305719465017316	0.12279148818925023	0.031249522976577283	0.02859854865819216	0.05930473357439041	0.07444047313183547	0.04973213141784072	0.03837877754122019	0.4844779372215271	0.03419411294162274	0.025526529550552367	hedge
grp-16	T4	14	5	3	0.05682774968445301	0.11103872265666723	0.030685933865606786	0.02840604241937399	0.035711821541190146	0.04898225199431181	0.10036451516207308	0.03002404668368399	0.4028674364089966	0.12913025431334973	0.025961224175989627	hedge
grp-16	T4	15	3	2	0.27410363033413887	0.06504830035070579	0.03661335383852323	0.05019543350984653	0.1936672292649746	0.04262790363281965	0.005304364332308372	0.0576670387138923	0.18655811871091524	0.054307542741298676	0.03390709372858206	compromise
grp-16	T4	16	6	3	0.1346979751251638	0.09611595204720895	0.043688774264107146	0.04829681245610118	0.04780388018116355	0.08049022278282791	0.007253230161344011	0.04120714652041594	0.4341437468926112	0.0448323767632246	0.02146984248732527	hedge
grp-16	T4	17	4	2	0.032535326201468706	0.17643303563818336	0.027727224689442664	0.020651423721574247	0.09267969609936699	0.09796473325695843	0.014739534439286217	0.02843559836037457	0.4400598891079426	0.04607255174778402	0.022700993446051143	hedge
grp-16	T4	18	7	3	0.042172434872814586	0.030390649501766478	0.0201880687049457	0.03458242144967828	0.01801192866904395	0.09723953164315649	0.009458325104787946	0.079048663643854	0.5252654807908195	0.12889359066528933	0.014748883965824331	hedge
grp-16	T4	19	14	4	0.08405292380068984	0.04353755037300289	0.03238977179197328	0.07191394841564554	0.03664093943578856	0.04661632443146248	0.0218528015996396	0.04194827371143869	0.5250183131013598	0.06858935606266771	0.027439786004833877	hedge
grp-16	T4	20	10	4	0.05426747053861618	0.06275418745353818	0.02864497760310769	0.04312855708412826	0.06513197808526457	0.03859152039512992	0.006993599189445377	0.04022222366183996	0.49103250801563264	0.13701514163985848	0.0322178159840405	hedge
grp-16	T4	21	6	3	0.06318377579251926	0.054867068538442254	0.05009004815171162	0.05916050487818817	0.05262550991028547	0.03870083546886841	0.006159179009652386	0.04082891081149379	0.39524000386397046	0.20698525135715803	0.03215895111983021	hedge
grp-16	T4	22	2	2	0.05059625115245581	0.03349037724547088	0.04099004436284304	0.0519740916788578	0.02120655309408903	0.029976630117744207	0.011385724414139986	0.05247131548821926	0.4354197680950165	0.25393882393836975	0.018550463253632188	decision
