session_id	task	window_index	n_participants	window_start_lsl	window_end_lsl	eda_mean_group_mean	eda_mean_group_std	ppg_rate_proxy_bpm_group_mean	ppg_rate_proxy_bpm_group_std	pupil_mean_group_mean	pupil_mean_group_std
ses-20260312_grp-07_run01	T0	0	4	328080.922928	328110.922928	0.07358619524521823	0.022880519041504427	74.69867848769327	16.824979378946527	3.128195243708508	0.27281531547968674
ses-20260312_grp-07_run01	T0	1	4	328095.922928	328125.922928	0.07540882098337945	0.02451431599167606	72.14428177606749	18.02987317058789	3.1781225960345356	0.23073726704381278
ses-20260312_grp-07_run01	T0	2	4	328110.922928	328140.922928	0.07689293864294659	0.026197979163255797	77.6593687910987	16.805528350162984	3.3177597052771497	0.2302083489633612
ses-20260312_grp-07_run01	T0	3	4	328125.922928	328155.922928	0.07879727667626703	0.02774979727821372	78.87091686421064	10.060571501792252	3.3625213218762213	0.10670520434891212
ses-20260312_grp-07_run01	T0	4	4	328140.922928	328170.922928	0.08200615983235103	0.029364966975329383	73.12177934915198	9.577745877480876	3.2105394060323595	0.13852459541128548
ses-20260312_grp-07_run01	T0	5	4	328155.922928	328185.922928	0.08577227285547848	0.0315634912269723	67.65830590307347	6.48642277660688	3.0728735448235973	0.24169119624047522
ses-20260312_grp-07_run01	T0	6	4	328170.922928	328200.922928	0.08829819488630364	0.03313183748676982	73.71142000095847	8.23151737406776	2.894746883317881	0.2561637603863741
ses-20260312_grp-07_run01	T0	7	4	328185.922928	328215.922928	0.09002849274573912	0.03411481455965315	74.39526021747422	7.435462966692188	2.777615265802675	0.21338338976538426
ses-20260312_grp-07_run01	T0	8	4	328200.922928	328230.922928	0.0899034650684931	0.03393731280817244	76.0730879445316	5.853206472621143	2.822279678503598	0.22617329171012052
ses-20260312_grp-07_run01	T0	9	4	328215.922928	328245.922928	0.08882890322387657	0.03309634566117492	77.07772854765346	10.63231140426321	2.809460984796013	0.2108820743733096
ses-20260312_grp-07_run01	T0	10	4	328230.922928	328260.922928	0.0906498035271207	0.03352568965543635	82.00694162792897	9.352587770082845	2.758411692788738	0.19692312325182987
ses-20260312_grp-07_run01	T0	11	4	328245.922928	328275.922928	0.09378247311218982	0.035222764589524086	81.51942409545877	7.767122752524575	2.7207827425136837	0.14974011493052797
ses-20260312_grp-07_run01	T0	12	4	328260.922928	328290.922928	0.09383873263451087	0.03542508432630642	76.12142549104806	6.247649950552108	2.762902743684364	0.15587743418273342
ses-20260312_grp-07_run01	T0	13	4	328275.922928	328305.922928	0.09109405826380665	0.03356069290944725	77.59165044856681	5.774892663411612	2.882185520780866	0.19247943141535998
ses-20260312_grp-07_run01	T0	14	4	328290.922928	328320.922928	0.09186539637482898	0.03369052322328229	77.87305112919161	7.3856524328406135	2.8286711992939755	0.2091022879813596
ses-20260312_grp-07_run01	T0	15	4	328305.922928	328335.922928	0.09312348943617413	0.034051095734426697	72.95923072910803	11.655713035288915	2.8113950494815834	0.1977844903472958
ses-20260312_grp-07_run01	T0	16	4	328320.922928	328350.922928	0.09305529839150056	0.03311252611679879	73.05892458400865	14.703034134706636	3.0015913058504657	0.2514081891899012
ses-20260312_grp-07_run01	T0	17	4	328335.922928	328365.922928	0.09024366881582976	0.03257806904976632	66.40296436067132	10.541607735157754	3.199393860144678	0.3148150129144172
ses-20260312_grp-07_run01	T0	18	4	328350.922928	328380.922928	0.09338156756034471	0.03298230427933255	62.953034332642815	13.235299559002708	3.1564577875869366	0.2566853473260541
ses-20260312_grp-07_run01	T0	19	4	328365.922928	328395.922928	0.10187489770406065	0.03322742480889628	68.83153894901835	15.332604837756566	3.0083723020219866	0.24955883526373615
ses-20260312_grp-07_run01	T0	20	4	328380.922928	328410.922928	0.10538673917908298	0.033822556461009304	66.96504569780802	12.046065893158303	2.966350132132629	0.16279150319625452
ses-20260312_grp-07_run01	T0	21	4	328395.922928	328425.922928	0.10943700006010554	0.035047189920226096	66.0802592332749	9.511858363015742	3.101354535691251	0.07226386358827235
ses-20260312_grp-07_run01	T0	22	4	328410.922928	328440.922928	0.11215406361760658	0.03617640849797435	74.23652345538457	17.3776982812627	3.135413886997101	0.10825887111372982
ses-20260312_grp-07_run01	T0	23	4	328425.922928	328455.922928	0.10779358060676092	0.036151087798857985	73.73852492855853	14.05612372038543	3.1251191923304056	0.22833688136888167
ses-20260312_grp-07_run01	T0	24	4	328440.922928	328470.922928	0.10341726456628073	0.03968824813845907	73.32293823717211	6.090610032028042	3.2054206732192663	0.35751155653545763
ses-20260312_grp-07_run01	T0	25	4	328455.922928	328485.922928	0.10998921098066293	0.040207251723199285	67.38238571769378	13.945796028471717	3.13503322518103	0.37275367923202607
ses-20260312_grp-07_run01	T0	26	4	328470.922928	328500.922928	0.11571166609353506	0.04191127418099805	73.71610597565103	8.236458159006345	3.025558149078256	0.39699951182228577
ses-20260312_grp-07_run01	T0	27	4	328485.922928	328515.922928	0.11308284855769227	0.04400504407693915	67.6119771601022	14.458718662510034	3.0969659913991046	0.286607211636523
ses-20260312_grp-07_run01	T0	28	4	328500.922928	328530.922928	0.1890210630136986	0.0	49.17387879697222	0.0	3.024509269589583	0.17338749815201887
ses-20260312_grp-07_run01	T1	0	4	328531.319932	328561.319932	0.1216614930674821	0.049039914092061286	70.04296466174297	12.300737954208932	2.8744964953408934	0.16986761198748745
ses-20260312_grp-07_run01	T1	1	4	328546.319932	328576.319932	0.12297006352037172	0.050861557690078975	70.41990090938495	8.446575809017663	2.7527741134547328	0.3367026537298977
ses-20260312_grp-07_run01	T1	2	4	328561.319932	328591.319932	0.12372196428571428	0.05245462324343611	68.59765328369858	7.871948994488632	2.820978712423236	0.23218648152728866
ses-20260312_grp-07_run01	T1	3	4	328576.319932	328606.319932	0.12158483097906525	0.05503662838558796	65.42121090520997	6.980320768850629	2.7259912999898246	0.15066602200101914
ses-20260312_grp-07_run01	T1	4	4	328591.319932	328621.319932	0.11827122713584312	0.05885099177973278	78.18506746461856	9.649473981601602	2.698709073775365	0.12811693749210207
ses-20260312_grp-07_run01	T1	5	4	328606.319932	328636.319932	0.11839971986301362	0.06083400794937538	72.22345881729368	15.91773465406527	2.8252021105601273	0.24257695670679008
ses-20260312_grp-07_run01	T1	6	4	328621.319932	328651.319932	0.12282141833634974	0.05960815594420955	73.74623845566408	17.92745103082479	2.772363539806881	0.1738366367160703
ses-20260312_grp-07_run01	T1	7	4	328636.319932	328666.319932	0.13109121620689654	0.05694718944119435	78.60990634034785	13.015918910712129	2.617878425878451	0.32237009032041397
ses-20260312_grp-07_run01	T1	8	4	328651.319932	328681.319932	0.13257472640218876	0.057366155700590754	81.2092529964478	12.702676750142667	2.749844498749488	0.21804505740132774
ses-20260312_grp-07_run01	T1	9	4	328666.319932	328696.319932	0.12714535958904108	0.06125348419645414	70.60963880159395	10.812008584361186	3.0853376939772996	0.12325804112449139
ses-20260312_grp-07_run01	T1	10	4	328681.319932	328711.319932	0.128018702739726	0.06611555234762474	72.2495774590932	9.434110756737415	3.172052116070276	0.1187613910672723
ses-20260312_grp-07_run01	T1	11	4	328696.319932	328726.319932	0.13445548279519512	0.06886620992967904	72.26111478287561	9.430630617963832	3.0371842018331634	0.41719464554005686
ses-20260312_grp-07_run01	T1	12	4	328711.319932	328741.319932	0.14128885670221192	0.06725324980280926	74.60036766176837	12.58565800109378	3.0330072696147843	0.3270407027730132
ses-20260312_grp-07_run01	T1	13	4	328726.319932	328756.319932	0.14481672391417075	0.06580828012366459	72.1789442087404	11.21316465535123	2.9028088371331617	0.3615796154507247
ses-20260312_grp-07_run01	T1	14	4	328741.319932	328771.319932	0.14350679278257997	0.06648658199685462	73.8334419871137	15.348617521696742	2.8045493896318976	0.49903052136796483
ses-20260312_grp-07_run01	T1	15	4	328756.319932	328786.319932	0.14339281242974744	0.06758083001855085	77.31603576262434	7.2704723701736	2.934102329407613	0.37670932790477557
ses-20260312_grp-07_run01	T1	16	4	328771.319932	328801.319932	0.1457219885793506	0.06741270322924872	83.4193313794327	5.645009752618711	3.2416743125090144	0.12138928382436683
ses-20260312_grp-07_run01	T1	17	4	328786.319932	328816.319932	0.146400950776359	0.06762109236004628	80.17927993479927	6.526230745270505	3.5884307714497723	0.6426178860005282
ses-20260312_grp-07_run01	T1	18	4	328801.319932	328831.319932	0.1469851283942057	0.06736229900820997	79.47701530363524	10.476544959347617	3.6366956529618477	0.7834229122494701
ses-20260312_grp-07_run01	T1	19	4	328816.319932	328846.319932	0.14870072351895863	0.06591785958087705	71.12149853389664	19.812114388009743	3.16005302809246	0.20860412501367706
ses-20260312_grp-07_run01	T1	20	4	328831.319932	328861.319932	0.15244145308219176	0.06319898883899121	76.19561600704884	14.33231483230941	3.1344576926444985	0.146098945436348
ses-20260312_grp-07_run01	T1	21	4	328846.319932	328876.319932	0.15070527683370333	0.06192780556186983	77.59679309776241	12.330927164304185	3.0311727151091072	0.06947805521522854
ses-20260312_grp-07_run01	T1	22	4	328861.319932	328891.319932	0.14468304353344075	0.06549860018805935	74.02250164949058	8.862613919713759	2.985346857937043	0.19762989245640553
ses-20260312_grp-07_run01	T1	23	4	328876.319932	328906.319932	0.14176754777496203	0.06856605903085095	77.70393347824495	12.042701024412017	2.9969203028453766	0.2340837859010621
ses-20260312_grp-07_run01	T1	24	4	328891.319932	328921.319932	0.1451390289151376	0.06644355054102327	72.21524197230568	8.686490558167375	2.9708164717690155	0.32658529874910686
ses-20260312_grp-07_run01	T1	25	4	328906.319932	328936.319932	0.14680916139368486	0.0659834967303897	75.22168978686994	13.053168936888095	2.959458685890125	0.32534159775968896
ses-20260312_grp-07_run01	T1	26	4	328921.319932	328951.319932	0.14960848741407223	0.06503887875339266	70.97032100034086	7.006950128486016	2.9227260489104134	0.22968633101275757
ses-20260312_grp-07_run01	T1	27	4	328936.319932	328966.319932	0.1525698631487188	0.06364254713511969	71.69071217371669	8.415426574041371	2.908700628158389	0.16046101728586912
ses-20260312_grp-07_run01	T1	28	4	328951.319932	328981.319932	0.1496886099603233	0.0664022082545743	69.12986725274268	8.208572054647789	2.8286944308852635	0.16329914122482087
ses-20260312_grp-07_run01	T1	29	4	328966.319932	328996.319932	0.1513991462633909	0.06602646925906237	72.68643261358037	9.292655338652214	2.7766627009234455	0.1704893755730671
ses-20260312_grp-07_run01	T1	30	4	328981.319932	329011.319932	0.146791149945243	0.06867278188836747	68.84033110469923	13.227587440459475	2.7792606761707654	0.23379748600997624
ses-20260312_grp-07_run01	T1	31	4	328996.319932	329026.319932	0.14045423533244017	0.07335487722446082	73.79160062595196	8.61222837022115	2.7666398678092294	0.25277123824333364
ses-20260312_grp-07_run01	T1	32	4	329011.319932	329041.319932	0.14019374898881798	0.07431770376684063	78.86216420635004	10.397602336209717	2.778417083582851	0.24821836554013085
ses-20260312_grp-07_run01	T1	33	4	329026.319932	329056.319932	0.14048775610371084	0.07460591518344797	75.95237316386168	9.910154785106164	2.779414167551595	0.30467022647047337
ses-20260312_grp-07_run01	T1	34	4	329041.319932	329071.319932	0.1409722270616759	0.07460042807465705	77.28725260810428	8.992031841364433	2.7980033677430898	0.31618071740931764
ses-20260312_grp-07_run01	T1	35	4	329056.319932	329086.319932	0.14782703025092742	0.07031893610502891	76.88257822212351	9.514234708946164	2.9200857668304607	0.29538008237006447
ses-20260312_grp-07_run01	T1	36	4	329071.319932	329101.319932	0.16031477688555557	0.06593108045281505	77.93044524777085	9.754156826859328	3.0696994919597307	0.354920138743501
ses-20260312_grp-07_run01	T1	37	4	329086.319932	329116.319932	0.16828890818431907	0.06626878220633972	73.32806174924269	8.55200623090556	2.98606459127968	0.26997005080373265
ses-20260312_grp-07_run01	T1	38	4	329101.319932	329131.319932	0.1772826880897337	0.0698876396684584	71.02442541749001	12.332874509280899	2.8475002444084114	0.18140430896505597
ses-20260312_grp-07_run01	T1	39	4	329116.319932	329146.319932	0.17721030372240254	0.06937589843853463	74.56933569922654	8.350466246545983	2.8604988380524374	0.14988181049698207
ses-20260312_grp-07_run01	T1	40	4	329131.319932	329161.319932	0.169894280672945	0.06709070349196791	77.39093143934828	10.795538678185782	3.0169564845615926	0.23409744116438702
ses-20260312_grp-07_run01	T1	41	4	329146.319932	329176.319932	0.1692905206083803	0.06830548225231707	78.05874709776455	9.757619489370203	2.9832910129042647	0.23777796989297675
ses-20260312_grp-07_run01	T1	42	4	329161.319932	329191.319932	0.16647060786876872	0.06672782302204296	75.13443206184284	9.894928741326723	2.8686092430640446	0.22682265152231543
ses-20260312_grp-07_run01	T1	43	4	329176.319932	329206.319932	0.1609234935612444	0.06664212704598958	72.73737722822536	10.399556314751337	2.8852074391086786	0.298947146778421
ses-20260312_grp-07_run01	T2	0	4	329215.981885	329245.981885	0.1709514420722223	0.0681140496794546	70.19996246096777	12.428704116491666	2.8595657783015205	0.15314981689289342
ses-20260312_grp-07_run01	T2	1	4	329230.981885	329260.981885	0.17006299749432546	0.06930837501357565	74.41973103803929	15.517504758479218	2.8076423838254723	0.23869992334432003
ses-20260312_grp-07_run01	T2	2	4	329245.981885	329275.981885	0.17170225080976118	0.06865001487089273	74.66601791625627	12.325432444525637	2.821103115999776	0.2606993775366478
ses-20260312_grp-07_run01	T2	3	4	329260.981885	329290.981885	0.173005778990809	0.06975875330325461	79.17081641594876	6.089256828986241	2.7868668910799395	0.16453791871412474
ses-20260312_grp-07_run01	T2	4	4	329275.981885	329305.981885	0.17381465262791962	0.07150645535515825	75.6520200183518	12.124206435229906	2.6600802401082677	0.17946016784664537
ses-20260312_grp-07_run01	T2	5	4	329290.981885	329320.981885	0.17624324931034477	0.07060780035578547	72.22006523382251	12.202268648131628	2.7442376967282955	0.20253795393829294
ses-20260312_grp-07_run01	T2	6	4	329305.981885	329335.981885	0.17303394079740375	0.07131753100036911	71.69463426763306	7.332310743033923	2.954455792738282	0.2366104224908326
ses-20260312_grp-07_run01	T2	7	4	329320.981885	329350.981885	0.16790912761506271	0.07425363402359209	67.27508014895912	15.094376365947705	3.1356050562457787	0.08542639111572194
ses-20260312_grp-07_run01	T2	8	4	329335.981885	329365.981885	0.16035933176736875	0.07676477829537583	66.96246835922824	12.090591159312952	3.3220176760309066	0.33988089783524933
ses-20260312_grp-07_run01	T2	9	4	329350.981885	329380.981885	0.16208918244600468	0.07796650071587734	69.44617198719402	12.911132619980485	2.9671019500271556	0.3847194204806175
ses-20260312_grp-07_run01	T2	10	4	329365.981885	329395.981885	0.17371467240832847	0.07881392305910526	81.0921150141012	10.49264802435691	2.991649869750144	0.17887099942667184
ses-20260312_grp-07_run01	T2	11	4	329380.981885	329410.981885	0.17372468891922732	0.06908104124217772	80.7671800119576	11.060321356038548	2.85976530206152	0.27663023767273565
ses-20260312_grp-07_run01	T2	12	4	329395.981885	329425.981885	0.17056883751757893	0.07205829288792247	78.66187967783401	11.449122714507121	2.8491184491507986	0.4213152411585254
ses-20260312_grp-07_run01	T2	13	4	329410.981885	329440.981885	0.173725424896936	0.08220426164288806	82.75835809168704	14.781146164868632	2.807769198853543	0.5181281928701136
ses-20260312_grp-07_run01	T2	14	4	329425.981885	329455.981885	0.1738648355027873	0.08469183765641013	86.37073249848792	20.02780567420889	2.818643518051341	0.5175554040919172
ses-20260312_grp-07_run01	T2	15	4	329440.981885	329470.981885	0.16803872714019508	0.09344825905864114	83.96641872704765	12.940559740483124	2.9670044134179068	0.3852922991541055
ses-20260312_grp-07_run01	T2	16	4	329455.981885	329485.981885	0.16609404610607267	0.100444875451516	77.96660685053129	15.152507951205346	3.082571691590365	0.2065737939468422
ses-20260312_grp-07_run01	T2	17	4	329470.981885	329500.981885	0.18120257459701972	0.09665607614171552	76.11651104627352	11.55345744485827	3.0322217012857	0.2457292952704857
ses-20260312_grp-07_run01	T2	18	4	329485.981885	329515.981885	0.18784009785957412	0.10022196806716493	79.62789288236578	9.769242842146939	2.964687295814868	0.2607676478385916
ses-20260312_grp-07_run01	T2	19	4	329500.981885	329530.981885	0.18273666678272982	0.1034151172413458	84.34230057928438	13.300892118639803	2.9534930177227166	0.21593141256647647
ses-20260312_grp-07_run01	T2	20	4	329515.981885	329545.981885	0.18737075482093657	0.09787160541249566	79.77184349442709	11.11742146809747	2.9310570564452196	0.23439646637811196
ses-20260312_grp-07_run01	T2	21	4	329530.981885	329560.981885	0.19605765082644627	0.09365453233745567	76.24485933490301	13.64701949273258	2.9664352712075197	0.26894171754407803
ses-20260312_grp-07_run01	T2	22	4	329545.981885	329575.981885	0.20012104068965514	0.09420919456381957	76.95590976166993	10.020096429410719	3.0386731772680626	0.2900836546643422
ses-20260312_grp-07_run01	T2	23	4	329560.981885	329590.981885	0.19529479189560434	0.10008447712241271	72.78123778724141	15.016294211910687	3.04358169352067	0.3021387573974739
ses-20260312_grp-07_run01	T2	24	4	329575.981885	329605.981885	0.19960049333262161	0.1002892644579773	71.58083955988725	14.022384105378256	3.106119946537661	0.2503936734669074
ses-20260312_grp-07_run01	T2	25	4	329590.981885	329620.981885	0.2146483839624881	0.10278264968837884	74.41715862925192	13.594359530374144	3.161593662902971	0.14228909149792432
ses-20260312_grp-07_run01	T2	26	4	329605.981885	329635.981885	0.21764099146224908	0.1024014035424588	74.99620837542015	9.903080888338215	3.0265636156068396	0.1974848822215315
ses-20260312_grp-07_run01	T2	27	4	329620.981885	329650.981885	0.2156816242860221	0.10510251834899989	78.24265459017536	10.580443511954341	2.978749059087491	0.20691718830139713
ses-20260312_grp-07_run01	T2	28	4	329635.981885	329665.981885	0.21330703742206947	0.10243311644513893	78.05115986399352	12.458829500906928	2.9961865478326555	0.1815711253192369
ses-20260312_grp-07_run01	T2	29	4	329650.981885	329680.981885	0.21671054930477582	0.09974690073614971	67.21973800703985	10.568452350266737	2.9582288001435084	0.21042757140765753
ses-20260312_grp-07_run01	T2	30	4	329665.981885	329695.981885	0.21815088373546043	0.11200161873490293	65.64226244219743	10.965187290671642	2.9312648408458934	0.22560298166473663
ses-20260312_grp-07_run01	T2	31	4	329680.981885	329710.981885	0.21135671348160584	0.12013039856175084	73.81998845689337	10.585544250813825	3.102354169067722	0.029586881107858128
ses-20260312_grp-07_run01	T2	32	4	329695.981885	329725.981885	0.21194978504472636	0.12518316903863666	73.56798808028796	13.421378081779272	3.1118569423137883	0.13393036839000255
ses-20260312_grp-07_run01	T2	33	4	329710.981885	329740.981885	0.22119725197064427	0.12006811769714178	73.32106386602905	16.636204154999657	3.1243686068654073	0.1566953080636006
ses-20260312_grp-07_run01	T2	34	4	329725.981885	329755.981885	0.23038338437275793	0.11626849311303318	73.3200535081547	16.608735410321586	3.099285618419345	0.24508596974659747
ses-20260312_grp-07_run01	T2	35	4	329740.981885	329770.981885	0.2336814548563611	0.12076183272315538	79.28054928640888	10.46015952699313	3.091558567986746	0.2249044389545875
ses-20260312_grp-07_run01	T2	36	4	329755.981885	329785.981885	0.2276762165971492	0.12742856865035979	83.39418276588336	14.656498357220352	3.1551397679730657	0.08839292133098273
ses-20260312_grp-07_run01	T2	37	4	329770.981885	329800.981885	0.2288316261325155	0.13205360937011332	82.80282347432762	12.328758348759823	3.176832913442599	0.09112629176196935
ses-20260312_grp-07_run01	T2	38	4	329785.981885	329815.981885	0.2496196761246406	0.14790379826726835	74.26775636956766	8.302801371369469	3.169355701175062	0.07349149565399679
ses-20260312_grp-07_run01	T2	39	4	329800.981885	329830.981885	0.24504156667042482	0.1364647238062862	65.55833001435634	16.401709820531185	3.1563911492476295	0.05742556620678906
ses-20260312_grp-07_run01	T2	40	4	329815.981885	329845.981885	0.27429181156187393	0.18963263733926072	80.34940480635281	12.194777252530198	3.086523139770314	0.2631089726638773
ses-20260312_grp-07_run01	T2	41	4	329830.981885	329860.981885	0.3093539446179737	0.24982940581399588	72.74979935174728	8.394704904965527	3.0959437692929104	0.30730469688247086
ses-20260312_grp-07_run01	T2	42	4	329845.981885	329875.981885	0.2706155027322404	0.18199546461816973	67.92280394510203	13.91813390878426	3.093805669021496	0.3540062526021216
ses-20260312_grp-07_run01	T2	43	4	329860.981885	329890.981885	0.24002211137602178	0.14847892212642363	70.57666951417686	7.365548256597194	3.0317327353453054	0.5035556071356918
ses-20260312_grp-07_run01	T2	44	4	329875.981885	329905.981885	0.254410840533008	0.18507488346903544	78.97313782569263	12.58653889106225	3.1377626080385235	0.48454106103913114
ses-20260312_grp-07_run01	T2	45	4	329890.981885	329920.981885	0.24964907520091098	0.1836495366451347	82.82545930161032	8.111654595151274	3.1934512171405194	0.4996505374632127
ses-20260312_grp-07_run01	T2	46	4	329905.981885	329935.981885	0.2118004635581816	0.12506243347849513	73.23490901467171	9.601355381116873	3.264402897314203	0.26895592450942485
ses-20260312_grp-07_run01	T2	47	4	329920.981885	329950.981885	0.18968849450580083	0.1001930173263893	73.95375346970933	8.979330128609941	3.200729726064134	0.1141100544911368
ses-20260312_grp-07_run01	T2	48	4	329935.981885	329965.981885	0.21086973330787168	0.12110073819723081	74.33673568241312	10.384696150788427	3.0128536938116115	0.1401715118661261
ses-20260312_grp-07_run01	T2	49	4	329950.981885	329980.981885	0.2317546822778051	0.1554943145660653	72.24841188681344	9.431929452852815	2.981880645930165	0.13339556216181328
ses-20260312_grp-07_run01	T2	50	4	329965.981885	329995.981885	0.23283201206211465	0.149966584757973	68.63809070212969	10.258236909463266	2.8929068654245955	0.31042404452124095
ses-20260312_grp-07_run01	T2	51	4	329980.981885	330010.981885	0.24590275601521555	0.1548954107588665	67.80952446706227	8.573228320961332	2.8619512916632592	0.4527501991911966
ses-20260312_grp-07_run01	T2	52	4	329995.981885	330025.981885	0.2189432589290659	0.12699601293501356	73.33554068932783	16.137561174937254	2.909829599828793	0.47594898782762046
ses-20260312_grp-07_run01	T2	53	4	330010.981885	330040.981885	0.1997513763423575	0.10601828608936352	72.99108379329486	18.612491536359027	2.9562809612447074	0.4922130594268632
ses-20260312_grp-07_run01	T2	54	4	330025.981885	330055.981885	0.1990936827185792	0.1022806914415955	76.52206327464594	19.323448499665297	3.204565099093393	0.12085030703389359
ses-20260312_grp-07_run01	T2	55	4	330040.981885	330070.981885	0.20630981821282396	0.1114647727532502	73.97740330914156	17.161644077118677	3.146466806893616	0.06438126292025023
ses-20260312_grp-07_run01	T2	56	4	330055.981885	330085.981885	0.23793868367346932	0.15575518039797337	74.5281415654278	14.660250398159683	2.973544029617038	0.15406044132403002
ses-20260312_grp-07_run01	T2	57	4	330070.981885	330100.981885	0.25037868286578224	0.1729859381009488	77.70498287854497	8.406086354307673	2.989745371537127	0.16079366251949836
ses-20260312_grp-07_run01	T2	58	4	330085.981885	330115.981885	0.2603835856655755	0.18726070954548096	75.61301615518832	7.822164434300939	2.959637727835469	0.24910721782949272
ses-20260312_grp-07_run01	T2	59	4	330100.981885	330130.981885	0.2592479942019099	0.18809237808603746	72.38859144995462	7.648125849806127	2.858980309180758	0.20336288473820774
ses-20260312_grp-07_run01	T2	60	4	330115.981885	330145.981885	0.2490833395776566	0.17136648834198778	77.17624884044909	10.787300961850118	2.7682332528420357	0.18358462744708534
ses-20260312_grp-07_run01	T2	61	4	330130.981885	330160.981885	0.24543835450819662	0.16428437952547972	78.85428010960013	13.36400430028611	2.798454654800425	0.23234099307792916
ses-20260312_grp-07_run01	T2	62	4	330145.981885	330175.981885	0.24741470423497258	0.16666594135495624	79.8132216950924	13.115390994814238	2.8465617727578163	0.28036611522044447
ses-20260312_grp-07_run01	T2	63	4	330160.981885	330190.981885	0.25171885593847887	0.17249954142174964	82.12425143428592	13.329678027522137	2.868560256184633	0.2982022044650259
ses-20260312_grp-07_run01	T2	64	4	330175.981885	330205.981885	0.25182309189465973	0.18202118474803747	79.73914856393093	10.6592793740487	2.939722873790125	0.28364339341759376
ses-20260312_grp-07_run01	T2	65	4	330190.981885	330220.981885	0.25419115131889425	0.18478451646742464	76.66400184960108	8.61868646040693	2.965392393954533	0.262559886625935
ses-20260312_grp-07_run01	T2	66	4	330205.981885	330235.981885	0.2593838953100431	0.1935960120980572	82.04784184290772	9.358040861678578	2.9747463553119537	0.2416211947958246
ses-20260312_grp-07_run01	T2	67	4	330220.981885	330250.981885	0.2634876760476337	0.19612796814431396	82.53538513502768	10.826730854465398	2.93684356660453	0.24679193844018027
ses-20260312_grp-07_run01	T2	68	4	330235.981885	330265.981885	0.2637477114188639	0.18731083687567754	79.69957132934667	10.62761851892775	2.961054263353077	0.27453772828415707
ses-20260312_grp-07_run01	T2	69	4	330250.981885	330280.981885	0.2801609355604367	0.21580279519285298	74.815525115359	6.642447166611266	3.195681400257949	0.059268690413765805
ses-20260312_grp-07_run01	T2	70	4	330265.981885	330295.981885	0.27761019316818414	0.21302894422718346	71.0018727596213	12.651252263696785	3.4253581477515778	0.32318467972007797
ses-20260312_grp-07_run01	T2	71	4	330280.981885	330310.981885	0.26044683146776626	0.18456513452468123	75.63454591258267	8.784366965579197	3.410461170137504	0.24856743285201832
ses-20260312_grp-07_run01	T2	72	4	330295.981885	330325.981885	0.2653695102179836	0.19095024615677128	76.46675122957807	11.636851537377202	3.3529076147163925	0.17275476432332657
ses-20260312_grp-07_run01	T2	73	4	330310.981885	330340.981885	0.24231530218281033	0.15696690514917414	74.21869044225639	5.659292946623775	3.301260154579317	0.20771949978394233
ses-20260312_grp-07_run01	T3	0	4	330352.603678	330382.603678	0.22393682069672133	0.12542244487520685	76.83761069269919	12.812178959887694	2.984742512809559	0.038662485567058424
ses-20260312_grp-07_run01	T3	1	4	330367.603678	330397.603678	0.25844779651162786	0.17234969119360122	73.48280844085345	6.821078995441148	3.1055932155182275	0.06316565496001424
ses-20260312_grp-07_run01	T3	2	4	330382.603678	330412.603678	0.2798904348422496	0.20352391064930128	80.40426429030927	7.385178126682484	3.0230705952925683	0.37565834111426416
ses-20260312_grp-07_run01	T3	3	4	330397.603678	330427.603678	0.3232103262653898	0.2703107380127583	73.82029094033156	5.627898570272234	2.951507166781944	0.3341690697393527
ses-20260312_grp-07_run01	T3	4	4	330412.603678	330442.603678	0.3072105607923497	0.24256443150198387	69.03872086970033	7.855823043010897	2.9165199777931234	0.06263177076038123
ses-20260312_grp-07_run01	T3	5	4	330427.603678	330457.603678	0.25158598398629944	0.15715902718287664	66.50590618484662	9.564850815472594	2.911107584652136	0.14900695492555305
ses-20260312_grp-07_run01	T3	6	4	330442.603678	330472.603678	0.23150761336740783	0.12552228609604849	71.48576122812977	7.741652684003169	2.912590056430517	0.13303554016269303
ses-20260312_grp-07_run01	T3	7	4	330457.603678	330487.603678	0.22768500703943606	0.11981413124449372	78.09960755303501	10.314279434020339	3.061039590814215	0.4106202137566654
ses-20260312_grp-07_run01	T3	8	4	330472.603678	330502.603678	0.2210621437931034	0.11371438775592244	76.86961569250845	18.62248246422966	3.203587427748462	0.6864689886348919
ses-20260312_grp-07_run01	T3	9	4	330487.603678	330517.603678	0.21308646427236827	0.10458211665669474	70.71362212943508	16.756837828809292	2.809478101839698	0.090252374882349
ses-20260312_grp-07_run01	T3	10	4	330502.603678	330532.603678	0.21514871113872547	0.10772983809379853	69.33028734818127	8.77384924620288	2.463408124263601	0.5999192177767396
ses-20260312_grp-07_run01	T3	11	4	330517.603678	330547.603678	0.25446722282343315	0.1662195042837	66.97513703584333	8.787579760691402	2.5749726889288884	0.5452303482448898
ses-20260312_grp-07_run01	T3	12	4	330532.603678	330562.603678	0.2733430379242171	0.18867510482067654	63.00175692560556	8.408082166082007	2.7049350955396063	0.4210232917889727
ses-20260312_grp-07_run01	T3	13	4	330547.603678	330577.603678	0.2504125710851648	0.15433649023708695	61.29423485545203	10.668155953029988	2.8876534111257475	0.15937866812092658
ses-20260312_grp-07_run01	T3	14	4	330562.603678	330592.603678	0.2553479989697802	0.16561448844289803	65.90381348132883	9.409703050963646	3.2117435825420886	0.46322705570993866
ses-20260312_grp-07_run01	T3	15	4	330577.603678	330607.603678	0.2739915102739726	0.19175086105671793	67.72671256247628	9.911355955568952	3.242596474618294	0.4988354686121634
ses-20260312_grp-07_run01	T3	16	4	330592.603678	330622.603678	0.26431847126038777	0.17164852757651106	68.75650263976472	10.106803639091167	3.216399245133275	0.2923906807293583
ses-20260312_grp-07_run01	T3	17	4	330607.603678	330637.603678	0.24467508053221285	0.14824688566906688	71.48867673298477	10.293683802099498	2.8638009548515537	0.3538417792488314
ses-20260312_grp-07_run01	T3	18	4	330622.603678	330652.603678	0.24671075738000514	0.15284135472416002	73.09380103456651	11.468300591096183	3.0281125103952795	0.14614751857367253
ses-20260312_grp-07_run01	T3	19	4	330637.603678	330667.603678	0.24706085663539643	0.1425295688553329	72.77045998849198	11.622359361116748	3.024399901220544	0.2645160114941738
ses-20260312_grp-07_run01	T3	20	4	330652.603678	330682.603678	0.24564982486263734	0.1348353172466173	66.9282795175587	12.501248904224855	2.990292660997552	0.3055903017449169
ses-20260312_grp-07_run01	T3	21	4	330667.603678	330697.603678	0.24621154476584023	0.1354500647752981	65.41098569463935	10.76627177394587	3.083038877420151	0.18152118536272255
ses-20260312_grp-07_run01	T3	22	4	330682.603678	330712.603678	0.2488381816860354	0.14183067395984772	65.94272059138055	13.408291327776071	3.145168885845256	0.06630415379780542
ses-20260312_grp-07_run01	T3	23	4	330697.603678	330727.603678	0.2609595235226165	0.15913791497343036	68.99565195962835	11.522359232763751	3.179065997133886	0.0920568312622738
ses-20260312_grp-07_run01	T3	24	4	330712.603678	330742.603678	0.27882295201769747	0.18104225497455506	74.41674087504599	7.415016852921536	3.145306987158437	0.11179959976669875
ses-20260312_grp-07_run01	T3	25	4	330727.603678	330757.603678	0.2879918524023938	0.19708256638585844	77.91054801168956	9.738011285017715	3.21564375552916	0.250163227937217
ses-20260312_grp-07_run01	T3	26	4	330742.603678	330772.603678	0.26768010740454523	0.1687252589964347	82.68027410711164	12.288301058574291	3.3035599323066527	0.347996871810659
ses-20260312_grp-07_run01	T3	27	4	330757.603678	330787.603678	0.247863677126555	0.13413513076582279	79.74819114035165	9.291623500782991	3.267614478320364	0.2405387813229457
ses-20260312_grp-07_run01	T3	28	4	330772.603678	330802.603678	0.24982703999999992	0.13469531407080282	81.25325551589644	6.726312051658504	3.2700045052696165	0.14321157393865216
ses-20260312_grp-07_run01	T3	29	4	330787.603678	330817.603678	0.2529846316315189	0.14047554835299095	79.1380167442601	13.967193755900645	3.4381323376282076	0.31377971800084
ses-20260312_grp-07_run01	T3	30	4	330802.603678	330832.603678	0.25155318991859105	0.14398454962191043	76.21010636630426	13.655050048078909	3.4784751697633864	0.31202843014069237
ses-20260312_grp-07_run01	T3	31	4	330817.603678	330847.603678	0.2501284254505121	0.14228514010511364	72.57403872496684	11.512838099350885	3.1682386958577693	0.2328318703937267
ses-20260312_grp-07_run01	T3	32	4	330832.603678	330862.603678	0.2522478578718769	0.14323134922272143	75.96887425657911	13.488182839228315	3.0959060676346404	0.24088967063732028
ses-20260312_grp-07_run01	T3	33	4	330847.603678	330877.603678	0.24952403291479575	0.13951851244728936	78.13186263588784	11.490929505015577	3.08297070050841	0.268190164183821
ses-20260312_grp-07_run01	T3	34	4	330862.603678	330892.603678	0.25128547372783017	0.13682248299121566	83.62950742255408	11.536687460788341	3.060287364891189	0.337237655167876
ses-20260312_grp-07_run01	T3	35	4	330877.603678	330907.603678	0.2516081418380333	0.13853293420257654	76.59072310398385	10.670079125285064	3.021674286655454	0.30610814577562595
ses-20260312_grp-07_run01	T3	36	4	330892.603678	330922.603678	0.25329323940436144	0.1445787788347739	74.38256902061914	7.444138084453156	2.9878307303557374	0.3145433936364462
ses-20260312_grp-07_run01	T3	37	4	330907.603678	330937.603678	0.25645446377090075	0.1453534035980366	71.8690899792273	19.17938492253773	3.0406650137641185	0.3584909652452694
ses-20260312_grp-07_run01	T3	38	4	330922.603678	330952.603678	0.2563686912543585	0.1407038956492332	67.26130312859699	14.653620017172573	3.270799946151578	0.10246041402511566
ses-20260312_grp-07_run01	T3	39	4	330937.603678	330967.603678	0.25374795356206825	0.1396354253339958	69.2974358352301	11.192163932365288	3.254989015584751	0.1929855033231921
ses-20260312_grp-07_run01	T3	40	4	330952.603678	330982.603678	0.2489926817548746	0.13764778218667073	76.83876660275993	12.253119714210913	3.1309982827512357	0.12890708728882672
ses-20260312_grp-07_run01	T3	41	4	330967.603678	330997.603678	0.24932819930566075	0.1392858475927887	82.40748558942474	7.2739284311390735	3.1320736410614014	0.12533634248334888
ses-20260312_grp-07_run01	T3	42	4	330982.603678	331012.603678	0.24791840746562294	0.15166087557108776	85.33785799115314	12.26173024584064	3.2134408178928573	0.1948333241280959
ses-20260312_grp-07_run01	T3	43	4	330997.603678	331027.603678	0.24680432344827585	0.16782234672560323	76.56189256837766	8.584623372203811	3.30768713706137	0.2546643592034559
ses-20260312_grp-07_run01	T3	44	4	331012.603678	331042.603678	0.24561028708791205	0.15500360371765842	70.28356347001737	10.54610545315903	3.250851509522211	0.20521220355535302
ses-20260312_grp-07_run01	T3	45	4	331027.603678	331057.603678	0.23752078017832642	0.13615990315787033	73.2312638873491	11.302816578952187	3.097992143515937	0.2387578350775608
ses-20260312_grp-07_run01	T3	46	4	331042.603678	331072.603678	0.23473019561583158	0.13485783162080525	77.54305439163271	8.427606282170046	2.9606780594437336	0.18078260019036652
ses-20260312_grp-07_run01	T3	47	4	331057.603678	331087.603678	0.2341074666951648	0.13429302943449056	79.31581980878954	11.15177946052228	2.8484492191380175	0.3260198149245016
ses-20260312_grp-07_run01	T3	48	4	331072.603678	331102.603678	0.23204417793103443	0.13307866641429908	76.71748171520298	11.198909645650463	2.8528452525249484	0.32699002172621316
ses-20260312_grp-07_run01	T3	49	4	331087.603678	331117.603678	0.23569882070965892	0.13698806681436645	74.92243921105006	7.281006338659545	2.876290658294507	0.3021671434955671
ses-20260312_grp-07_run01	T3	50	4	331102.603678	331132.603678	0.242238202420131	0.14415173693513983	70.62286970720413	9.39353666413112	2.8935396560792643	0.30495685811676393
ses-20260312_grp-07_run01	T3	51	4	331117.603678	331147.603678	0.25100204883081156	0.1542334522856872	67.7038305395341	18.134452333544118	2.918477719142878	0.30484792204031885
ses-20260312_grp-07_run01	T3	52	4	331132.603678	331162.603678	0.26058945965517233	0.1674983643944288	64.72702029678106	10.77009708635331	2.9265079322169134	0.2247005559943428
ses-20260312_grp-07_run01	T3	53	4	331147.603678	331177.603678	0.23157196045392017	0.130493672143054	69.8137740530817	12.41384771055164	2.9444037072179707	0.18367080302544023
ses-20260312_grp-07_run01	T3	54	4	331162.603678	331192.603678	0.17715915365870474	0.0786981283891025	80.30572682429121	9.219318451371105	3.006557044774898	0.18508667670138304
ses-20260312_grp-07_run01	T3	55	4	331177.603678	331207.603678	0.1977313154828344	0.0924862952112887	72.84029540922008	7.78628143593299	3.013714257947586	0.15426563478782326
ses-20260312_grp-07_run01	T3	56	4	331192.603678	331222.603678	0.253737995428653	0.14460071278293396	69.62790979945686	12.292646101635327	2.9605917920780205	0.2274591944122791
ses-20260312_grp-07_run01	T4	0	4	331230.636399	331260.636399	0.2660685578512396	0.1679533082749419	69.88587363241035	10.31095997566782	2.8232776619718916	0.3552301286660065
ses-20260312_grp-07_run01	T4	1	4	331245.636399	331275.636399	0.25637967827298047	0.1526583414563246	71.51759666142485	14.189107452823094	2.8609193767564527	0.29887185860944165
ses-20260312_grp-07_run01	T4	2	4	331260.636399	331290.636399	0.25089145076815644	0.14085709628303708	81.35896510416079	12.47053466549865	2.8537168353460802	0.29813528530329436
ses-20260312_grp-07_run01	T4	3	4	331275.636399	331305.636399	0.24753870410292067	0.13667255925424923	78.05990000764356	10.316264398710436	2.7736502964351617	0.36507359630198033
ses-20260312_grp-07_run01	T4	4	4	331290.636399	331320.636399	0.24285999788305712	0.13317671954088395	77.82393549775252	12.812810966690133	2.6859456225712344	0.3918222454404821
ses-20260312_grp-07_run01	T4	5	4	331305.636399	331335.636399	0.2429768572423318	0.13434316579994163	73.59370149284103	11.168309969165241	2.698879976999438	0.4869112350177339
ses-20260312_grp-07_run01	T4	6	4	331320.636399	331350.636399	0.2445043831639359	0.1356429967860818	69.83539893386055	14.855984370050479	2.9025906560203336	0.2986611042985559
ses-20260312_grp-07_run01	T4	7	4	331335.636399	331365.636399	0.24270192987854955	0.13513260616668576	68.63490604364526	11.32679734376507	2.991061142653218	0.10949968842260263
ses-20260312_grp-07_run01	T4	8	4	331350.636399	331380.636399	0.24296239484412052	0.13422379089024017	67.45414248880971	11.366875121435532	2.857660032256497	0.23417117496478349
ses-20260312_grp-07_run01	T4	9	4	331365.636399	331395.636399	0.24337742485127573	0.13235878777054794	65.62164406007217	14.80697374026599	2.8631952878350875	0.35047883627183474
ses-20260312_grp-07_run01	T4	10	4	331380.636399	331410.636399	0.23777172812497477	0.1268175094497504	73.91076868526724	17.17005440540529	3.0497103760277176	0.28257180978513563
ses-20260312_grp-07_run01	T4	11	4	331395.636399	331425.636399	0.2442838852367327	0.13656569516099842	68.3645689803636	10.560768960078622	3.0314173344853055	0.3997388578933819
ses-20260312_grp-07_run01	T4	12	4	331410.636399	331440.636399	0.24596513259668504	0.13997562749679718	78.0729039127452	8.764277573726435	3.01782639274749	0.3912713861840871
ses-20260312_grp-07_run01	T4	13	4	331425.636399	331455.636399	0.24228622752420467	0.13205698234380606	79.36215041257677	11.623459328288188	3.1612120974124185	0.2686539993218754
ses-20260312_grp-07_run01	T4	14	4	331440.636399	331470.636399	0.2434726988664881	0.13134183976527578	79.88164963614491	15.969360123263943	3.183416406436768	0.3077525217509279
ses-20260312_grp-07_run01	T4	15	4	331455.636399	331485.636399	0.23918302154507454	0.1265538331637651	73.56606210938804	13.39847609277939	3.1049776554346575	0.3933930447815807
ses-20260312_grp-07_run01	T4	16	4	331470.636399	331500.636399	0.2412079868679458	0.1289246141221995	75.25064635581498	13.475453683793411	3.0924036999692253	0.4555368563881323
ses-20260312_grp-07_run01	T4	17	4	331485.636399	331515.636399	0.2386404657599932	0.12498734189646861	80.39141038016868	7.917114752187971	3.020955754328051	0.41585248974206734
ses-20260312_grp-07_run01	T4	18	4	331500.636399	331530.636399	0.2409047121827882	0.12751954607050583	88.18041530593065	14.132184527853722	2.9377691630713025	0.4114823016085267
ses-20260312_grp-07_run01	T4	19	4	331515.636399	331545.636399	0.2531503181818181	0.1440691026247843	75.84007997934226	11.401196871988693	2.8800541096183494	0.4977931047910424
ses-20260312_grp-07_run01	T4	20	4	331530.636399	331560.636399	0.255272121045392	0.1448570176696079	80.8590045398931	9.537395209102035	2.823440644829643	0.504548096192199
ses-20260312_grp-07_run01	T4	21	4	331545.636399	331575.636399	0.2551268717241379	0.1429028377735263	69.5742837559522	13.318435497372022	3.0174715946577786	0.15153250711311603
ses-20260312_grp-07_run01	T4	22	4	331560.636399	331590.636399	0.253339417439011	0.14189998996413286	70.10024742806722	11.033751153859962	2.7338798835018907	0.4067982310313521
ses-20260312_grp-07_run01	T4	23	4	331575.636399	331605.636399	0.24653471755732836	0.13961217968246598	72.67799806099777	9.971099439410274	2.688271597744501	0.3175457576609997
ses-20260312_grp-07_run01	T4	24	4	331590.636399	331620.636399	0.2458146750288119	0.1407442306354647	79.92502419970529	12.327869884272177	2.797118548684616	0.2586942328191241
ses-20260312_grp-07_run01	T4	25	4	331605.636399	331635.636399	0.24695898649398823	0.14010873670162854	82.32662675102844	5.929760540904099	2.834023312687307	0.30195812608194156
ses-20260312_grp-07_run01	T4	26	4	331620.636399	331650.636399	0.2521643121240619	0.14204166483592118	73.7098256227296	13.038463066068392	2.916113464843663	0.32132896316298803
ses-20260312_grp-07_run01	T4	27	4	331635.636399	331665.636399	0.26072252564896103	0.14887725241276542	70.80028500840025	10.787135519815495	2.925666217740642	0.2620869424589485
ses-20260312_grp-07_run01	T4	28	4	331650.636399	331680.636399	0.26586184232151133	0.15664029619204994	74.43971790967547	7.500629669022792	2.935338205790875	0.2707372549341272
ses-20260313_grp-08_run01	T0	0	4	403351.271659	403381.271659	0.07823562363862124	0.0834477115773026	58.825883760957694	4.954919369671884	2.997051830582076	0.30928600611028584
ses-20260313_grp-08_run01	T0	1	4	403366.271659	403396.271659	0.07322605344827582	0.07477273096159474	56.51787048196174	6.330164131968786	2.9394025190738957	0.31101147926487066
ses-20260313_grp-08_run01	T0	2	4	403381.271659	403411.271659	0.06706662875267942	0.06410606012333613	65.17002402779113	5.093820997421715	2.9222765674912576	0.29464146849660994
ses-20260313_grp-08_run01	T0	3	4	403396.271659	403426.271659	0.06071356311255906	0.05196545360995084	57.69099998826466	5.054902180147951	2.9670070718900754	0.3140408824762092
ses-20260313_grp-08_run01	T0	4	4	403411.271659	403441.271659	0.05568306661164722	0.0417849993034047	61.232569393512605	3.356888451411795	3.0140847045189894	0.32851288623066716
ses-20260313_grp-08_run01	T0	5	4	403426.271659	403456.271659	0.0518960152242015	0.035023291703426364	62.636255025400445	6.199796198870668	2.9850861202844956	0.3144919547100439
ses-20260313_grp-08_run01	T0	6	4	403441.271659	403471.271659	0.04928598842747845	0.030671688463643317	66.34122805062393	5.827385990048626	2.9037061774562893	0.29881416365693175
ses-20260313_grp-08_run01	T0	7	4	403456.271659	403486.271659	0.04683098273784482	0.027622845874251605	60.93773480967077	6.704262781084451	2.940424332650478	0.34012915525130555
ses-20260313_grp-08_run01	T0	8	4	403471.271659	403501.271659	0.0451524914363066	0.026022012264726228	66.82806836158727	6.604143188215128	2.9886949333065287	0.35547928866825895
ses-20260313_grp-08_run01	T0	9	4	403486.271659	403516.271659	0.04468165887349408	0.02533364974348261	65.80750613750749	4.6768353330588806	2.947460811563788	0.2728414204061189
ses-20260313_grp-08_run01	T0	10	4	403501.271659	403531.271659	0.044565719847594304	0.024916972536430115	65.26531742735912	3.163837500771591	2.9480165031136467	0.24275210389616933
ses-20260313_grp-08_run01	T0	11	4	403516.271659	403546.271659	0.0449138570727652	0.024766341702347486	63.55375582174394	14.957941815291013	2.970435243413878	0.24303782639268934
ses-20260313_grp-08_run01	T0	12	4	403531.271659	403561.271659	0.045485327222973826	0.024980236667956693	66.1222596992003	15.10043803584478	2.857986554472414	0.19230874742462634
ses-20260313_grp-08_run01	T0	13	4	403546.271659	403576.271659	0.04594075361767512	0.02513881426894534	59.73101432756357	5.513714584380186	2.7984062892382804	0.17828005923384393
ses-20260313_grp-08_run01	T0	14	4	403561.271659	403591.271659	0.04599379521013557	0.024522330600409873	50.67769796327261	8.980038187108505	2.884353896039933	0.18930720122399597
ses-20260313_grp-08_run01	T0	15	4	403576.271659	403606.271659	0.045771947118837225	0.023507138130583426	58.060931185863005	5.768797026478046	2.9488592633311232	0.23063506163229458
ses-20260313_grp-08_run01	T0	16	4	403591.271659	403621.271659	0.045631857846628626	0.022098955228108497	57.702393315280766	12.001823757144118	2.850642884364087	0.20519731265370372
ses-20260313_grp-08_run01	T0	17	4	403606.271659	403636.271659	0.04699663896364463	0.019725210453758076	62.72670725100595	4.594750559837234	2.7059530933540996	0.129792731941489
ses-20260313_grp-08_run01	T0	18	4	403621.271659	403651.271659	0.04860170871458645	0.018430196626415478	67.24722580551646	8.572810763317097	2.693820517991533	0.15396045542142694
ses-20260313_grp-08_run01	T0	19	4	403636.271659	403666.271659	0.0487918293209385	0.01807155932045215	64.71214016256639	4.0838620913022226	2.707748415641868	0.1645844653570429
ses-20260313_grp-08_run01	T0	20	4	403651.271659	403681.271659	0.048794578878507855	0.017831136290208716	68.31359037103138	6.2151182439468355	2.733133566146153	0.21628785509916698
ses-20260313_grp-08_run01	T0	21	4	403666.271659	403696.271659	0.048607976711003274	0.017793697790509808	68.90921140000361	7.026368251103149	2.72020447334358	0.2298022454210259
ses-20260313_grp-08_run01	T0	22	4	403681.271659	403711.271659	0.04911846227709185	0.01800565006549618	69.9783788921827	9.908547624947042	2.72955088703557	0.1991187006717193
ses-20260313_grp-08_run01	T0	23	4	403696.271659	403726.271659	0.04860152713959108	0.01735141674389094	62.38392143509532	9.405400140889297	2.817837381497819	0.24532623332317038
ses-20260313_grp-08_run01	T0	24	4	403711.271659	403741.271659	0.045912680511014874	0.01656753664969184	69.33363301359586	13.560184481837842	2.864260292405161	0.2429640214156449
ses-20260313_grp-08_run01	T0	25	4	403726.271659	403756.271659	0.045472003368764176	0.01793810225198265	60.957527218258186	7.34326094613451	2.7504438864799763	0.18717695191889383
ses-20260313_grp-08_run01	T0	26	4	403741.271659	403771.271659	0.046780902455661605	0.019930227723893575	69.49784631324408	7.886416521362375	2.6873684998181147	0.17256689508233844
ses-20260313_grp-08_run01	T0	27	4	403756.271659	403786.271659	0.04739100273597807	0.020527033819329077	66.41763509512167	2.5170069881685677	2.817239308706509	0.26201675154372245
ses-20260313_grp-08_run01	T0	28	4	403771.271659	403801.271659	0.04800114822404367	0.02030595387403574	61.6885478531094	5.882947468461455	2.931724726222091	0.35418034290730155
ses-20260313_grp-08_run01	T0	29	4	403786.271659	403816.271659	0.04819387524165643	0.02083649718296591	63.60568529437214	4.160818583716081	2.961665336540635	0.3073944522813982
ses-20260313_grp-08_run01	T0	30	4	403801.271659	403831.271659	0.04813982029293175	0.021370773801660685	67.43160511765814	7.612553287076637	2.9248714103004305	0.2561490260399497
ses-20260313_grp-08_run01	T0	31	4	403816.271659	403846.271659	0.047536599451303105	0.01995963021493807	61.366769128260124	3.9098391106517196	2.9441831489044477	0.28908642768816734
ses-20260313_grp-08_run01	T0	32	4	403831.271659	403861.271659	0.04667078357831565	0.01822889124603764	68.02666266555599	20.244093720525694	2.9409111959710943	0.2631862359019559
ses-20260313_grp-08_run01	T0	33	4	403846.271659	403876.271659	0.047678543157193325	0.019938169314273006	71.94001366702774	20.428994379337716	2.8792235691300108	0.2242612502153213
ses-20260313_grp-08_run01	T0	34	4	403861.271659	403891.271659	0.04898820342038156	0.02155073398843833	61.75390526067911	1.4467999057508805	2.902522708668843	0.2803989163053296
ses-20260313_grp-08_run01	T0	35	4	403876.271659	403906.271659	0.0503137649157579	0.02164160454153296	67.97143243872509	6.199652233454178	2.9890094745758913	0.3308749174350629
ses-20260313_grp-08_run01	T0	36	4	403891.271659	403921.271659	0.05137460866477267	0.021230698679506537	69.28536695036772	4.9984894097429775	2.942701452275943	0.303761045475527
ses-20260313_grp-08_run01	T0	37	4	403906.271659	403936.271659	0.05413687345679008	0.018760612246420016	59.4895379433792	9.451444316807315	2.871971840696728	0.28605914192322024
ses-20260313_grp-08_run01	T0	38	4	403921.271659	403951.271659	0.06308669203146372	0.020678605202486225	64.06128605556793	4.6791723421794424	2.8807652376827484	0.3553978939954919
ses-20260313_grp-08_run01	T0	39	4	403936.271659	403966.271659	0.07123432476746147	0.02903317609861126	54.64110122210096	6.997884758340651	2.877953087222648	0.38278886149979224
ses-20260313_grp-08_run01	T0	40	4	403951.271659	403981.271659	0.07454122046985932	0.0329857601804784	61.765652603220985	10.211479657112015	2.8900110356260433	0.37619956424283246
ses-20260313_grp-08_run01	T0	41	4	403966.271659	403996.271659	0.07842142798353906	0.038627905819739315	62.317737776593674	8.445929849811824	2.887381570078251	0.3073972287980033
ses-20260313_grp-08_run01	T0	42	4	403981.271659	404011.271659	0.0809095149261746	0.04035951991035323	62.20458518223466	2.928322626716827	2.8908299113084333	0.24157268679910468
ses-20260313_grp-08_run01	T0	43	4	403996.271659	404026.271659	0.0803505030402553	0.03807187251509157	64.96047270938895	6.135276094901799	2.943940786736689	0.21731348054560048
ses-20260313_grp-08_run01	T0	44	4	404011.271659	404041.271659	0.07639409198053493	0.037829820383093	62.60924453755808	3.387035226164049	2.9629662487853228	0.21804743322617548
ses-20260313_grp-08_run01	T0	45	4	404026.271659	404056.271659	0.0715968037849358	0.03426551797004754	66.75759606678895	2.6918050155876885	2.965850847727007	0.28582586914829605
ses-20260313_grp-08_run01	T0	46	4	404041.271659	404071.271659	0.06722487685435398	0.02768285877192637	64.60760966842821	3.3561742630680658	2.9250806833897594	0.27099123245048534
ses-20260313_grp-08_run01	T1	0	4	404081.455832	404111.455832	0.05621560567715452	0.015544076462278233	59.722929425359496	3.174189273539107	2.747267591816714	0.18074268040748276
ses-20260313_grp-08_run01	T1	1	4	404096.455832	404126.455832	0.056495021604938224	0.015413039278711436	62.04929543470264	4.381284889932112	2.7319490236091704	0.1659996219649254
ses-20260313_grp-08_run01	T1	2	4	404111.455832	404141.455832	0.05540812342868648	0.015029543901600006	68.01561812193563	4.114384604227826	2.7373341243360656	0.13753369750357722
ses-20260313_grp-08_run01	T1	3	4	404126.455832	404156.455832	0.05470091758272724	0.014934306482518667	62.78890608474282	2.2189312051771966	2.722743781819471	0.14185448444241838
ses-20260313_grp-08_run01	T1	4	4	404141.455832	404171.455832	0.0538849214924441	0.014914457084883119	64.77064967285186	1.2544470559091738	2.6961046517921896	0.18133186017911723
ses-20260313_grp-08_run01	T1	5	4	404156.455832	404186.455832	0.053317172719384506	0.015289044563894006	63.23971488240874	4.01151805814963	2.5799761879921026	0.20216974666372448
ses-20260313_grp-08_run01	T1	6	4	404171.455832	404201.455832	0.05318909572290297	0.016087802912325734	62.230166150466104	3.4361232339610206	2.481370854482151	0.2215818383571411
ses-20260313_grp-08_run01	T1	7	4	404186.455832	404216.455832	0.05298492331499305	0.01674040854323001	67.35863068624575	8.913818128586446	2.489403707532542	0.21789743851636403
ses-20260313_grp-08_run01	T1	8	4	404201.455832	404231.455832	0.0523382041898411	0.016809521523713664	69.93053496778693	10.243237971327448	2.518768328353538	0.22092640814739448
ses-20260313_grp-08_run01	T1	9	4	404216.455832	404246.455832	0.05093766241053475	0.016153335006918648	69.27322171101291	14.292052717351098	2.592671298208226	0.24020896769409825
ses-20260313_grp-08_run01	T1	10	4	404231.455832	404261.455832	0.0489535200736414	0.014527037923837707	61.689510791440895	7.466942968342033	2.7719039581965204	0.25771780052880994
ses-20260313_grp-08_run01	T1	11	4	404246.455832	404276.455832	0.04801607323773405	0.013454835085509518	53.93862460471138	5.848935683531836	2.9430745236141043	0.31890358640252003
ses-20260313_grp-08_run01	T1	12	4	404261.455832	404291.455832	0.05040303850042532	0.01530545646137524	61.26994825303616	4.404258509843368	2.991221619243232	0.36040496992643156
ses-20260313_grp-08_run01	T1	13	4	404276.455832	404306.455832	0.054239261363636326	0.018076556396286234	68.8218689597105	4.537362576491766	2.971099601550715	0.426802922241074
ses-20260313_grp-08_run01	T1	14	4	404291.455832	404321.455832	0.05644675607747518	0.019960273068762923	63.469012579943	6.88356742285204	2.9952959060126045	0.38204537188851795
ses-20260313_grp-08_run01	T1	15	4	404306.455832	404336.455832	0.0568802844825442	0.022395718106577582	62.38207086523488	8.877201887540995	2.9963433759796665	0.3381110725369926
ses-20260313_grp-08_run01	T1	16	4	404321.455832	404351.455832	0.05742439870143927	0.024059700216054473	63.5377477913246	7.27278515146443	2.9313050861027707	0.38985907717990415
ses-20260313_grp-08_run01	T1	17	4	404336.455832	404366.455832	0.057470940030397974	0.023898772174171926	63.98478462742608	7.90147628878411	2.917241654002626	0.37572096466600136
ses-20260313_grp-08_run01	T1	18	4	404351.455832	404381.455832	0.05896276832336332	0.024272887299139605	63.49023927330967	2.8802199101008688	2.967534646106542	0.32406672419434995
ses-20260313_grp-08_run01	T1	19	4	404366.455832	404396.455832	0.06088045490492015	0.024013081519122268	63.690002416678	9.237604836041807	2.9804312755939004	0.23133884536831512
ses-20260313_grp-08_run01	T1	20	4	404381.455832	404411.455832	0.06332714517241375	0.02239362402138948	70.88553002833831	4.782477212747245	2.9182384713289586	0.18504065541961773
ses-20260313_grp-08_run01	T1	21	4	404396.455832	404426.455832	0.06640100395034496	0.023222096493391332	71.1141005769627	2.7896935667843703	2.8699402314980826	0.1832834698294501
ses-20260313_grp-08_run01	T1	22	4	404411.455832	404441.455832	0.0684729928850514	0.022701830086416547	64.84825746212516	5.03163187597135	2.832096247040202	0.19556326506792981
ses-20260313_grp-08_run01	T1	23	4	404426.455832	404456.455832	0.06835193057455538	0.02249832178865066	69.85711335813849	7.95353132103804	2.8789688200918677	0.2283067869678916
ses-20260313_grp-08_run01	T1	24	4	404441.455832	404471.455832	0.06741374931600545	0.022363651618865915	66.0070523589182	5.613539735895876	2.9058242436508586	0.25010008013653484
ses-20260313_grp-08_run01	T1	25	4	404456.455832	404486.455832	0.06919971930422915	0.02388467183110945	64.87673546739461	7.1604280894067145	2.8372826265097864	0.2345528947196518
ses-20260313_grp-08_run01	T1	26	4	404471.455832	404501.455832	0.06911104129671458	0.02460274107721195	62.887598629668965	2.422442812306609	2.8315018420890308	0.22469743168755288
ses-20260313_grp-08_run01	T1	27	4	404486.455832	404516.455832	0.0685588950433568	0.02557259130777265	64.2918872768703	3.286619003793503	2.8643920017749913	0.21761962458163972
ses-20260313_grp-08_run01	T1	28	4	404501.455832	404531.455832	0.07072853610729017	0.028643389787514396	67.49435788745433	2.76544182812532	2.8992173369245124	0.19370415327889481
ses-20260313_grp-08_run01	T1	29	4	404516.455832	404546.455832	0.07158638789546075	0.030221952034167058	70.26921089670967	8.123187176863294	2.904388315541722	0.21039168266117098
ses-20260313_grp-08_run01	T1	30	4	404531.455832	404561.455832	0.07176281453168037	0.031724958664407145	69.41625811557172	11.709276217695342	2.8227404088723596	0.20809651156914213
ses-20260313_grp-08_run01	T1	31	4	404546.455832	404576.455832	0.0691092801211954	0.029851624684495565	66.03446997548872	6.083841916613059	2.7576443794331547	0.20731916528259656
ses-20260313_grp-08_run01	T1	32	4	404561.455832	404591.455832	0.06749164244475135	0.0288671692358337	65.1914023466131	5.082465230977532	2.8436397115124246	0.22700417424791094
ses-20260313_grp-08_run01	T1	33	4	404576.455832	404606.455832	0.0681148608425414	0.03029379648237449	60.84048554797571	5.057868552072026	2.8739184557022583	0.2563981382418291
ses-20260313_grp-08_run01	T1	34	4	404591.455832	404621.455832	0.06729987944113115	0.030603478327963056	59.264378388136066	4.240119386805742	2.776496455629203	0.2716954099508952
ses-20260313_grp-08_run01	T1	35	4	404606.455832	404636.455832	0.06793673786528887	0.03211669477285101	60.36469799292463	5.122265892450921	2.7332243348574545	0.2871422240703506
ses-20260313_grp-08_run01	T1	36	4	404621.455832	404651.455832	0.06694691364402738	0.030659265232858248	61.33182393908378	9.93410743583028	2.7425149526574746	0.34008423573951796
ses-20260313_grp-08_run01	T1	37	4	404636.455832	404666.455832	0.06656520936090042	0.030396667264524734	60.27420262642155	5.089552565543132	2.7023522409105065	0.31561200844629334
ses-20260313_grp-08_run01	T1	38	4	404651.455832	404681.455832	0.06710828302248042	0.03128018570971498	59.84992241977504	5.841776331089243	2.633965899304493	0.24725954328749827
ses-20260313_grp-08_run01	T1	39	4	404666.455832	404696.455832	0.06665242337969132	0.03064759293098146	60.01439069724591	7.471652386717629	2.6186633494564813	0.2419899820824414
ses-20260313_grp-08_run01	T1	40	4	404681.455832	404711.455832	0.06745603690179075	0.03178182650564361	61.20281504060753	7.668829104414242	2.6110544937364333	0.2453808232363421
ses-20260313_grp-08_run01	T1	41	4	404696.455832	404726.455832	0.061322593360995804	0.02458199638194813	60.396011031477144	8.890312125593182	2.6450050290243543	0.2620020781596259
ses-20260313_grp-08_run01	T1	42	4	404711.455832	404741.455832	0.05849125829875512	0.022626474223664	64.14622501125639	5.405497411845656	2.7005238489331225	0.31278409234485294
ses-20260313_grp-08_run01	T1	43	4	404726.455832	404756.455832	0.06463317679558005	0.026307443282468305	59.908944063541185	7.638366006058556	2.6861794770586114	0.2938158577715335
ses-20260313_grp-08_run01	T1	44	4	404741.455832	404771.455832	0.0659820265517241	0.02545766250970415	60.981273883053376	5.218738775709664	2.6864515505874413	0.24859843642711704
ses-20260313_grp-08_run01	T1	45	4	404756.455832	404786.455832	0.0653428006870958	0.02862578885307726	57.913255880251604	4.543462925773043	2.7873028793141583	0.2895695866854006
ses-20260313_grp-08_run01	T1	46	4	404771.455832	404801.455832	0.06506578515166335	0.03233566444606619	64.13004768401207	6.54880860526361	3.0179594931063254	0.33111330535384254
ses-20260313_grp-08_run01	T1	47	4	404786.455832	404816.455832	0.06172954869297573	0.029877468639477267	66.02398875823579	12.537837324716948	2.861409335041972	0.13008760685405263
ses-20260313_grp-08_run01	T1	48	4	404801.455832	404831.455832	0.06250651210491807	0.03182489633627302	65.34276701909711	17.245047822181583	2.9039280084012846	0.003770113664443242
ses-20260313_grp-08_run01	T1	49	4	404816.455832	404846.455832	0.0678701165574237	0.03834674299455293	71.37953066948916	9.904892849071462	3.0706089193825044	0.0
ses-20260313_grp-08_run01	T1	50	4	404831.455832	404861.455832	0.0647453980716253	0.03419608789542129	75.20604988025197	17.613984633408574		
ses-20260313_grp-08_run01	T1	51	4	404846.455832	404876.455832	0.06496176404109585	0.03428434449885616	67.58881192789953	18.069601904201626	3.2602555028135733	0.3899003147931754
ses-20260313_grp-08_run01	T1	52	4	404861.455832	404891.455832	0.0679149377853881	0.03899769736131647	72.22636030481331	9.460517575072569	3.1551342790299737	0.31173877068381256
ses-20260313_grp-08_run01	T1	53	4	404876.455832	404906.455832	0.0696658117751472	0.042035792506827915	75.53796212122434	8.114118107274832	3.057174458881345	0.3306379607027538
ses-20260313_grp-08_run01	T1	54	4	404891.455832	404921.455832	0.07178373173662528	0.04531800662362437	64.97023012033785	13.748294079235489	2.956943799676015	0.3384827007822466
ses-20260313_grp-08_run01	T2	0	4	404925.606681	404955.606681	0.07717460014187193	0.05240048759092589	61.85690317911259	13.10200943585337	2.765651398157514	0.2165740451001637
ses-20260313_grp-08_run01	T2	1	4	404940.606681	404970.606681	0.07582408688186808	0.050256280416822466	58.39582471337259	3.969581052806404	2.7702375124667826	0.22183196473720257
ses-20260313_grp-08_run01	T2	2	4	404955.606681	404985.606681	0.0677226765517241	0.037870279036537245	57.6952729558953	4.964288823449703	2.831832247446803	0.24246108065606392
ses-20260313_grp-08_run01	T2	3	4	404970.606681	405000.606681	0.06402837695719944	0.03191665777545782	56.462853417346054	5.628163433925178	2.8291939823158962	0.29620176021019434
ses-20260313_grp-08_run01	T2	4	4	404985.606681	405015.606681	0.06901504045503801	0.04000221055129852	59.25806736909922	7.31096369506214	2.6926911419857555	0.32223590963335
ses-20260313_grp-08_run01	T2	5	4	405000.606681	405030.606681	0.07197979066840995	0.04623111108683333	55.2696543157468	5.844348713130836	2.579974132952806	0.2618124945883107
ses-20260313_grp-08_run01	T2	6	4	405015.606681	405045.606681	0.0696049490060011	0.04420350876760522	57.13964721114227	5.174129909968671	2.6320602770644994	0.18760163138239316
ses-20260313_grp-08_run01	T2	7	4	405030.606681	405060.606681	0.06805836187035623	0.04089144249973096	55.537181703956506	6.373997760895789	2.7568956786377896	0.2263302454553396
ses-20260313_grp-08_run01	T2	8	4	405045.606681	405075.606681	0.06907605011101398	0.041619584337120104	59.7311346213431	8.06090004354166	2.873153090234141	0.25720565346215574
ses-20260313_grp-08_run01	T2	9	4	405060.606681	405090.606681	0.07057125016433928	0.04395938222185894	63.948436158340854	8.332750039461338	2.959759403204635	0.24673743680177174
ses-20260313_grp-08_run01	T2	10	4	405075.606681	405105.606681	0.07120645213498618	0.04283826668516879	63.93154696003026	8.321091132507895	2.9700090583557257	0.25681286331091263
ses-20260313_grp-08_run01	T2	11	4	405090.606681	405120.606681	0.07012134164566368	0.04009228298610109	58.773996227800275	9.278117336123893	2.9421309786434837	0.19633757999844165
ses-20260313_grp-08_run01	T2	12	4	405105.606681	405135.606681	0.07152620023553383	0.03762283231540739	62.969764968797016	5.576759606034876	2.959564619180546	0.12850018047021716
ses-20260313_grp-08_run01	T2	13	4	405120.606681	405150.606681	0.07328617439197663	0.03508538349803211	64.84978645082167	6.879981997202421	2.9589356583752235	0.1773643722817695
ses-20260313_grp-08_run01	T2	14	4	405135.606681	405165.606681	0.07908612671841643	0.0371415999529699	66.6371968235578	5.238115315380074	2.9519835455123924	0.23965455423199317
ses-20260313_grp-08_run01	T2	15	4	405150.606681	405180.606681	0.08520016395494898	0.039261730717564176	65.38751493475067	7.617709698227647	2.925698533639285	0.2149549978021697
ses-20260313_grp-08_run01	T2	16	4	405165.606681	405195.606681	0.08910080273201355	0.04326720734665535	69.25668276294797	6.65251287700788	2.853379383488545	0.19203606372450455
ses-20260313_grp-08_run01	T2	17	4	405180.606681	405210.606681	0.09270811373318832	0.04927004589351268	60.58205070637106	2.099180178339287	2.8769443145591787	0.2875053172169619
ses-20260313_grp-08_run01	T2	18	4	405195.606681	405225.606681	0.09231352950159337	0.04945546904248124	60.84779444703876	6.297605923069243	2.97958013253077	0.3811417713782986
ses-20260313_grp-08_run01	T2	19	4	405210.606681	405240.606681	0.08399830977919942	0.0369814864619656	68.3589914535218	17.468220883805262	2.9904818685003796	0.40902304812134505
ses-20260313_grp-08_run01	T2	20	4	405225.606681	405255.606681	0.0772251433828405	0.029808285814908547	62.5242406501758	2.9300864359144536	2.9498068783188316	0.4159402230422039
ses-20260313_grp-08_run01	T2	21	4	405240.606681	405270.606681	0.0860664816079253	0.041105968553967684	60.642217864513164	5.45427184244077	2.9306327119691225	0.30463967976981604
ses-20260313_grp-08_run01	T2	22	4	405255.606681	405285.606681	0.09695544538843202	0.05622486392820838	58.81996752105513	10.6445191389261	2.9633120763399208	0.2616172151746595
ses-20260313_grp-08_run01	T2	23	4	405270.606681	405300.606681	0.09433991746905088	0.05237133385774138	66.88693790858962	3.7138346320591396	2.9664655818881163	0.2928395611321969
ses-20260313_grp-08_run01	T2	24	4	405285.606681	405315.606681	0.09417740469613257	0.05296465056988501	67.85028918560354	2.5483256260018	2.9373819331958977	0.29490238873749597
ses-20260313_grp-08_run01	T2	25	4	405300.606681	405330.606681	0.10097817640232509	0.06740943983183495	64.1685278588516	7.037769359788925	3.0115976535583413	0.3673674333095703
ses-20260313_grp-08_run01	T2	26	4	405315.606681	405345.606681	0.10356978721180221	0.0745877835741549	66.27240826173477	9.133652720494622	3.106494344368434	0.44683375455030383
ses-20260313_grp-08_run01	T2	27	4	405330.606681	405360.606681	0.10721384594222833	0.07171415852400825	67.73605369084984	4.804342627505841	3.0860605578768547	0.38415299584475593
ses-20260313_grp-08_run01	T2	28	4	405345.606681	405375.606681	0.1102766613793103	0.07121965416815378	62.70779352055975	5.912887676260559	2.995502985517671	0.2816041653950349
ses-20260313_grp-08_run01	T2	29	4	405360.606681	405390.606681	0.11169363273727645	0.07169946300208511	63.76778101879226	4.795695323595576	2.9552172683308244	0.23180137754589417
ses-20260313_grp-08_run01	T2	30	4	405375.606681	405405.606681	0.12386763919138377	0.08751949400786073	66.34539777413627	9.894889712783707	3.007608408295703	0.33191833132425785
ses-20260313_grp-08_run01	T2	31	4	405390.606681	405420.606681	0.15493292248473955	0.13765038876160557	63.33821801033534	7.666784976307725	3.0896026797766964	0.39195510796746585
ses-20260313_grp-08_run01	T2	32	4	405405.606681	405435.606681	0.17315597544041633	0.1625806178623032	62.11309857166921	5.115100837531907	3.1606678666833483	0.3871985508888184
ses-20260313_grp-08_run01	T2	33	4	405420.606681	405450.606681	0.15934862897648683	0.13607838260774782	68.28543501716342	16.570624027549776	3.14381689135317	0.40928098575093286
ses-20260313_grp-08_run01	T2	34	4	405435.606681	405465.606681	0.1521368512396694	0.12525795883549226	60.155996783064964	6.119400140425366	3.0842381319891565	0.3788014212405881
ses-20260313_grp-08_run01	T2	35	4	405450.606681	405480.606681	0.15126106514732962	0.1263682844130682	64.53428323432591	5.602032745109023	3.058087504633114	0.3376260917339152
ses-20260313_grp-08_run01	T2	36	4	405465.606681	405495.606681	0.1421203899923011	0.11546784538609998	64.0984227123223	4.666074206963118	3.027747665651372	0.31346750403119505
ses-20260313_grp-08_run01	T2	37	4	405480.606681	405510.606681	0.14284825413223134	0.11530797589019116	61.79477281928619	9.346578940846417	3.0614930201574184	0.3430529259253807
ses-20260313_grp-08_run01	T2	38	4	405495.606681	405525.606681	0.1548900361672801	0.11846116749534014	69.25697712111764	15.11595146283124	3.0560619471098436	0.3213696847191866
ses-20260313_grp-08_run01	T2	39	4	405510.606681	405540.606681	0.16299239242733446	0.1204121553322381	68.87939395155679	11.818593644773282	3.0068710188060814	0.314598979660807
ses-20260313_grp-08_run01	T2	40	4	405525.606681	405555.606681	0.1643406170027246	0.11878180437507836	60.074256409121126	7.729640556411429	2.996818434659794	0.32287963630316996
ses-20260313_grp-08_run01	T2	41	4	405540.606681	405570.606681	0.15697166587103736	0.1121227022814696	58.18101047205386	10.169438068122165	2.9797985045439472	0.3178509372265962
ses-20260313_grp-08_run01	T2	42	4	405555.606681	405585.606681	0.14795495540857942	0.10876828330173523	66.98917482607709	5.307843088371386	3.0016171137079954	0.3837419558738495
ses-20260313_grp-08_run01	T2	43	4	405570.606681	405600.606681	0.14201338768247004	0.10553314421901636	69.6905577206125	7.321127050599784	3.037953241004919	0.39136383916883505
ses-20260313_grp-08_run01	T2	44	4	405585.606681	405615.606681	0.13410089748763948	0.09918271967419053	65.25609419534017	5.514335202727931	3.029369297465713	0.2959595653770862
ses-20260313_grp-08_run01	T2	45	4	405600.606681	405630.606681	0.12792465245975135	0.0937906514533603	68.0553835152785	1.9544587257591	2.9780461923599355	0.261083011846462
ses-20260313_grp-08_run01	T2	46	4	405615.606681	405645.606681	0.11835815903008337	0.08352277165080092	63.80871419417927	9.582898135521297	2.886349634216936	0.31165850326748296
ses-20260313_grp-08_run01	T2	47	4	405630.606681	405660.606681	0.10128195881190549	0.061955604177310136	57.17767825470141	5.4125778612259	2.7493449175897657	0.3278297305379756
ses-20260313_grp-08_run01	T2	48	4	405645.606681	405675.606681	0.09293021947707733	0.05304728211330667	67.43092869520204	8.070780878285381	2.657442742622561	0.30505879992891655
ses-20260313_grp-08_run01	T2	49	4	405660.606681	405690.606681	0.08777261140361894	0.04820969662346326	68.13539815758725	4.015736258753746	2.6981520640487613	0.3152751984756138
ses-20260313_grp-08_run01	T2	50	4	405675.606681	405705.606681	0.09368697246065807	0.05438081154418767	72.34726915459372	6.40605486444624	2.739416825099271	0.30526748339657356
ses-20260313_grp-08_run01	T2	51	4	405690.606681	405720.606681	0.09367670859542382	0.055429462090743564	70.37281502460547	5.516673033608347	2.7170251537766426	0.2912012897342365
ses-20260313_grp-08_run01	T2	52	4	405705.606681	405735.606681	0.0851077027087974	0.04559306417131918	64.26369458940938	5.618995366259804	2.713499230605139	0.30181071664204545
ses-20260313_grp-08_run01	T2	53	4	405720.606681	405750.606681	0.09575132283724339	0.0605375164205981	71.09693353546218	4.901456501850884	2.7193422871025534	0.3098720331297762
ses-20260313_grp-08_run01	T2	54	4	405735.606681	405765.606681	0.09999308821778381	0.06582959729022235	64.9775369753922	9.559696247047281	2.76187697099673	0.3858733535080536
ses-20260313_grp-08_run01	T2	55	4	405750.606681	405780.606681	0.10556697714550953	0.07021300576723766	63.898447253221505	10.230860960636477	2.936843055190972	0.3647584371444319
ses-20260313_grp-08_run01	T2	56	4	405765.606681	405795.606681	0.10656200671024607	0.07512263539794253	68.64865042890972	6.935239753444593	2.9380100075621054	0.32764504703043773
ses-20260313_grp-08_run01	T2	57	4	405780.606681	405810.606681	0.10192710849772377	0.06954338480840705	65.79347997722874	4.393201792106795	3.461810606060606	0.3581742424242427
ses-20260313_grp-08_run01	T2	58	4	405795.606681	405825.606681	0.09579102473363767	0.06470287737397198	62.094368487492886	2.958514611848478		
ses-20260313_grp-08_run01	T2	59	4	405810.606681	405840.606681	0.0961014629050986	0.06379085730288486	59.95834836332931	6.0208657803235965		
ses-20260313_grp-08_run01	T2	60	4	405825.606681	405855.606681	0.096667489996038	0.05620646762557181	63.24778069604051	9.272200430443064		
ses-20260313_grp-08_run01	T2	61	4	405840.606681	405870.606681	0.08796784838669611	0.048252863840363217	63.012611326532394	8.610212947532212		
ses-20260313_grp-08_run01	T2	62	4	405855.606681	405885.606681	0.0936517604970644	0.06294725837324337	63.8477323109374	10.698086844478944		
ses-20260313_grp-08_run01	T2	63	4	405870.606681	405900.606681	0.1026718280802292	0.07610222195102768	61.93171625659161	7.439130720160677	2.9916808834421187	0.3379542342343944
ses-20260313_grp-08_run01	T2	64	4	405885.606681	405915.606681	0.10970075478796168	0.0781985040620409	69.75248611651851	7.583843208930665	2.946206474248336	0.27454864112959015
ses-20260313_grp-08_run01	T3	0	4	405920.791427	405950.791427	0.11681472414965982	0.08049841367307796	63.05090146321659	9.689688624904328	2.770477780475021	0.21585668863587937
ses-20260313_grp-08_run01	T3	1	4	405935.791427	405965.791427	0.11367253239369975	0.07353644895086894	67.8922604941916	11.239582174227913	2.7557094178613415	0.1953036411117033
ses-20260313_grp-08_run01	T3	2	4	405950.791427	405980.791427	0.10809518135558183	0.07022822449665994	69.96816254000834	10.248222103819204	2.8231593437899396	0.22983288809139635
ses-20260313_grp-08_run01	T3	3	4	405965.791427	405995.791427	0.10037748010973929	0.06800379140658896	67.03003161197458	6.602195038348653	2.9235972062929783	0.2596657507548843
ses-20260313_grp-08_run01	T3	4	4	405980.791427	406010.791427	0.09867210810256494	0.06608428921417064	70.64645008287914	5.312682864037082	2.9384245002378035	0.3706342993912828
ses-20260313_grp-08_run01	T3	5	4	405995.791427	406025.791427	0.09441578928209027	0.062168808457333476	65.32336093916379	2.899543093138112	2.863697946511895	0.4333491769004307
ses-20260313_grp-08_run01	T3	6	4	406010.791427	406040.791427	0.0904162848837209	0.06041914648615521	66.71921983594237	5.325898641406997	2.770408448781593	0.34204432286200487
ses-20260313_grp-08_run01	T3	7	4	406025.791427	406055.791427	0.09727684340659334	0.06867564292987183	66.78156920871746	3.4267226930393617	2.6900942378174375	0.2855957758793244
ses-20260313_grp-08_run01	T3	8	4	406040.791427	406070.791427	0.10179352295926924	0.07565566018656271	67.41876788123012	3.506076312561754	2.6631761004565613	0.22945991799519141
ses-20260313_grp-08_run01	T3	9	4	406055.791427	406085.791427	0.10238393378349302	0.07709450548025962	64.70253024248677	5.153527564053894	2.6737534902362734	0.2443743056199668
ses-20260313_grp-08_run01	T3	10	4	406070.791427	406100.791427	0.101185673658064	0.07607829651344471	67.91239556346055	5.116193943017537	2.6717643633922594	0.29535865209517764
ses-20260313_grp-08_run01	T3	11	4	406085.791427	406115.791427	0.09997686930926214	0.07304515669253135	68.16528289163132	10.018518348229373	2.6624809998105228	0.27342600639915626
ses-20260313_grp-08_run01	T3	12	4	406100.791427	406130.791427	0.09598378302037713	0.06383839085296392	67.82473165238085	8.97782202589173	2.7102507851153534	0.32244816899012385
ses-20260313_grp-08_run01	T3	13	4	406115.791427	406145.791427	0.09033222142857138	0.05504240228758061	69.13734342957102	10.914166195829742	2.7419928845223915	0.3592676184667374
ses-20260313_grp-08_run01	T3	14	4	406130.791427	406160.791427	0.09458216142835427	0.06173692387622806	64.4702574891269	5.11640772365624	2.7255998962112193	0.3448603101345791
ses-20260313_grp-08_run01	T3	15	4	406145.791427	406175.791427	0.10223445593999327	0.07346076035872168	68.12288757761057	7.164008867964199	2.7579277678097225	0.36085784229868445
ses-20260313_grp-08_run01	T3	16	4	406160.791427	406190.791427	0.10308889980277758	0.07494252822658182	68.57192670074528	6.950968230580835	2.786547474315559	0.34466230642009377
ses-20260313_grp-08_run01	T3	17	4	406175.791427	406205.791427	0.10115447829341315	0.07530629072271164	68.64523511035048	8.069230078388678	2.750377955729886	0.27527028042277296
ses-20260313_grp-08_run01	T3	18	4	406190.791427	406220.791427	0.1004314886856858	0.07735094754086509	72.59461094910017	5.528628049358377	2.7162446743718323	0.24523082336907134
ses-20260313_grp-08_run01	T3	19	4	406205.791427	406235.791427	0.09932959886859805	0.07429847397121346	71.37427935401527	4.962257669606015	2.8005712978599515	0.2995854577052575
ses-20260313_grp-08_run01	T3	20	4	406220.791427	406250.791427	0.09373316154182912	0.0629137009160916	68.81507628980086	3.600836903266065	2.8761709183138375	0.32751122361823815
ses-20260313_grp-08_run01	T3	21	4	406235.791427	406265.791427	0.09407014578125288	0.06596002625138418	62.589104264666844	8.840907513498577	2.8194153649710865	0.3162490995853064
ses-20260313_grp-08_run01	T3	22	4	406250.791427	406280.791427	0.08843616653708222	0.061926312615180515	63.143040846391486	11.22674323821426	2.796476828999685	0.28449958909946554
ses-20260313_grp-08_run01	T3	23	4	406265.791427	406295.791427	0.08253339000901197	0.05410348382996917	68.26924483211964	11.559296070669115	2.8488151449886177	0.25472641989460354
ses-20260313_grp-08_run01	T3	24	4	406280.791427	406310.791427	0.08800914412175395	0.06187807328021963	65.29418570425565	2.7553925679416276	2.8625571526755715	0.24528245154620426
ses-20260313_grp-08_run01	T3	25	4	406295.791427	406325.791427	0.09028592359138685	0.06538391599603387	62.65381621034928	10.576255534985222	2.8508329190834463	0.21067676020258488
ses-20260313_grp-08_run01	T3	26	4	406310.791427	406340.791427	0.09185521070489613	0.06747536934718518	64.24838281555722	8.510404361493409	2.9018251356492644	0.23666493753086107
ses-20260313_grp-08_run01	T3	27	4	406325.791427	406355.791427	0.0921163465517241	0.06635460046186387	63.10172780099829	6.8308624075519875	2.9029268304613067	0.2858469076978239
ses-20260313_grp-08_run01	T3	28	4	406340.791427	406370.791427	0.09469934647302902	0.0668795877005396	64.29947987739368	3.5778932282688594	2.890626885956956	0.3230992327688053
ses-20260313_grp-08_run01	T3	29	4	406355.791427	406385.791427	0.10052424784539216	0.07139319788487399	68.63897874831886	7.933389278620076	2.9020433668606564	0.32364424033378114
ses-20260313_grp-08_run01	T3	30	4	406370.791427	406400.791427	0.1026831826409792	0.07330965548776418	61.31398368824148	9.743832229181365	2.8836783073925303	0.2986969070444882
ses-20260313_grp-08_run01	T3	31	4	406385.791427	406415.791427	0.10173238701018557	0.07316636354712128	59.77701242601567	6.546989022110638	2.8965830065709066	0.3225055697394977
ses-20260313_grp-08_run01	T3	32	4	406400.791427	406430.791427	0.10159255162412212	0.07371627080992935	63.28339247722527	5.923064560249192	2.881638971908113	0.3172533600254889
ses-20260313_grp-08_run01	T3	33	4	406415.791427	406445.791427	0.1008594622596723	0.07158004928132707	59.41613764041682	3.3772800119630153	2.8551022355221134	0.23974882811744733
ses-20260313_grp-08_run01	T3	34	4	406430.791427	406460.791427	0.10041472352416636	0.07077550880147407	62.832934345560126	2.9934746537066474	2.8686735769774465	0.20226832947968273
ses-20260313_grp-08_run01	T3	35	4	406445.791427	406475.791427	0.09958377385892113	0.07070033444542492	65.60313540931742	3.2753503436866036	2.8774017290342084	0.24243708424577723
ses-20260313_grp-08_run01	T3	36	4	406460.791427	406490.791427	0.09947456215469608	0.07149065497873057	62.181383264618745	5.114203058537736	2.851914037925363	0.26170441539165096
ses-20260313_grp-08_run01	T3	37	4	406475.791427	406505.791427	0.10033471657695497	0.0733711843621817	62.6784371048511	5.921214552704541	2.8384259210432083	0.2608001191697699
ses-20260313_grp-08_run01	T3	38	4	406490.791427	406520.791427	0.10073123228023208	0.07298583767567991	60.590512860974826	8.058474676977374	2.8479765901443725	0.2918011872654778
ses-20260313_grp-08_run01	T3	39	4	406505.791427	406535.791427	0.1017159467444006	0.07213593730064088	60.410982454524095	8.400370411363305	2.874895238272159	0.3063594111051171
ses-20260313_grp-08_run01	T3	40	4	406520.791427	406550.791427	0.11902101687767952	0.09075770144594417	63.69274161018716	7.569840185648027	2.921441949498198	0.3407325602400468
ses-20260313_grp-08_run01	T3	41	4	406535.791427	406565.791427	0.1413013754995682	0.12017627130037174	61.44460801542486	7.33165800310913	2.897293114089566	0.34685962500112816
ses-20260313_grp-08_run01	T3	42	4	406550.791427	406580.791427	0.1423947879329343	0.1201148538915921	64.07503510748992	14.3514911042332	2.868888435688481	0.3187875625009002
ses-20260313_grp-08_run01	T3	43	4	406565.791427	406595.791427	0.1354626436705488	0.10979240085740889	64.14356538738883	8.335627082517465	2.8893776887680658	0.34813386183503287
ses-20260313_grp-08_run01	T3	44	4	406580.791427	406610.791427	0.13427240921595596	0.10879096851517694	60.13241768892699	1.2240393638499412	2.8916483842266874	0.3568654766661218
ses-20260313_grp-08_run01	T3	45	4	406595.791427	406625.791427	0.1340921397664835	0.10816087502048102	60.53782278239441	2.6648901987289966	2.8765185676644722	0.32225487173105394
ses-20260313_grp-08_run01	T3	46	4	406610.791427	406640.791427	0.12798807382328642	0.10198304292815702	63.0205391293139	4.270788547889955	2.8509710601859517	0.27761472214478816
ses-20260313_grp-08_run01	T3	47	4	406625.791427	406655.791427	0.12732080247695718	0.09975868558991252	72.01466506067793	15.321395684147397	2.8352625188377507	0.24713835502841144
ses-20260313_grp-08_run01	T3	48	4	406640.791427	406670.791427	0.1326966720695988	0.10317327124549232	68.84274168128658	10.692630236186732	2.817526211951952	0.20528270638071877
ses-20260313_grp-08_run01	T3	49	4	406655.791427	406685.791427	0.13163716437964468	0.1016685601486868	66.25504936028065	7.127096990090522	2.79312708430614	0.1841286089313773
ses-20260313_grp-08_run01	T3	50	4	406670.791427	406700.791427	0.12656138963619973	0.09648533709477618	62.84484801087315	5.325281692155706	2.7893987878068396	0.16627593953933975
ses-20260313_grp-08_run01	T3	51	4	406685.791427	406715.791427	0.12115356887052335	0.09111211621000932	64.80807177359148	4.614677494948163	2.828575352896702	0.21071513714976325
ses-20260313_grp-08_run01	T3	52	4	406700.791427	406730.791427	0.112586054676071	0.0825234335304847	71.47117223749375	9.902608664227932	2.8481422840421287	0.2752883516399017
ses-20260313_grp-08_run01	T3	53	4	406715.791427	406745.791427	0.1074997285330728	0.0774444497163794	71.82300495085087	10.859038835250786	2.8240245681603375	0.2726063707300013
ses-20260313_grp-08_run01	T3	54	4	406730.791427	406760.791427	0.10852510515799535	0.07933746714879422	64.93439715268589	7.6083183169554145	2.7847487449234296	0.3265910727209198
ses-20260313_grp-08_run01	T3	55	4	406745.791427	406775.791427	0.11031663320365216	0.08233696184555381	57.65896384136872	6.155667783481991	2.7472703733007764	0.3221070106931998
ses-20260313_grp-08_run01	T3	56	4	406760.791427	406790.791427	0.1089737611683177	0.08017783901984127	60.73586087771588	6.874659557721924	2.712089565866261	0.27720737547933866
ses-20260313_grp-08_run01	T3	57	4	406775.791427	406805.791427	0.10606605999598331	0.07795809573797217	65.68923823300666	3.2734784687442917	2.646701651851888	0.3266563194216248
ses-20260313_grp-08_run01	T3	58	4	406790.791427	406820.791427	0.10464673923435097	0.07763745570584861	61.431825476027655	12.905565963081749	2.5849304757730804	0.3310628837090018
ses-20260313_grp-08_run01	T3	59	4	406805.791427	406835.791427	0.10299858344690813	0.07628344650308076	62.90190620964818	9.074483858210819	2.576564123935414	0.3291480932685428
ses-20260313_grp-08_run01	T3	60	4	406820.791427	406850.791427	0.10190104506964175	0.07538576348312015	63.60545010772721	8.193770775594922	2.6170589796221813	0.3383719907240757
ses-20260313_grp-08_run01	T3	61	4	406835.791427	406865.791427	0.10141379145604557	0.07420358683908317	51.6900739125765	6.1334564358483625	2.677204358633323	0.3511940653713316
ses-20260313_grp-08_run01	T4	0	4	406875.935919	406905.935919	0.1022975157107335	0.07385733309460768	57.31031142728352	8.280607728337786	2.7860974802202527	0.28415285771952
ses-20260313_grp-08_run01	T4	1	4	406890.935919	406920.935919	0.10350474276859496	0.07462042996448338	59.36312284752711	8.757018766723304	2.7621695143912572	0.2523013881330424
ses-20260313_grp-08_run01	T4	2	4	406905.935919	406935.935919	0.10618035548351852	0.07610789498310046	60.42940872988011	11.52942824142755	2.766500619918226	0.22680616982306298
ses-20260313_grp-08_run01	T4	3	4	406920.935919	406950.935919	0.10609743202056855	0.07491052119408063	62.839044565694884	6.439032079332335	2.824129893398733	0.23617845682444866
ses-20260313_grp-08_run01	T4	4	4	406935.935919	406965.935919	0.10308375779258516	0.07058732387028814	55.17857114926659	10.747105854470668	2.784857491904256	0.29341345128561047
ses-20260313_grp-08_run01	T4	5	4	406950.935919	406980.935919	0.10090443001424207	0.06956025507370078	64.26573961159838	7.766446666204205	2.6968796268982587	0.3121469489569399
ses-20260313_grp-08_run01	T4	6	4	406965.935919	406995.935919	0.10147672148497132	0.07284596005119628	64.57573204625461	5.628746871459894	2.795462131061231	0.2660550005029253
ses-20260313_grp-08_run01	T4	7	4	406980.935919	407010.935919	0.10136034374999997	0.07448665459805862	66.06872601452517	6.080373078708242	2.839754971788247	0.25463682842365354
ses-20260313_grp-08_run01	T4	8	4	406995.935919	407025.935919	0.10091088066216114	0.0732290593829189	67.3800207860805	5.443787457581033	2.813116110505284	0.26437314577905874
ses-20260313_grp-08_run01	T4	9	4	407010.935919	407040.935919	0.09365022696105472	0.061484556315935614	67.57789738659724	6.367227190246196	2.9436994945309323	0.29338332333513206
ses-20260313_grp-08_run01	T4	10	4	407025.935919	407055.935919	0.08957576340492635	0.05598209604881113	61.07865506738501	10.89697169238175	3.0693404323825493	0.3107535784219628
ses-20260313_grp-08_run01	T4	11	4	407040.935919	407070.935919	0.0952093111846146	0.059426019397597826	55.79443508632885	10.125682628545967	3.0857473954419676	0.2970390309135997
ses-20260313_grp-08_run01	T4	12	4	407055.935919	407085.935919	0.09644970929912565	0.06180247960681993	63.00171999794301	8.127814640258302	3.07359124183074	0.2908228929480156
ses-20260313_grp-08_run01	T4	13	4	407070.935919	407100.935919	0.10663903139590966	0.06401553948432731	59.10943944651083	7.611514857319171	3.0359442749491232	0.3033318313747101
ses-20260313_grp-08_run01	T4	14	4	407085.935919	407115.935919	0.12235024920636109	0.08476257904587835	74.10795596393916	17.11078412909587	2.982043082562128	0.2997596268947478
ses-20260313_grp-08_run01	T4	15	4	407100.935919	407130.935919	0.12162319824478654	0.08746607924980863	61.44138813673385	11.0678285204938	2.990208500038916	0.30022059136086543
ses-20260313_grp-08_run01	T4	16	4	407115.935919	407145.935919	0.11806094176787513	0.08280168461664526	54.57963895955466	6.6946458763230305	3.029676296667259	0.32842219017042934
ses-20260313_grp-08_run01	T4	17	4	407130.935919	407160.935919	0.10533152333767168	0.07140718858786829	63.833444676906495	8.841147170728155	3.052702989500055	0.36014356918113055
ses-20260313_grp-08_run01	T4	18	4	407145.935919	407175.935919	0.08372882627411762	0.06325795022942149	59.45500917991079	3.517219313082463	3.0431667558780897	0.3559133223728184
ses-20260313_grp-08_run01	T4	19	4	407160.935919	407190.935919	0.07388915491283672	0.0652252829607038	62.06498959239016	4.3152142665992566	3.007660460576779	0.3089911994354372
ses-20260313_grp-08_run01	T4	20	4	407175.935919	407205.935919	0.07360289108670683	0.06494929327923887	58.01787463839799	1.9615474186390394	2.9631261823228496	0.275436156441268
ses-20260313_grp-08_run01	T4	21	4	407190.935919	407220.935919	0.08194577083613651	0.06311150990548453	61.6903397197623	8.301952851376747	2.934575470859241	0.27935430237145764
ses-20260313_grp-08_run01	T4	22	4	407205.935919	407235.935919	0.09953699382273977	0.062267202750988855	55.4772078817359	7.1914121089160385	2.9162638166532737	0.28736557690075487
ses-20260313_grp-08_run01	T4	23	4	407220.935919	407250.935919	0.10911739438291135	0.06741920452937997	56.20222652000092	11.87601168816803	2.8787811173383244	0.32289480227909195
ses-20260313_grp-08_run01	T4	24	4	407235.935919	407265.935919	0.1059254958130861	0.06950944799707866	54.86667135474923	5.9465286862235684	2.8350895953136694	0.35046505593841015
ses-20260313_grp-08_run01	T4	25	4	407250.935919	407280.935919	0.10698777305863705	0.06879567190322017	59.281014036626885	10.107108577317033	2.7740547608540127	0.3427019323532325
ses-20260313_grp-08_run01	T4	26	4	407265.935919	407295.935919	0.10696636226029943	0.06714656669782848	64.45174219351044	4.895251842589348	2.678042841297268	0.37185051886023696
ses-20260313_grp-08_run01	T4	27	4	407280.935919	407310.935919	0.10625370335184511	0.06741797098960631	66.78996545438443	5.098226163454283	2.631362052279736	0.37407067532975197
ses-20260313_grp-08_run01	T4	28	4	407295.935919	407325.935919	0.10862846640977827	0.06575794382558363	68.2797650873676	5.984331731704459	2.6265466001069235	0.3572524261002166
ses-20260313_grp-08_run01	T4	29	4	407310.935919	407340.935919	0.10706023840152716	0.06526846203405227	72.56723393691067	6.609000044375462	2.667079722786212	0.3975296123323411
ses-20260317_grp-09_run01	T1	0	4	761235.528658	761265.528658			61.42053405994326	0.0	3.434358942736752	0.37071488528882807
ses-20260317_grp-09_run01	T1	1	4	761250.528658	761280.528658			58.751530001690405	0.0	3.334826030301141	0.3213077964599768
ses-20260317_grp-09_run01	T1	2	4	761265.528658	761295.528658			58.69764608517801	0.0	3.341141959126457	0.35575520327450816
ses-20260317_grp-09_run01	T1	3	4	761280.528658	761310.528658			54.36762299523131	0.0	3.3394898891842355	0.4555288381291623
ses-20260317_grp-09_run01	T2	0	4	761652.164899	761682.164899	0.1364848501851007	0.008428562356153399	71.3461325353711	13.514695691329575	3.4306988403452863	0.324694028546928
ses-20260317_grp-09_run01	T2	1	4	761667.164899	761697.164899	0.1284541809210526	0.0188464523026316	77.24460857333656	20.6551158583241	3.458425128837831	0.3426089388213118
ses-20260317_grp-09_run01	T2	2	4	761682.164899	761712.164899	0.09543879667211405	0.0003514297429802471	74.22324057917064	18.038888477275858	3.2575846758705285	0.3167129910064344
ses-20260317_grp-09_run01	T2	3	4	761697.164899	761727.164899	0.0591928459957219	0.020833252340132797	60.87755591414734	9.955679008049795	3.049814652472458	0.47495576304552184
ses-20260317_grp-09_run01	T2	4	4	761712.164899	761742.164899	0.06256420547624506	0.03224705686943395	52.40957497613809	4.2086736157860685	3.1528769044271625	0.4973304303115452
ses-20260317_grp-09_run01	T2	5	4	761727.164899	761757.164899	0.0721496338392282	0.0418065341607717	56.100527985210135	8.324159589051003	3.2855292284728965	0.4515442588451162
ses-20260317_grp-09_run01	T2	6	4	761742.164899	761772.164899	0.0754340243506493	0.045092512987013	55.788484979013276	8.299015851743125	3.3132512203545126	0.5087686712581474
ses-20260317_grp-09_run01	T2	7	4	761757.164899	761787.164899	0.08445239465153964	0.03403239141004865	51.82452733250514	5.194517028120622	3.312664634262426	0.43992280884080004
ses-20260317_grp-09_run01	T2	8	4	761772.164899	761802.164899	0.09928828977602455	0.020461547057577953	65.98171163277833	19.426325195924836	3.3128248411723615	0.40863740413825
ses-20260317_grp-09_run01	T2	9	4	761787.164899	761817.164899	0.0985344469327426	0.039591507390259	69.89294213449048	28.593809005023676	3.433210160676425	0.42474105116447847
ses-20260317_grp-09_run01	T2	10	4	761802.164899	761832.164899	0.08301040178571424	0.052902383928571446	74.58313377384889	32.439704954233285	3.4473291491823828	0.4076805428627651
ses-20260317_grp-09_run01	T2	11	4	761817.164899	761847.164899	0.07226215861513685	0.04215413768115944	60.938008484454095	10.49387938335267	3.3974673603005305	0.41234318583598883
ses-20260317_grp-09_run01	T2	12	4	761832.164899	761862.164899	0.07199003306451605	0.04188197177419355	61.7805226760774	15.936161261244514	3.495982599558032	0.42024622086851426
ses-20260317_grp-09_run01	T2	13	4	761847.164899	761877.164899	0.07987622185718495	0.049768231519020746	65.61560940430739	19.807019093504575	3.576223064629128	0.43631911410548657
ses-20260317_grp-09_run01	T2	14	4	761862.164899	761892.164899	0.08766313042368025	0.057485405060190745	62.61893722005843	17.596682213855015	3.5528583498242816	0.44130214312933125
ses-20260317_grp-09_run01	T2	15	4	761877.164899	761907.164899	0.10041572374798055	0.05806981744749595	80.47748603721608	36.26220775759003	3.5899981099658484	0.40757280556079345
ses-20260317_grp-09_run01	T2	16	4	761892.164899	761922.164899	0.10292548087576216	0.04805119493068945	80.74013159912376	26.16143363589396	3.64675384274803	0.39308896927390524
ses-20260317_grp-09_run01	T2	17	4	761907.164899	761937.164899	0.09669305510534844	0.04592265478119935	87.19123708621245	19.65207707887391	3.6533665047787167	0.44468768322119284
ses-20260317_grp-09_run01	T2	18	4	761922.164899	761952.164899	0.0963770221113628	0.0497289497429418	81.08136351860884	35.331942322164544	3.6057624318291084	0.4638274220897433
ses-20260317_grp-09_run01	T2	19	4	761937.164899	761967.164899	0.0957119539412222	0.056845417438675605	73.72276023489587	28.170761100829527	3.5375032902772574	0.43130738922810324
ses-20260317_grp-09_run01	T2	20	4	761952.164899	761982.164899	0.0899902479191011	0.05932679848089889	71.2042499451119	14.959935924955662	3.4992441862951513	0.40663603265758097
ses-20260317_grp-09_run01	T2	21	4	761967.164899	761997.164899	0.10062462062895634	0.053455635184997144	109.51614202135579	36.51189557535323	3.5409185791923927	0.3650143455863895
ses-20260317_grp-09_run01	T2	22	4	761982.164899	762012.164899	0.11830111004616631	0.0478613695302331	101.83550197243338	44.497038771374804	3.5552144939423194	0.3714153654847331
ses-20260317_grp-09_run01	T2	23	4	761997.164899	762027.164899	0.12311595653625684	0.046226679225332544	68.90456861218779	0.06189994458156889	3.5407481365539692	0.3892621758863108
ses-20260317_grp-09_run01	T2	24	4	762012.164899	762042.164899	0.11741981004229565	0.04982266866298535	53.72625244306906	3.5543509078781454	3.5697970257781355	0.4418895582211053
ses-20260317_grp-09_run01	T2	25	4	762027.164899	762057.164899	0.1145448595585403	0.0500320709970152	60.13314765587447	0.6412088313344562	3.611520121000825	0.4328360304530133
ses-20260317_grp-09_run01	T2	26	4	762042.164899	762072.164899	0.11884663308062075	0.04293882532345385	76.4264163753084	25.647209400821197	3.6392714630243557	0.40851187054079535
ses-20260317_grp-09_run01	T2	27	4	762057.164899	762087.164899	0.121257318985559	0.038295499049867704	69.05971311460743	26.90036763468384	3.626675289041916	0.4290692639129471
ses-20260317_grp-09_run01	T2	28	4	762072.164899	762102.164899	0.12023629200836164	0.03682459248530925	55.94305923740274	4.42154298153374	3.615150306808196	0.44518567830560457
ses-20260317_grp-09_run01	T2	29	4	762087.164899	762117.164899	0.13057693579324406	0.024884495609194958	58.251924520409474	2.3688319537467812	3.5635851047324825	0.4793655017612452
ses-20260317_grp-09_run01	T2	30	4	762102.164899	762132.164899	0.13312274810599606	0.022436269335864352	60.149068066273784	6.14019174486198	3.456668468379141	0.5181441951324847
ses-20260317_grp-09_run01	T2	31	4	762117.164899	762147.164899	0.1357562578864353	0.021215332018927398	56.196992436314744	4.31811228124289	3.4637407911401943	0.4228331467930254
ses-20260317_grp-09_run01	T2	32	4	762132.164899	762162.164899	0.1479392671619323	0.0091528127700405	47.94035279446307	10.99451730428816	3.534662837635561	0.3147753805784921
ses-20260317_grp-09_run01	T2	33	4	762147.164899	762177.164899	0.14928325187767938	0.0108260670591976	62.06112984965506	3.5109208205397913	3.5301734321446174	0.3469645071440385
ses-20260317_grp-09_run01	T2	34	4	762162.164899	762192.164899	0.1338381623376623	0.023565652597402592	60.066761785086	13.796528199666225	3.414642320486722	0.43253514856506986
ses-20260317_grp-09_run01	T2	35	4	762177.164899	762207.164899	0.10607120908482355	0.04844780526924335	54.39753207522347	11.376147343528952	3.363781045640904	0.43843212459145026
ses-20260317_grp-09_run01	T2	36	4	762192.164899	762222.164899	0.09716103981978165	0.06703185141398456	56.79469757132502	1.142730094653725	3.4619832572240563	0.41220502283821875
ses-20260317_grp-09_run01	T2	37	4	762207.164899	762237.164899	0.1056724779819383	0.0691396664803409	60.30311441196007	0.04327390928517971	3.4706658657307066	0.41073708068575926
ses-20260317_grp-09_run01	T2	38	4	762222.164899	762252.164899	0.10480466861172215	0.06816419620912474	78.35517169771062	18.21420125377382	3.452274330848764	0.377329314139116
ses-20260317_grp-09_run01	T2	39	4	762237.164899	762267.164899	0.09658725757188126	0.06642255259761026	77.70214802713514	12.468093593638464	3.215550272341228	0.35600619702453323
ses-20260317_grp-09_run01	T2	40	4	762252.164899	762282.164899	0.0967636051928374	0.06661014852617081	71.38311219174257	10.500064459081326	2.949006562497407	0.36757951291964674
ses-20260317_grp-09_run01	T2	41	4	762267.164899	762297.164899	0.09684460070945229	0.0667234628356982	69.78626010946188	14.710071319777658	2.9289953865680873	0.36419385345035815
ses-20260317_grp-09_run01	T2	42	4	762282.164899	762312.164899	0.0938974619903753	0.0637852035444294	74.09738107709006	15.67567271241407	2.9830633104656816	0.3611871690973048
ses-20260317_grp-09_run01	T2	43	4	762297.164899	762327.164899	0.09071922498993659	0.06061050421071589	76.59084517342967	8.23650996850963	3.047380876267704	0.33459774891625305
ses-20260317_grp-09_run01	T2	44	4	762312.164899	762342.164899	0.08761123047331189	0.05745480007331189	78.50413923139216	6.774131100537588	3.1673292987713575	0.29350772530629116
ses-20260317_grp-09_run01	T3	0	4	762356.261685	762386.261685	0.0669633844716123	0.0330377271868441	77.54958232006469	18.130463620518956	3.335948131725873	0.20382791579296658
ses-20260317_grp-09_run01	T3	1	4	762371.261685	762401.261685	0.05415214844197925	0.015987605079147447	72.79478926621891	17.267511500669745	3.3419430469360734	0.218039376576379
ses-20260317_grp-09_run01	T3	2	4	762386.261685	762416.261685	0.0704162094717668	0.0361421930783242	66.63676400011873	5.371733025316171	3.1897250836715987	0.26072384206759464
ses-20260317_grp-09_run01	T3	3	4	762401.261685	762431.261685	0.0873277936096718	0.056432541450777196	68.91350296047561	6.514219387578194	3.0586933261342097	0.3048886590859451
ses-20260317_grp-09_run01	T3	4	4	762416.261685	762446.261685	0.09152639772012015	0.06061083127493745	71.96284386166312	3.5577764068965365	3.096437818274633	0.367485670430424
ses-20260317_grp-09_run01	T3	5	4	762431.261685	762461.261685	0.09267308501572384	0.06251329870520635	66.5822267358109	9.166645596403669	3.1428815930530867	0.4132581542623199
ses-20260317_grp-09_run01	T3	6	4	762446.261685	762476.261685	0.0931633372120525	0.0630538388676817	77.41870705962525	12.53307883487956	3.1418066086061254	0.40279223806836945
ses-20260317_grp-09_run01	T3	7	4	762461.261685	762491.261685	0.0938945965586932	0.0637860317746401	77.83424308298342	9.488083323513607	3.1607203290146506	0.34367583456353057
ses-20260317_grp-09_run01	T3	8	4	762476.261685	762506.261685	0.08916955690126416	0.05906094813229285	89.12804646844914	31.36839885093053	3.2132647902891485	0.33782011909497406
ses-20260317_grp-09_run01	T3	9	4	762491.261685	762521.261685	0.07249180921220465	0.04238296029134135	96.98912661657032	27.471543844976807	3.1752241581031835	0.40246975488896286
ses-20260317_grp-09_run01	T3	10	4	762506.261685	762536.261685	0.07059660519480515	0.040284005194805156	72.37065421183544	17.997562435660612	3.161022872752322	0.4234623790436242
ses-20260317_grp-09_run01	T3	11	4	762521.261685	762551.261685	0.08766892845117841	0.057333709595959605	63.98039704453707	4.513222883864817	3.2184381649792235	0.45727312468834796
ses-20260317_grp-09_run01	T3	12	4	762536.261685	762566.261685	0.08545779601338915	0.05374965058855255	74.60163275242232	1.1526907991142323	3.273025643993444	0.47023167127422166
ses-20260317_grp-09_run01	T3	13	4	762551.261685	762581.261685	0.07893434058597734	0.029279912725280847	86.5163239443446	14.98556576030515	3.3565891628400997	0.42588043552234617
ses-20260317_grp-09_run01	T3	14	4	762566.261685	762596.261685	0.08571747108456884	0.012362085582097747	90.89167662035851	19.656457946454104	3.4869916813324915	0.32477087479719574
ses-20260317_grp-09_run01	T3	15	4	762581.261685	762611.261685	0.08747020420346285	0.011279538704338551	88.19272838232578	21.95964919704265	3.549990448387811	0.2714898157945993
ses-20260317_grp-09_run01	T3	16	4	762596.261685	762626.261685	0.0772489816148284	0.019048277844631	91.44034423267843	19.450422864890335	3.543985419511193	0.29037739948284125
ses-20260317_grp-09_run01	T3	17	4	762611.261685	762641.261685	0.06512660439251586	0.026943157512246053	82.96849519930939	20.075775943637687	3.508063066298145	0.30158597757262007
ses-20260317_grp-09_run01	T3	18	4	762626.261685	762656.261685	0.064818520001626	0.024145028858308798	78.56914331440174	24.25016194180929	3.4356156649643554	0.3313379498326638
ses-20260317_grp-09_run01	T3	19	4	762641.261685	762671.261685	0.07887946477169475	0.038180228907397556	81.17670406321683	21.42598410085972	3.3891515195557336	0.3311901400917535
ses-20260317_grp-09_run01	T3	20	4	762656.261685	762686.261685	0.085573790241382	0.053637533239734594	74.8161869882563	15.147467711741875	3.3764724593727093	0.3433394797833346
ses-20260317_grp-09_run01	T3	21	4	762671.261685	762701.261685	0.10225933185937415	0.06390813746069215	81.59402873075449	14.652361933485196	3.3857679579678255	0.3781468552585928
ses-20260317_grp-09_run01	T3	22	4	762686.261685	762716.261685	0.11493247528334105	0.06924248931842886	73.78345203797437	5.7027491685555844	3.421304887205639	0.4306956970766808
ses-20260317_grp-09_run01	T3	23	4	762701.261685	762731.261685	0.09980243717226454	0.04651653257862505	69.12821087517177	0.8180005014539802	3.4557182513637934	0.5031114101711612
ses-20260317_grp-09_run01	T3	24	4	762716.261685	762746.261685	0.10961498498599435	0.048013411652661056	71.86118247157243	8.106510595092598	3.4659594507686164	0.4418362507665511
ses-20260317_grp-09_run01	T3	25	4	762731.261685	762761.261685	0.1338107794910514	0.0555183178243848	69.50912108723072	10.254777683194401	3.454765524392829	0.37226113997668187
ses-20260317_grp-09_run01	T3	26	4	762746.261685	762776.261685	0.1738927719601834	0.0815913892240271	83.18246261053486	12.704007926192993	3.4615444063603418	0.3670018963153406
ses-20260317_grp-09_run01	T3	27	4	762761.261685	762791.261685	0.1831765609640961	0.09826920559219529	94.78411246233078	4.494463164069799	3.496993626194689	0.3717184535276003
ses-20260317_grp-09_run01	T3	28	4	762776.261685	762806.261685	0.158401576860985	0.07468438890478071	89.01184448026076	19.1908191150672	3.516966459045144	0.37901136334834656
ses-20260317_grp-09_run01	T3	29	4	762791.261685	762821.261685	0.15592970010675905	0.06107341412545065	79.44295537601883	20.090564104721032	3.500443638770744	0.3501867122336295
ses-20260317_grp-09_run01	T3	30	4	762806.261685	762836.261685	0.14670017631670396	0.05675550846590475	65.70392103557113	13.655489947041616	3.483084426408918	0.35371372669675927
ses-20260317_grp-09_run01	T3	31	4	762821.261685	762851.261685	0.13347150190644413	0.06014375106469334	61.17038626168423	3.8870486160445488	3.465135306234315	0.42590803170797087
ses-20260317_grp-09_run01	T3	32	4	762836.261685	762866.261685	0.12810552148623164	0.08072316711729964	60.09191185716225	2.4127760173900654	3.458974210456663	0.4412685790344777
ses-20260317_grp-09_run01	T3	33	4	762851.261685	762881.261685	0.12867193174342106	0.09323544654605266	63.67015207908703	1.4665264510289797	3.438574769039876	0.3896564865812335
ses-20260317_grp-09_run01	T3	34	4	762866.261685	762896.261685	0.13423054152416106	0.09034920764527406	72.84063176466451	10.71551800620146	3.4258856573876075	0.3627772174551831
ses-20260317_grp-09_run01	T3	35	4	762881.261685	762911.261685	0.12550943825753644	0.07539323521185125	71.91041263889798	5.4921134655255415	3.411383103165182	0.3179740067048092
ses-20260317_grp-09_run01	T3	36	4	762896.261685	762926.261685	0.11247739587303125	0.05656618506222045	74.79191474546911	4.3677264449392155	3.3668874868310783	0.2703463842269092
ses-20260317_grp-09_run01	T3	37	4	762911.261685	762941.261685	0.1172068670177904	0.0554457639982523	66.97574108988317	2.8053730183621255	3.3602126051295165	0.2830791318273396
ses-20260317_grp-09_run01	T3	38	4	762926.261685	762956.261685	0.12160555854486121	0.055603800561668006	64.2730126243643	4.725100378141267	3.3588728558360694	0.30576730598106966
ses-20260317_grp-09_run01	T3	39	4	762941.261685	762971.261685	0.1261576443717021	0.0663110447039281	69.4385757775524	2.058087707580995	3.3654599413926984	0.4044456662411312
ses-20260317_grp-09_run01	T3	40	4	762956.261685	762986.261685	0.1307805846322005	0.07483072022542091	64.48090320546451	6.555277828608428	3.4173298207029705	0.45660631124120626
ses-20260317_grp-09_run01	T3	41	4	762971.261685	763001.261685	0.11599360850410645	0.06009437786727345	58.924035704366815	12.034016289471946	3.449949247730135	0.4081539222279479
ses-20260317_grp-09_run01	T3	42	4	762986.261685	763016.261685	0.1019330449026992	0.0580990871045341	70.4721374482623	22.79078242707348	3.4456279025316534	0.3426404952259343
ses-20260317_grp-09_run01	T3	43	4	763001.261685	763031.261685	0.10691958512901964	0.06369034929720985	76.13893981984975	24.821360897017	3.4698452898540113	0.32147982492237975
ses-20260317_grp-09_run01	T3	44	4	763016.261685	763046.261685	0.09851632499999996	0.047578875000000055	69.48119315551227	20.5937491799371	3.4223661235794536	0.35173692612090185
ses-20260317_grp-09_run01	T3	45	4	763031.261685	763061.261685	0.08343773148928846	0.03446711115030545	66.83379772809658	5.182910208295887	3.386780767621288	0.43571367178008164
ses-20260317_grp-09_run01	T3	46	4	763046.261685	763076.261685	0.10100597809018305	0.031698616137321146	65.21619011723939	18.953698341723317	3.3437775265845335	0.3539937241039063
ses-20260317_grp-09_run01	T3	47	4	763061.261685	763091.261685	0.1321693195364238	0.0424316523178808	78.91777303325216	13.957961519434711	3.1910906418775857	0.2617701050378928
ses-20260317_grp-09_run01	T3	48	4	763076.261685	763106.261685	0.14290277808580856	0.05535393808580855	72.04734214799606	12.546199756153506	3.0134030285289555	0.31284281837937983
ses-20260317_grp-09_run01	T3	49	4	763091.261685	763121.261685	0.1458969931932471	0.058017967151580495	75.84962219899118	8.977733061620498	2.9064503596363718	0.36572439146300173
ses-20260317_grp-09_run01	T3	50	4	763106.261685	763136.261685	0.1446681511600541	0.056697536449020904	74.83303985551933	9.678466127731532	2.910456583605578	0.38429487114959926
ses-20260317_grp-09_run01	T3	51	4	763121.261685	763151.261685	0.14493485810810805	0.06282759121621626	77.90080796330543	10.365639052113849	2.935822159583518	0.3581540620115881
ses-20260317_grp-09_run01	T3	52	4	763136.261685	763166.261685	0.1391181959283602	0.057563187811477096	75.58104079708396	13.887871735395539	3.0110686528061237	0.34008209818877466
ses-20260317_grp-09_run01	T3	53	4	763151.261685	763181.261685	0.11623297849957055	0.058070367654275555	74.90447992231658	10.012676183884594	3.177852972618849	0.2752833788223877
ses-20260317_grp-09_run01	T4	0	4	763190.654745	763220.654745	0.1033463571753727	0.0732263226926141	60.14170220741791	0.02242555014569092	3.379679689768049	0.23416540633818073
ses-20260317_grp-09_run01	T4	1	4	763205.654745	763235.654745	0.10630178243938479	0.0760870307837557	54.541825803913966	6.467791809873276	3.4078801655208077	0.31506929723621674
ses-20260317_grp-09_run01	T4	2	4	763220.654745	763250.654745	0.09782138580944745	0.06553355303352776	64.4292235752074	3.233895303851348	3.458510275634601	0.3577082140645622
ses-20260317_grp-09_run01	T4	3	4	763235.654745	763265.654745	0.0957274141167885	0.06238809083370651	65.45808781363078	6.365513416379908	3.5103497202454	0.4033433773728022
ses-20260317_grp-09_run01	T4	4	4	763250.654745	763280.654745	0.0861565021791415	0.054937159137070396	59.97951494509178	0.2280808559315055	3.498950779981403	0.38312744408798505
ses-20260317_grp-09_run01	T4	5	4	763265.654745	763295.654745	0.07477592438324565	0.04450840049789535	67.51619879853118	4.8252527578672755	3.377738989622472	0.370491223000902
ses-20260317_grp-09_run01	T4	6	4	763280.654745	763310.654745	0.09073503071672351	0.060415491467576805	48.514888693619085	7.774223425361239	3.2242146232124815	0.424817706415098
ses-20260317_grp-09_run01	T4	7	4	763295.654745	763325.654745	0.10594494577957894	0.07217998591919506	49.16895602276142	3.588477157728665	3.1671066293613324	0.46030229936509226
ses-20260317_grp-09_run01	T4	8	4	763310.654745	763340.654745	0.10911085702199655	0.06486555752961085	86.55034992267807	15.386102907160726	3.2532291634502326	0.39713026833881987
ses-20260317_grp-09_run01	T4	9	4	763325.654745	763355.654745	0.11540954966329965	0.061279978956228956	67.56080449842332	0.33707720626654947	3.411682214309137	0.2524066726181101
ses-20260317_grp-09_run01	T4	10	4	763340.654745	763370.654745	0.11775936414818196	0.05840876650508435	74.37298661400271	9.892356505948634	3.3808533523451687	0.2584693511865488
ses-20260317_grp-09_run01	T4	11	4	763355.654745	763385.654745	0.11124060788422414	0.05779004072004505	57.48807523185438	2.4000537558704487	3.3254895163206006	0.39815910318689396
ses-20260317_grp-09_run01	T4	12	4	763370.654745	763400.654745	0.1034757686927707	0.065503610095108	59.22028498184757	1.7572767662249156	3.2171419579268594	0.43528277984550245
ses-20260317_grp-09_run01	T4	13	4	763385.654745	763415.654745	0.10090853914590739	0.06231821530249109	58.69636742596941	3.390303626454873	3.248910533525184	0.42444395946318164
ses-20260317_grp-09_run01	T4	14	4	763400.654745	763430.654745	0.10477933451913934	0.05365689924709435	60.52284212980551	0.5893383492510758	3.449850831856086	0.40447926164728215
ses-20260317_grp-09_run01	T4	15	4	763415.654745	763445.654745	0.09985322246706725	0.05834517402416074	60.24745068408796	11.048713732615191	3.4846640427931868	0.41688734494042884
ses-20260317_grp-09_run01	T4	16	4	763430.654745	763460.654745	0.0929956619655971	0.061110329728755	58.78432888077981	9.537315701333672	3.491613536121953	0.4218903436557124
ses-20260317_grp-09_run01	T4	17	4	763445.654745	763475.654745	0.0995371354344122	0.05009584412265761	61.07389069421919	12.10429265138394	3.4543198788815648	0.3816152107006542
ses-20260317_grp-09_run01	T4	18	4	763460.654745	763490.654745	0.1152648705110758	0.042820097556151	65.45566517744831	6.2237843201877965	3.393527375962365	0.377311435023844
ses-20260317_grp-09_run01	T4	19	4	763475.654745	763505.654745	0.12228046783815046	0.041666193726475356	69.3319773609391	10.825130572473697	3.374309957865941	0.4206901018443931
ses-20260317_grp-09_run01	T4	20	4	763490.654745	763520.654745	0.119677394086082	0.03541723711959171	63.090338536030615	5.391789362207579	3.3459039491486906	0.4871364718121601
ses-20260317_grp-09_run01	T4	21	4	763505.654745	763535.654745	0.11640515596607764	0.04397420797950055	64.6646330391911	4.023290113422739	3.297400592389851	0.4877432738592992
ses-20260317_grp-09_run01	T4	22	4	763520.654745	763550.654745	0.10421949172185425	0.048295672185430454	69.13583597354898	6.30900571962119	3.3494881206015847	0.4408142522605503
ses-20260317_grp-09_run01	T4	23	4	763535.654745	763565.654745	0.10354336883861501	0.04701817420774261	66.89461238711438	4.612276282985135	3.394608739093436	0.44633298518696585
ses-20260317_grp-09_run01	T4	24	4	763550.654745	763580.654745	0.1202578718564688	0.044529727816733804	60.86173596829828	7.695981083012271	3.3357105212538807	0.45126472907042364
ses-20260317_grp-09_run01	T4	25	4	763565.654745	763595.654745	0.1135618540416177	0.050172240329243195	62.38033872374309	3.0218848580859046	3.269906398252539	0.3631102218431156
ses-20260317_grp-09_run01	T4	26	4	763580.654745	763610.654745	0.1024830222040609	0.0690249642824255	53.99333353487036	1.2503002062747903	3.055277535119485	0.3113816673900971
ses-20260317_grp-09_run01	T4	27	4	763595.654745	763625.654745	0.10435454183218741	0.0739456061179017	62.730073207730435	16.767502103544096	2.8706615126346806	0.33959012366247815
ses-20260317_grp-09_run01	T4	28	4	763610.654745	763640.654745	0.1033180064995778	0.07296264897745401	76.14112939517764	13.817129822272005	2.914798954570802	0.35611615431386623
ses-20260317_grp-10_run01	T0	0	4	0.012872	30.012872	0.03288814715203895	0.004243261551026972	82.11364428581552	16.073663706366425	3.1783838378550144	0.360708998648631
ses-20260317_grp-10_run01	T0	1	4	15.012872	45.012872	0.03340409483346745	0.004947907124318798	90.75634523218685	34.106625654292436	3.010806624902161	0.3332591144873929
ses-20260317_grp-10_run01	T0	2	4	30.012872	60.012872	0.03885482287308223	0.009278914491958428	68.33072619478565	6.06269765444955	2.8929683102462405	0.1950217294513565
ses-20260317_grp-10_run01	T0	3	4	45.012872	75.012872	0.04631695984636865	0.020565681144089878	66.4806349823878	11.55390353840496	2.9281293441257943	0.15107549469172527
ses-20260317_grp-10_run01	T0	4	4	60.012872	90.012872	0.04838317545197925	0.02291853589256672	76.26294375400786	12.698534110864474	2.9580196689950418	0.11664372718865389
ses-20260317_grp-10_run01	T0	5	4	75.012872	105.012872	0.041944172182570155	0.01212063233137425	87.43358330072728	34.93858065742265	3.012327552528121	0.18099820316333337
ses-20260317_grp-10_run01	T0	6	4	90.012872	120.012872	0.035717668228809	0.009628844836415545	91.91099058171758	33.307292388451714	3.0837261666282876	0.13060602789869483
ses-20260317_grp-10_run01	T0	7	4	105.012872	135.01287200000002	0.036120323678656405	0.010419725638552873	82.3947606616501	20.120200843407805	3.195251989891558	0.10215966743749735
ses-20260317_grp-10_run01	T0	8	4	120.012872	150.01287200000002	0.0367880203938115	0.010937281835415692	72.71086221435436	8.526882493394293	3.4704931408595296	0.12199484226103245
ses-20260317_grp-10_run01	T0	9	4	135.01287200000002	165.01287200000002	0.03664504403218283	0.010689830906392035	73.7610388692733	5.263595077724629	3.5967932818999673	0.26852388203641003
ses-20260317_grp-10_run01	T0	10	4	150.01287200000002	180.01287200000002	0.03997071379596333	0.010854272670139215	66.28608939884069	4.575435722078565	3.404887657010393	0.32532607735769886
ses-20260317_grp-10_run01	T0	11	4	165.01287200000002	195.012872	0.0474811434327541	0.017835757452623387	68.8040626933138	3.1342580935921873	3.349016396986203	0.32312487463952755
ses-20260317_grp-10_run01	T0	12	4	180.01287200000002	210.012872	0.056580023176521596	0.028664464029751105	80.01190490409383	19.269387332729124	3.405384902716646	0.3786203045811097
ses-20260317_grp-10_run01	T0	13	4	195.012872	225.012872	0.06509072645351713	0.03500624821550946	78.34817042089291	15.464192430346266	3.288400419760614	0.33008940207067766
ses-20260317_grp-10_run01	T0	14	4	210.012872	240.012872	0.06819010084546823	0.039783523814223176	71.84784465892697	8.875562186573138	3.222757074988291	0.2670313418844677
ses-20260317_grp-10_run01	T0	15	4	225.012872	255.012872	0.06153292569849043	0.03429049706189643	76.59292451407441	16.673444580039504	3.293097368273292	0.30422078898314325
ses-20260317_grp-10_run01	T0	16	4	240.012872	270.012872	0.05838996613610375	0.04229184612465867	75.57237257013679	15.6090920972137	3.3268569874633833	0.3282854470521446
ses-20260317_grp-10_run01	T0	17	4	255.012872	285.012872	0.07439469856212165	0.07177246229572624	71.3298873698786	15.865283117751167	3.3413864465901986	0.3654000044366278
ses-20260317_grp-10_run01	T0	18	4	270.012872	300.012872	0.08926147612103498	0.0970621501870083	67.8740070566536	3.9604019892193114	3.3397935695704453	0.37708479505779036
ses-20260317_grp-10_run01	T0	19	4	285.012872	315.012872	0.08647815584657127	0.09452795805396741	74.81640563321818	10.028303671039644	3.2880275053171903	0.31796189532853597
ses-20260317_grp-10_run01	T0	20	4	767308.624877	767338.624877	0.08035131091329255	0.07575382886346378	70.73183116652395	11.402459510175234		
ses-20260317_grp-10_run01	T0	21	4	767323.624877	767353.624877	0.07701862674094703	0.0621703663002685	76.85413053059139	8.102805613967519		
ses-20260317_grp-10_run01	T0	22	4	767338.624877	767368.624877	0.07805901808260463	0.053766968922356544	72.95116426394392	14.069750097894387		
ses-20260317_grp-10_run01	T0	23	4	767353.624877	767383.624877	0.0849969507726167	0.05522377080319479	83.34719264210636	17.82845789149469		
ses-20260317_grp-10_run01	T0	24	4	767368.624877	767398.624877	0.08793960422041054	0.05738072023114624	75.06094673984748	9.039511187820786		
ses-20260317_grp-10_run01	T1	0	4	318.008251	348.008251	0.09148659586202615	0.061856762264149205	68.08606569708363	8.711165397625129	3.421470148354679	0.1588810324708389
ses-20260317_grp-10_run01	T1	1	4	333.008251	363.008251	0.10928796726679645	0.0795154416989436	73.73797513437606	12.462666275989935	3.4756634456455653	0.18323041653173217
ses-20260317_grp-10_run01	T1	2	4	348.008251	378.008251	0.10962482650749783	0.08115515367087693	79.3068247371855	8.942761314933858	3.456570104280027	0.2148256963262642
ses-20260317_grp-10_run01	T1	3	4	363.008251	393.008251	0.09836307062495511	0.06850766852263537	79.02637283700129	17.407748040389517	3.4491277959375544	0.26008699772452765
ses-20260317_grp-10_run01	T1	4	4	378.008251	408.008251	0.08283903962226766	0.053364552316841916	74.19644208205352	13.86304122114872	3.468308888704578	0.24042518165604834
ses-20260317_grp-10_run01	T1	5	4	393.008251	423.008251	0.0737284076393912	0.04643846136196651	65.14318544858052	7.487140981014861	3.462292409852626	0.1630196281801199
ses-20260317_grp-10_run01	T1	6	4	408.008251	438.008251	0.06461224750704042	0.043739870252451005	68.52091452312935	12.043906077427982	3.498399284130568	0.12587763362569818
ses-20260317_grp-10_run01	T1	7	4	423.008251	453.008251	0.05579530229403363	0.04437530328483985	61.81134034138621	9.259656654487546	3.376848764500589	0.1426616401589866
ses-20260317_grp-10_run01	T1	8	4	438.008251	468.008251	0.05507823082942013	0.043257798032517246	74.61422785711454	15.59564900226716	3.1725593004388606	0.20428144117469207
ses-20260317_grp-10_run01	T1	9	4	453.008251	483.008251	0.054267138703571575	0.041825931847985345	81.23447119348265	24.645654029049098	3.1231219349271555	0.19707547165983078
ses-20260317_grp-10_run01	T1	10	4	468.008251	498.008251	0.05333768198005693	0.040215652292817365	72.0025291622944	16.32506592310438	3.082037307066318	0.20851776288119134
ses-20260317_grp-10_run01	T1	11	4	483.008251	513.008251	0.0521081405679609	0.03801921846500008	86.2033161602486	28.747794512113636	3.0468598519622576	0.16775928553442707
ses-20260317_grp-10_run01	T1	12	4	498.008251	528.008251	0.05363850680086513	0.03660256124954732	89.878160485684	25.108826744776508	3.045547690527874	0.1755591508247816
ses-20260317_grp-10_run01	T1	13	4	513.008251	543.008251	0.05859471964403735	0.0383781726585873	81.71260844262034	23.86773659973045	2.9696730084496528	0.18096099388995132
ses-20260317_grp-10_run01	T1	14	4	528.008251	558.008251	0.062429235298674945	0.03717379028846969	95.03342833954954	19.23259350515894	2.8161481996651925	0.2129025216506691
ses-20260317_grp-10_run01	T1	15	4	543.008251	573.008251	0.0710845789641763	0.04103187395277473	90.02415200174025	21.93433018474611	2.735788883166329	0.18520688781851316
ses-20260317_grp-10_run01	T1	16	4	558.008251	588.008251	0.07995956926496288	0.050996662238337064	82.07551205870513	19.91063544361457	2.7649681075134476	0.2299358108970919
ses-20260317_grp-10_run01	T1	17	4	573.008251	603.008251	0.06713078106981575	0.03695496975841694	83.08045360324311	23.424242435868635	2.8067291700379577	0.27702025898062066
ses-20260317_grp-10_run01	T1	18	4	588.008251	618.008251	0.04795898741929712	0.023298513212201947	89.4412463076037	21.394211235795172	2.8637751783236762	0.20653767044188437
ses-20260317_grp-10_run01	T1	19	4	603.008251	633.008251	0.045436964135021046	0.025358800174519063	88.39864353063062	22.679451747353365	3.0417435939450126	0.3799964936056178
ses-20260317_grp-10_run01	T1	20	4	618.008251	648.008251	0.047256647901675726	0.027598370165737254	82.68275161480415	28.71568793929277	3.174893581895714	0.5471937501270242
ses-20260317_grp-10_run01	T1	21	4	633.008251	663.008251	0.04690656886112095	0.028156181128174904	80.37104165417267	25.676969748832445	3.1035825353280506	0.45810330785047937
ses-20260317_grp-10_run01	T1	22	4	648.008251	678.008251	0.05184415839532975	0.027935535314959185	81.24049556991264	24.05714487901336	3.1836218822603364	0.32802265858436064
ses-20260317_grp-10_run01	T1	23	4	663.008251	693.008251	0.05245097618988498	0.026802383002238323	81.01729773512412	18.39693877240576	3.278948349244745	0.24908163443079265
ses-20260317_grp-10_run01	T1	24	4	767762.64624	767792.64624	0.0486206266167022	0.02412948307890593	74.1447223637237	9.875689864325114		
ses-20260317_grp-10_run01	T1	25	4	767777.64624	767807.64624	0.048588466857713127	0.024151405474419477	63.66091572692184	6.05408775498215		
ses-20260317_grp-10_run01	T1	26	4	767792.64624	767822.64624	0.04933081195460643	0.02906529474577545	65.87168321329086	4.240050927602243		
ses-20260317_grp-10_run01	T1	27	4	767807.64624	767837.64624	0.05409952848117022	0.03256955174583548	67.22224061436731	7.537095711236226		
ses-20260317_grp-10_run01	T1	28	4	767822.64624	767852.64624	0.05446022089605761	0.034306574406706106	69.28461100069843	21.466295547259335		
ses-20260317_grp-10_run01	T1	29	4	767837.64624	767867.64624	0.05310922929901948	0.03964764894846251	79.08206468679128	14.912167257838565		
ses-20260317_grp-10_run01	T1	30	4	767852.64624	767882.64624	0.0560212032271853	0.04435807519889535	75.88608020710481	17.420641153300036		
ses-20260317_grp-10_run01	T1	31	4	767867.64624	767897.64624	0.057598276266724605	0.044806261912685226	70.46926017284672	11.198883113052405		
ses-20260317_grp-10_run01	T1	32	4	767882.64624	767912.64624	0.06211292718006093	0.04199432148941102	72.97088089949995	15.016971688713435		
ses-20260317_grp-10_run01	T1	33	4	767897.64624	767927.64624	0.06672453306904608	0.0405750209801974	72.47527271520532	14.925654205553894		
ses-20260317_grp-10_run01	T1	34	4	767912.64624	767942.64624	0.0637720805619936	0.037813409032345896	70.26392210580151	16.843119957989096		
ses-20260317_grp-10_run01	T1	35	4	767927.64624	767957.64624	0.0556485540068411	0.02941063943834506	73.84938776700041	12.753423395239123		
ses-20260317_grp-10_run01	T1	36	4	767942.64624	767972.64624	0.055105916109782244	0.025703665777227498	80.48797051598643	19.34996207147998		
ses-20260317_grp-10_run01	T1	37	4	767957.64624	767987.64624	0.04967871299775128	0.021173531085165214	86.21675525475605	28.964311141605663		
ses-20260317_grp-10_run01	T1	38	4	767972.64624	768002.64624	0.04147184735197398	0.019189956527004216	72.69887281441271	15.318794374622001		
ses-20260317_grp-10_run01	T1	39	4	767987.64624	768017.64624	0.042635701595437725	0.021679290656218476	77.75432017362783	6.479764495226102		
ses-20260317_grp-10_run01	T1	40	4	768002.64624	768032.64624	0.0433598547907054	0.022947213342638037	86.5063511382273	11.549913981779289		
ses-20260317_grp-10_run01	T1	41	4	768017.64624	768047.64624	0.043780442685344347	0.023634890509573236	74.520430284492	7.244746615696614		
ses-20260317_grp-10_run01	T1	42	4	768032.64624	768062.64624	0.043895996296868724	0.023841396830545276	73.82355552801405	5.818611687388233		
ses-20260317_grp-10_run01	T1	43	4	768047.64624	768077.64624	0.04406148088043932	0.024175305661347977	78.927907763637	12.193289722956159		
ses-20260317_grp-10_run01	T1	44	4	768062.64624	768092.64624	0.04424505640904662	0.02449271616055538	84.00235104901245	17.484938628521004		
ses-20260317_grp-10_run01	T1	45	4	768077.64624	768107.64624	0.043311921759003925	0.022876259963487397	85.75736327729324	17.94075556930233		
ses-20260317_grp-10_run01	T1	46	4	768092.64624	768122.64624	0.041506666883492076	0.019749492897102858	83.8580777600616	12.415053315677424		
ses-20260317_grp-10_run01	T1	47	4	768107.64624	768137.64624	0.04252777779091092	0.021515173364801018	91.0037223989323	13.072944322525247		
ses-20260317_grp-10_run01	T1	48	4	768122.64624	768152.64624	0.0457537058601305	0.026916907134240196	98.71278678627203	28.90327663819478		
ses-20260317_grp-10_run01	T1	49	4	768137.64624	768167.64624	0.04866697238702815	0.03078718128185055	88.24078890265902	27.85615344092549		
ses-20260317_grp-10_run01	T1	50	4	768152.64624	768182.64624	0.05121090685841493	0.03243733801175605	96.01517065340214	30.409754978335744		
ses-20260317_grp-10_run01	T1	51	4	768167.64624	768197.64624	0.05376546993186197	0.03258507802084184	94.60144854071166	19.754437469595086		
ses-20260317_grp-10_run01	T1	52	4	768182.64624	768212.64624	0.0530460726914077	0.03400256915727371	82.1942860050423	12.594464006522344		
ses-20260317_grp-10_run01	T2	0	4	702.002928	732.002928	0.04776179774827018	0.03058408505467763	76.25757778140246	9.320556587187886	3.178383031884524	0.0701711220501005
ses-20260317_grp-10_run01	T2	1	4	717.002928	747.002928	0.04954296876970042	0.033669242162205515	74.25437865676224	16.709623479020447	3.2073192454664676	0.1796630943812338
ses-20260317_grp-10_run01	T2	2	4	732.002928	762.002928	0.05039975872079575	0.03496865976863724	89.32399328077241	28.03126791247966	3.0661040808514364	0.20021524512030628
ses-20260317_grp-10_run01	T2	3	4	747.002928	777.002928	0.051236825810046197	0.03541834054176559	86.0212959697855	31.29590775414649	2.988920813897841	0.15609395555590036
ses-20260317_grp-10_run01	T2	4	4	762.002928	792.002928	0.0518382612783536	0.03535115570557362	71.46801715259672	17.65865508093273	3.0529431553892104	0.27942963617370603
ses-20260317_grp-10_run01	T2	5	4	777.002928	807.002928	0.0496288134219783	0.03138436580470125	77.74535074311969	11.723934056087375	3.042432226972242	0.31545424585456583
ses-20260317_grp-10_run01	T2	6	4	792.002928	822.002928	0.047540584004379306	0.028156563170982286	79.08788201053417	15.115418610424364	3.10357730280549	0.3290846022486545
ses-20260317_grp-10_run01	T2	7	4	807.002928	837.002928	0.04639889424298805	0.027268863015946568	68.17940311720388	10.755373770037567	3.179489695882758	0.36233579717874503
ses-20260317_grp-10_run01	T2	8	4	822.002928	852.002928	0.04514553144063203	0.02597503725709361	62.15318434812117	8.871081971598636	3.0328147914551535	0.282061377384254
ses-20260317_grp-10_run01	T2	9	4	837.002928	867.002928	0.046028263779047826	0.027540493935621677	61.382285768599225	9.500316835923455	2.931355593859992	0.24215243322012958
ses-20260317_grp-10_run01	T2	10	4	852.002928	882.002928	0.047817591102236476	0.030668937228628762	69.47870118401124	5.677510436730812	2.980695732849314	0.24940570716863533
ses-20260317_grp-10_run01	T2	11	4	867.002928	897.002928	0.04820110591967763	0.03132895029737912	81.4538458678418	9.971042687396762	2.9975213508765046	0.26874304956964573
ses-20260317_grp-10_run01	T2	12	4	882.002928	912.002928	0.048235261737568175	0.0313938952411315	83.13704743065456	9.768290661722007	2.9354880933698726	0.26520563713263967
ses-20260317_grp-10_run01	T2	13	4	897.002928	927.002928	0.048660627335073474	0.031162996418799348	72.54098438967897	16.408880966261	2.975859507436807	0.2931177506874262
ses-20260317_grp-10_run01	T2	14	4	912.002928	942.002928	0.05010006192508387	0.030069626743032804	78.05772498656181	12.435807041393387	3.109740783754825	0.3502470772675355
ses-20260317_grp-10_run01	T2	15	4	927.002928	957.002928	0.05071114094286728	0.02827906031071705	98.58098476936601	29.695039569382406	3.2198948833550443	0.34370693646436573
ses-20260317_grp-10_run01	T2	16	4	942.002928	972.002928	0.04888206107023656	0.02617383924719071	96.12103111139578	31.435827565155932	3.2694585412813613	0.2987218043652639
ses-20260317_grp-10_run01	T2	17	4	768476.69383	768506.69383	0.0468656756556101	0.02482010776606905	79.72530220880871	11.439196805736394		
ses-20260317_grp-10_run01	T2	18	4	768491.69383	768521.69383	0.0469122235241972	0.024294534030891258	75.49696920987753	9.689809572475799		
ses-20260317_grp-10_run01	T2	19	4	768506.69383	768536.69383	0.047866946985090746	0.024550533941943245	71.02659551769554	13.339320125165118		
ses-20260317_grp-10_run01	T2	20	4	768521.69383	768551.69383	0.0507086742558876	0.02877844523719157	66.42874475173463	12.736379706596466		
ses-20260317_grp-10_run01	T2	21	4	768536.69383	768566.69383	0.05568599559054862	0.03198974557820744	75.20803785462931	21.95004121180913		
ses-20260317_grp-10_run01	T2	22	4	768551.69383	768581.69383	0.05913020341815045	0.034576066694566074	74.39379253362705	15.080655440289183		
ses-20260317_grp-10_run01	T2	23	4	768566.69383	768596.69383	0.06264643194221585	0.036859632527877766	74.70431306633795	17.96140954734413		
ses-20260317_grp-10_run01	T2	24	4	768581.69383	768611.69383	0.06668035643564355	0.03562904548812417	84.09739735383337	14.243393611305159		
ses-20260317_grp-10_run01	T2	25	4	768596.69383	768626.69383	0.06984072640845068	0.03542859475678836	90.36951702227205	18.872704807998765		
ses-20260317_grp-10_run01	T2	26	4	768611.69383	768641.69383	0.07316142489459627	0.03610201332141915	89.3714844886862	20.790901687496003		
ses-20260317_grp-10_run01	T2	27	4	768626.69383	768656.69383	0.07910739475227703	0.03854835548730366	86.11852910433197	23.54674857564947		
ses-20260317_grp-10_run01	T2	28	4	768641.69383	768671.69383	0.0904558898081881	0.05142367736630513	92.70209081015157	22.005087652937895		
ses-20260317_grp-10_run01	T2	29	4	768656.69383	768686.69383	0.11209499123575356	0.08599263401577555	102.775794210127	19.28010856739494		
ses-20260317_grp-10_run01	T2	30	4	768671.69383	768701.69383	0.16147974085039155	0.16765872360902923	89.24224933337943	25.80814742749592		
ses-20260317_grp-10_run01	T2	31	4	768686.69383	768716.69383	0.2296425369408905	0.2825822306903129	86.1850233757996	23.56633256643363		
ses-20260317_grp-10_run01	T2	32	4	768701.69383	768731.69383	0.26472763102350244	0.34405367139750426	84.57636250402207	20.598694328060912		
ses-20260317_grp-10_run01	T2	33	4	768716.69383	768746.69383	0.1902749009899954	0.21886789619654243	83.4317164964093	15.917801185474397		
ses-20260317_grp-10_run01	T2	34	4	768731.69383	768761.69383	0.24340789867005863	0.31270962915639916	82.58093948580823	17.741347929219778		
ses-20260317_grp-10_run01	T2	35	4	768746.69383	768776.69383	0.4019755026635309	0.5902351072012979	75.13414786353925	17.465458236909864		
ses-20260317_grp-10_run01	T2	36	4	768761.69383	768791.69383	0.39977657536792705	0.5861145788512879	67.2694959041398	15.92580484919288		
ses-20260317_grp-10_run01	T2	37	4	768776.69383	768806.69383	0.3313932259547383	0.46687730147634715	68.32397375156536	15.682123694709247		
ses-20260317_grp-10_run01	T2	38	4	768791.69383	768821.69383	0.312516283501619	0.43829385591814146	76.64931569428694	9.164917453481449		
ses-20260317_grp-10_run01	T2	39	4	768806.69383	768836.69383	0.31066819986330896	0.4379132050154948	73.14611248082484	12.580551280930306		
ses-20260317_grp-10_run01	T2	40	4	768821.69383	768851.69383	0.2763017958166213	0.3799783642939199	74.59676398216418	12.095202092331405		
ses-20260317_grp-10_run01	T2	41	4	768836.69383	768866.69383	0.26509414493170275	0.35916223879352116	72.98406528067805	6.2638516081278715		
ses-20260317_grp-10_run01	T2	42	4	768851.69383	768881.69383	0.26164626344788555	0.34831944672918075	74.78590364280073	17.53149552964021		
ses-20260317_grp-10_run01	T2	43	4	768866.69383	768896.69383	0.24856459527377445	0.3215955560414805	69.74768808064321	15.853592730118564		
ses-20260317_grp-10_run01	T2	44	4	768881.69383	768911.69383	0.23232466696200746	0.29343379048394247	64.58049692994804	7.178287082350295		
ses-20260317_grp-10_run01	T2	45	4	768896.69383	768926.69383	0.22512643274027233	0.28226047366934826	62.26615710985327	8.190935738376		
ses-20260317_grp-10_run01	T2	46	4	768911.69383	768941.69383	0.2150063635161349	0.2644213777566924	67.73351049067361	11.405201817102803		
ses-20260317_grp-10_run01	T2	47	4	768926.69383	768956.69383	0.1893324796080347	0.21990586321684188	72.3900047516293	9.471185151947482		
ses-20260317_grp-10_run01	T2	48	4	768941.69383	768971.69383	0.13887733133760607	0.13635447202875853	74.80121415439032	11.5035606748501		
ses-20260317_grp-10_run01	T2	49	4	768956.69383	768986.69383	0.0805957106503355	0.049318438239355555	80.50000939816051	14.397406713370815		
ses-20260317_grp-10_run01	T2	50	4	768971.69383	769001.69383	0.07784403796180739	0.044674633134636134	80.23189359356057	14.892262377538787		
ses-20260317_grp-10_run01	T2	51	4	768986.69383	769016.69383	0.1186227291790096	0.07314160757289839	81.27505399740451	8.044663829697683		
ses-20260317_grp-10_run01	T2	52	4	769001.69383	769031.69383	0.13958899615953826	0.09633244245230257	74.91940129714015	14.22081735885043		
ses-20260317_grp-10_run01	T2	53	4	769016.69383	769046.69383	0.13154533901193688	0.09275768249118324	74.64682000854323	8.185913545223318		
ses-20260317_grp-10_run01	T2	54	4	769031.69383	769061.69383	0.12062914666958019	0.09428001024722356	70.66940835234868	5.438810848571918		
ses-20260317_grp-10_run01	T2	55	4	769046.69383	769076.69383	0.10511117677081587	0.0801357332483304	74.22274100879628	20.476104043638532		
ses-20260317_grp-10_run01	T2	56	4	769061.69383	769091.69383	0.08912368554840103	0.059817591735910274	83.980523942518	15.621204403022915		
ses-20260317_grp-10_run01	T2	57	4	769076.69383	769106.69383	0.0978070921007167	0.06826080543481529	87.96317023927625	16.40824601262833		
ses-20260317_grp-10_run01	T2	58	4	769091.69383	769121.69383	0.11127370298301961	0.08275259401786351	87.71865610937836	37.21332652622872		
ses-20260317_grp-10_run01	T2	59	4	769106.69383	769136.69383	0.1132872018301155	0.08735078133461463	89.31532482169314	35.982131413890116		
ses-20260317_grp-10_run01	T2	60	4	769121.69383	769151.69383	0.11280664734938771	0.0892472459962529	66.82260724925011	7.346509480181395		
ses-20260317_grp-10_run01	T2	61	4	769136.69383	769166.69383	0.11085476444157202	0.08784781735538326	75.83103595560148	10.641653290477718		
ses-20260317_grp-10_run01	T2	62	4	769151.69383	769181.69383	0.10851461971443256	0.08593192889341318	77.18306689682046	13.857461404391751		
ses-20260317_grp-10_run01	T2	63	4	769166.69383	769196.69383	0.10374067284766471	0.08069039263620324	79.03381026486204	12.1493987247958		
ses-20260317_grp-10_run01	T2	64	4	769181.69383	769211.69383	0.09852950499964888	0.07459659611716321	73.86261879879986	14.151139459102772		
ses-20260317_grp-10_run01	T2	65	4	769196.69383	769226.69383	0.09572028970886462	0.07140974289456882	87.69361484122774	24.129634260445503		
ses-20260317_grp-10_run01	T2	66	4	769211.69383	769241.69383	0.09424025696325683	0.06989289774362972	82.10552183723665	11.481487110479208		
ses-20260317_grp-10_run01	T2	67	4	769226.69383	769256.69383	0.09785073111218502	0.06989562583913707	76.72389841513079	10.72927818088703		
ses-20260317_grp-10_run01	T2	68	4	769241.69383	769271.69383	0.10130784492829226	0.0713576876300076	72.3135374048422	11.576158376464422		
ses-20260317_grp-10_run01	T3	0	4	982.109702	1012.109702	0.10099310935302384	0.07105228568779785	66.65618437542676	7.9886191677062905	3.0736817994101546	0.19871572966269896
ses-20260317_grp-10_run01	T3	1	4	997.109702	1027.109702	0.10230910054470987	0.07271202878277454	75.68788432698683	10.428009087828627	3.1257716663178106	0.3672304388220706
ses-20260317_grp-10_run01	T3	2	4	1012.109702	1042.109702	0.09820502919605065	0.06807368111927287	75.35145863880169	13.12754287924682	3.0733778441980886	0.30385056867792176
ses-20260317_grp-10_run01	T3	3	4	1027.109702	1057.109702	0.08998926390968873	0.061903950405284104	72.79613233047604	13.070539787337337	2.8885685553960925	0.18111931124477
ses-20260317_grp-10_run01	T3	4	4	1042.109702	1072.109702	0.08298418232353665	0.05956824678160476	77.09602742469788	14.636766861635639	2.858975984683011	0.21135672984869633
ses-20260317_grp-10_run01	T3	5	4	1057.109702	1087.109702	0.08365458548216155	0.06224422251584647	82.37326798902382	14.261762272054838	2.842290253803529	0.2421707401409726
ses-20260317_grp-10_run01	T3	6	4	1072.109702	1102.109702	0.08759567351382366	0.06415827540031534	76.62101778650307	8.208619137936742	2.850854736976302	0.21951555544005943
ses-20260317_grp-10_run01	T3	7	4	1087.109702	1117.109702	0.0898747702410904	0.0653385438660467	75.2552912856124	6.705268887364088	2.9065887457003887	0.1749655772883074
ses-20260317_grp-10_run01	T3	8	4	1102.109702	1132.109702	0.09247476467548675	0.07047078310010506	83.87060328618172	20.097065812440487	2.9331349549834487	0.25492440835295677
ses-20260317_grp-10_run01	T3	9	4	1117.109702	1147.109702	0.0985355634075219	0.07912336181920937	77.55899363134031	7.916645246510232	2.907568387970663	0.20381989701608716
ses-20260317_grp-10_run01	T3	10	4	1132.109702	1162.109702	0.10082585431400279	0.08185746416886241	66.07099739399176	7.488130558816614	2.9277910626102344	0.2046922995363284
ses-20260317_grp-10_run01	T3	11	4	1147.109702	1177.109702	0.10322581930693066	0.08632775209794512	60.20028105611435	4.445764859531095	2.951231688765748	0.24475422411563705
ses-20260317_grp-10_run01	T3	12	4	769453.686728	769483.686728	0.10915744616361674	0.09603795122337482	69.94586241060426	14.550655728920919		
ses-20260317_grp-10_run01	T3	13	4	769468.686728	769498.686728	0.10863943487324242	0.0976505959051188	66.4737528931908	3.6884698787720978		
ses-20260317_grp-10_run01	T3	14	4	769483.686728	769513.686728	0.10095823554138107	0.09451532892344802	72.51514054776563	6.2856036324686855		
ses-20260317_grp-10_run01	T3	15	4	769498.686728	769528.686728	0.09929639284000467	0.08981320824727593	68.71021397153874	5.516919978264043		
ses-20260317_grp-10_run01	T3	16	4	769513.686728	769543.686728	0.10056663384729762	0.08764337679983812	75.54898405460217	11.656113527530893		
ses-20260317_grp-10_run01	T3	17	4	769528.686728	769558.686728	0.1008957482768526	0.08681906457449902	74.73597061813747	12.194595241880616		
ses-20260317_grp-10_run01	T3	18	4	769543.686728	769573.686728	0.09664140437730671	0.08302903642165012	73.50437995771875	15.090342195168297		
ses-20260317_grp-10_run01	T3	19	4	769558.686728	769588.686728	0.09238606126271356	0.08388997745289273	71.39564586533666	18.604399139534962		
ses-20260317_grp-10_run01	T3	20	4	769573.686728	769603.686728	0.1063172357919071	0.0969084160985189	71.86521249270986	19.177796237139876		
ses-20260317_grp-10_run01	T3	21	4	769588.686728	769618.686728	0.1425467145431459	0.14285191995886268	76.49509272437197	26.525217432048734		
ses-20260317_grp-10_run01	T3	22	4	769603.686728	769633.686728	0.24053033973298177	0.32439497311209314	75.8378350900418	23.990249531893028		
ses-20260317_grp-10_run01	T3	23	4	769618.686728	769648.686728	0.3262832505240461	0.47337574613930256	68.128038197416	4.0193874745102836		
ses-20260317_grp-10_run01	T3	24	4	769633.686728	769663.686728	0.3182140375394986	0.4573919391298028	83.47895022215451	10.924849235780886		
ses-20260317_grp-10_run01	T3	25	4	769648.686728	769678.686728	0.28227865680423786	0.42172675763926115	72.35055187879983	4.686464664711365		
ses-20260317_grp-10_run01	T3	26	4	769663.686728	769693.686728	0.2793502504169681	0.406647902496959	77.86881448579527	11.322391125619138		
ses-20260317_grp-10_run01	T3	27	4	769678.686728	769708.686728	0.29330972969582747	0.41709942636550734	76.48378963190044	9.657429928663928		
ses-20260317_grp-10_run01	T3	28	4	769693.686728	769723.686728	0.2896506266526381	0.40509499152582634	102.01111008363723	28.701020936250856		
ses-20260317_grp-10_run01	T3	29	4	769708.686728	769738.686728	0.2757230076651315	0.38412058157506335	76.99961055039488	11.208192527932294		
ses-20260317_grp-10_run01	T3	30	4	769723.686728	769753.686728	0.2547118779743864	0.3546602066488891	73.19962053552774	3.9600585179436423		
ses-20260317_grp-10_run01	T3	31	4	769738.686728	769768.686728	0.24346536784349082	0.3215038027084399	63.59240904269272	6.972044083546564		
ses-20260317_grp-10_run01	T3	32	4	769753.686728	769783.686728	0.26285177511340896	0.35296320035809997	67.46863856586474	9.471747436640616		
ses-20260317_grp-10_run01	T3	33	4	769768.686728	769798.686728	0.32365278681815435	0.4743840121837707	74.6838148663757	10.406862861257475		
ses-20260317_grp-10_run01	T3	34	4	769783.686728	769813.686728	0.38386576284691265	0.5964820025027241	81.03431402115218	14.32720547505091		
ses-20260317_grp-10_run01	T3	35	4	769798.686728	769828.686728	0.40979173641186256	0.6407430489077711	85.62680660316441	15.911144298064617		
ses-20260317_grp-10_run01	T3	36	4	769813.686728	769843.686728	0.42720013668555246	0.6540239727365051	87.57857925208418	12.641835729311072		
ses-20260317_grp-10_run01	T3	37	4	769828.686728	769858.686728	0.44984352572209796	0.6671379436613559	88.42228780282072	20.370846028645104		
ses-20260317_grp-10_run01	T3	38	4	769843.686728	769873.686728	0.39648690840648887	0.5735458677365137	87.80352583467852	11.472967101280547		
ses-20260317_grp-10_run01	T3	39	4	769858.686728	769888.686728	0.3570059439598166	0.537046185455246	88.22325370331083	12.537655463833284		
ses-20260317_grp-10_run01	T3	40	4	769873.686728	769903.686728	0.3732586811920181	0.5650044821526952	80.32511771612046	8.98641566303393		
ses-20260317_grp-10_run01	T3	41	4	769888.686728	769918.686728	0.3347491179612769	0.4905907208387181	67.63739291051255	7.462034533727132		
ses-20260317_grp-10_run01	T3	42	4	769903.686728	769933.686728	0.3299914948936878	0.4909061807408579	74.16134625816605	7.482529673681462		
ses-20260317_grp-10_run01	T3	43	4	769918.686728	769948.686728	0.3183291509550388	0.48257933642542084	68.82014281197489	3.801300324503177		
ses-20260317_grp-10_run01	T3	44	4	769933.686728	769963.686728	0.27642506378896176	0.4196279868708826	77.732020721885	15.627937321525252		
ses-20260317_grp-10_run01	T3	45	4	769948.686728	769978.686728	0.25992333542273327	0.389266142627645	75.60371947400509	19.768661893522484		
ses-20260317_grp-10_run01	T3	46	4	769963.686728	769993.686728	0.24142362693389588	0.3555488994374143	76.36230288598571	17.964414861994246		
ses-20260317_grp-10_run01	T3	47	4	769978.686728	770008.686728	0.22204882573492996	0.32233779994172673	77.54150500017937	27.114421895564515		
ses-20260317_grp-10_run01	T3	48	4	769993.686728	770023.686728	0.19904502229363216	0.2842785141043986	75.66194550077365	20.209901185188524		
ses-20260317_grp-10_run01	T3	49	4	770008.686728	770038.686728	0.18345831864343173	0.2592177801275144	69.19215524901311	2.779086565130731		
ses-20260317_grp-10_run01	T3	50	4	770023.686728	770053.686728	0.17383960396937334	0.24622153192155233	72.05087757344681	9.832934779234426		
ses-20260317_grp-10_run01	T3	51	4	770038.686728	770068.686728	0.16296877314800617	0.2280664037904475	67.8774520693288	7.060166944308127		
ses-20260317_grp-10_run01	T4	0	4	1180.027779	1210.027779	0.14362984121181896	0.19319435526484652	69.49305594247164	5.466435713385644	3.0267492993741927	0.2917464305091437
ses-20260317_grp-10_run01	T4	1	4	1195.027779	1225.027779	0.1344799403736572	0.1791275750705094	65.80649099513212	21.51277291015107	3.044073792850597	0.2953715720102886
ses-20260317_grp-10_run01	T4	2	4	1210.027779	1240.027779	0.12594880542546216	0.16490927979419417	75.40022917330379	13.762119228470025	3.1013896254293156	0.33927607403641746
ses-20260317_grp-10_run01	T4	3	4	1225.027779	1255.027779	0.11890305058593732	0.15345528831118552	79.75810835940493	17.557094787736638	3.158097441755088	0.32596349090469307
ses-20260317_grp-10_run01	T4	4	4	1240.027779	1270.027779	0.114613208005258	0.14637391861524823	77.69587963837988	21.567449666184732	3.130634658514303	0.27508036882778325
ses-20260317_grp-10_run01	T4	5	4	1255.027779	1285.027779	0.1118882667359664	0.14062660612486472	81.80004427987268	24.90166702631277	3.054056226048761	0.19775868566623248
ses-20260317_grp-10_run01	T4	6	4	1270.027779	1300.027779	0.1079133521740171	0.1337159312996987	81.82676221247479	30.082247071204794	3.00245292977377	0.21902721453373922
ses-20260317_grp-10_run01	T4	7	4	1285.027779	1315.027779	0.10461309742063844	0.12775499276480023	88.07272109899067	26.34399329227624	2.834675860823794	0.1670398004582966
ses-20260317_grp-10_run01	T4	8	4	1300.027779	1330.027779	0.10280279374845605	0.12140940972013028	92.01933856374811	17.16701287470305	2.7478613802239447	0.15144255683597113
ses-20260317_grp-10_run01	T4	9	4	1315.027779	1345.027779	0.10066645118153997	0.11697941129646802	76.40335601416326	16.674675116126313	2.8550535476707686	0.13391071738236973
ses-20260317_grp-10_run01	T4	10	4	1330.027779	1360.027779	0.09723523561126043	0.11375034577963061	77.0178433848429	12.429096959366982	2.903896455070993	0.24259641151168673
ses-20260317_grp-10_run01	T4	11	4	1345.027779	1375.027779	0.0893689229184144	0.1019272860964594	83.75928768681193	24.63387252157285	2.8697678541863203	0.1518871404358372
ses-20260317_grp-10_run01	T4	12	4	1360.027779	1390.027779	0.0861170997682871	0.09649543553765101	92.65542444301894	31.867946593605488	2.9842990715426256	0.23304067381590837
ses-20260317_grp-10_run01	T4	13	4	1375.027779	1405.027779	0.0891329220263716	0.10184224844633366	93.73943712663217	24.076078277651256	3.138658347394089	0.4379670582754816
ses-20260317_grp-10_run01	T4	14	4	1390.027779	1420.027779	0.08861124417559534	0.10125465008087904	87.77784083628481	15.336307383720438	3.2142816645507075	0.38496856681816544
ses-20260317_grp-10_run01	T4	15	4	1405.027779	1435.027779	0.0842426103253182	0.09280990557291628	87.90737982475846	11.77792199912546	3.1781777306826724	0.2672847527755125
ses-20260317_grp-10_run01	T4	16	4	1420.027779	1450.027779	0.08751015283687939	0.09663402745416544	77.52188162620921	17.739022385925747	3.18631801265645	0.2620051187348705
ses-20260317_grp-10_run01	T4	17	4	1435.027779	1465.027779	0.10591428170290214	0.12371691025862395	82.34435811149532	12.223913039054509	3.208287141843721	0.23589886476687813
ses-20260317_grp-10_run01	T4	18	4	1450.027779	1480.027779	0.11668500879459148	0.13881197098951242	88.80082196456101	12.823746933122397	3.155549999224486	0.2552063057074011
ses-20260317_grp-10_run01	T4	19	4	1465.027779	1495.027779	0.10676071388101978	0.1194872775984347	79.25066312571538	11.440090923119994	3.2099014950687867	0.320375306093063
ses-20260317_grp-10_run01	T4	20	4	1480.027779	1510.027779	0.0779915215717291	0.06467705378713573	73.01550757171054	3.2660608995710914	3.2256653552802192	0.23469542042143177
ses-20260317_grp-10_run01	T4	21	4	1495.027779	1525.027779	0.049195909220164334	0.021668076102356337	72.80277764653938	5.056240175050945	3.2130979521027934	0.22900776762244193
ses-20260317_grp-10_run01	T4	22	4	1510.027779	1540.027779	0.05323248432013075	0.038012689806201684	71.05757552318863	4.537607181505951	3.27582111891184	0.3021120726236175
ses-20260317_grp-10_run01	T4	23	4	1525.027779	1555.027779	0.08243411475609147	0.09060729326162302	70.08010993754833	6.943081287259419	3.272736336744192	0.35858590968683246
ses-20260317_grp-10_run01	T4	24	4	1540.027779	1570.027779	0.09859418743906771	0.11858974058204133	77.91681780003321	13.43581755042019	3.2149120092796295	0.27628203884964986
ses-20260317_grp-10_run01	T4	25	4	1555.027779	1585.027779	0.09757883842872819	0.11681513156722544	87.40170246676878	14.17558478083046	3.238391557446727	0.19666639408257727
ses-20260317_grp-10_run01	T4	26	4	1570.027779	1600.027779	0.09554463638696581	0.1132934658469253	97.8330543595362	21.27899790384514	3.2147695210018234	0.28139675823344695
ses-20260317_grp-10_run01	T4	27	4	1585.027779	1615.027779	0.08329047608291641	0.09207865113073045	96.44057272448948	31.73529867424779	3.120050131667031	0.320292981938852
ses-20260317_grp-10_run01	T4	28	4	1600.027779	1630.027779	0.06771537936065092	0.06509795835704843	85.01125166156439	36.36705789916257	3.13907101921865	0.35183218006645517
ses-20260317_grp-10_run01	T4	29	4	1615.027779	1645.027779					3.189707429285001	0.35599439941136485
ses-20260317_grp-10_run01	T4	30	4	1630.027779	1660.027779					3.2176342463034304	0.25320396555778046
ses-20260317_grp-10_run01	T4	31	4	1645.027779	1675.027779					3.272481800391244	0.21718688272692516
ses-20260317_grp-10_run01	T4	32	4	1660.027779	1690.027779					3.249410685736471	0.12913111897029214
ses-20260317_grp-10_run01	T4	33	4	1675.027779	1705.027779					3.172661674910497	0.09102224723184854
ses-20260317_grp-10_run01	T4	34	4	1690.027779	1720.027779					3.1546732117112843	0.11348682812180516
ses-20260317_grp-10_run01	T4	35	4	1705.027779	1735.027779					3.204349992418298	0.12085573567925877
ses-20260317_grp-10_run01	T4	36	4	1720.027779	1750.027779					3.3066658345001603	0.21076559334508346
ses-20260317_grp-10_run01	T4	37	4	1735.027779	1765.027779					3.340913477149334	0.262727267033783
ses-20260317_grp-10_run01	T4	38	4	1750.027779	1780.027779					3.314048312743277	0.20896455326966443
ses-20260317_grp-10_run01	T4	39	4	1765.027779	1795.027779					3.217946593591628	0.06766294779546544
ses-20260317_grp-10_run01	T4	40	4	1780.027779	1810.027779					3.1975944312971647	0.1662624140147714
ses-20260317_grp-10_run01	T4	41	4	1795.027779	1825.027779					3.2442866509499666	0.3019127439829235
ses-20260317_grp-10_run01	T4	42	4	1810.027779	1840.027779					3.2988285428632276	0.20678732032087385
ses-20260317_grp-10_run01	T4	43	4	1825.027779	1855.027779					3.384347568837817	0.18781864954177158
ses-20260317_grp-10_run01	T4	44	4	1840.027779	1870.027779					3.405537123196276	0.28950910032431015
ses-20260317_grp-10_run01	T4	45	4	1855.027779	1885.027779					3.3533774135892744	0.3078408336236037
ses-20260317_grp-10_run01	T4	46	4	1870.027779	1900.027779					3.224147692578389	0.21582692597455613
ses-20260317_grp-10_run01	T4	47	4	1885.027779	1915.027779					3.2348365804163457	0.1326811572993623
ses-20260317_grp-10_run01	T4	48	4	1900.027779	1930.027779					3.3600153288390375	0.10844655328318895
ses-20260317_grp-10_run01	T4	49	4	1915.027779	1945.027779					3.3511202618842493	0.09565719246276433
ses-20260317_grp-10_run01	T4	50	4	1930.027779	1960.027779					3.3304371003742754	0.07009283044997505
ses-20260317_grp-10_run01	T4	51	4	1945.027779	1975.027779					3.3327793069278466	0.15696975909652286
ses-20260317_grp-10_run01	T4	52	4	1960.027779	1990.027779					3.293415496564632	0.27587888431446494
ses-20260317_grp-10_run01	T4	53	4	1975.027779	2005.027779					3.286523166037045	0.27012238266653493
ses-20260317_grp-10_run01	T4	54	4	1990.027779	2020.027779					3.2515080068014064	0.20644881084797914
ses-20260317_grp-10_run01	T4	55	4	2005.027779	2035.027779					3.156596547076398	0.18132559033819323
ses-20260317_grp-10_run01	T4	56	3	2020.00766	2050.00766					3.171009424169492	0.20150111458144557
ses-20260317_grp-10_run01	T4	57	3	2035.00766	2065.00766					3.302505609594041	0.21287797287757024
ses-20260318_grp-11_run01	T0	0	4	0.005343	30.005343					3.013505038042844	0.3582401225993252
ses-20260318_grp-11_run01	T0	1	4	15.005343	45.005343					2.9820504810278465	0.38082272458267175
ses-20260318_grp-11_run01	T0	2	4	30.005343	60.005343					3.1258874699580055	0.1955671735829799
ses-20260318_grp-11_run01	T0	3	4	45.005343	75.005343					3.1375719627749774	0.1686137204078572
ses-20260318_grp-11_run01	T0	4	4	60.005343	90.005343					3.1396615680528477	0.1341650590429525
ses-20260318_grp-11_run01	T0	5	4	75.005343	105.005343					3.09474090948574	0.12479338311290425
ses-20260318_grp-11_run01	T0	6	4	90.005343	120.005343					3.0689823088688897	0.11479885261779957
ses-20260318_grp-11_run01	T0	7	4	105.005343	135.00534299999998					2.991468352651496	0.20973061350262556
ses-20260318_grp-11_run01	T0	8	4	120.005343	150.00534299999998					2.8988622353768236	0.3931820517680332
ses-20260318_grp-11_run01	T0	9	4	135.00534299999998	165.00534299999998					2.9275962555324115	0.3250166742061647
ses-20260318_grp-11_run01	T0	10	4	150.00534299999998	180.00534299999998					2.9827140195178226	0.2915455275869293
ses-20260318_grp-11_run01	T0	11	4	165.00534299999998	195.005343					2.965705280502277	0.29737853091666705
ses-20260318_grp-11_run01	T0	12	4	180.00534299999998	210.005343					2.942407520695234	0.23380951916744663
ses-20260318_grp-11_run01	T0	13	4	195.005343	225.005343					2.9918294807351224	0.20039367040603243
ses-20260318_grp-11_run01	T0	14	4	210.005343	240.005343					3.0958342429521557	0.22836923227828068
ses-20260318_grp-11_run01	T0	15	4	225.005343	255.005343					3.1934076855506768	0.30498719497346405
ses-20260318_grp-11_run01	T0	16	4	240.005343	270.005343					3.1616610439419293	0.2509644591983698
ses-20260318_grp-11_run01	T0	17	4	255.005343	285.005343					3.104261047185698	0.18886122227439925
ses-20260318_grp-11_run01	T0	18	4	270.005343	300.005343					3.0918407781004316	0.22173233090109237
ses-20260318_grp-11_run01	T0	19	4	285.005343	315.005343					3.0907474205590946	0.20129919835059584
ses-20260318_grp-11_run01	T0	20	4	300.005343	330.005343					3.0640958347583123	0.1583308704297113
ses-20260318_grp-11_run01	T0	21	4	315.005343	345.005343					3.029315788930759	0.14165501480200024
ses-20260318_grp-11_run01	T0	22	4	330.005343	360.005343					3.0607999963876154	0.22195764678921232
ses-20260318_grp-11_run01	T0	23	4	345.005343	375.005343					3.0557560246786784	0.33071891644678425
ses-20260318_grp-11_run01	T0	24	4	360.005343	390.005343					3.0112914349998796	0.37120830321046544
ses-20260318_grp-11_run01	T0	25	4	375.005343	405.005343					2.9698654967835365	0.3922054663025491
ses-20260318_grp-11_run01	T0	26	4	390.005343	420.005343					2.7988690435473496	0.22238951786645933
ses-20260318_grp-11_run01	T0	27	4	405.005343	435.005343					2.8827220786813963	0.20708706449413128
ses-20260318_grp-11_run01	T0	28	4	420.005343	450.005343					2.7202784713006283	0.4894665230129574
ses-20260318_grp-11_run01	T0	29	4	435.005343	465.005343					2.966213817789236	0.1965690878067443
ses-20260318_grp-11_run01	T0	30	4	450.005343	480.005343					3.015986086627454	0.14733563350225676
ses-20260318_grp-11_run01	T0	31	4	465.005343	495.005343					3.046294401088013	0.19959969507069827
ses-20260318_grp-11_run01	T0	32	4	480.005343	510.005343					3.036422110754183	0.2448648043561105
ses-20260318_grp-11_run01	T0	33	4	495.005343	525.005343					3.0270999938183656	0.2638956609673927
ses-20260318_grp-11_run01	T0	34	4	510.005343	540.005343					3.096365746584132	0.3003479833479079
ses-20260318_grp-11_run01	T0	35	4	525.005343	555.005343					3.038303951286346	0.2810874536635565
ses-20260318_grp-11_run01	T0	36	4	540.005343	570.005343					2.871687721744221	0.20606267367533243
ses-20260318_grp-11_run01	T0	37	4	555.005343	585.005343					2.974627659549702	0.24243976302988124
ses-20260318_grp-11_run01	T0	38	4	570.005343	600.005343					2.969823591380744	0.1829564657229974
ses-20260318_grp-11_run01	T0	39	4	585.005343	615.005343					2.910828198330422	0.1523885847304314
ses-20260318_grp-11_run01	T0	40	4	600.005343	630.005343					2.876208367637345	0.19294690558178004
ses-20260318_grp-11_run01	T0	41	4	615.005343	645.005343					2.8754745359438094	0.2626813982664086
ses-20260318_grp-11_run01	T0	42	4	630.005343	660.005343					2.867366397932207	0.26441151702265603
ses-20260318_grp-11_run01	T0	43	4	645.005343	675.005343					2.8863043420824503	0.25302603035347576
ses-20260318_grp-11_run01	T0	44	4	660.005343	690.005343					3.021392810339168	0.18021978070046502
ses-20260318_grp-11_run01	T0	45	4	675.005343	705.005343					3.0584125385563232	0.26120437774080707
ses-20260318_grp-11_run01	T0	46	4	690.005343	720.005343					2.9540604562166	0.19866313076125766
ses-20260318_grp-11_run01	T0	47	4	705.005343	735.005343					2.834219757646837	0.1995469992856507
ses-20260318_grp-11_run01	T0	48	4	720.005343	750.005343					2.826494899264738	0.18510240097967015
ses-20260318_grp-11_run01	T0	49	4	735.005343	765.005343					2.8152674953763754	0.20853281748939786
ses-20260318_grp-11_run01	T0	50	4	750.005343	780.005343					2.785911591099544	0.27424876634872186
ses-20260318_grp-11_run01	T0	51	4	765.005343	795.005343					2.7324856187310482	0.22781903074151474
ses-20260318_grp-11_run01	T0	52	4	780.005343	810.005343					2.730163597815742	0.2294623005125412
ses-20260318_grp-11_run01	T0	53	4	795.005343	825.005343					2.713943892037583	0.19666301002161665
ses-20260318_grp-11_run01	T0	54	4	810.005343	840.005343					2.7718287014508105	0.20266759934817125
ses-20260318_grp-11_run01	T0	55	4	825.005343	855.005343					2.793741878166557	0.16476875346680553
ses-20260318_grp-11_run01	T0	56	4	840.005343	870.005343					2.6557825489529403	0.12222830713025347
ses-20260318_grp-11_run01	T0	57	4	855.005343	885.005343					2.749479415978435	0.1454371360202099
ses-20260318_grp-11_run01	T1	0	4	249.069806	279.069806	0.14128673228980276	0.06073161885871147	58.908045976981356	11.400479554521393	2.903795914617109	0.24845166591508533
ses-20260318_grp-11_run01	T1	1	4	264.069806	294.069806	0.15463144042446467	0.06621578474886683	51.74603174600528	7.59503491127881	2.9171407329312844	0.15778122497300792
ses-20260318_grp-11_run01	T1	2	4	279.069806	309.069806	0.219993750634474	0.026184008361662712	64.39393939390645	17.21992638507434	2.970070447180401	0.1926278759886033
ses-20260318_grp-11_run01	T1	3	4	294.069806	324.069806	0.49380001139283414	0.40239990576401613	72.65624999997615	16.737722879390606	2.972725458915965	0.30809072995920717
ses-20260318_grp-11_run01	T1	4	4	309.069806	339.069806	0.4706750999035821	0.4129765933462661	74.85795454541625	11.770932372380171	2.9001744254651936	0.22788645545749653
ses-20260318_grp-11_run01	T1	5	4	324.069806	354.069806	0.4476157971418614	0.4246188450420146	62.71853146849938	9.587830035588777	2.933092161202934	0.18803915587247594
ses-20260318_grp-11_run01	T1	6	4	339.069806	369.069806	0.462687099621353	0.44182124619060553	50.2232142856886	3.348214285712576	2.8873514299784784	0.16867675861436957
ses-20260318_grp-11_run01	T1	7	4	354.069806	384.069806	0.5136474828345522	0.46163488270003744	53.38541666664823	12.829320767442763	2.8296524230429547	0.18487728710767729
ses-20260318_grp-11_run01	T1	8	4	369.069806	399.069806	0.5214339926631332	0.49454943561910286	61.294409328679926	20.323266234468203	2.803684109378993	0.1945226243175872
ses-20260318_grp-11_run01	T1	9	4	384.069806	414.069806	0.4869143306768743	0.5115039460503682	59.87394957981698	16.823127497966308	2.822394586397147	0.08685126226878916
ses-20260318_grp-11_run01	T1	10	4	399.069806	429.069806	0.4818953683781677	0.4891357400704336	72.04131652659282	24.902288423071294	2.862986715386142	0.08203736920964452
ses-20260318_grp-11_run01	T1	11	4	414.069806	444.069806	0.4992241561660032	0.4862248024973868	55.89978448273003	11.163651383314559	2.8350236125353985	0.16153562356230536
ses-20260318_grp-11_run01	T1	12	4	429.069806	459.069806	0.5077652983296936	0.5050173363918887	71.67754120875453	22.801207060398262	2.8401897819252686	0.11743522749075473
ses-20260318_grp-11_run01	T1	13	4	444.069806	474.069806	0.5041101704618992	0.5173093471433924	68.3082120581771	21.982325035255425	2.8927289631656974	0.013751994070416997
ses-20260318_grp-11_run01	T1	14	4	459.069806	489.069806	0.5098531001840264	0.5161512895796261	53.9117132866857	14.141046206940578	2.890359197291288	0.07249759817586081
ses-20260318_grp-11_run01	T1	15	4	474.069806	504.069806	0.5007901568405396	0.49045319921760644	57.59534583061048	11.188964012029095	2.9103660869327763	0.10996746945489982
ses-20260318_grp-11_run01	T1	16	4	489.069806	519.069806	0.46757776416715047	0.4693566618271363	54.429196247436664	12.184716196274096	2.91756928506369	0.19462220753162296
ses-20260318_grp-11_run01	T1	17	4	504.069806	534.069806	0.43980158380648493	0.4826303645397073	67.29910714282272	18.46988626981238	3.0139230328192834	0.2366942754713444
ses-20260318_grp-11_run01	T1	18	4	519.069806	549.069806	0.4595372196955561	0.4737453716850097	65.26988636360298	20.228763950064074	3.01976476296051	0.24236417027493296
ses-20260318_grp-11_run01	T1	19	4	534.069806	564.069806	0.48116123610220896	0.469140353279091	66.94399350645926	18.868512761156985	2.914071824902537	0.16552945110404493
ses-20260318_grp-11_run01	T1	20	4	549.069806	579.069806	0.4812667959971899	0.47479818034968546	74.7395833332951	17.405109178644164	2.8525953024321637	0.17768176305960776
ses-20260318_grp-11_run01	T1	21	4	564.069806	594.069806	0.4812394367781454	0.487367552860378	64.93566176467266	20.561701241167086	2.8393801792422018	0.28933794313069144
ses-20260318_grp-11_run01	T1	22	4	579.069806	609.069806	0.5752297267453684	0.5932103768615746	66.66666666663257	11.785113019769764	2.764593981079696	0.31601310260075416
ses-20260318_grp-11_run01	T1	23	4	594.069806	624.069806	0.5972690199462902	0.6284842682077568	68.90681003580704	14.903133571299303	2.6605640968006803	0.22569806068121823
ses-20260318_grp-11_run01	T1	24	4	609.069806	639.069806	0.5931602569588192	0.5999565420264615	78.97727272723232	10.81039635819927	2.611584770354042	0.1492196073454518
ses-20260318_grp-11_run01	T1	25	4	624.069806	654.069806	0.5941885978953029	0.5749182484139438	76.29870129866225	22.611019930482122	2.60148328108992	0.10677845746768459
ses-20260318_grp-11_run01	T1	26	4	639.069806	669.069806	0.19204632396117396	0.08720935151322877	51.971326164847966	3.584229390679166	2.5892155390102416	0.08379104783725949
ses-20260318_grp-11_run01	T1	27	4	654.069806	684.069806	0.1889322196882653	0.08467730115527211	56.54761904759012	14.880952380944766	2.5433500052298665	0.0733166918212178
ses-20260318_grp-11_run01	T1	28	4	669.069806	699.069806	0.21552479591610169	0.0510886805838983	45.49632352941984	1.378676470556183	2.6629418354925605	0.11621433157941859
ses-20260318_grp-11_run01	T1	29	4	684.069806	714.069806					2.8125044907864964	0.16264031883342678
ses-20260318_grp-11_run01	T1	30	4	699.069806	729.069806					2.9044847530361713	0.2610295972747784
ses-20260318_grp-11_run01	T1	31	4	714.069806	744.069806					2.991302459540561	0.19166699849423596
ses-20260318_grp-11_run01	T1	32	4	729.069806	759.069806					3.0195473883979527	0.09856967924665185
ses-20260318_grp-11_run01	T1	33	1	708.537877	738.537877					3.281820667617188	0.0
ses-20260318_grp-11_run01	T1	34	1	723.537877	753.537877					3.306347024909571	0.0
ses-20260318_grp-11_run01	T1	35	1	738.537877	768.537877					3.184621290894826	0.0
ses-20260318_grp-11_run01	T2	0	4	773.2	803.2	0.48145165345799606	0.5540266633589688	52.96474358979176	14.787724840788295	3.15669756962757	0.2738821895306765
ses-20260318_grp-11_run01	T2	1	4	788.2	818.2	0.4907945554117579	0.5600446512173906	74.85795454551153	11.770932372408561	3.134112882266308	0.17867800204233675
ses-20260318_grp-11_run01	T2	2	4	803.2	833.2	0.47860164818460404	0.5818841673015993	58.68768328448664	9.511244900167588	3.1276279286532263	0.1373305188224373
ses-20260318_grp-11_run01	T2	3	4	818.2	848.2	0.46535839651390815	0.5869726621324025	62.85511363639658	9.22612290962976	3.1278659911021576	0.15524982473186436
ses-20260318_grp-11_run01	T2	4	4	833.2	863.2	0.4474806115580484	0.5662783317726894	61.27717391307701	17.320572024767014	2.96110201681263	0.1767033515765394
ses-20260318_grp-11_run01	T2	5	4	848.2	878.2	0.42930382892591284	0.5621509997512228	61.569940476216864	13.733424078300558	2.7932078978525134	0.12947383658936348
ses-20260318_grp-11_run01	T2	6	4	863.2	893.2	0.43938636095186373	0.590163586869313	64.1741071428822	17.952799042534462	2.7907023241107796	0.03261218409914921
ses-20260318_grp-11_run01	T2	7	4	878.2	908.2	0.45342816982404954	0.6132541520364795	72.59537337667037	21.760199792996335	2.8479776495876377	0.05947016030971245
ses-20260318_grp-11_run01	T2	8	4	893.2	923.2	0.46818176252509486	0.6405540295708917	70.31250000006395	16.162625676246893	2.9401662812287093	0.14866287233545938
ses-20260318_grp-11_run01	T2	9	4	908.2	938.2	0.4659740151223367	0.6385274096301238	73.66071428572101	21.25581403053783	2.8888783235381736	0.10658049994861231
ses-20260318_grp-11_run01	T2	10	4	923.2	953.2	0.4650811559762307	0.6327800296847081	59.67369399717573	7.133614826090012	3.017367736971608	0.1045370870934293
ses-20260318_grp-11_run01	T2	11	4	938.2	968.2	0.520966197587409	0.6509818180352033	57.142857142909115	5.503941074084447	3.1623598334380745	0.148457771201672
ses-20260318_grp-11_run01	T2	12	4	953.2	983.2	0.6696078167153028	0.6078355827708356	65.62500000003749	5.4126587736704845	3.155216055171576	0.16054390229455298
ses-20260318_grp-11_run01	T2	13	4	968.2	998.2	0.9630016839765989	0.8436027219629022	63.468215811973565	17.946396375942317	3.1491519785315134	0.15690385280578392
ses-20260318_grp-11_run01	T2	14	4	983.2	1013.2	1.2563757016697608	1.2216086338976055	74.2187500000453	20.297470401229067	3.1627885270397535	0.18307879845192118
ses-20260318_grp-11_run01	T2	15	4	998.2	1028.2	1.3653348963024194	1.3512165119101356	70.26236631022434	17.762243204161045	3.1914055179258725	0.25377854311739173
ses-20260318_grp-11_run01	T2	16	4	1013.2	1043.2	1.3597515891414553	1.3429672964568575	69.62316176476921	32.731268653067445	3.175269867094043	0.23083698659082208
ses-20260318_grp-11_run01	T2	17	4	1028.2	1058.2	1.3276418459217976	1.33750563788807	68.3088235294739	18.719249422028874	3.1622673865414765	0.2129510629816966
ses-20260318_grp-11_run01	T2	18	4	1043.2	1073.2	1.2878276299113218	1.2787041652487254	69.020778072565	14.467260258326295	3.1592370584165326	0.19105852731630035
ses-20260318_grp-11_run01	T2	19	4	1058.2	1088.2	1.2309334571630035	1.187630790053746	61.38998868783864	19.29319053791474	3.1471225804657217	0.17757757173921937
ses-20260318_grp-11_run01	T2	20	4	1073.2	1103.2	1.0483161132604777	0.93535709135657	52.66167803975013	5.058956343311896	3.1499776887524673	0.1723732894026351
ses-20260318_grp-11_run01	T2	21	4	1088.2	1118.2	1.036604353719293	0.9044924375494428	61.580301882082026	12.743595407851505	3.1370372311940318	0.16674585129458422
ses-20260318_grp-11_run01	T2	22	4	1103.2	1133.2	1.1690011667611753	1.0164743455443415	60.8948511166807	9.594685130788498	3.118681206788244	0.1607728949906282
ses-20260318_grp-11_run01	T2	23	4	1118.2	1148.2	1.1176328911630529	0.9082493223737391	86.24482401664159	23.302975725900115	3.1480536330190807	0.17292963199639358
ses-20260318_grp-11_run01	T2	24	4	1133.2	1163.2	1.0441905387171928	0.8234246707709514	70.31250000006395	20.00298371842603	3.1705789448924153	0.1919184834426981
ses-20260318_grp-11_run01	T2	25	4	1148.2	1178.2	1.0416158956291977	0.820487693982809	57.90441176475855	11.89467501386139	3.1037116994480662	0.23575529343124285
ses-20260318_grp-11_run01	T2	26	4	1163.2	1193.2	1.049342901571004	0.8093673866051644	75.73936480193369	13.828088439191685	3.088350086079629	0.28432397930313885
ses-20260318_grp-11_run01	T2	27	4	1178.2	1208.2	1.0240925848536342	0.7651772530258748	76.94128787885786	12.33562071034553	3.129920691475398	0.2531993213956556
ses-20260318_grp-11_run01	T2	28	4	1193.2	1223.2	1.0267257640909073	0.7574717799012225	81.2500000000739	13.258252147259832	3.1523208821984965	0.21138848817745134
ses-20260318_grp-11_run01	T2	29	4	1208.2	1238.2	1.0518306768276338	0.7695909645456368	73.13519813526466	10.851529399506418	3.1605353395921094	0.19947635049376022
ses-20260318_grp-11_run01	T2	30	4	1223.2	1253.2	1.0502222492362296	0.7722659093101865	82.67045454552974	24.836435490900943	3.1552101376965163	0.21181235235270565
ses-20260318_grp-11_run01	T2	31	4	1238.2	1268.2	1.0299311657468764	0.7163388129272276	77.00424575431579	18.460356696570695	3.142923485854398	0.19626034552801405
ses-20260318_grp-11_run01	T2	32	4	1253.2	1283.2	1.1961184112655103	0.7193196806072825	81.46853146860556	25.877964655720522	3.119039540859905	0.1683529734989244
ses-20260318_grp-11_run01	T2	33	4	1268.2	1298.2	1.2741764232582433	0.700895114734979	94.49404761913357	23.657906392260568	3.1165334833455063	0.1833849503977769
ses-20260318_grp-11_run01	T2	34	4	1283.2	1313.2	1.1657973032562974	0.6558462967154062	65.59456168837134	17.988887697948634	3.145632026838315	0.1623009319403847
ses-20260318_grp-11_run01	T2	35	4	1298.2	1328.2	1.2684985519901932	0.7011672265132067	65.47619047625003	14.06072834646245	3.127505579636763	0.21900127949666426
ses-20260318_grp-11_run01	T2	36	4	1313.2	1343.2	1.4759904675226188	0.9201688362010145	57.2170950492154	11.068137986355595	3.045091218860584	0.1467834845879553
ses-20260318_grp-11_run01	T2	37	4	1328.2	1358.2	1.6611413425842452	1.398281549164916	59.74528189207537	4.468322424689362	3.0519654497889546	0.14804992479734477
ses-20260318_grp-11_run01	T2	38	4	1343.2	1373.2	1.4344782660303341	1.1361239271291321	71.05186480192943	9.39597220352433	3.0167354319019193	0.22009042805597984
ses-20260318_grp-11_run01	T2	39	4	1358.2	1388.2	1.055388824775073	0.6318094998869205	62.686011904751254	18.98688670543502	3.0411580304768893	0.20778951878831647
ses-20260318_grp-11_run01	T2	40	4	1373.2	1403.2	1.0374288346574079	0.6372655058570207	69.17613636369927	17.64282314200275	3.063052576763897	0.19202965635065758
ses-20260318_grp-11_run01	T2	41	4	1388.2	1418.2	1.0662058887275256	0.6702506907389848	60.76388888894415	3.0070326520320387	3.027228831903699	0.20534809548902874
ses-20260318_grp-11_run01	T2	42	4	1403.2	1433.2	1.1082558478974938	0.777156729063687	64.679487179546	10.810931169045062	3.050120695581969	0.1674004294845773
ses-20260318_grp-11_run01	T2	43	4	1418.2	1448.2	1.1806204555496986	0.940060336778285	55.05952380957389	8.548456319260794	3.0151822620024227	0.21164255804246307
ses-20260318_grp-11_run01	T2	44	4	1433.2	1463.2	1.1425865789022347	0.8931004758789547	57.62032958557724	13.115893583845642	3.044955753822034	0.19506191421700442
ses-20260318_grp-11_run01	T2	45	4	1448.2	1478.2	0.8397325022821839	0.6815494288852332	66.27435064941092	24.406962752696344	3.0393021258904156	0.20765645469338176
ses-20260318_grp-11_run01	T2	46	4	1463.2	1493.2	0.6171293068739115	0.776140736642225	68.9685314685942	7.080419580426021	2.9111636169834108	0.199399391984393
ses-20260318_grp-11_run01	T2	47	4	1478.2	1508.2	0.5846458069318157	0.7945954199127294	69.71833685436354	15.198120187334403	2.7032621833578365	0.1275303686602258
ses-20260318_grp-11_run01	T2	48	4	1493.2	1523.2	0.5464996639708389	0.8163260482433237	65.60056207239593	12.52029285234071	2.567739913460507	0.1109702883537855
ses-20260318_grp-11_run01	T2	49	4	1508.2	1538.2	0.5520228497329015	0.8438695558832893	61.149267399323016	13.094017303952633	2.5079269579053944	0.028567196608553933
ses-20260318_grp-11_run01	T2	50	4	1523.2	1553.2	0.5526168141495874	0.8509698561121886	59.06593406598779	9.593774774862693	2.588805827817822	0.11486129115327692
ses-20260318_grp-11_run01	T2	51	4	1538.2	1568.2	0.5422792621914599	0.8142597545478619	68.65530303036547	15.867041742548563	2.612792079137422	0.06226417316465153
ses-20260318_grp-11_run01	T2	52	4	1553.2	1583.2	0.5508126051048223	0.8043129245308737	63.28125000005756	18.537203933930414	2.6375865887336545	0.06378741563149352
ses-20260318_grp-11_run01	T2	53	4	1568.2	1598.2	0.5801347759744278	0.8327663977103137	71.25686813193293	20.811544552338486	2.8348928831213662	0.2563392205850973
ses-20260318_grp-11_run01	T2	54	4	1583.2	1613.2	0.5915612704482095	0.7951128504804867	77.64423076930139	22.686755758266884	3.022488018043476	0.23677378742713984
ses-20260318_grp-11_run01	T2	55	4	1598.2	1628.2	0.6006289800688798	0.7599835481695221	72.53801003807601	37.437772598326426	3.0111293293701262	0.1673272791392296
ses-20260318_grp-11_run01	T3	0	4	1629.951227	1659.951227	0.6032358416110787	0.7904462363911285	58.482142857196045	11.802950059298487	3.097868714516464	0.14228476962842965
ses-20260318_grp-11_run01	T3	1	4	1644.951227	1674.951227	0.6059164850077041	0.7762087425302568	61.68831168836779	8.197650112314337	3.1243568031060045	0.07100558842250504
ses-20260318_grp-11_run01	T3	2	4	1659.951227	1689.951227	0.5918439615052243	0.8128660973199229	54.91071428576423	4.617893050356252	2.924174051717074	0.05002704475566194
ses-20260318_grp-11_run01	T3	3	4	1674.951227	1704.951227	0.5519329416078077	0.8157621363026284	54.8605805959246	8.60508305723219	2.7565290947944288	0.12387257744728562
ses-20260318_grp-11_run01	T3	4	4	1689.951227	1719.951227	0.5413447835266155	0.790610774246613	62.7822249590062	12.54539522248681	2.756898734398102	0.1560801789861542
ses-20260318_grp-11_run01	T3	5	4	1704.951227	1734.951227	0.5609915160219842	0.8266810127713745	68.32932692313906	17.77739309364077	2.7678913452969827	0.1609575319133936
ses-20260318_grp-11_run01	T3	6	4	1719.951227	1749.951227	0.5851808805241877	0.8575598098684992	69.4293478261501	18.559504103853826	2.7995791636539256	0.16141929368749772
ses-20260318_grp-11_run01	T3	7	4	1734.951227	1764.951227	0.5864516001589577	0.8579920594238585	66.76682692313764	20.004257561594105	2.8596939299263884	0.2012370564035073
ses-20260318_grp-11_run01	T3	8	4	1749.951227	1779.951227	0.5603070860264643	0.8203693895697173	60.51682692313196	10.096690404707566	2.886042049521596	0.2289110076703562
ses-20260318_grp-11_run01	T3	9	4	1764.951227	1794.951227	0.574449924327514	0.8351379716704936	52.10690045253608	8.168072474824895	2.9881817574995813	0.31259740924397345
ses-20260318_grp-11_run01	T3	10	4	1779.951227	1809.951227	0.5895677266375042	0.855377897553597	63.33127656662829	14.357677020408127	3.0204273088447042	0.29374881551173726
ses-20260318_grp-11_run01	T3	11	4	1794.951227	1824.951227	0.5621023118951234	0.8073781987804314	66.23774509809947	14.76741111164783	2.9758090441462697	0.18050925352443434
ses-20260318_grp-11_run01	T3	12	4	1809.951227	1839.951227	0.5707845609178375	0.8192451494095387	61.40819964354962	15.45722827038265	2.982404476458637	0.16870561666985925
ses-20260318_grp-11_run01	T3	13	4	1824.951227	1854.951227	0.5941490889463723	0.8357779300532755	52.22461510268679	9.271071969011544	3.007678452825516	0.2059497299903985
ses-20260318_grp-11_run01	T3	14	4	1839.951227	1869.951227	0.617998851308437	0.8142697284419703	53.21222894757146	10.417520519217035	3.0720370852151366	0.2032128633323642
ses-20260318_grp-11_run01	T3	15	4	1854.951227	1884.951227	0.6485739985692357	0.8343810878711878	84.32486631023713	39.6150059942288	3.058303651005272	0.1745559740443601
ses-20260318_grp-11_run01	T3	16	4	1869.951227	1899.951227	0.6612535063821949	0.8879506949804536	49.4025735294567	7.64513086380021	3.0165050731171066	0.182706379423879
ses-20260318_grp-11_run01	T3	17	4	1884.951227	1914.951227	0.6536261371780253	0.9071322917210359	58.59375000005329	9.25397541952683	3.0501569726865587	0.1703095786628584
ses-20260318_grp-11_run01	T3	18	4	1899.951227	1929.951227	0.6276360375280282	0.867271817883184	54.60164835169801	1.7843930023047243	3.1331800670338676	0.13499008256933884
ses-20260318_grp-11_run01	T3	19	4	1914.951227	1944.951227	0.6065071982841259	0.8448044852018268	58.36004273509581	2.5444122440271095	3.125081930404777	0.1579351780217013
ses-20260318_grp-11_run01	T3	20	4	1929.951227	1959.951227	0.5989140819114107	0.8351946663195728	54.50748847931225	5.076707873585353	3.060514200211116	0.16802117777219439
ses-20260318_grp-11_run01	T3	21	4	1944.951227	1974.951227	0.6217042700117985	0.8165753553884557	59.62396978027401	8.858438332753133	3.0528770300953134	0.21631174673192563
ses-20260318_grp-11_run01	T3	22	4	1959.951227	1989.951227	0.6798902571780715	0.8407647222283569	66.4062500000604	17.026948998221247	3.0853737267226258	0.2079325351261574
ses-20260318_grp-11_run01	T3	23	4	1974.951227	2004.951227	0.7009360211777154	0.8755827285206068	54.24592391309282	15.979374302668695	3.1510033243994098	0.22096474420791506
ses-20260318_grp-11_run01	T3	24	4	1989.951227	2019.951227	0.6897717160202068	0.8776272001659448	63.07234432240168	11.818044086179244	3.0960770647929037	0.15850610154591863
ses-20260318_grp-11_run01	T3	25	4	2004.951227	2034.951227	0.7007939532145068	0.8589249402303748	68.9685314685942	7.080419580426021	3.039126553173329	0.12334741652535519
ses-20260318_grp-11_run01	T3	26	4	2019.951227	2049.951227	0.695455077728249	0.845545448853308	62.21590909096568	7.4245081507862825	2.9844334173349294	0.17801132160520086
ses-20260318_grp-11_run01	T3	27	4	2034.951227	2064.951227	0.6316561104882108	0.8130974479417525	60.024565951344684	6.062282399976745	2.8273869519106944	0.20576365427568308
ses-20260318_grp-11_run01	T3	28	4	2049.951227	2079.951227	0.5789258157747341	0.8048956887923084	55.541497975759015	11.391673472155896	2.778357828127737	0.20864144848858937
ses-20260318_grp-11_run01	T3	29	4	2064.951227	2094.951227	0.5922510644691158	0.8539045055405895	70.22664835171221	21.546540371724145	2.811334993190148	0.16136264093319902
ses-20260318_grp-11_run01	T3	30	4	2079.951227	2109.951227	0.6087471310703012	0.8736181284635663	54.45379273509226	4.461724411323591	2.916769552105208	0.18338517874868548
ses-20260318_grp-11_run01	T3	31	4	2094.951227	2124.951227	0.5872737951836494	0.8293265925194256	50.73860111667146	4.164029088850077	2.8394799438415728	0.18386224691633113
ses-20260318_grp-11_run01	T3	32	4	2109.951227	2139.951227	0.5812772211843076	0.8222127330677953	60.98901098906645	8.26233694606387	2.7363414517556306	0.30073795125626135
ses-20260318_grp-11_run01	T3	33	4	2124.951227	2154.951227	0.5949692599793267	0.8473900761640006	73.35164835171507	21.10115458434684	2.429986658843835	0.19673013443996998
ses-20260318_grp-11_run01	T3	34	4	2139.951227	2169.951227	0.5974633194526874	0.8507561027564787	89.58333333341481	35.90351654089533	2.44062372263249	0.20324224509997377
ses-20260318_grp-11_run01	T3	35	4	2154.951227	2184.951227	0.6009848346599655	0.8553843015031998	83.17307692315256	25.1612771310412	2.713993420382277	0.24754118188158106
ses-20260318_grp-11_run01	T3	36	4	2169.951227	2199.951227	0.6052887753419748	0.8627040157724096	86.96771978009586	25.45077871174605	2.7623368048413877	0.22359959005285712
ses-20260318_grp-11_run01	T3	37	4	2184.951227	2214.951227	0.658137747055326	0.9580424497970463	59.32486631021438	9.081135139843502	2.7592144462581665	0.2057663087269278
ses-20260318_grp-11_run01	T3	38	4	2199.951227	2229.951227	0.721408297593537	1.0519171354782468	57.670454545507	7.929139623275878	2.979623654154106	0.1798612290114585
ses-20260318_grp-11_run01	T4	0	4	2237.192644	2267.192644	0.6698279004147026	0.982769895738371	51.699948796770016	6.5750809665041565	3.1110674827641365	0.18141070826511146
ses-20260318_grp-11_run01	T4	1	4	2252.192644	2282.192644	0.6782882090336797	0.9964467749823684	64.784919028399	8.351592863632488	3.065973331083999	0.09664843226054148
ses-20260318_grp-11_run01	T4	2	4	2267.192644	2297.192644	0.6658277820592434	0.9755953100909024	60.48638861144362	5.452014023152817	3.0125789577484676	0.08899356018524793
ses-20260318_grp-11_run01	T4	3	4	2282.192644	2312.192644	0.6516513635826142	0.9503763182125017	60.237068965572035	9.59172793598875	2.9786731924020327	0.12670171544286565
ses-20260318_grp-11_run01	T4	4	4	2297.192644	2327.192644	0.6389499718999796	0.9322992763686757	58.59375000005329	9.25397541952683	2.923058225297055	0.17184916338724557
ses-20260318_grp-11_run01	T4	5	4	2312.192644	2342.192644	0.6352746535908268	0.929558617542355	54.139825691599064	2.1852818064480397	2.8827753718952565	0.22851173663525093
ses-20260318_grp-11_run01	T4	6	4	2327.192644	2357.192644	0.6610567219159809	0.9710484740670188	55.94093406598495	4.663633491469047	2.8819639703245064	0.23167162111509795
ses-20260318_grp-11_run01	T4	7	4	2342.192644	2372.192644	0.6673452385683838	0.9807532716603418	63.56837606843388	11.444596840623955	2.9769328592505344	0.23400612600805454
ses-20260318_grp-11_run01	T4	8	4	2357.192644	2387.192644	0.6750690064761815	0.9908051697673177	67.70833333339492	12.629537138534548	3.0743002919468645	0.1860201244837998
ses-20260318_grp-11_run01	T4	9	4	2372.192644	2402.192644	0.6918732818172129	1.0172521457264811	67.70833333339492	12.629537138534548	2.9004663723022	0.16415065033378484
ses-20260318_grp-11_run01	T4	10	4	2387.192644	2417.192644	0.6957999910087046	1.0227567090143739	67.54807692313835	7.643323603653417	2.64029885622633	0.03640428991022499
ses-20260318_grp-11_run01	T4	11	4	2402.192644	2432.192644	0.7053503791345315	1.0109946042158184	77.9761904762614	30.07572642064588	2.8124439697114036	0.20487003048802382
ses-20260318_grp-11_run01	T4	12	4	2417.192644	2447.192644	0.6919336629951955	0.9545497106604383	67.92686480192658	9.638740771546107	2.918362864556153	0.09094178290092722
ses-20260318_grp-11_run01	T4	13	4	2432.192644	2462.192644	0.7210294882539807	1.0198349524968826	54.73901098906078	3.2119074041485	3.0518902611395866	0.09201328768149311
ses-20260318_grp-11_run01	T4	14	4	2447.192644	2477.192644	0.7796350405191285	1.0808244725618807	60.17045454550927	6.577916268705097	3.0376418741041853	0.13694520725976714
ses-20260318_grp-11_run01	T4	15	4	2462.192644	2492.192644	0.7574865213004065	1.0255152724275147	64.64629120885	16.887043236058126	2.893436783340431	0.34255942302375164
ses-20260318_grp-11_run01	T4	16	4	2477.192644	2507.192644	0.72332831230622	1.038019677269827	56.42095715630259	16.803655814482518	3.0328435652881858	0.09271327640386036
ses-20260318_grp-11_run01	T4	17	4	2492.192644	2522.192644	0.7223185427752387	1.0635161148290213	67.59768009774157	23.00341571558279	3.0479948931242946	0.1210798045524435
ses-20260318_grp-11_run01	T4	18	4	2507.192644	2537.192644	0.7205389509699393	1.0537848652350281	54.60164835169801	1.7843930023047243	3.08420357259918	0.18391859018103202
ses-20260318_grp-11_run01	T4	19	4	2522.192644	2552.192644	0.7259310473382226	1.05000946095947	59.56196581201998	9.344932241699556	3.076952009700862	0.1754761425045262
ses-20260318_grp-11_run01	T4	20	4	2537.192644	2567.192644	0.7717170351430951	1.0365743258068567	60.096153846208495	9.159884078497585	3.0578323074397584	0.20336176463792702
ses-20260318_grp-11_run01	T4	21	4	2552.192644	2582.192644	0.7396654303523486	0.9815039204384369	53.040689960242844	13.658123228781754	3.0101343594083696	0.23293375621017912
ses-20260318_grp-11_run01	T4	22	4	2567.192644	2597.192644	0.6686940136754251	0.9584525419720978	56.006493506544444	16.352828177787142	2.962326294278572	0.18864514456814113
ses-20260318_grp-11_run01	T4	23	4	2582.192644	2612.192644	0.6697064845374695	0.9728227512832408	60.25641025646506	13.688561861591053	2.848550291292285	0.16321373543194562
ses-20260318_grp-11_run01	T4	24	4	2597.192644	2627.192644	0.6892329106998865	0.9912605672429995	55.48151445333911	10.250150908280462	2.8366270130660607	0.18654004219206743
ses-20260318_grp-11_run01	T4	25	4	2612.192644	2642.192644	0.6985497213706189	0.9831731553144994	63.221153846211344	7.0780922424754085	2.7906338462787987	0.22715396571813876
ses-20260318_grp-11_run01	T4	26	4	2627.192644	2657.192644	0.6804779280671299	0.9261860170537667	80.79212454219802	17.80427684521825	2.484577124006126	0.04692527499697369
ses-20260318_grp-11_run01	T4	27	4	2642.192644	2672.192644	0.6847559610474917	0.918165682780969	62.95248868784006	12.968286518757607	2.491122301719692	0.06414466622821266
ses-20260318_grp-11_run01	T4	28	4	2657.192644	2687.192644	0.6864266667960478	0.930397910501726	64.85411140589453	10.362983964708897	2.4848728120729238	0.05726916200272035
ses-20260318_grp-11_run01	T4	29	4	2672.192644	2702.192644	0.687847658187277	0.937803519830543	70.6845238095881	23.657906392260568	2.7140759650046027	0.30752418693653094
ses-20260318_grp-12_run01	T0	0	4	9228.082436	9258.082436	0.0301138311576271	0.0	150.00000000013642	0.0	2.9158292829845363	0.4517923594753253
ses-20260318_grp-12_run01	T0	1	4	9243.082436	9273.082436	0.0301139563081911	0.0	150.00000000013642	0.0	2.9422381938859816	0.43961670279989457
ses-20260318_grp-12_run01	T0	2	4	9258.082436	9288.082436	0.0301144274064846	0.0	150.00000000013642	0.0	2.929714681258827	0.4314230517085524
ses-20260318_grp-12_run01	T0	3	4	9273.082436	9303.082436	0.0301144143420338	0.0	115.38461538472032	0.0	2.9265409075229503	0.4640235002321862
ses-20260318_grp-12_run01	T0	4	4	9288.082436	9318.082436	0.0301138972117241	0.0	57.69230769236016	0.0	3.028737454577069	0.45413607389551625
ses-20260318_grp-12_run01	T0	5	4	9303.082436	9333.082436	0.0301137006031034	0.0	57.69230769236016	0.0	2.8281114295590912	0.4158892544188936
ses-20260318_grp-12_run01	T0	6	4	9318.082436	9348.082436	0.0301138968553633	0.0	125.00000000011369	0.0	2.7355237450707155	0.33644509192149735
ses-20260318_grp-12_run01	T0	7	4	9333.082436	9363.082436	0.0301141374460937	0.0	107.14285714295458	0.0	2.7194889555458133	0.34954952945518325
ses-20260318_grp-12_run01	T0	8	4	9348.082436	9378.082436	0.0301142990052631	0.0	107.14285714295458	0.0	2.7488316560524444	0.3811054176822774
ses-20260318_grp-12_run01	T0	9	4	9363.082436	9393.082436					2.774870392234881	0.40618311945180957
ses-20260318_grp-12_run01	T0	10	4	9378.082436	9408.082436					2.8055300777821515	0.43036319670835405
ses-20260318_grp-12_run01	T0	11	4	9393.082436	9423.082436					2.8980781564906035	0.42664374312007936
ses-20260318_grp-12_run01	T0	12	4	9408.082436	9438.082436					3.022021893708125	0.4501666481706268
ses-20260318_grp-12_run01	T0	13	4	9423.082436	9453.082436					3.037155675877	0.4869683039136732
ses-20260318_grp-12_run01	T0	14	4	9438.082436	9468.082436					3.0915445633043355	0.5358517243326186
ses-20260318_grp-12_run01	T0	15	4	9453.082436	9483.082436					3.153442478139172	0.6179047024294134
ses-20260318_grp-12_run01	T0	16	4	9468.082436	9498.082436	0.0301140007	0.0			3.094425621692726	0.585386790906155
ses-20260318_grp-12_run01	T0	17	4	9483.082436	9513.082436	0.0301140068361963	0.0	107.14285714295458	0.0	2.9458935057355347	0.49486786737192134
ses-20260318_grp-12_run01	T0	18	4	9498.082436	9528.082436	0.0301141065232081	0.0	107.14285714295458	0.0	2.8587642157858157	0.4672284382255833
ses-20260318_grp-12_run01	T0	19	4	9513.082436	9543.082436	0.0301141024152542	0.0	107.14285714295458	0.0	2.8937207942192202	0.47862558171838315
ses-20260318_grp-12_run01	T0	20	4	9528.082436	9558.082436	0.0301138684566101	0.0	107.14285714295458	0.0	2.936370707899844	0.5202469349387107
ses-20260318_grp-12_run01	T0	21	4	9543.082436	9573.082436	0.030113444221843	0.0	107.14285714295458	0.0	2.9229141023767236	0.520580862333351
ses-20260318_grp-12_run01	T0	22	4	9558.082436	9588.082436	0.0301130140699658	0.0	125.00000000011369	0.0	2.8135723680859575	0.5089414552615393
ses-20260318_grp-12_run01	T0	23	4	9573.082436	9603.082436	0.0301135861873287	0.0	125.00000000011369	0.0	2.758299152192133	0.5095623238596574
ses-20260318_grp-12_run01	T0	24	4	9588.082436	9618.082436	0.0301141381824742	0.0	125.00000000011369	0.0	2.78714164907934	0.5330574118644953
ses-20260318_grp-12_run01	T0	25	4	9603.082436	9633.082436	0.0301142145034482	0.0	125.00000000011369	0.0	2.827321194265781	0.5734744488444169
ses-20260318_grp-12_run01	T0	26	4	9618.082436	9648.082436	0.0301149626463917	0.0	125.00000000011369	0.0	2.936553932792497	0.604341573578042
ses-20260318_grp-12_run01	T0	27	4	9633.082436	9663.082436	0.0301151091591836	0.0	125.00000000011369	0.0	3.0331654884354	0.5808821699849203
ses-20260318_grp-12_run01	T0	28	4	9648.082436	9678.082436	0.0301144359557823	0.0	53.57142857147729	0.0	3.0572567517467966	0.5575113825651675
ses-20260318_grp-12_run01	T0	29	4	9663.082436	9693.082436	0.0301139768683673	0.0	125.00000000011369	0.0	3.0194562465785295	0.5847781581981969
ses-20260318_grp-12_run01	T0	30	4	9678.082436	9708.082436	0.0301143374880952	0.0	115.38461538472032	0.0	2.960491139724014	0.6334483608069641
ses-20260318_grp-12_run01	T0	31	4	9693.082436	9723.082436	0.0301143783142857	0.0	107.14285714295458	0.0	2.9699812155671745	0.6088236940650262
ses-20260318_grp-12_run01	T0	32	4	9708.082436	9738.082436	0.0301141878061224	0.0	115.38461538472032	0.0	2.9425730076918124	0.5414170797901614
ses-20260318_grp-12_run01	T0	33	4	9723.082436	9753.082436	0.030114359133447	0.0	125.00000000011369	0.0	2.928004897746958	0.4639018353351903
ses-20260318_grp-12_run01	T0	34	4	9738.082436	9768.082436	0.0301141474870307	0.0	93.75000000008528	0.0	2.983855811961896	0.43973980549124586
ses-20260318_grp-12_run01	T0	35	4	9753.082436	9783.082436	0.0301145569716723	0.0	125.00000000011369	0.0	2.969027983864553	0.4781077944149799
ses-20260318_grp-12_run01	T0	36	4	9768.082436	9798.082436	0.0301148116175257	0.0	107.14285714295458	0.0	3.0036383663502932	0.43013146833229493
ses-20260318_grp-12_run01	T0	37	4	9783.082436	9813.082436	0.0301146811618556	0.0	107.14285714295458	0.0	2.9478740708791973	0.500207941529645
ses-20260318_grp-12_run01	T0	38	4	9798.082436	9828.082436	0.0301145403268041	0.0	46.87500000004263	0.0	2.8936154970842187	0.5557374977340945
ses-20260318_grp-12_run01	T0	39	4	9813.082436	9843.082436	0.0301145487547945	0.0	125.00000000011369	0.0	2.7834865556780013	0.543739069365714
ses-20260318_grp-12_run01	T0	40	4	9828.082436	9858.082436	0.0301144888522184	0.0	125.00000000011369	0.0	2.687466174303615	0.5473939797105724
ses-20260318_grp-12_run01	T0	41	4	9843.082436	9873.082436	0.0301140692065068	0.0	68.18181818188019	0.0	2.6096225174513594	0.5042448194541922
ses-20260318_grp-12_run01	T0	42	4	9858.082436	9888.082436	0.030113949314041	0.0	107.14285714295458	0.0	2.660969644784068	0.48499670559372926
ses-20260318_grp-12_run01	T0	43	1	9085.0	9115.0	0.030113806102389	0.0	100.00000000009096	0.0		
ses-20260318_grp-12_run01	T0	44	1	9100.0	9130.0	0.0302602012802721	0.0	53.57142857147729	0.0		
ses-20260318_grp-12_run01	T0	45	1	9115.0	9145.0	0.0302623979071917	0.0	50.00000000004548	0.0		
ses-20260318_grp-12_run01	T0	46	1	9130.0	9160.0	0.0301152731613793	0.0	57.69230769236016	0.0		
ses-20260318_grp-12_run01	T0	47	1	9145.0	9175.0	0.0301329697137931	0.0	68.18181818188019	0.0		
ses-20260318_grp-12_run01	T0	48	1	9160.0	9190.0	0.0301326102886986	0.0	65.21739130440714	0.0		
ses-20260318_grp-12_run01	T0	49	1	9175.0	9205.0	0.0301150211822525	0.0	75.00000000006821	0.0		
ses-20260318_grp-12_run01	T0	50	1	9190.0	9220.0	0.0301150178742268	0.0	46.87500000004263	0.0		
ses-20260318_grp-12_run01	T0	51	1	9205.0	9235.0	0.0301136855273972	0.0	46.87500000004263	0.0		
ses-20260318_grp-12_run01	T0	52	1	9220.0	9250.0	0.0301232175223728	0.0	46.87500000004263	0.0		
ses-20260318_grp-12_run01	T0	53	1	9235.0	9265.0	0.0301246195829932	0.0	75.00000000006821	0.0		
ses-20260318_grp-12_run01	T0	54	1	9250.0	9280.0	0.0301720346689419	0.0	46.87500000004263	0.0		
ses-20260318_grp-12_run01	T0	55	1	9265.0	9295.0	0.0301708743614334	0.0	42.85714285718184	0.0		
ses-20260318_grp-12_run01	T0	56	1	9280.0	9310.0	0.0301138436563139	0.0	44.11764705886365	0.0		
ses-20260318_grp-12_run01	T0	57	1	9295.0	9325.0	0.030113925589761	0.0	50.00000000004548	0.0		
ses-20260318_grp-12_run01	T0	58	1	9310.0	9340.0	0.030113860244178	0.0	53.57142857147729	0.0		
ses-20260318_grp-12_run01	T0	59	1	9325.0	9355.0	0.0301157300106164	0.0	41.666666666704565	0.0		
ses-20260318_grp-12_run01	T0	60	1	9340.0	9370.0	0.0301166626877133	0.0	75.00000000006821	0.0		
ses-20260318_grp-12_run01	T0	61	1	9355.0	9385.0	0.0301336717558219	0.0	75.00000000006821	0.0		
ses-20260318_grp-12_run01	T0	62	1	9370.0	9400.0	0.0301323942455479	0.0	75.00000000006821	0.0		
ses-20260318_grp-12_run01	T0	63	1	9385.0	9415.0	0.0301132725904761	0.0	68.18181818188019	0.0		
ses-20260318_grp-12_run01	T0	64	1	9400.0	9430.0	0.0307925280520689	0.0	44.11764705886365	0.0		
ses-20260318_grp-12_run01	T0	65	1	9415.0	9445.0	0.0314372856457044	0.0	48.38709677423756	0.0		
ses-20260318_grp-12_run01	T0	66	1	9430.0	9460.0	0.0308574223438775	0.0	136.36363636376038	0.0		
ses-20260318_grp-12_run01	T0	67	1	9445.0	9475.0	0.0302177095431506	0.0	125.00000000011369	0.0		
ses-20260318_grp-12_run01	T0	68	1	9460.0	9490.0	0.0301137139245733	0.0	45.45454545458679	0.0		
ses-20260318_grp-12_run01	T0	69	1	9475.0	9505.0	0.0335223645088435	0.0	50.00000000004548	0.0		
ses-20260318_grp-12_run01	T0	70	1	9490.0	9520.0	0.046928127084589	0.0	50.00000000004548	0.0		
ses-20260318_grp-12_run01	T0	71	1	9505.0	9535.0	0.04354967055189	0.0	48.38709677423756	0.0		
ses-20260318_grp-12_run01	T0	72	1	9520.0	9550.0	0.0301213499876712	0.0	41.666666666704565	0.0		
ses-20260318_grp-12_run01	T0	73	1	9535.0	9565.0	0.0301143178741379	0.0	50.00000000004548	0.0		
ses-20260318_grp-12_run01	T0	74	1	9550.0	9580.0	0.0301146213524137	0.0	83.33333333340913	0.0		
ses-20260318_grp-12_run01	T0	75	1	9565.0	9595.0	0.030114783858644	0.0	62.50000000005684	0.0		
ses-20260318_grp-12_run01	T0	76	1	9580.0	9610.0	0.0301150007844594	0.0	107.14285714295458	0.0		
ses-20260318_grp-12_run01	T0	77	1	9595.0	9625.0	0.0301148642556314	0.0	83.33333333340913	0.0		
ses-20260318_grp-12_run01	T0	78	1	9610.0	9640.0	0.0301146062204081	0.0	62.50000000005684	0.0		
ses-20260318_grp-12_run01	T0	79	1	9625.0	9655.0	0.0301146857253424	0.0	46.87500000004263	0.0		
ses-20260318_grp-12_run01	T0	80	1	9640.0	9670.0	0.0301149454695501	0.0	46.87500000004263	0.0		
ses-20260318_grp-12_run01	T0	81	1	9655.0	9685.0	0.0301148104882352	0.0	50.00000000004548	0.0		
ses-20260318_grp-12_run01	T0	82	1	9670.0	9700.0	0.0301148323206185	0.0	53.57142857147729	0.0		
ses-20260318_grp-12_run01	T0	83	1	9685.0	9715.0	0.0301340688776632	0.0	55.55555555560608	0.0		
ses-20260318_grp-12_run01	T0	84	1	9700.0	9730.0	0.0310065672408304	0.0	46.87500000004263	0.0		
ses-20260318_grp-12_run01	T0	85	1	9715.0	9745.0	0.0327704231269624	0.0	57.69230769236016	0.0		
ses-20260318_grp-12_run01	T0	86	1	9730.0	9760.0	0.0343749016755932	0.0	83.33333333340913	0.0		
ses-20260318_grp-12_run01	T0	87	1	9745.0	9775.0	0.0357023720279863	0.0	51.72413793108153	0.0		
ses-20260318_grp-12_run01	T0	88	1	9760.0	9790.0	0.0369752534	0.0	53.57142857147729	0.0		
ses-20260318_grp-12_run01	T0	89	1	9775.0	9805.0	0.0382036997372013	0.0	46.87500000004263	0.0		
ses-20260318_grp-12_run01	T0	90	1	9790.0	9820.0	0.0391237967366101	0.0	46.87500000004263	0.0		
ses-20260318_grp-12_run01	T0	91	1	9805.0	9835.0	0.0387612686836734	0.0	48.38709677423756	0.0		
ses-20260318_grp-12_run01	T0	92	1	9820.0	9850.0	0.0364356348563139	0.0	45.45454545458679	0.0		
ses-20260318_grp-12_run01	T0	93	1	9835.0	9865.0	0.0341393640629251	0.0	62.50000000005684	0.0		
ses-20260318_grp-12_run01	T0	94	1	9850.0	9880.0	0.0323922313170068	0.0	150.00000000013642	0.0		
ses-20260318_grp-12_run01	T0	95	1	9865.0	9895.0	0.0337483822365187	0.0	53.57142857147729	0.0		
ses-20260318_grp-12_run01	T1	0	4	9898.918727	9928.918727	0.0351132244799319	0.0	83.33333333340913	0.0	2.7582449035998975	0.5101225300930852
ses-20260318_grp-12_run01	T1	1	4	9913.918727	9943.918727	0.0364421335859589	0.0	46.87500000004263	0.0	2.7335656253221843	0.5129822782404664
ses-20260318_grp-12_run01	T1	2	4	9928.918727	9958.918727	0.0369787177391156	0.0	75.00000000006821	0.0	2.7248670625804836	0.5134755422728593
ses-20260318_grp-12_run01	T1	3	4	9943.918727	9973.918727	0.0374634020834459	0.0	68.18181818188019	0.0	2.7308289332523663	0.5049437559254356
ses-20260318_grp-12_run01	T1	4	4	9958.918727	9988.918727	0.0383373809088435	0.0	68.18181818188019	0.0	2.766768985195195	0.5322673727321993
ses-20260318_grp-12_run01	T1	5	4	9973.918727	10003.918727	0.0389839589153583	0.0	88.2352941177273	0.0	2.806758119530912	0.5213234072441036
ses-20260318_grp-12_run01	T1	6	4	9988.918727	10018.918727	0.0375249965679054	0.0	44.11764705886365	0.0	2.7958189804073874	0.4894160287646934
ses-20260318_grp-12_run01	T1	7	4	10003.918727	10033.918727	0.0336667355430508	0.0	46.87500000004263	0.0	2.619385933993949	0.4481034194429034
ses-20260318_grp-12_run01	T1	8	4	10018.918727	10048.918727	0.0309182992394557	0.0	65.21739130440714	0.0	2.469173111537648	0.3693623195244251
ses-20260318_grp-12_run01	T1	9	4	10033.918727	10063.918727	0.0302230511742372	0.0	57.69230769236016	0.0	2.4679563385887837	0.3538345301920114
ses-20260318_grp-12_run01	T1	10	4	10048.918727	10078.918727	0.0301138509952381	0.0	55.55555555560608	0.0	2.487674045293825	0.3982017307964096
ses-20260318_grp-12_run01	T1	11	4	10063.918727	10093.918727	0.0301393815690476	0.0	46.87500000004263	0.0	2.539588656756413	0.46318853268285104
ses-20260318_grp-12_run01	T1	12	4	10078.918727	10108.918727	0.0301415923867346	0.0	48.38709677423756	0.0	2.684479357198608	0.5143726049254904
ses-20260318_grp-12_run01	T1	13	4	10093.918727	10123.918727	0.0308302057445205	0.0	75.00000000006821	0.0	2.7840902771164915	0.5035462712742622
ses-20260318_grp-12_run01	T1	14	4	10108.918727	10138.918727	0.0315549353139931	0.0	50.00000000004548	0.0	2.799852185687942	0.5205307255303666
ses-20260318_grp-12_run01	T1	15	4	10123.918727	10153.918727	0.0308362133942567	0.0	83.33333333340913	0.0	2.7403595319639233	0.48696421264104545
ses-20260318_grp-12_run01	T1	16	4	10138.918727	10168.918727	0.0301161465423728	0.0	53.57142857147729	0.0	2.609688807477323	0.38949427569051387
ses-20260318_grp-12_run01	T1	17	4	10153.918727	10183.918727	0.03012400067517	0.0	57.69230769236016	0.0	2.7046201614129304	0.5416281456943687
ses-20260318_grp-12_run01	T1	18	4	10168.918727	10198.918727	0.0305328576598639	0.0	75.00000000006821	0.0	2.7534743898556675	0.6090870923450298
ses-20260318_grp-12_run01	T1	19	4	10183.918727	10213.918727	0.0305351259543554	0.0	68.18181818188019	0.0	2.644778188431273	0.4788873651495141
ses-20260318_grp-12_run01	T1	20	4	10198.918727	10228.918727	0.0303229862881118	0.0	57.69230769236016	0.0	2.597545912928808	0.3870986567737013
ses-20260318_grp-12_run01	T1	21	4	10213.918727	10243.918727	0.0311775102620689	0.0	115.38461538472032	0.0	2.6003906812512123	0.3829094816771775
ses-20260318_grp-12_run01	T1	22	4	10228.918727	10258.918727	0.0323904635615916	0.0	107.14285714295458	0.0	2.722586829380864	0.4748101738151727
ses-20260318_grp-12_run01	T1	23	4	10243.918727	10273.918727	0.0334083551875862	0.0	107.14285714295458	0.0	2.7776820940070452	0.5358234148620975
ses-20260318_grp-12_run01	T1	24	4	10258.918727	10288.918727	0.0343688840477815	0.0	125.00000000011369	0.0	2.655813255502554	0.4393066595708812
ses-20260318_grp-12_run01	T1	25	4	10273.918727	10303.918727	0.0353075171339041	0.0	125.00000000011369	0.0	2.5920878146190125	0.3910500043205575
ses-20260318_grp-12_run01	T1	26	4	10288.918727	10318.918727	0.0358980962563573	0.0	93.75000000008528	0.0	2.6199625298346914	0.4260828340207249
ses-20260318_grp-12_run01	T1	27	4	10303.918727	10333.918727	0.0363362253668942	0.0	83.33333333340913	0.0	2.7288089497127603	0.48810206286403823
ses-20260318_grp-12_run01	T1	28	4	10318.918727	10348.918727	0.0368601324829268	0.0	78.94736842112444	0.0	2.7799800932528096	0.5235000379743381
ses-20260318_grp-12_run01	T1	29	4	10333.918727	10363.918727	0.0371734897272413	0.0	68.18181818188019	0.0	2.743986146251929	0.5405883005778651
ses-20260318_grp-12_run01	T1	30	4	10348.918727	10378.918727	0.0396115457603389	0.0	93.75000000008528	0.0	2.6940896353329613	0.5516142657590197
ses-20260318_grp-12_run01	T1	31	4	10363.918727	10393.918727	0.0459723882512027	0.0	75.00000000006821	0.0	2.6903416721422926	0.5618578341256647
ses-20260318_grp-12_run01	T1	32	4	10378.918727	10408.918727	0.0552726908635738	0.0	136.36363636376038	0.0	2.67434319090586	0.5570780389760183
ses-20260318_grp-12_run01	T1	33	4	10393.918727	10423.918727	0.0598348465392491	0.0	62.50000000005684	0.0	2.7116744320714177	0.49835690735217303
ses-20260318_grp-12_run01	T1	34	4	10408.918727	10438.918727	0.0590670239873287	0.0	62.50000000005684	0.0	2.8013336778171594	0.5295894381429004
ses-20260318_grp-12_run01	T1	35	4	10423.918727	10453.918727	0.0611704075325342	0.0	62.50000000005684	0.0	2.7719109857694946	0.5747098208826649
ses-20260318_grp-12_run01	T1	36	4	10438.918727	10468.918727	0.0648060170608843	0.0	68.18181818188019	0.0	2.788641447171803	0.5929109931817744
ses-20260318_grp-12_run01	T1	37	4	10453.918727	10483.918727	0.068595643634948	0.0	107.14285714295458	0.0	2.8043875623030194	0.6215421109256688
ses-20260318_grp-12_run01	T1	38	4	10468.918727	10498.918727	0.0726144186224913	0.0	83.33333333340913	0.0	2.7604529907931403	0.5678572126576394
ses-20260318_grp-12_run01	T1	39	4	10483.918727	10513.918727	0.0776229624113013	0.0	71.42857142863639	0.0	2.783426987870832	0.511421048060535
ses-20260318_grp-12_run01	T1	40	4	10498.918727	10528.918727	0.0919737904876288	0.0	45.45454545458679	0.0	2.8388886231587596	0.5384173318876601
ses-20260318_grp-12_run01	T1	41	4	10513.918727	10543.918727	0.1004343031132404	0.0	62.50000000005684	0.0	2.8574021115370445	0.560189774110468
ses-20260318_grp-12_run01	T1	42	4	10528.918727	10558.918727					2.736533827021848	0.5497516123542903
ses-20260318_grp-12_run01	T1	43	4	10543.918727	10573.918727					2.672459191995717	0.5291564176784209
ses-20260318_grp-12_run01	T1	44	4	10558.918727	10588.918727					2.686275877766485	0.5241853616888958
ses-20260318_grp-12_run01	T1	45	4	10573.918727	10603.918727					2.634343046465375	0.5457153687957518
ses-20260318_grp-12_run01	T1	46	4	10588.918727	10618.918727					2.598209599649633	0.5526811785108505
ses-20260318_grp-12_run01	T1	47	4	10603.918727	10633.918727					2.593547355734139	0.5489755663427368
ses-20260318_grp-12_run01	T1	48	4	10618.918727	10648.918727					2.6138015028576183	0.53068960014095
ses-20260318_grp-12_run01	T1	49	4	10633.918727	10663.918727					2.6951252284744642	0.5619402872942203
ses-20260318_grp-12_run01	T2	0	4	10678.331879	10708.331879	0.0732897472416382	0.0	75.00000000006821	0.0	2.793750589195303	0.5711227064643069
ses-20260318_grp-12_run01	T2	1	4	10693.331879	10723.331879	0.0707869453208191	0.0	68.18181818188019	0.0	2.797703800776623	0.5831844002881544
ses-20260318_grp-12_run01	T2	2	4	10708.331879	10738.331879	0.0685498458082191	0.0	46.87500000004263	0.0	2.8283615963170905	0.6150179730416174
ses-20260318_grp-12_run01	T2	3	4	10723.331879	10753.331879	0.0709575533608247	0.0	62.50000000005684	0.0	2.8926853873852845	0.6532368359176105
ses-20260318_grp-12_run01	T2	4	4	10738.331879	10768.331879	0.0743832784003436	0.0	57.69230769236016	0.0	2.8646335609891906	0.5835592868411823
ses-20260318_grp-12_run01	T2	5	4	10753.331879	10783.331879	0.0716395615328767	0.0	57.69230769236016	0.0	2.6757938456500896	0.4859124179120491
ses-20260318_grp-12_run01	T2	6	4	10768.331879	10798.331879	0.0645775478770547	0.0	68.18181818188019	0.0	2.575173761274173	0.44265007069784484
ses-20260318_grp-12_run01	T2	7	4	10783.331879	10813.331879	0.0629089419365187	0.0	68.18181818188019	0.0	2.6796515821264424	0.4773674692777175
ses-20260318_grp-12_run01	T2	8	4	10798.331879	10828.331879	0.0672250308797945	0.0	68.18181818188019	0.0	2.73880733648169	0.4651890341196727
ses-20260318_grp-12_run01	T2	9	4	10813.331879	10843.331879	0.0695664791486206	0.0	83.33333333340913	0.0	2.798593369995584	0.5222485288165075
ses-20260318_grp-12_run01	T2	10	4	10828.331879	10858.331879	0.0692466503494809	0.0	83.33333333340913	0.0	2.867725677373545	0.6098942521421497
ses-20260318_grp-12_run01	T2	11	4	10843.331879	10873.331879	0.0667108720283737	0.0	83.33333333340913	0.0	2.9498280599149447	0.6314712541163575
ses-20260318_grp-12_run01	T2	12	4	10858.331879	10888.331879	0.0644123973708904	0.0	93.75000000008528	0.0	2.9611447811765257	0.5901882616279366
ses-20260318_grp-12_run01	T2	13	4	10873.331879	10903.331879	0.0643171021323129	0.0	83.33333333340913	0.0	2.898959404146443	0.5983555796612428
ses-20260318_grp-12_run01	T2	14	4	10888.331879	10918.331879	0.0494653072334471	0.0	44.11764705886365	0.0	2.9049603126566863	0.6111529738374154
ses-20260318_grp-12_run01	T2	15	4	10903.331879	10933.331879	0.0324433460568493	0.0	44.11764705886365	0.0	2.9408940529505143	0.6194949080851135
ses-20260318_grp-12_run01	T2	16	4	10918.331879	10948.331879	0.0365415366487804	0.0	83.33333333340913	0.0	2.95425507416773	0.6075476374377622
ses-20260318_grp-12_run01	T2	17	4	10933.331879	10963.331879	0.0486681922468531	0.0	71.42857142863639	0.0	2.905187780543258	0.5888962690941877
ses-20260318_grp-12_run01	T2	18	4	10948.331879	10978.331879	0.044709650639726	0.0	83.33333333340913	0.0	2.86847169550147	0.5704204511352093
ses-20260318_grp-12_run01	T2	19	4	10963.331879	10993.331879	0.0328029618543252	0.0	57.69230769236016	0.0	2.91879607605541	0.5987740503528763
ses-20260318_grp-12_run01	T2	20	4	10978.331879	11008.331879	0.0301107324916666	0.0	62.50000000005684	0.0	2.837633464205779	0.5924279970580528
ses-20260318_grp-12_run01	T2	21	4	10993.331879	11023.331879	0.0301108067641379	0.0	125.00000000011369	0.0	2.8023726934160313	0.5862871546919517
ses-20260318_grp-12_run01	T2	22	4	11008.331879	11038.331879	0.0312293136610344	0.0	107.14285714295458	0.0	2.872235730323623	0.6200113117686655
ses-20260318_grp-12_run01	T2	23	4	11023.331879	11053.331879	0.0314902137562068	0.0	107.14285714295458	0.0	2.8964678734249665	0.6370509819054345
ses-20260318_grp-12_run01	T2	24	4	11038.331879	11068.331879	0.0376199344744827	0.0	62.50000000005684	0.0	2.9013654346883557	0.5973185148665122
ses-20260318_grp-12_run01	T2	25	4	11053.331879	11083.331879	0.0562966975453608	0.0	62.50000000005684	0.0	2.8651182343238664	0.5385803244379186
ses-20260318_grp-12_run01	T2	26	4	11068.331879	11098.331879	0.0596549031276816	0.0	53.57142857147729	0.0	2.895964948342558	0.5688114838906273
ses-20260318_grp-12_run01	T2	27	4	11083.331879	11113.331879	0.0594918083836236	0.0	53.57142857147729	0.0	2.910873483914282	0.5890136043166577
ses-20260318_grp-12_run01	T2	28	4	11098.331879	11128.331879	0.0736266563416666	0.0	68.18181818188019	0.0	2.8688007446831563	0.5468376571789678
ses-20260318_grp-12_run01	T2	29	4	11113.331879	11143.331879	0.0546994897113793	0.0	46.87500000004263	0.0	2.880764595423174	0.5534603412919322
ses-20260318_grp-12_run01	T2	30	4	11128.331879	11158.331879	0.0402287550703448	0.0	46.87500000004263	0.0	2.853475737474062	0.5806352738234545
ses-20260318_grp-12_run01	T2	31	4	11143.331879	11173.331879	0.0679245086386759	0.0	50.00000000004548	0.0	2.842177671128606	0.5597559149237326
ses-20260318_grp-12_run01	T2	32	4	11158.331879	11188.331879	0.0855947553954545	0.0	53.57142857147729	0.0	2.8401388184097156	0.5177172389193679
ses-20260318_grp-12_run01	T2	33	4	11173.331879	11203.331879	0.0812523301163194	0.0	93.75000000008528	0.0	2.83337437295796	0.528353701518111
ses-20260318_grp-12_run01	T2	34	4	11188.331879	11218.331879	0.0721353090350694	0.0	68.18181818188019	0.0	2.8423814694133087	0.5537070428104035
ses-20260318_grp-12_run01	T2	35	4	11203.331879	11233.331879	0.0654148929527586	0.0	53.57142857147729	0.0	2.8496181780367706	0.5778753167767771
ses-20260318_grp-12_run01	T2	36	4	11218.331879	11248.331879	0.0690968905719178	0.0	50.00000000004548	0.0	2.862276141313992	0.5711895651130587
ses-20260318_grp-12_run01	T2	37	4	11233.331879	11263.331879	0.0741181680157534	0.0	62.50000000005684	0.0	2.8358613483128807	0.5269256549988508
ses-20260318_grp-12_run01	T2	38	4	11248.331879	11278.331879	0.0650379895596551	0.0	55.55555555560608	0.0	2.7876972994100244	0.5335428236259528
ses-20260318_grp-12_run01	T2	39	4	11263.331879	11293.331879	0.0561869247085324	0.0	46.87500000004263	0.0	2.818394301557123	0.5246659334623126
ses-20260318_grp-12_run01	T2	40	4	11278.331879	11308.331879	0.0547872566253378	0.0	42.85714285718184	0.0	2.9141928599313673	0.5762872122020427
ses-20260318_grp-12_run01	T2	41	4	11293.331879	11323.331879	0.0650755170513698	0.0	44.11764705886365	0.0	2.9361990351574105	0.6465695345074167
ses-20260318_grp-12_run01	T2	42	4	11308.331879	11338.331879	0.0790412362660958	0.0	46.87500000004263	0.0	2.916734938748235	0.6188178105473098
ses-20260318_grp-12_run01	T2	43	4	11323.331879	11353.331879	0.0813929491680272	0.0	83.33333333340913	0.0	2.9177076115352545	0.622665383928448
ses-20260318_grp-12_run01	T2	44	4	11338.331879	11368.331879	0.0836078671327645	0.0	83.33333333340913	0.0	2.9735047680082727	0.6875018571276891
ses-20260318_grp-12_run01	T2	45	4	11353.331879	11383.331879	0.0873230890660958	0.0	57.69230769236016	0.0	2.97622159566307	0.7111747573474245
ses-20260318_grp-12_run01	T2	46	4	11368.331879	11398.331879	0.091151993075862	0.0	75.00000000006821	0.0	2.969070668683595	0.7007420657266776
ses-20260318_grp-12_run01	T2	47	4	11383.331879	11413.331879	0.0934467965668965	0.0	53.57142857147729	0.0	3.013924487410077	0.5771258773276017
ses-20260318_grp-12_run01	T2	48	4	11398.331879	11428.331879	0.0906263651211604	0.0	55.55555555560608	0.0	3.0582181124737318	0.5176025070840159
ses-20260318_grp-12_run01	T2	49	4	11413.331879	11443.331879	0.0902087909226027	0.0	57.69230769236016	0.0	3.0173535009783867	0.5761069131955531
ses-20260318_grp-12_run01	T2	50	4	11428.331879	11458.331879	0.0989528287434931	0.0	125.00000000011369	0.0	2.9605570239324246	0.5951734018170329
ses-20260318_grp-12_run01	T2	51	4	11443.331879	11473.331879	0.1049454778213058	0.0	68.18181818188019	0.0	2.982907410858069	0.5587813151160662
ses-20260318_grp-12_run01	T2	52	4	11458.331879	11488.331879	0.104961964993007	0.0	68.18181818188019	0.0	2.9904702460928982	0.5131312197100456
ses-20260318_grp-12_run01	T2	53	4	11473.331879	11503.331879	0.0983912879874999	0.0	93.75000000008528	0.0	2.882943540948708	0.46944824416673553
ses-20260318_grp-12_run01	T2	54	4	11488.331879	11518.331879					2.7380284053337216	0.5072605732611535
ses-20260318_grp-12_run01	T2	55	4	11503.331879	11533.331879					2.6113230101562	0.4797954928943648
ses-20260318_grp-12_run01	T2	56	4	11518.331879	11548.331879					2.5242799484682803	0.4435781877086753
ses-20260318_grp-12_run01	T2	57	2	11533.342055	11563.342055						
ses-20260318_grp-12_run01	T2	58	2	11548.342055	11578.342055						
ses-20260318_grp-12_run01	T3	0	4	11657.289577	11687.289577					2.5195450426312442	0.3810797410012213
ses-20260318_grp-12_run01	T3	1	4	11672.289577	11702.289577					2.500081809571663	0.38686328416632526
ses-20260318_grp-12_run01	T3	2	4	11687.289577	11717.289577					2.4692857260446806	0.3762836450249124
ses-20260318_grp-12_run01	T3	3	4	11702.289577	11732.289577					2.4694737401161695	0.39053682667147316
ses-20260318_grp-12_run01	T3	4	4	11717.289577	11747.289577					2.5086274533025392	0.42267546074190765
ses-20260318_grp-12_run01	T3	5	4	11732.289577	11762.289577					2.5127161587484146	0.4220056582385425
ses-20260318_grp-12_run01	T3	6	4	11747.289577	11777.289577					2.5323723733044874	0.3956409255649047
ses-20260318_grp-12_run01	T3	7	4	11762.289577	11792.289577					2.538758567646449	0.35797541929661764
ses-20260318_grp-12_run01	T3	8	4	11777.289577	11807.289577					2.554368715907893	0.3493019216331011
ses-20260318_grp-12_run01	T3	9	4	11792.289577	11822.289577					2.633580067102206	0.37604416614088576
ses-20260318_grp-12_run01	T3	10	4	11807.289577	11837.289577					2.6922432162944965	0.42921253286685035
ses-20260318_grp-12_run01	T3	11	4	11822.289577	11852.289577					2.7809685528329644	0.48887779162904405
ses-20260318_grp-12_run01	T3	12	4	11837.289577	11867.289577					2.8420791234584755	0.4926249015661129
ses-20260318_grp-12_run01	T3	13	4	11852.289577	11882.289577					2.771492449394935	0.44468786644678177
ses-20260318_grp-12_run01	T3	14	4	11867.289577	11897.289577					2.770437571932053	0.4708459934903772
ses-20260318_grp-12_run01	T3	15	4	11882.289577	11912.289577					2.7697724489394395	0.5323978495106586
ses-20260318_grp-12_run01	T3	16	4	11897.289577	11927.289577					2.790207120045217	0.553647908715545
ses-20260318_grp-12_run01	T3	17	4	11912.289577	11942.289577					2.8702773149727747	0.5321250465805153
ses-20260318_grp-12_run01	T3	18	4	11927.289577	11957.289577					2.8449800800656218	0.5048195695964156
ses-20260318_grp-12_run01	T3	19	4	11942.289577	11972.289577					2.844383422321282	0.49790911275376337
ses-20260318_grp-12_run01	T3	20	4	11957.289577	11987.289577					2.859313759072473	0.47865853644217654
ses-20260318_grp-12_run01	T3	21	4	11972.289577	12002.289577					2.8172960786749073	0.46394066700546355
ses-20260318_grp-12_run01	T3	22	4	11987.289577	12017.289577					2.798486914020204	0.4796309299346738
ses-20260318_grp-12_run01	T3	23	4	12002.289577	12032.289577					2.742953302490695	0.43919419613292576
ses-20260318_grp-12_run01	T3	24	4	12017.289577	12047.289577					2.7354527171245446	0.4339102060901711
ses-20260318_grp-12_run01	T3	25	4	12032.289577	12062.289577					2.7464525676854583	0.43320725680229666
ses-20260318_grp-12_run01	T3	26	4	12047.289577	12077.289577					2.7185749604478198	0.3892639388434842
ses-20260318_grp-12_run01	T3	27	4	12062.289577	12092.289577					2.715696660607292	0.39116207304110234
ses-20260318_grp-12_run01	T3	28	4	12077.289577	12107.289577					2.705724074590438	0.3699352276947789
ses-20260318_grp-12_run01	T3	29	4	12092.289577	12122.289577					2.748077420239924	0.3880931547431827
ses-20260318_grp-12_run01	T3	30	4	12107.289577	12137.289577					2.7128233294318673	0.3983476550926021
ses-20260318_grp-12_run01	T3	31	4	12122.289577	12152.289577					2.673262150991513	0.3533616927614679
ses-20260318_grp-12_run01	T3	32	4	12137.289577	12167.289577					2.6901843313822846	0.37570061126868254
ses-20260318_grp-12_run01	T3	33	4	12152.289577	12182.289577					2.734239770047216	0.44358673398069365
ses-20260318_grp-12_run01	T3	34	4	12167.289577	12197.289577					2.7617884668593193	0.44275336079865185
ses-20260318_grp-12_run01	T3	35	4	12182.289577	12212.289577					2.746756974569609	0.4711488341179428
ses-20260318_grp-12_run01	T3	36	4	12197.289577	12227.289577					2.8734137282291123	0.48900124352301344
ses-20260318_grp-12_run01	T3	37	4	12212.289577	12242.289577					2.9293554373874358	0.4319520783394212
ses-20260318_grp-12_run01	T3	38	4	12227.289577	12257.289577					3.071385457457989	0.4071750711508601
ses-20260318_grp-12_run01	T3	39	4	12242.289577	12272.289577					2.8222325274281754	0.43782896071876926
ses-20260318_grp-12_run01	T3	40	4	12257.289577	12287.289577					2.708147720758884	0.417190842006103
ses-20260318_grp-12_run01	T3	41	4	12272.289577	12302.289577					2.714482430610357	0.5138155959914935
ses-20260318_grp-12_run01	T3	42	3	12287.289577	12317.289577						
ses-20260318_grp-12_run01	T3	43	3	12302.289577	12332.289577						
ses-20260318_grp-12_run01	T3	44	3	12317.289577	12347.289577						
ses-20260318_grp-12_run01	T3	45	3	12332.289577	12362.289577						
ses-20260318_grp-12_run01	T4	0	4	12493.458912	12523.458912					2.773870081145368	0.49561435842708473
ses-20260318_grp-12_run01	T4	1	4	12508.458912	12538.458912					2.7548149710981065	0.5087479827754117
ses-20260318_grp-12_run01	T4	2	4	12523.458912	12553.458912					2.762203320102416	0.5265626654078632
ses-20260318_grp-12_run01	T4	3	4	12538.458912	12568.458912					2.6746170742431277	0.43574298907378345
ses-20260318_grp-12_run01	T4	4	4	12553.458912	12583.458912					2.6003495233067797	0.33885965742875623
ses-20260318_grp-12_run01	T4	5	4	12568.458912	12598.458912					2.679079959777451	0.4148537434362677
ses-20260318_grp-12_run01	T4	6	4	12583.458912	12613.458912					2.781846784377811	0.5255546858464841
ses-20260318_grp-12_run01	T4	7	4	12598.458912	12628.458912					2.805673992687891	0.5080425584320721
ses-20260318_grp-12_run01	T4	8	4	12613.458912	12643.458912					2.715280453093521	0.49148477798293405
ses-20260318_grp-12_run01	T4	9	4	12628.458912	12658.458912					2.5828768601405314	0.4549286601401576
ses-20260318_grp-12_run01	T4	10	4	12643.458912	12673.458912					2.508586206926978	0.3849318176263231
ses-20260318_grp-12_run01	T4	11	4	12658.458912	12688.458912					2.561028794365151	0.37008599384207874
ses-20260318_grp-12_run01	T4	12	4	12673.458912	12703.458912					2.764693651136925	0.4227900525616024
ses-20260318_grp-12_run01	T4	13	4	12688.458912	12718.458912					2.873539710100578	0.5295530706564767
ses-20260318_grp-12_run01	T4	14	4	12703.458912	12733.458912					2.8900168184152553	0.5695597688802261
ses-20260318_grp-12_run01	T4	15	4	12718.458912	12748.458912					2.925153075842819	0.5453611113705297
ses-20260318_grp-12_run01	T4	16	4	12733.458912	12763.458912					2.9177283586605887	0.5151068547547327
ses-20260318_grp-12_run01	T4	17	4	12748.458912	12778.458912					2.89292534378694	0.5084245160538532
ses-20260318_grp-12_run01	T4	18	4	12763.458912	12793.458912					2.8162644294845416	0.5141807555581632
ses-20260318_grp-12_run01	T4	19	4	12778.458912	12808.458912					2.82180037407034	0.5295590468277359
ses-20260318_grp-12_run01	T4	20	4	12793.458912	12823.458912					2.857471846666305	0.5479340508811612
ses-20260318_grp-12_run01	T4	21	4	12808.458912	12838.458912					2.907799158160198	0.5119981383151841
ses-20260318_grp-12_run01	T4	22	4	12823.458912	12853.458912					2.9621141090782297	0.5150799519014138
ses-20260318_grp-12_run01	T4	23	4	12838.458912	12868.458912					2.956412007138132	0.5370128022838372
ses-20260318_grp-13_run01	T0	0	4	16607.369177	16637.369177	0.0300973050673131	7.038086658739746e-05	66.80621655506279	16.17656753054163	3.066355199820621	0.47394739545157893
ses-20260318_grp-13_run01	T0	1	4	16622.369177	16652.369177	0.030079861969111922	5.434657795947237e-05	73.82232505396898	21.025022202058004	3.0871225849921453	0.4878209545093626
ses-20260318_grp-13_run01	T0	2	4	16637.369177	16667.369177	0.03460184918879053	0.00779240782633578	78.93455185477531	25.717408651859714	3.071697505853553	0.4772231098489509
ses-20260318_grp-13_run01	T0	3	4	16652.369177	16682.369177	0.03907052060915773	0.015532456897136369	75.78994893989922	16.958961111765404	3.0014452581192823	0.501228633140694
ses-20260318_grp-13_run01	T0	4	4	16667.369177	16697.369177	0.03898168559744813	0.015378374139857345	81.28693476344182	0.0009911351998752593	2.9715107242612815	0.5113625425098812
ses-20260318_grp-13_run01	T0	5	4	16682.369177	16712.369177	0.03784515579836643	0.013409646093009767	67.12138468303633	0.747427169738252	2.929107060788038	0.45524492889055174
ses-20260318_grp-13_run01	T0	6	4	16697.369177	16727.369177	0.03661033991774117	0.011270908966770538	63.40700666409201	6.125077179146931	2.982107291271779	0.35630648480986465
ses-20260318_grp-13_run01	T0	7	4	16712.369177	16742.369177	0.03653672487892382	0.011143688241148506	84.85336404799682	1.2235514100372384	3.1498390536435106	0.2043654804327465
ses-20260318_grp-13_run01	T0	8	4	16727.369177	16757.369177	0.036385811128526624	0.010882473496899853	83.76404867138513	2.4116463340523993	3.0200867568730843	0.2650093306421459
ses-20260318_grp-13_run01	T0	9	4	16742.369177	16772.369177	0.03637661213235292	0.010866393258922597	81.72050756686616	4.514142668489477	2.997490864115747	0.31579434742326273
ses-20260318_grp-13_run01	T0	10	4	16757.369177	16787.369177	0.03650634378865077	0.011091036320081403	85.56984672698432	6.171028115981798	3.1759775791091953	0.21511330425078679
ses-20260318_grp-13_run01	T0	11	4	16772.369177	16802.369177	0.036409486623884574	0.01092343656250639	86.6425397145054	5.087114650423516	3.2200953348098484	0.15618662801785566
ses-20260318_grp-13_run01	T0	12	4	16787.369177	16817.369177	0.036439919605077524	0.010976029769086687	67.66524185342567	18.700239588440397	3.1094569801660694	0.06780477143121103
ses-20260318_grp-13_run01	T0	13	4	16802.369177	16832.369177	0.03621539738805968	0.010587228208482475	70.6151428324615	20.93759153787296	3.1075026651269035	0.09025472218765497
ses-20260318_grp-13_run01	T0	14	4	16817.369177	16847.369177	0.03579946579767685	0.00986716721192055	72.69059658941974	18.596922575725205	3.2537396619191497	0.12540665215389593
ses-20260318_grp-13_run01	T0	15	4	16832.369177	16862.369177	0.03666662628007635	0.011368897367386449	88.13419927908936	9.195321982456939	3.2876519773086574	0.09913889293530577
ses-20260318_grp-13_run01	T0	16	4	16847.369177	16877.369177	0.03735533108108105	0.012561675879865678	89.28282184741212	8.140335639769908	3.185091518063748	0.2903532532298479
ses-20260318_grp-13_run01	T0	17	4	16862.369177	16892.369177	0.03756835510510505	0.012930865601065893	61.8376297160585	7.757120060206006	3.1865264421861603	0.3636489269911592
ses-20260318_grp-13_run01	T0	18	4	16877.369177	16907.369177	0.038220054274640175	0.014059961605442997	70.97894610151303	10.157614844073557	3.1901321521619153	0.2947614526593225
ses-20260318_grp-13_run01	T0	19	4	16892.369177	16922.369177	0.03890106507936505	0.01523955572099218	72.2581421024837	8.844858711406356	3.1246961494881726	0.2753233878596704
ses-20260318_grp-13_run01	T0	20	4	16907.369177	16937.369177	0.03976830735092545	0.016741375998034425	76.08566899575438	9.76094314066978	3.1003346434638104	0.24942469826312763
ses-20260318_grp-13_run01	T0	21	4	16922.369177	16952.369177	0.04042470843417562	0.017878260161911637	63.37072700473702	17.73030054029545	3.0833719019330466	0.2219997070393838
ses-20260318_grp-13_run01	T0	22	4	16937.369177	16967.369177	0.04079902485704648	0.018526655093184546	67.26576345884357	18.602778955887164	3.0643708858609977	0.21174034431333036
ses-20260318_grp-13_run01	T0	23	4	16952.369177	16982.369177	0.041793978883861174	0.020250005120525303	75.31049978244702	5.770800436384874	3.06590060129612	0.26656282401276266
ses-20260318_grp-13_run01	T0	24	4	16967.369177	16997.369177	0.043287604967091727	0.022836647762975136	89.16133474972119	8.100737904865923	3.062912207302057	0.3249603766315748
ses-20260318_grp-13_run01	T0	25	4	16982.369177	17012.369177	0.04359601568529755	0.02336984253015131	79.46029991590053	6.442727021955548	3.0188684907719012	0.26535585150733565
ses-20260318_grp-13_run01	T0	26	4	16997.369177	17027.369177	0.0441080669642857	0.024256753571148242	73.4432551768111	12.53301250711354	2.94998953238471	0.1902789631478316
ses-20260318_grp-13_run01	T0	27	4	17012.369177	17042.369177	0.04547456138696395	0.026624111135523324	73.39589324947939	12.530138755873153	2.909327715362905	0.16231095262899964
ses-20260318_grp-13_run01	T0	28	4	17027.369177	17057.369177	0.046279622620108894	0.02801849330873886	78.13755325069909	3.086987933047638	2.8811839128095054	0.11972726236102327
ses-20260318_grp-13_run01	T0	29	4	17042.369177	17072.369177	0.04752364489860943	0.030173292192236106	81.70164084831458	4.533009379375883	2.8261090929321973	0.06960273104869738
ses-20260318_grp-13_run01	T0	30	4	17057.369177	17087.369177	0.048977653677758276	0.03269086459137085	77.56442930977006	13.901216196189718	2.7399178233941126	0.05028004156164464
ses-20260318_grp-13_run01	T0	31	4	17072.369177	17102.369177	0.05066069061302675	0.035420414719346933	81.15631753527394	0.013831327631720569	2.709503250699024	0.1078499939190153
ses-20260318_grp-13_run01	T0	32	4	17087.369177	17117.369177	0.050808943896925855	0.03513489094315994	85.24318602284318	6.13776287904399	2.7991749948728017	0.14961708685043018
ses-20260318_grp-13_run01	T0	33	4	17102.369177	17132.369177	0.051794978520301904	0.03615969928784106	89.46148207082535	8.073325669571595	2.8834122236388975	0.1831406803603555
ses-20260318_grp-13_run01	T0	34	4	17117.369177	17147.369177	0.05325545705967975	0.03803605925260582	89.49558521152085	8.133254346437461	2.974176933122753	0.21464525462156667
ses-20260318_grp-13_run01	T0	35	4	17132.369177	17162.369177	0.05382966994177577	0.038443958557623524	89.38065486179127	8.124433685165847	3.092456852383799	0.17438187113226705
ses-20260318_grp-13_run01	T0	36	4	17147.369177	17177.369177	0.0546431247927229	0.03948550794028877	91.34396638790037	5.713965064332392	3.0951031268477927	0.18093467816918504
ses-20260318_grp-13_run01	T0	37	4	17162.369177	17192.369177	0.056162552710843354	0.041615797712951236	91.58099660472777	5.726031393190844	3.0506946128079058	0.2332042178650052
ses-20260318_grp-13_run01	T0	38	4	17177.369177	17207.369177	0.05887342501010825	0.045454681528992534	83.65625579742414	13.933282602505933	2.9406593111928307	0.29359350434929826
ses-20260318_grp-13_run01	T0	39	4	17192.369177	17222.369177	0.06134252984714402	0.04838174735270476	63.01980894704207	6.716778530699408	2.8765486182764386	0.3262483963900342
ses-20260318_grp-13_run01	T0	40	4	17207.369177	17237.369177	0.0601047716275659	0.04560815432744108	60.52797372983216	9.17883941297503	3.0186811750915084	0.2784762156819423
ses-20260318_grp-13_run01	T0	41	4	17222.369177	17252.369177	0.0587168581813653	0.04461645294864112	79.16477614459225	2.106303536714151	3.158093520911396	0.32266615220838973
ses-20260318_grp-13_run01	T0	42	4	17237.369177	17267.369177	0.062760515832106	0.050098616573886944	82.82627858910155	14.778738308121817	3.1271066395601284	0.41695744711605653
ses-20260318_grp-13_run01	T0	43	4	17252.369177	17282.369177	0.06699400998520705	0.05515466380667183	75.10595644579942	1.9102310761169292	3.08096035050606	0.43486489349305046
ses-20260318_grp-13_run01	T0	44	4	17267.369177	17297.369177	0.06894494734904269	0.05874553349013597	63.04145673222993	14.166795799949327	2.9920162616847015	0.3366851034659439
ses-20260318_grp-13_run01	T0	45	4	17282.369177	17312.369177	0.07073831165941102	0.061049023683200164	60.26133143320017	11.356195169400717	2.9379537675675924	0.26367040970868916
ses-20260318_grp-13_run01	T0	46	4	17297.369177	17327.369177	0.07238886275976332	0.06306433451627708	94.70161189701113	3.0190535801888316	2.94360396591136	0.26682600767854775
ses-20260318_grp-13_run01	T0	47	4	17312.369177	17342.369177	0.07163708800287351	0.06140599739591059	81.49959250210708	0.0	2.958287394045639	0.30009706663778113
ses-20260318_grp-13_run01	T0	48	4	17327.369177	17357.369177	0.06987229582111432	0.058104697468623366	90.97387225816803	13.788265310090175	3.0029250219010675	0.33467643886677423
ses-20260318_grp-13_run01	T0	49	4	17342.369177	17372.369177	0.0700419047445255	0.05819015750356542	89.68862484123497	8.155143119928304	2.967475224737091	0.3654478667819266
ses-20260318_grp-13_run01	T0	50	4	17357.369177	17387.369177	0.07148685540543498	0.060277898686559674	84.54309676987413	7.215736547043555	2.8533519346932934	0.2912649355055222
ses-20260318_grp-13_run01	T0	51	4	17372.369177	17402.369177	0.07376996681415927	0.06439889051181291	82.52507413284707	9.139555542693323	2.8465038165115883	0.2619821782300254
ses-20260318_grp-13_run01	T0	52	4	17387.369177	17417.369177	0.07539438258316039	0.06646558927660003	79.78517594079577	6.464225704405301	2.907062216138102	0.2954804635315974
ses-20260318_grp-13_run01	T0	53	4	17402.369177	17432.369177	0.07164736830357138	0.058568709610292743	79.84851727125351	6.468383722077512	2.9277308931898878	0.2861983930571257
ses-20260318_grp-13_run01	T0	54	1	17087.274825	17117.274825					2.5000531227566403	0.0
ses-20260318_grp-13_run01	T0	55	1	17102.274825	17132.274825					2.46238338088445	0.0
ses-20260318_grp-13_run01	T0	56	1	17117.274825	17147.274825					2.4524480609418284	0.0
ses-20260318_grp-13_run01	T0	57	1	17132.274825	17162.274825					2.369409336941813	0.0
ses-20260318_grp-13_run01	T0	58	1	17147.274825	17177.274825					2.305042201215395	0.0
ses-20260318_grp-13_run01	T0	59	1	17162.274825	17192.274825					2.383939792387544	0.0
ses-20260318_grp-13_run01	T0	60	1	17177.274825	17207.274825					2.4650884588804423	0.0
ses-20260318_grp-13_run01	T0	61	1	17192.274825	17222.274825					2.5422018093249825	0.0
ses-20260318_grp-13_run01	T0	62	1	17207.274825	17237.274825					2.6186943247126435	0.0
ses-20260318_grp-13_run01	T0	63	1	17222.274825	17252.274825					2.673840563991324	0.0
ses-20260318_grp-13_run01	T0	64	1	17237.274825	17267.274825					2.6468238880918222	0.0
ses-20260318_grp-13_run01	T0	65	1	17252.274825	17282.274825					2.537648359486448	0.0
ses-20260318_grp-13_run01	T0	66	1	17267.274825	17297.274825					2.5504642857142854	0.0
ses-20260318_grp-13_run01	T0	67	1	17282.274825	17312.274825					2.581428870292888	0.0
ses-20260318_grp-13_run01	T0	68	1	17297.274825	17327.274825					2.618945355191257	0.0
ses-20260318_grp-13_run01	T0	69	1	17312.274825	17342.274825					2.705900891632373	0.0
ses-20260318_grp-13_run01	T0	70	1	17327.274825	17357.274825					2.731432042253521	0.0
ses-20260318_grp-13_run01	T0	71	1	17342.274825	17372.274825					2.6490827439886844	0.0
ses-20260318_grp-13_run01	T0	72	1	17357.274825	17387.274825					2.542192413793104	0.0
ses-20260318_grp-13_run01	T0	73	1	17372.274825	17402.274825					2.513801510989011	0.0
ses-20260318_grp-13_run01	T0	74	1	17387.274825	17417.274825					2.6221299435028245	0.0
ses-20260318_grp-13_run01	T0	75	1	17402.274825	17432.274825					2.662293627805938	0.0
ses-20260318_grp-13_run01	T1	0	4	17437.529644	17467.529644	0.0883502248498498	0.08195669954591334	77.39692713291984	4.086727240686734	2.982803361194576	0.18377158741674401
ses-20260318_grp-13_run01	T1	1	4	17452.529644	17482.529644	0.08721133163265299	0.079775315915231	72.57593523350221	8.855963268662773	3.010392436989954	0.17986472035321333
ses-20260318_grp-13_run01	T1	2	4	17467.529644	17497.529644	0.08623128528974737	0.07907221438441801	67.79987761620913	18.236121276688394	2.923038777792312	0.26637594083783
ses-20260318_grp-13_run01	T1	3	4	17482.529644	17512.529644	0.08523281942476667	0.07843320438803919	74.62890375824108	11.215620367163734	2.9370779877156146	0.28243696649289196
ses-20260318_grp-13_run01	T1	4	4	17497.529644	17527.529644	0.08905884875769123	0.08558568684526982	76.18996234759877	9.774787810000369	2.903238966139063	0.24976728505070928
ses-20260318_grp-13_run01	T1	5	4	17512.529644	17542.529644	0.09299172503782147	0.09231377138765248	78.06750906664927	8.19875751854353	2.9227749215939522	0.25076328447673607
ses-20260318_grp-13_run01	T1	6	4	17527.529644	17557.529644	0.09447829836756785	0.09483163908673953	89.85786927019433	8.176540808871387	2.986993551614525	0.2801703387286022
ses-20260318_grp-13_run01	T1	7	4	17542.529644	17572.529644	0.09439772874493921	0.09452529628128584	72.74012511021104	8.878203101909772	2.9934785828497086	0.30008659999676995
ses-20260318_grp-13_run01	T1	8	4	17557.529644	17587.529644	0.09538854093567246	0.0958439001263523	70.19050407779886	11.41883202391121	2.812302337656222	0.23781234836173581
ses-20260318_grp-13_run01	T1	9	4	17572.529644	17602.529644	0.09808416235207094	0.0995944984813676	92.15476494758448	5.7237189154014345	2.557856983727431	0.16705413780484515
ses-20260318_grp-13_run01	T1	10	4	17587.529644	17617.529644	0.09869287853949325	0.09974630816218892	89.57878457365275	8.10608404057136	2.4846018666852623	0.17668855743408943
ses-20260318_grp-13_run01	T1	11	4	17602.529644	17632.529644	0.10092387994143479	0.1029005921805244	72.47948172788705	13.800492473669681	2.5164197121174134	0.1936530246723401
ses-20260318_grp-13_run01	T1	12	4	17617.529644	17647.529644	0.10638705694716939	0.11164002111629359	65.68807762512863	15.913267163256318	2.5051074018811113	0.1738210992494984
ses-20260318_grp-13_run01	T1	13	4	17632.529644	17662.529644	0.10699044856198506	0.11208372726859545	71.45252857364612	10.214791430316243	2.6650844817287536	0.18304991496873033
ses-20260318_grp-13_run01	T1	14	4	17647.529644	17677.529644	0.1052242613314447	0.10855532758421044	86.80055007821657	5.111214622053552	2.9246277581127837	0.22914130699708288
ses-20260318_grp-13_run01	T1	15	4	17662.529644	17692.529644	0.10732544985775241	0.11186084366876264	89.08399293412337	2.680453846328021	2.937084000424898	0.25754410541853634
ses-20260318_grp-13_run01	T1	16	4	17677.529644	17707.529644	0.10787542450142447	0.11272561319712428	77.49451868205983	4.074876482810687	2.7975337712079056	0.27276045916568675
ses-20260318_grp-13_run01	T1	17	4	17692.529644	17722.529644	0.1069326943625596	0.11103689111936223	81.61584312985138	0.03247308096546675	2.8051498053721593	0.279341896892784
ses-20260318_grp-13_run01	T1	18	4	17707.529644	17737.529644	0.10819998401099887	0.11278146241186	73.47628580314046	0.004498970348997489	2.902237360621336	0.2926679273257823
ses-20260318_grp-13_run01	T1	19	4	17722.529644	17752.529644	0.10994415402049067	0.1151277681479507	70.69235051403989	6.741192147902808	2.9571921490912505	0.28019501064075014
ses-20260318_grp-13_run01	T1	20	4	17737.529644	17767.529644	0.11302509675320012	0.12137257944966157	67.37918229071298	19.14721546917554	2.967086008204869	0.2929416452114488
ses-20260318_grp-13_run01	T1	21	4	17752.529644	17782.529644	0.11146699124169167	0.1229414986027136	74.21208641910302	17.67040200456728	2.948209051948593	0.31743133600073303
ses-20260318_grp-13_run01	T1	22	4	17767.529644	17797.529644	0.1099676837697122	0.12000646059793589	74.23668536856798	17.67282665501666	3.037693180507068	0.2786290658445439
ses-20260318_grp-13_run01	T1	23	4	17782.529644	17812.529644	0.11629675828218367	0.12757203705196418	86.73452767060967	5.0962099135897745	3.040620908236191	0.2700176762202785
ses-20260318_grp-13_run01	T1	24	4	17797.529644	17827.529644	0.12025442251908391	0.13375037282772728	91.7386314033506	0.00897704250316167	2.9844772747779817	0.3090569292510401
ses-20260318_grp-13_run01	T1	25	4	17812.529644	17842.529644	0.12147175955688792	0.13408119079849126	103.8244803562946	9.05698844953671	2.9617937419515696	0.2975427018361026
ses-20260318_grp-13_run01	T1	26	4	17827.529644	17857.529644	0.12436836119957537	0.13780269499005057	88.35652148011746	8.500156460656008	2.9007935489070293	0.2541117932246247
ses-20260318_grp-13_run01	T1	27	4	17842.529644	17872.529644	0.12718789976110248	0.14214916366539093	85.89052497131954	6.1814630489757505	2.9174339720754277	0.26410001295191476
ses-20260318_grp-13_run01	T1	28	4	17857.529644	17887.529644	0.12639741583477607	0.14083085303602885	76.082835238691	1.955590883700296	2.9339905276260594	0.27737975849508856
ses-20260318_grp-13_run01	T1	29	4	17872.529644	17902.529644	0.12542582999999993	0.13890954802139585	85.32497795040277	12.205073496649831	2.8969408142161672	0.28149586307077723
ses-20260318_grp-13_run01	T1	30	4	17887.529644	17917.529644	0.12596216904047972	0.13916275885772075	89.28934161394089	8.135002292726554	2.883749602900029	0.3206377294378286
ses-20260318_grp-13_run01	T1	31	4	17902.529644	17932.529644	0.12683075304878047	0.14027053885518095	90.39001753477527	6.945424740582602	2.8306171649951306	0.32998663187718535
ses-20260318_grp-13_run01	T1	32	4	17917.529644	17947.529644	0.12779766488549613	0.14187114314642013	88.59475035728096	2.6927688159484333	2.8414263967952036	0.3416860479328011
ses-20260318_grp-13_run01	T1	33	4	17932.529644	17962.529644	0.13565339985052313	0.15741155976030083	74.85859157370714	22.653627928861816	2.8808492264350885	0.338793516801677
ses-20260318_grp-13_run01	T1	34	4	17947.529644	17977.529644	0.13865705812220563	0.1629605968890364	74.84792246142507	22.65122442349982	2.909441636954246	0.27289104659112895
ses-20260318_grp-13_run01	T1	35	4	17962.529644	17992.529644	0.13261342310549773	0.15158996163574268	78.03070020366306	19.507675049293386	2.9775794401677786	0.2037751242744382
ses-20260318_grp-13_run01	T1	36	4	17977.529644	18007.529644	0.13140468219076004	0.14929405980362082	73.57075739221595	15.066991211937566	2.9718090138734525	0.21910290687357165
ses-20260318_grp-13_run01	T1	37	4	17992.529644	18022.529644	0.13742092383107082	0.15826716885293646	65.48103694201929	11.381436875300171	2.914174175495555	0.26365808886963904
ses-20260318_grp-13_run01	T1	38	4	18007.529644	18037.529644	0.14171311766917288	0.16527588910217814	52.25218083115894	5.098161658654785	2.788906395293887	0.2585527687272014
ses-20260318_grp-13_run01	T1	39	4	18022.529644	18052.529644	0.1383340514372163	0.1579779560238024	56.765720615134015	9.634092582201202	2.6704537720694614	0.21000659383059458
ses-20260318_grp-13_run01	T1	40	4	18037.529644	18067.529644	0.13790258737040428	0.15517464606434728	90.33928599504014	6.932247485101797	2.6395209288700054	0.19347740214808837
ses-20260318_grp-13_run01	T1	41	4	18052.529644	18082.529644	0.1432482162668665	0.16387723491939277	89.26257317219705	8.083528727269261	2.593398287740237	0.15547315440163112
ses-20260318_grp-13_run01	T1	42	4	18067.529644	18097.529644	0.14777618559323918	0.17224234096907096	87.14280698924414	10.244771224386142	2.5464169545052475	0.15055300119353499
ses-20260318_grp-13_run01	T1	43	4	18082.529644	18112.529644	0.14898550119166873	0.17537842320353358	89.29230409793273	8.10831682604477	2.551114401703063	0.1735736055771011
ses-20260318_grp-13_run01	T1	44	4	18097.529644	18127.529644	0.15004700522079767	0.17614685541630887	89.41067949926858	8.103917215970917	2.5741278158220195	0.1943088193375489
ses-20260318_grp-13_run01	T1	45	4	18112.529644	18142.529644	0.14987244765226815	0.17372903348660643	90.62328809146143	6.942446821485454	2.6064527459980353	0.1866487717753848
ses-20260318_grp-13_run01	T1	46	4	18127.529644	18157.529644	0.14926279368869053	0.17344202179310758	86.37040504245681	5.069592029248128	2.6486367132485555	0.20773133462364435
ses-20260318_grp-13_run01	T1	47	4	18142.529644	18172.529644	0.14974572435774658	0.17479672235912422	82.27627220999787	9.126950059816487	2.7101028355921084	0.24872171432125081
ses-20260318_grp-13_run01	T1	48	4	18157.529644	18187.529644	0.1472219771663038	0.1685509615866802	84.23316834170035	7.223554332460857	2.8254906314935346	0.35896469176161766
ses-20260318_grp-13_run01	T1	49	4	18172.529644	18202.529644	0.14612744078947362	0.16571817881456044	84.28750572336139	7.2562888283911136	2.9076390273004016	0.4200891811033009
ses-20260318_grp-13_run01	T1	50	4	18187.529644	18217.529644	0.1485074477064023	0.1727242927850244	82.90349544244214	5.812102310021345	2.9795200033822726	0.3829810452818782
ses-20260318_grp-13_run01	T1	51	4	18202.529644	18232.529644	0.14878034356427577	0.17738913241560753	83.8172009193652	2.3574420464183348	3.0222959202411452	0.29077546482408484
ses-20260318_grp-13_run01	T2	0	4	18240.725671	18270.725671	0.1484755080882352	0.17625443868721188	83.85434706536509	2.3866245804867887	2.906268469999655	0.21996763602472946
ses-20260318_grp-13_run01	T2	1	4	18255.725671	18285.725671	0.15662049550783666	0.18927069719070672	80.58774367523137	10.901332527235844	2.8836473384252255	0.2019627682600858
ses-20260318_grp-13_run01	T2	2	4	18270.725671	18300.725671	0.1570983887652666	0.1895961585095786	73.21517673582619	8.133254865960005	2.85317314695899	0.2019880254856123
ses-20260318_grp-13_run01	T2	3	4	18285.725671	18315.725671	0.15700095117670101	0.18844923960379087	86.62523682298485	5.1425783718090585	2.823440700616865	0.21109658464645983
ses-20260318_grp-13_run01	T2	4	4	18300.725671	18330.725671	0.15724439557676512	0.18810577092997574	86.64120484703903	5.153566518502608	2.7878065403086176	0.19861332947013585
ses-20260318_grp-13_run01	T2	5	4	18315.725671	18345.725671	0.1597301532499098	0.1921553759873151	83.99216441089914	2.3828283019203056	2.6504489041199015	0.1660476270211679
ses-20260318_grp-13_run01	T2	6	4	18330.725671	18360.725671	0.16043971176845576	0.19311987235778633	84.07348249942035	2.349097989993311	2.5493838843607612	0.18118169202375362
ses-20260318_grp-13_run01	T2	7	4	18345.725671	18375.725671	0.158287017621526	0.18857850101855328	86.76622147049679	5.076886014333766	2.6428240619551984	0.22952137126917607
ses-20260318_grp-13_run01	T2	8	4	18360.725671	18390.725671	0.15701738848055888	0.19007136103097272	84.57336952590605	7.239381430751692	2.758858647734339	0.2844378481063106
ses-20260318_grp-13_run01	T2	9	4	18375.725671	18405.725671	0.15902816294144118	0.1971473167132388	77.33588208256528	0.002840895875181104	2.8609488336044206	0.3407802859436961
ses-20260318_grp-13_run01	T2	10	4	18390.725671	18420.725671	0.15821720630775837	0.19342742214130024	77.35956850168603	0.019898472187982463	2.9513175387191373	0.3394558901432922
ses-20260318_grp-13_run01	T2	11	4	18405.725671	18435.725671	0.15721028757440478	0.19015006259401993	66.14909685725327	7.373106847892	2.9704773602281147	0.32868691313767917
ses-20260318_grp-13_run01	T2	12	4	18420.725671	18450.725671	0.15754567423596486	0.18940060838169634	51.71729216701418	7.136529654454609	2.9491088750924788	0.28906672229360686
ses-20260318_grp-13_run01	T2	13	4	18435.725671	18465.725671	0.16097903361344534	0.1949578049281953	71.4726707059697	10.232683442932483	2.9084879302620132	0.213132965170474
ses-20260318_grp-13_run01	T2	14	4	18450.725671	18480.725671	0.16961764275668068	0.21095397111816666	72.77635055795517	8.890969446007194	2.92648747741982	0.27760651763499894
ses-20260318_grp-13_run01	T2	15	4	18465.725671	18495.725671	0.1774254956709892	0.22496717242988606	86.77571819101546	5.094389722410909	2.91992579672889	0.3251187073756227
ses-20260318_grp-13_run01	T2	16	4	18480.725671	18510.725671	0.18144259324499415	0.2314846354615101	86.71803781815612	5.094713138501625	2.939814631570969	0.3109150776412167
ses-20260318_grp-13_run01	T2	17	4	18495.725671	18525.725671	0.18707064729706246	0.24053404936507694	71.55778327708778	1.7112361445540927	3.013548396975139	0.30505058104597793
ses-20260318_grp-13_run01	T2	18	4	18510.725671	18540.725671	0.19262634077985905	0.24887048873992784	67.13256320326182	6.098897031196202	3.037188970189721	0.30117264234737656
ses-20260318_grp-13_run01	T2	19	4	18525.725671	18555.725671	0.19186345101409322	0.2462721945352419	66.31202923596763	17.454680479102933	3.023792931814461	0.33799278938815397
ses-20260318_grp-13_run01	T2	20	4	18540.725671	18570.725671	0.19649811319962476	0.253063076753886	88.99058188182397	2.7390724831049553	3.02055355806369	0.32325762959093873
ses-20260318_grp-13_run01	T2	21	4	18555.725671	18585.725671	0.20087868646073456	0.2589145534951565	79.38553549394624	2.094135321510649	2.983460357648391	0.22101590778605257
ses-20260318_grp-13_run01	T2	22	4	18570.725671	18600.725671	0.19664309904270982	0.2511261983298575	63.7013544066839	6.182777702270094	2.94959655395356	0.1781121760783726
ses-20260318_grp-13_run01	T2	23	4	18585.725671	18615.725671	0.2001047462022816	0.25827657993523073	57.944655706935265	7.311658860043249	3.0394325921379575	0.23243611227470884
ses-20260318_grp-13_run01	T2	24	4	18600.725671	18630.725671	0.20728578524229074	0.27388254238645476	55.91077961467299	5.282738769441156	3.1028330735016785	0.2953277187239895
ses-20260318_grp-13_run01	T2	25	4	18615.725671	18645.725671	0.19998528069526622	0.26108468986449546	63.864504012170556	1.3766435763002427	3.094620038584302	0.2847454199685864
ses-20260318_grp-13_run01	T2	26	4	18630.725671	18660.725671	0.1924760830671186	0.24448885580814597	69.12483469914375	0.8174629094585484	3.0758309404245736	0.25767753293133033
ses-20260318_grp-13_run01	T2	27	4	18645.725671	18675.725671	0.19933019098024837	0.2495251249034465	67.91514995390794	11.482696775417509	3.055849860902941	0.24869504567055803
ses-20260318_grp-13_run01	T2	28	4	18660.725671	18690.725671	0.207941616885643	0.25797347131939996	72.83814748700945	6.29333177064634	3.0464482190777296	0.27397648384412454
ses-20260318_grp-13_run01	T2	29	4	18675.725671	18705.725671	0.21676323383718457	0.27251333409555084	70.13035450471695	15.924524125234722	3.043310282295608	0.3006961144655018
ses-20260318_grp-13_run01	T2	30	4	18690.725671	18720.725671	0.2171813488461538	0.2732442284508455	86.56717165334953	5.097458022190857	3.081412463401997	0.3344864155860869
ses-20260318_grp-13_run01	T2	31	4	18705.725671	18735.725671	0.2116854165796282	0.2635119558412082	66.87777761807872	10.428759549864917	3.0924427197064697	0.36119471457338687
ses-20260318_grp-13_run01	T2	32	4	18720.725671	18750.725671	0.21899810274848922	0.2761466031545143	61.23368151193743	2.5439302063073796	3.0488989710514156	0.2768130002074967
ses-20260318_grp-13_run01	T2	33	4	18735.725671	18765.725671	0.23787698029577073	0.30948950181576496	86.63669304770434	5.131122147089563	3.028764980171294	0.23878875213538178
ses-20260318_grp-13_run01	T2	34	4	18750.725671	18780.725671	0.2434608373973499	0.32112918534868057	89.74431191709527	8.186891413679312	3.017122122690557	0.2689548308029081
ses-20260318_grp-13_run01	T2	35	4	18765.725671	18795.725671	0.24350725768667633	0.3203810795403524	89.68753909953772	8.184957504184169	3.0023957477804624	0.2766839192681991
ses-20260318_grp-13_run01	T2	36	4	18780.725671	18810.725671	0.22859193812949632	0.29351504268294193	71.8893329992556	26.033479346548496	3.0083903454974137	0.2545537504173548
ses-20260318_grp-13_run01	T2	37	4	18795.725671	18825.725671	0.22685903018374248	0.2920687652823375	57.96169031540424	12.047445878688563	3.0622627398816076	0.22861127613573998
ses-20260318_grp-13_run01	T2	38	4	18810.725671	18840.725671	0.24384733456587035	0.3227067116118403	70.22217311610936	11.423143298878934	3.1212743448113818	0.24602067736337682
ses-20260318_grp-13_run01	T2	39	4	18825.725671	18855.725671	0.2521752041316526	0.3369711236374738	75.4691394754966	1.9397277087241562	3.1710037549340386	0.3219647917715347
ses-20260318_grp-13_run01	T2	40	4	18840.725671	18870.725671	0.2763981128691983	0.37785212621167785	69.3063689660542	8.058880112331881	3.1607420110881987	0.39913545090545455
ses-20260318_grp-13_run01	T2	41	4	18855.725671	18885.725671	0.37252114018828575	0.544413207008452	63.54352692614498	13.751656941130392	3.111067412199205	0.3509942833526861
ses-20260318_grp-13_run01	T2	42	4	18870.725671	18900.725671	0.6135963194800061	0.9627143432832209	87.51735125207131	10.28455099582046	3.090341616839056	0.2925103834416627
ses-20260318_grp-13_run01	T2	43	4	18885.725671	18915.725671	0.8218861406761696	1.3235261119460686	65.28645162064592	1.4276561915532608	3.0159387666389077	0.2892876065266047
ses-20260318_grp-13_run01	T2	44	4	18900.725671	18930.725671	0.9728838195621468	1.5841157743192038	75.80665303004443	5.838663384943857	3.001150051668017	0.30452255559195407
ses-20260318_grp-13_run01	T2	45	4	18915.725671	18945.725671	1.1653062134056156	1.9173476322605554	92.1539104438792	5.782088383626146	2.9953761714893927	0.25705787167280125
ses-20260318_grp-13_run01	T2	46	4	18930.725671	18960.725671	1.2160374306248989	2.005059496243006	89.75708468862689	8.159734973675164	2.7539294225661535	0.17215115817741428
ses-20260318_grp-13_run01	T2	47	4	18945.725671	18975.725671	1.264435009225877	2.0876488519108682	86.64085690955717	5.085431841845704	2.579694041349705	0.1914184919725391
ses-20260318_grp-13_run01	T2	48	4	18960.725671	18990.725671	1.39278158023247	2.3090582932327597	83.89913524598929	2.3766207649742483	2.5837144956629605	0.21485852472744713
ses-20260318_grp-13_run01	T2	49	4	18975.725671	19005.725671	1.5270782434782608	2.541042972127678	86.56617717948632	5.080530873486829	2.5948880654575093	0.2164547679516671
ses-20260318_grp-13_run01	T2	50	4	18990.725671	19020.725671	1.6581691870451234	2.7689722307746054	79.119051807403	12.492953032904374	2.7429281839383295	0.3341401985451195
ses-20260318_grp-13_run01	T2	51	4	19005.725671	19035.725671	1.7028230198699421	2.8475534872694137	85.47286031468371	6.189528773711238	2.9142294785545997	0.47837871041261865
ses-20260318_grp-13_run01	T2	52	4	19020.725671	19050.725671	1.7023802387376348	2.8480672456972247	88.43474155586819	9.183376366275247	3.0015016877995597	0.5830202877517633
ses-20260318_grp-13_run01	T2	53	4	19035.725671	19065.725671	1.6507749214009575	2.7585923404257886	92.76047195184373	29.12831671467013	2.965230406917957	0.0010311368449649194
ses-20260318_grp-13_run01	T2	54	4	19050.725671	19080.725671	1.7360185188631636	2.904335335376325	87.26548501702345	10.281215467093304	3.1976149214644427	0.1683395895287334
ses-20260318_grp-13_run01	T2	55	4	19065.725671	19095.725671	1.4965615266513093	2.4892539087331516	87.33500490212404	10.2831130200194	3.185734610691431	0.003770298144474049
ses-20260318_grp-13_run01	T2	56	4	19080.725671	19110.725671	0.9423515636608625	1.5297587285937062	86.28777957617311	5.082036707927905	3.082837491214189	0.16538365598691662
ses-20260318_grp-13_run01	T2	57	4	19095.725671	19125.725671	0.6980303221138785	1.1068204700268152	85.82277641043848	2.1001327832949457	2.995611066748636	0.2587825354766766
ses-20260318_grp-13_run01	T2	58	4	19110.725671	19140.725671	0.9120095407930832	1.478756274986884	70.87530544661584	2.368312596056178	3.2754386891299823	0.38526614396758235
ses-20260318_grp-13_run01	T2	59	4	19125.725671	19155.725671	1.3908046571831396	2.3114398840511203	62.593823515547186	7.771766773832677	3.121174299135171	0.2547636652977389
ses-20260318_grp-13_run01	T3	0	4	19158.609603	19188.609603	1.6428123314220182	2.7488049931112144	68.2726127322503	6.026008284152397	2.9590895962321975	0.18100175298732754
ses-20260318_grp-13_run01	T3	1	4	19173.609603	19203.609603	1.7055059365284972	2.8538434354437636	68.52578981702516	0.8664096893229214	2.972197582608286	0.22294148147680262
ses-20260318_grp-13_run01	T3	2	4	19188.609603	19218.609603	1.7216762411311342	2.876408741504489	73.67167190592903	6.820942898676968	2.9929512067241686	0.2555029442384252
ses-20260318_grp-13_run01	T3	3	4	19203.609603	19233.609603	1.5442265112903222	2.56882043370218	73.81331705276921	6.014255392780996	2.93385324005922	0.24418006081571406
ses-20260318_grp-13_run01	T3	4	4	19218.609603	19248.609603	1.4435786443010967	2.3942759035317387	68.83656053391974	0.060060087506890625	2.757871101810495	0.173603292637484
ses-20260318_grp-13_run01	T3	5	4	19233.609603	19263.609603	1.5860738207070704	2.6389190733300274	71.04781405416563	2.7496561672745727	2.6441599334821193	0.1483222998796631
ses-20260318_grp-13_run01	T3	6	4	19248.609603	19278.609603	1.6303113222470407	2.713570114952111	76.11921179114063	3.0026933055013316	2.6389095800664353	0.16530763594080408
ses-20260318_grp-13_run01	T3	7	4	19263.609603	19293.609603	1.5418910553882357	2.5606706746109595	67.64025826655245	13.614312305279263	2.647024304336273	0.19948022070719054
ses-20260318_grp-13_run01	T3	8	4	19278.609603	19308.609603	1.5127780125	2.5105339925893446	63.485229853653564	6.313296699297421	2.6422730791622233	0.20460233508924
ses-20260318_grp-13_run01	T3	9	4	19293.609603	19323.609603	1.4000303184513274	2.3148578450430852	68.99067528056682	2.9034103515670893	2.725881401932517	0.16400026433291232
ses-20260318_grp-13_run01	T3	10	4	19308.609603	19338.609603	1.2194114981111424	2.002023951427906	67.52368614009208	0.3236753888299049	2.8229244005484997	0.04429900804331647
ses-20260318_grp-13_run01	T3	11	4	19323.609603	19353.609603	2.18016082165109	3.6648086740858266	73.95522767780585	3.5140073546108184	2.7904593775671134	0.01676760444062952
ses-20260318_grp-13_run01	T3	12	4	19338.609603	19368.609603	2.5527764630933194	4.309644092505389	74.51426167126557	3.8599438073342753	2.8363822980200055	0.08812046908960211
ses-20260318_grp-13_run01	T3	13	4	19353.609603	19383.609603	1.5174269814097494	2.5172471513502273	68.03553595888278	6.4756705288759	2.874599784649604	0.048737320253390004
ses-20260318_grp-13_run01	T3	14	4	19368.609603	19398.609603	1.2472421167434251	2.048079933508436	70.70488112417667	3.5856443588965092	2.8610148347199833	0.043183952406571025
ses-20260318_grp-13_run01	T3	15	4	19383.609603	19413.609603	1.1003269766035595	1.7906579730390972	73.29263254921193	13.456822013180368	2.9031720766479645	0.03639783843124279
ses-20260318_grp-13_run01	T3	16	4	19398.609603	19428.609603	1.0546911299531967	1.711058444992673	77.11661041413792	3.5087196475044777	2.959575155376485	0.20448825580273686
ses-20260318_grp-13_run01	T3	17	4	19413.609603	19443.609603	1.095219888937462	1.7813115064157896	73.42239965025772	0.2777145846492317	3.026807903676843	0.24315431564475817
ses-20260318_grp-13_run01	T3	18	4	19428.609603	19458.609603	1.1287289216603156	1.839890055085618	77.19888629510672	2.204792077183008	2.9900563308344132	0.23754215212738222
ses-20260318_grp-13_run01	T3	19	4	19443.609603	19473.609603	1.131805636701792	1.8460906510493145	82.91856541892878	12.474202376602214	2.9842276968850086	0.22252890652183463
ses-20260318_grp-13_run01	T3	20	4	19458.609603	19488.609603	1.0910901022227062	1.773664364738198	70.12238398229424	1.9439747204809805	3.0152097424744966	0.23406998691374373
ses-20260318_grp-13_run01	T3	21	4	19473.609603	19503.609603	1.0315171482559178	1.668760473572594	73.18413855266586	3.7719900401250754	3.015977371561339	0.2562302721751694
ses-20260318_grp-13_run01	T3	22	4	19488.609603	19518.609603	1.0210796355651424	1.6518698343343028	74.89520690875113	3.1582948622020552	2.976366891786928	0.1743621727993066
ses-20260318_grp-13_run01	T3	23	4	19503.609603	19533.609603	0.974890628843048	1.5699229930901681	85.40369947884471	11.433594498035305	2.942745160730131	0.1789291048980966
ses-20260318_grp-13_run01	T3	24	4	19518.609603	19548.609603	0.9550792698132045	1.5333857462277944	91.91352009483109	13.053520253461024	2.9536836237426334	0.24808437868115082
ses-20260318_grp-13_run01	T3	25	4	19533.609603	19563.609603	0.9345339414405728	1.497846471875876	87.75841497666283	5.871913760505799	2.9551902801766166	0.2603892893699848
ses-20260318_grp-13_run01	T3	26	4	19548.609603	19578.609603	0.9196728822324189	1.477710743724604	79.68897702482927	21.89987258281093	2.936339526081449	0.2428648135517801
ses-20260318_grp-13_run01	T3	27	4	19563.609603	19593.609603	0.8687163691897233	1.3931602195903443	78.31453611804119	20.92934952954587	2.876601385305759	0.207965083811403
ses-20260318_grp-13_run01	T3	28	4	19578.609603	19608.609603	0.6150076058365654	0.9526951401328115	73.10459459956577	1.3860754434001734	2.849979980395314	0.19505721952976707
ses-20260318_grp-13_run01	T3	29	4	19593.609603	19623.609603	0.5814636813270588	0.8937264936396991	70.75162774170369	7.211051526015218	2.885293255843991	0.14076846223451847
ses-20260318_grp-13_run01	T3	30	4	19608.609603	19638.609603	0.7051031966669709	1.1067371679532823	65.56108188565358	3.2903161417227444	2.9806460102458723	0.12875049413014522
ses-20260318_grp-13_run01	T3	31	4	19623.609603	19653.609603	0.70853482948605	1.1126014666147228	68.70960929997513	5.130182965889613	3.02223477921583	0.2169908392501474
ses-20260318_grp-13_run01	T3	32	4	19638.609603	19668.609603	0.7563472481939796	1.1942012527933241	73.56698309376722	6.470901503402715	3.0368604858488912	0.2927702809103403
ses-20260318_grp-13_run01	T3	33	4	19653.609603	19683.609603	0.7872772930288802	1.247990752571081	78.71445395335407	15.55802178500781	3.0523621151147378	0.2977107247494401
ses-20260318_grp-13_run01	T3	34	4	19668.609603	19698.609603	0.7117394623297912	1.1177625914672853	54.371402629417716	3.4154476837265797	3.0541685860584287	0.25449401083443673
ses-20260318_grp-13_run01	T3	35	4	19683.609603	19713.609603	0.7001602829929194	1.0954443880555418	54.41542627560997	3.5748622863192736	3.0478146918568925	0.2368630126950781
ses-20260318_grp-13_run01	T3	36	4	19698.609603	19728.609603	0.8359624128151258	1.3287752933460275	62.43727452374374	5.124662883033654	3.0676869580213046	0.2668292451982688
ses-20260318_grp-13_run01	T3	37	4	19713.609603	19743.609603	0.8991591305821738	1.4403040563187919	62.60182096725987	6.49466190362789	3.0355645117852212	0.30016939394536507
ses-20260318_grp-13_run01	T3	38	4	19728.609603	19758.609603	0.8360526761100162	1.3297158029276257	71.51607353435621	4.400140270537506	2.9913101754317384	0.28055312543515687
ses-20260318_grp-13_run01	T3	39	4	19743.609603	19773.609603	0.7411296286698779	1.160802881824285	74.7485719402887	3.77620917070287	2.970474864756157	0.24541230210668974
ses-20260318_grp-13_run01	T3	40	4	19758.609603	19788.609603	0.7172796236462095	1.117751320694455	67.22249397497245	7.811318137889327	2.9660990115193258	0.3732265052944388
ses-20260318_grp-13_run01	T3	41	4	19773.609603	19803.609603	0.7096809907563706	1.1035383968489756	73.44151664758071	1.0480436415767542	2.8239711548067077	0.29805602208551213
ses-20260318_grp-13_run01	T3	42	4	19788.609603	19818.609603	0.7202649385180446	1.121878209488434	72.36512751401008	0.6387635939330565	2.867948444753488	0.2212889347388566
ses-20260318_grp-13_run01	T3	43	4	19803.609603	19833.609603	0.6934964340225563	1.0768496893738877	72.06257353856635	1.2473128486785043	2.86776906632181	0.38250693148338166
ses-20260318_grp-13_run01	T3	44	4	19818.609603	19848.609603	0.5715896825284091	0.8677928489988919	78.83211020579927	6.539469594318341	2.511907035222532	0.21979945741468354
ses-20260318_grp-13_run01	T3	45	4	19833.609603	19863.609603	0.6955946028984887	1.0828789650830466	82.21817505278378	8.59240014160546	2.5939260890523723	0.180249950314123
ses-20260318_grp-13_run01	T3	46	4	19848.609603	19878.609603	1.6123967278491647	2.6705978706216404	84.88654181136687	5.200504797965188	2.6156759048291303	0.17168820415906896
ses-20260318_grp-13_run01	T3	47	4	19863.609603	19893.609603	1.5319269067839099	2.5324222410924153	81.0973580210235	9.902732977790613	2.706238302373167	0.23858756513921925
ses-20260318_grp-13_run01	T3	48	4	19878.609603	19908.609603	0.7863832999177631	1.2408563206819585	71.76634848975527	3.6195329908212344	2.9130350812907704	0.2524032788455403
ses-20260318_grp-13_run01	T3	49	4	19893.609603	19923.609603	0.6711634980717135	1.0409246499809754	72.9101598733945	0.2531662755827142	3.1027576398270944	0.16093361746979332
ses-20260318_grp-13_run01	T3	50	4	19908.609603	19938.609603	0.6537396500032387	1.0097568237295682	73.19459959744088	2.9185552942186135	3.176420494665961	0.18822533025241747
ses-20260318_grp-13_run01	T3	51	4	19923.609603	19953.609603	0.6780678436116201	1.04777270632952	72.45939367742804	5.510276121247543	3.1538510418139665	0.15664985631143014
ses-20260318_grp-13_run01	T3	52	4	19938.609603	19968.609603	1.20531990119138	1.9607360236919569	73.79648064023237	2.2213506111425474	3.1283989313923772	0.13227770708261619
ses-20260318_grp-13_run01	T3	53	4	19953.609603	19983.609603	2.183071495531371	3.6571543708834238	76.26075014455819	3.6114543288008036	3.1029644927740176	0.2060883809051112
ses-20260318_grp-13_run01	T3	54	4	19968.609603	19998.609603	1.6353958728666975	2.7118169983189557	90.0625526287347	11.26552065309275	3.0306796615386578	0.2275829314823757
ses-20260318_grp-13_run01	T4	0	4	20000.555876	20030.555876	0.5853194994488709	0.8954999569749659	68.46701034641748	9.704403930596776	2.8649102207645125	0.12443704277923172
ses-20260318_grp-13_run01	T4	1	4	20015.555876	20045.555876	0.5382034984826755	0.815643207854573	70.10412838185869	9.455429903524184	2.9206276233117947	0.1708499768559367
ses-20260318_grp-13_run01	T4	2	4	20030.555876	20060.555876	0.46505289102564096	0.689114163625324	64.29213631184746	11.293986830582764	2.9470161147129925	0.22229349916644817
ses-20260318_grp-13_run01	T4	3	4	20045.555876	20075.555876	0.4225097854330709	0.6131441857307042	72.36517115313043	7.357500248145605	2.994807759132774	0.248462500514111
ses-20260318_grp-13_run01	T4	4	4	20060.555876	20090.555876	0.5089409853047626	0.7603448606944919	66.71137502977432	4.529087654380032	2.9088185365349832	0.22642980570796975
ses-20260318_grp-13_run01	T4	5	4	20075.555876	20105.555876	0.5657403525862068	0.8571479630662809	68.84407061575713	5.63088097396529	2.88119163662941	0.24004472568515414
ses-20260318_grp-13_run01	T4	6	4	20090.555876	20120.555876	0.5615595967716029	0.8438378859318948	65.67872952903879	2.196070876014687	2.9922573198288767	0.2913905139086975
ses-20260318_grp-13_run01	T4	7	4	20105.555876	20135.555876	0.544962871384029	0.8106811013786277	60.94774124811644	4.544611154772589	3.0426189544704325	0.26394912374509694
ses-20260318_grp-13_run01	T4	8	4	20120.555876	20150.555876	0.6363396412804151	0.9703942969041653	66.71660459426697	8.109261583569964	3.101480940946515	0.2184693933497875
ses-20260318_grp-13_run01	T4	9	4	20135.555876	20165.555876	0.6357201608539764	0.9715559305863621	64.6057947196838	6.234130660262107	3.1366789947847313	0.1977114967557871
ses-20260318_grp-13_run01	T4	10	4	20150.555876	20180.555876	0.5250872081623347	0.7818030277451167	73.67536338168367	14.299757255507142	3.010426172610692	0.3584577405839896
ses-20260318_grp-13_run01	T4	11	4	20165.555876	20195.555876	0.5198157340740962	0.7743472138586455	66.84096914644502	8.836342794560068	2.991646057655877	0.3097175404868632
ses-20260318_grp-13_run01	T4	12	4	20180.555876	20210.555876	0.5219732915194347	0.7796390229740389	66.65008175511025	2.477328704995024	2.9483824037433575	0.19827443022351238
ses-20260318_grp-13_run01	T4	13	4	20195.555876	20225.555876	0.5002737757360871	0.7446277884854633	70.07187592615401	3.9873405880597304	2.9444950998975328	0.22814066362718735
ses-20260318_grp-13_run01	T4	14	4	20210.555876	20240.555876	0.48779685936302686	0.7255385269038078	59.247964631204795	4.596187536220832	2.8257387862390493	0.21710196969850304
ses-20260318_grp-13_run01	T4	15	4	20225.555876	20255.555876	0.4959080106299213	0.7394535035687849	61.99076220377526	1.880881340659517	2.6150148119234142	0.14877518749765337
ses-20260318_grp-13_run01	T4	16	4	20240.555876	20270.555876	0.49310690830383325	0.7332289758509174	68.3992143233416	0.7905333685622864	2.546224519255694	0.18544062281832094
ses-20260318_grp-13_run01	T4	17	4	20255.555876	20285.555876	0.49109429877522665	0.7284875183157147	76.9277707014023	4.258633283300412	2.579259385746212	0.1861281249175693
ses-20260319_grp-14_run01	T0	0	4	84886.906133	84916.906133	0.10656654845307015	0.0877002353182808	65.33341585668398	19.04377626418649	3.7441110877903943	0.47514967336016617
ses-20260319_grp-14_run01	T0	1	4	84901.906133	84931.906133	0.10620464245450639	0.08654944958732028	68.2316750109049	18.53139320405304	3.745916115830132	0.49099710775734123
ses-20260319_grp-14_run01	T0	2	4	84916.906133	84946.906133	0.09533150599863974	0.06981165909567534	68.80183246106711	20.334893001614372	3.6209195937913408	0.4402500093294202
ses-20260319_grp-14_run01	T0	3	4	84931.906133	84961.906133	0.0888272396408839	0.060605811349558246	72.99872834219661	22.22411124733148	3.4408240896855937	0.3716892311919015
ses-20260319_grp-14_run01	T0	4	4	84946.906133	84976.906133	0.09810602417940947	0.07459259243866789	81.78264948076358	16.4377372960283	3.357882900051934	0.31536090265707567
ses-20260319_grp-14_run01	T0	5	4	84961.906133	84991.906133	0.10778918227551552	0.09028108272926227	72.60025041665887	13.970256927883336	3.3579674883673394	0.3371366413925621
ses-20260319_grp-14_run01	T0	6	4	84976.906133	85006.906133	0.11097646643601111	0.0974439101308698	64.9283683227957	19.248379384100677	3.394353172352485	0.3915271729059224
ses-20260319_grp-14_run01	T0	7	4	84991.906133	85021.906133	0.11538696527777773	0.10821283327189603	64.56710211142389	20.91357217971665	3.53533816845494	0.4462354963612202
ses-20260319_grp-14_run01	T0	8	4	85006.906133	85036.906133	0.12140526147422558	0.11209188504898665	65.41068616335167	19.91895361693256	3.6338977064713447	0.44484748468135055
ses-20260319_grp-14_run01	T0	9	4	85021.906133	85051.906133	0.12536874293840797	0.10996122829758632	62.74800983731761	8.117648518902204	3.6015595241079916	0.41690463054308896
ses-20260319_grp-14_run01	T0	10	4	85036.906133	85066.906133	0.13209980654520057	0.1170821702039605	70.15561786899161	21.766381647579376	3.5471750775530504	0.41930289860027303
ses-20260319_grp-14_run01	T0	11	4	85051.906133	85081.906133	0.13698307834261833	0.12164767993007049	75.79956448596612	22.29137654668351	3.558916039359182	0.37444481538880275
ses-20260319_grp-14_run01	T0	12	4	85066.906133	85096.906133	0.1430760345188284	0.12868953496292185	69.5556795297199	12.909580204138773	3.599676768546216	0.30912913514751605
ses-20260319_grp-14_run01	T0	13	4	85081.906133	85111.906133	0.15271866066517065	0.14088077328536705	77.64936276470064	18.236988264934368	3.6080252492667886	0.31332164097535314
ses-20260319_grp-14_run01	T0	14	4	85096.906133	85126.906133	0.16268117040722316	0.15385900801868033	79.07111159787205	12.317688737176185	3.589094417054259	0.2942165145624428
ses-20260319_grp-14_run01	T0	15	4	85111.906133	85141.906133	0.17998861382993736	0.17195253297324667	82.44174574278962	18.521254994958138	3.5469671164159355	0.23969631616048107
ses-20260319_grp-14_run01	T0	16	4	85126.906133	85156.906133	0.1936336063677963	0.18543110337948512	80.15084557760434	14.672174348645001	3.4846620214938087	0.2376935257892721
ses-20260319_grp-14_run01	T0	17	4	85141.906133	85171.906133	0.21337658562343398	0.19153466911434117	75.8138784919658	17.183315493053954	3.4626070892232086	0.25225100162772496
ses-20260319_grp-14_run01	T0	18	4	85156.906133	85186.906133	0.23607195161290323	0.2020502635785562	85.78903395722767	11.700053845125417	3.487841967617571	0.27871464998973905
ses-20260319_grp-14_run01	T0	19	4	85171.906133	85201.906133	0.2519412756047873	0.21107918082338642	85.47713136575251	8.258751556621084	3.508426768444834	0.3980427405098627
ses-20260319_grp-14_run01	T0	20	4	85186.906133	85216.906133	0.2877469217644051	0.24524802753774805	73.54701244445017	16.452355331787356	3.4709972556256754	0.4263507095729427
ses-20260319_grp-14_run01	T0	21	4	85201.906133	85231.906133	0.30446866762508595	0.26053151549770637	73.20182369892575	18.021015220762408	3.5062126325757808	0.42539700646279693
ses-20260319_grp-14_run01	T0	22	4	85216.906133	85246.906133	0.32384475730220574	0.2767779623109943	73.43721668859305	16.267790928605365	3.62489875281029	0.5182879749632519
ses-20260319_grp-14_run01	T0	23	4	85231.906133	85261.906133	0.3819816617132136	0.33051920758477554	73.24880995318586	16.606908389549538	3.5966482764330623	0.5716449143197283
ses-20260319_grp-14_run01	T0	24	4	85246.906133	85276.906133	0.4292254202829156	0.374919949325774	70.10097527447931	16.246403317151593	3.5202375014095706	0.48812456474620897
ses-20260319_grp-14_run01	T0	25	4	85261.906133	85291.906133	0.4373102607128242	0.38344754992144503	72.99055882346823	15.004159383552285	3.4837349799091486	0.3977126820759777
ses-20260319_grp-14_run01	T0	26	4	85276.906133	85306.906133	0.4272167020027624	0.3728656285258316	70.65910765352271	10.847893937176686	3.4862739844296353	0.35209999849650436
ses-20260319_grp-14_run01	T0	27	4	85291.906133	85321.906133	0.40491560991855585	0.3505192211080795	69.20390826344206	13.11923171425166	3.4205905374471604	0.4027326948326128
ses-20260319_grp-14_run01	T0	28	4	85306.906133	85336.906133	0.3631186449724518	0.3134410829931317	66.76131619238235	16.00436885362352	3.2097139181589123	0.28803885173743404
ses-20260319_grp-14_run01	T0	29	4	85321.906133	85351.906133	0.33041703379310344	0.28575676269417766	62.77001689563934	17.03241541024487	3.0720084568147925	0.22675206253923005
ses-20260319_grp-14_run01	T1	0	4	85358.621527	85388.621527	0.40814748753462604	0.3597763058167951	61.22717400823083	17.91881892503902	3.3650798080823434	0.3919089694431276
ses-20260319_grp-14_run01	T1	1	4	85373.621527	85403.621527	0.4062291958620689	0.35183789456158937	64.90219494318322	17.613821800273946	3.3484217082741607	0.3690673905301142
ses-20260319_grp-14_run01	T1	2	4	85388.621527	85418.621527	0.3398371091597796	0.29826915532452164	81.96191185823027	22.045198846861364	3.3186727266378515	0.3299518446153474
ses-20260319_grp-14_run01	T1	3	4	85403.621527	85433.621527	0.3261759342286501	0.2833559504296364	71.78854345214296	16.00857534263758	3.334124403911522	0.33239382956951874
ses-20260319_grp-14_run01	T1	4	4	85418.621527	85448.621527	0.30664630213232413	0.27704848593504855	73.33612975262031	16.506405474469155	3.378202467325852	0.33010339970479646
ses-20260319_grp-14_run01	T1	5	4	85433.621527	85463.621527	0.28268109062933405	0.2635770969854124	71.82689277035624	12.784595107121783	3.367007759420431	0.32565453191934807
ses-20260319_grp-14_run01	T1	6	4	85448.621527	85478.621527	0.255108502091827	0.2235080258738257	66.49154302843476	15.093399537864707	3.1666107849211986	0.25557220308957074
ses-20260319_grp-14_run01	T1	7	4	85463.621527	85493.621527	0.20829049563297766	0.15757128687514704	59.00786000408869	16.113861045189584	2.9779997416975785	0.21176038644096398
ses-20260319_grp-14_run01	T1	8	4	85478.621527	85508.621527	0.1840712227019432	0.1346006867693027	57.97468849949304	16.673819350341006	2.963255696496458	0.24674694154639948
ses-20260319_grp-14_run01	T1	9	4	85493.621527	85523.621527	0.19036655193424806	0.13812433448664033	67.58651520497588	19.625583663316103	2.9618283485807115	0.2453164852975621
ses-20260319_grp-14_run01	T1	10	4	85508.621527	85538.621527	0.17791887827856973	0.12631626681681038	69.65374050460247	15.79699795331417	3.0184736089466875	0.2775213144881721
ses-20260319_grp-14_run01	T1	11	4	85523.621527	85553.621527	0.18371494251742315	0.13001726507829217	75.6235096177622	16.63832207635923	3.091147295905584	0.2621042045435173
ses-20260319_grp-14_run01	T1	12	4	85538.621527	85568.621527	0.19422730893921747	0.14394528051299904	73.85611831846101	24.573579110565746	3.1256060852004772	0.21593247137689808
ses-20260319_grp-14_run01	T1	13	4	85553.621527	85583.621527	0.20583273904844995	0.16048769568100874	87.3924408497457	12.92707085242549	3.1635148962205957	0.24040896736856207
ses-20260319_grp-14_run01	T1	14	4	85568.621527	85598.621527	0.21032399514926067	0.16905652400117735	78.06275071725464	5.856060618289655	3.2501466397081082	0.36069340020129137
ses-20260319_grp-14_run01	T1	15	4	85583.621527	85613.621527	0.18603177206155921	0.14448066725937295	70.36285541989342	2.3809436669786144	3.352556643050832	0.4841462185977192
ses-20260319_grp-14_run01	T1	16	4	85598.621527	85628.621527	0.19435213681812197	0.1533049818359657	72.7363717286631	15.693455694206394	3.2895046634749794	0.47642112310770257
ses-20260319_grp-14_run01	T1	17	4	85613.621527	85643.621527	0.22226093461199709	0.1815986271791581	65.402822471083	19.548018091266876	3.20713456025138	0.3347213552545559
ses-20260319_grp-14_run01	T1	18	4	85628.621527	85658.621527	0.22378659346592086	0.1856969125239964	63.05436683897535	17.310865352799652	3.204676684421532	0.2747339985741099
ses-20260319_grp-14_run01	T1	19	4	85643.621527	85673.621527	0.22097411365488742	0.1844767153373573	71.52155926353315	20.912075552096354	3.2393826088882145	0.2965812216450258
ses-20260319_grp-14_run01	T1	20	4	85658.621527	85688.621527	0.22377803484797523	0.18329222657359337	73.4432282811295	19.495636589297426	3.174876587252038	0.27590110082935937
ses-20260319_grp-14_run01	T1	21	4	85673.621527	85703.621527	0.24608118216253444	0.19397001987954796	74.8681058805042	13.678293188458548	3.102701332268552	0.3055299786963838
ses-20260319_grp-14_run01	T1	22	4	85688.621527	85718.621527	0.31438382926081154	0.2673426970098518	81.50280951550086	15.961705277612683	3.1475405976137623	0.2872024900039844
ses-20260319_grp-14_run01	T1	23	4	85703.621527	85733.621527	0.3834445104187644	0.39286710857250107	75.04776838018348	14.070349039329757	3.139540347117985	0.22524851725132783
ses-20260319_grp-14_run01	T1	24	4	85718.621527	85748.621527	0.40936336293692027	0.48942480294140056	63.166819417079424	17.891994167377714	3.2086973395813576	0.34903672409547015
ses-20260319_grp-14_run01	T1	25	4	85733.621527	85763.621527	0.44050516856020194	0.5323949349294161	72.29644573243705	18.052285424954963	3.295390224626943	0.4632910435150121
ses-20260319_grp-14_run01	T1	26	4	85748.621527	85778.621527	0.466067590440165	0.5400020183749401	74.2614210793185	21.16923426974551	3.3694524147189133	0.4235393694328118
ses-20260319_grp-14_run01	T1	27	4	85763.621527	85793.621527	0.46491568156808805	0.5398941426623046	69.35179212082053	15.191255248681621	3.3399860125073575	0.30840976168670586
ses-20260319_grp-14_run01	T1	28	4	85778.621527	85808.621527	0.47472262900955275	0.5538222103366462	68.63024508567	15.211644794592116	3.278180152666236	0.23445811204776973
ses-20260319_grp-14_run01	T1	29	4	85793.621527	85823.621527	0.48698087466991613	0.5691477172372074	82.68576725622843	17.292642874144207	3.329502421464631	0.3236163320391353
ses-20260319_grp-14_run01	T1	30	4	85808.621527	85838.621527	0.5223746371598801	0.6150239553310268	80.5670636756197	12.676929345792386	3.319680800437666	0.35858097126492294
ses-20260319_grp-14_run01	T1	31	4	85823.621527	85853.621527	0.5687182508026998	0.7224793790361663	77.77561863519627	17.834666908706335	3.3354494317922736	0.30043742498731857
ses-20260319_grp-14_run01	T1	32	4	85838.621527	85868.621527	0.6135902179277215	0.795124105062642	81.98592013873188	18.42951419631357	3.3634321214002583	0.3579541660494287
ses-20260319_grp-14_run01	T1	33	4	85853.621527	85883.621527	0.6337020909988376	0.8041399764689389	63.26905171159786	16.701468603120436	3.330830368457349	0.44549928357721685
ses-20260319_grp-14_run01	T1	34	4	85868.621527	85898.621527	0.5961914648275861	0.8033304727971688	62.24044697283675	14.418883097661505	3.219451538997552	0.32711892143163784
ses-20260319_grp-14_run01	T1	35	4	85883.621527	85913.621527	0.5581482506982677	0.7816214434087909	70.11433697071317	15.091854670607374	3.2277341178312136	0.2754385855264024
ses-20260319_grp-14_run01	T1	36	4	85898.621527	85928.621527	0.5457850542120866	0.7368477031143608	79.01277725926363	10.645133691281497	3.3232250285407416	0.44106615722839876
ses-20260319_grp-14_run01	T1	37	4	85913.621527	85943.621527	0.5285950716174718	0.6897886344750211	69.21054254387299	15.128591056738586	3.377139401348265	0.48652406197715575
ses-20260319_grp-14_run01	T1	38	4	85928.621527	85958.621527	0.5008373550624133	0.6510967946980958	77.57740320287644	14.1809233130806	3.4209837040883846	0.3882503815118968
ses-20260319_grp-14_run01	T1	39	4	85943.621527	85973.621527	0.49277428133608814	0.636137185603331	81.46542898790952	14.30424697361101	3.364515994761903	0.2733908830686766
ses-20260319_grp-14_run01	T1	40	4	85958.621527	85988.621527	0.4889618530219779	0.627324668738461	73.55421903854419	15.684449317571385	3.2450903233598463	0.27957108063800534
ses-20260319_grp-14_run01	T1	41	4	85973.621527	86003.621527	0.4842504646291209	0.6155293968366491	70.51913795910826	13.63322915226314	3.2600457721528384	0.3766581332897999
ses-20260319_grp-14_run01	T1	42	4	85988.621527	86018.621527	0.48606913223187986	0.5976495655992103	68.1674824459072	18.866169624422604	3.170975249650164	0.31366257676770143
ses-20260319_grp-14_run01	T1	43	4	86003.621527	86033.621527	0.46144394873933053	0.5425657555937836	66.37364670043941	16.87620712788735	2.974417817379425	0.20421906172634974
ses-20260319_grp-14_run01	T1	44	4	86018.621527	86048.621527	0.396777140235457	0.5026015649046665	58.31584409385063	16.96601540826608	2.9129830342628926	0.23414936931182553
ses-20260319_grp-14_run01	T1	45	4	86033.621527	86063.621527	0.36552772222222213	0.5288688646358645	69.14457198675514	12.003583482532894	2.906955809114668	0.25472092351859604
ses-20260319_grp-14_run01	T1	46	4	86048.621527	86078.621527	0.38109817921270717	0.5704508156054322	68.47548705528483	16.81842857155637	2.889711204385338	0.24689664265476013
ses-20260319_grp-14_run01	T1	47	4	86063.621527	86093.621527	0.3785895161066642	0.5786874110918384	73.32793068928196	10.15313039286136	2.874822353109407	0.2456949674438323
ses-20260319_grp-14_run01	T1	48	4	86078.621527	86108.621527	0.3623384800833623	0.5567485260670513	74.56443979144538	12.574407666414656	2.872346903156263	0.242072788997966
ses-20260319_grp-14_run01	T1	49	4	86093.621527	86123.621527	0.3639467527624309	0.5258512346794111	72.28800174517012	16.47998140886987	2.9117137163138027	0.24020872446824604
ses-20260319_grp-14_run01	T1	50	4	86108.621527	86138.621527	0.38673062334894126	0.48792787302095153	67.66861870299444	19.67836734610033	3.0372704769736805	0.3044081825304037
ses-20260319_grp-14_run01	T1	51	4	86123.621527	86153.621527	0.39965505424650294	0.4570234287930902	69.79879554233128	13.789442828266274	3.0686161912966887	0.34638527796697227
ses-20260319_grp-14_run01	T1	52	4	86138.621527	86168.621527	0.4351095003438789	0.4982676912599673	74.33634237077209	13.737895818177835	3.1112913343754673	0.34705588608136245
ses-20260319_grp-14_run01	T1	53	4	86153.621527	86183.621527	0.4488504261360868	0.5109765601164624	73.67227729638924	12.4127339271099	3.2266764792079545	0.3077555545136902
ses-20260319_grp-14_run01	T1	54	4	86168.621527	86198.621527	0.43206226694415417	0.4796491939200237	71.2712176995554	15.616576166124757	3.2594437740471522	0.24581391076219333
ses-20260319_grp-14_run01	T1	55	4	86183.621527	86213.621527	0.47209670341258536	0.5452891596762482	65.57545805378247	17.367134214931124	3.2646530387071273	0.24802433292900458
ses-20260319_grp-14_run01	T2	0	4	86215.749557	86245.749557	0.5015311881041564	0.5713932588455085	75.61253984043617	16.67000390692774	3.3302745751559586	0.3953289987464998
ses-20260319_grp-14_run01	T2	1	4	86230.749557	86260.749557	0.4822679455439012	0.5445879855890579	72.2994633487296	20.02977404607855	3.3124722707358583	0.3548412489216044
ses-20260319_grp-14_run01	T2	2	4	86245.749557	86275.749557	0.4558385443599128	0.510739762386514	68.13167411849466	16.428914483258687	3.3754344295474716	0.38071674003561196
ses-20260319_grp-14_run01	T2	3	4	86260.749557	86290.749557	0.4390524189560439	0.5017012939133094	70.50319113749525	15.30566824834361	3.3979467612753567	0.3900885876160362
ses-20260319_grp-14_run01	T2	4	4	86275.749557	86305.749557	0.40902554993112944	0.5023219400923867	74.37555210314481	16.548652565007266	3.299982133928986	0.3069386530591356
ses-20260319_grp-14_run01	T2	5	4	86290.749557	86320.749557	0.3751138244357979	0.4814593090116168	82.01171200844814	9.368154101212186	3.0804123784779294	0.23721076538676983
ses-20260319_grp-14_run01	T2	6	4	86305.749557	86335.749557	0.3674733516483516	0.44719878775458727	69.39285998001718	18.037836152527316	3.041738751454777	0.22175023069101477
ses-20260319_grp-14_run01	T2	7	4	86320.749557	86350.749557	0.3458446715234435	0.41793546803848125	62.163006775771805	18.140591460421295	3.158543768721609	0.32025687873339426
ses-20260319_grp-14_run01	T2	8	4	86335.749557	86365.749557	0.32110786094303667	0.4025304680116716	72.5032990625352	16.203709569155563	3.1682316111469113	0.3749855797622853
ses-20260319_grp-14_run01	T2	9	4	86350.749557	86380.749557	0.31565585	0.3876025235400128	71.61168158681377	16.35026504378444	3.110559496971528	0.33095525178399654
ses-20260319_grp-14_run01	T2	10	4	86365.749557	86395.749557	0.30679079643868146	0.3738972373266899	74.79870968204506	17.969960261430934	3.073192609089807	0.2725819586613008
ses-20260319_grp-14_run01	T2	11	4	86380.749557	86410.749557	0.31067894712060795	0.3535890680841829	67.82556910706037	18.000261246287483	3.1802548383940117	0.24705009305472397
ses-20260319_grp-14_run01	T2	12	4	86395.749557	86425.749557	0.3030615990376547	0.32499748157792235	69.36435663542949	19.95516130040622	3.2555238044015082	0.2761817611820542
ses-20260319_grp-14_run01	T2	13	4	86410.749557	86440.749557	0.2818355127410468	0.3004681799071211	64.46012419911254	21.095251826915973	3.2985257516931226	0.37593005980482974
ses-20260319_grp-14_run01	T2	14	4	86425.749557	86455.749557	0.28861800327916526	0.2865917318550967	71.81578634762725	11.916209055873871	3.3835139085497694	0.4274208897160501
ses-20260319_grp-14_run01	T2	15	4	86440.749557	86470.749557	0.28940841859551625	0.27970457932197346	72.1689055272356	11.628964944296424	3.4349925988073933	0.46492112593191715
ses-20260319_grp-14_run01	T2	16	4	86455.749557	86485.749557	0.3039057799867405	0.2674934671804736	70.68445998399629	16.08297688573199	3.392622176679213	0.4944398274239422
ses-20260319_grp-14_run01	T2	17	4	86470.749557	86500.749557	0.3322797459122412	0.27191609765488334	76.11042058100963	17.080755465790098	3.3962467226271738	0.36067257855922896
ses-20260319_grp-14_run01	T2	18	4	86485.749557	86515.749557	0.3190370650826446	0.25563101564339885	75.66583852855351	13.034155235605866	3.4342338652550017	0.24417255957707623
ses-20260319_grp-14_run01	T2	19	4	86500.749557	86530.749557	0.30962222127291716	0.235796687136438	76.67957623520344	12.12155955340189	3.4226283846346974	0.25720290500825105
ses-20260319_grp-14_run01	T2	20	4	86515.749557	86545.749557	0.3004614437153287	0.23104128145398667	81.37220330399889	13.553023514797037	3.4117341006233417	0.27781987828123134
ses-20260319_grp-14_run01	T2	21	4	86530.749557	86560.749557	0.2834788338450799	0.21934574656342187	82.47014905020403	12.829461092475489	3.3575606624354304	0.30022060863729955
ses-20260319_grp-14_run01	T2	22	4	86545.749557	86575.749557	0.28961377599179206	0.2221311377253306	74.19294792168499	19.347293503493542	3.3374909992077706	0.36074123809828185
ses-20260319_grp-14_run01	T2	23	4	86560.749557	86590.749557	0.3008767021871268	0.23560684460274584	70.58135646127457	17.114499433000518	3.3757201161103065	0.35836592750287083
ses-20260319_grp-14_run01	T2	24	4	86575.749557	86605.749557	0.2909924296964947	0.2530569917555229	65.98263538247853	19.285539133415377	3.412352243178251	0.3562778464058197
ses-20260319_grp-14_run01	T2	25	4	86590.749557	86620.749557	0.2954462906336088	0.28011872074793737	64.71771954086904	18.238111353985392	3.4308753460249406	0.38971150489976286
ses-20260319_grp-14_run01	T2	26	4	86605.749557	86635.749557	0.29337904869684495	0.2753127783088411	80.18525753617874	15.03721138807707	3.4484265352668584	0.39259555776102073
ses-20260319_grp-14_run01	T2	27	4	86620.749557	86650.749557	0.2797044471639597	0.2629572886252203	85.94637484676095	15.085967512727358	3.4353906295492163	0.3463430990539053
ses-20260319_grp-14_run01	T2	28	4	86635.749557	86665.749557	0.26225526364565066	0.23250827747985747	76.32015239851884	15.231866219871145	3.435849908691176	0.3554119356503064
ses-20260319_grp-14_run01	T2	29	4	86650.749557	86680.749557	0.22568296143250685	0.18298475037519515	66.76807766681476	12.322921813147985	3.5166533629129875	0.45100753977231484
ses-20260319_grp-14_run01	T2	30	4	86665.749557	86695.749557	0.21216187136929457	0.15256883923139644	77.2338511855834	18.39476907398153	3.531993517993086	0.48486056775838776
ses-20260319_grp-14_run01	T2	31	4	86680.749557	86710.749557	0.20905914408528192	0.14112791694051008	81.53070955144283	14.097251997454428	3.539391086563868	0.4458933595626546
ses-20260319_grp-14_run01	T2	32	4	86695.749557	86725.749557	0.2012912404156566	0.13924221547140547	87.3664177634707	14.295486052189931	3.5835764609045193	0.39865089891940736
ses-20260319_grp-14_run01	T2	33	4	86710.749557	86740.749557	0.19629252024823526	0.180778415199335	78.66672938306618	17.987793813588688	3.5309753428523916	0.34933660384829734
ses-20260319_grp-14_run01	T2	34	4	86725.749557	86755.749557	0.19903959022038561	0.21447461049347283	69.24264950832821	20.48984290862936	3.4308904436896377	0.3485311154343636
ses-20260319_grp-14_run01	T2	35	4	86740.749557	86770.749557	0.21695310199175824	0.20031537389342152	73.26802628700271	19.433466663633318	3.3966016573955193	0.38271006219037434
ses-20260319_grp-14_run01	T2	36	4	86755.749557	86785.749557	0.22408546876936677	0.18721068742380903	81.56886857602227	18.24546792443724	3.4480451980468745	0.3781042909640359
ses-20260319_grp-14_run01	T2	37	4	86770.749557	86800.749557	0.20126297327357612	0.14111470045569358	69.15500934979222	21.628227396680884	3.491083805873016	0.3649313726869621
ses-20260319_grp-14_run01	T2	38	4	86785.749557	86815.749557	0.196418083218232	0.12395062211275938	87.41185964138371	26.126365458206884	3.4547648940586555	0.39305500331778964
ses-20260319_grp-14_run01	T2	39	4	86800.749557	86830.749557	0.22221203423236513	0.15279367548603928	89.08440432873527	9.410101141982516	3.424399388347519	0.40165288409200667
ses-20260319_grp-14_run01	T2	40	4	86815.749557	86845.749557	0.22857913658367907	0.1627322203116734	82.22802829788372	5.318561860963298	3.456373570686366	0.382656859691804
ses-20260319_grp-14_run01	T2	41	4	86830.749557	86860.749557	0.21700011722061946	0.16347170021008875	74.54370535260625	8.224746098242239	3.473620113391263	0.3718150496643905
ses-20260319_grp-14_run01	T2	42	4	86845.749557	86875.749557	0.20540152214525403	0.16439245821132875	68.66669510387152	14.11440377541984	3.4391134593506147	0.3290353261336573
ses-20260319_grp-14_run01	T2	43	4	86860.749557	86890.749557	0.2038511133635988	0.16125592038356265	75.43048061561463	13.182879469479182	3.4192325299741384	0.3853158777049092
ses-20260319_grp-14_run01	T2	44	4	86875.749557	86905.749557	0.21098644540970787	0.15632078417005613	77.39912447123706	13.138876594185131	3.410128368606859	0.3639304782670948
ses-20260319_grp-14_run01	T2	45	4	86890.749557	86920.749557	0.20584372321284095	0.15418361185262183	71.09544099665895	13.096141698895705	3.39916522847253	0.3101526131588181
ses-20260319_grp-14_run01	T2	46	4	86905.749557	86935.749557	0.19509335683368	0.15321214114317072	70.85066636814986	10.584108008369016	3.4170620079911136	0.3474193106079877
ses-20260319_grp-14_run01	T2	47	4	86920.749557	86950.749557	0.18507656509695286	0.1512911574402735	72.63616681169675	17.082640106694814	3.3491547110638162	0.3644718843638248
ses-20260319_grp-14_run01	T2	48	4	86935.749557	86965.749557	0.186253690776699	0.1470334891315788	86.23548507737732	11.637119440099065	3.323641385930544	0.341068306739511
ses-20260319_grp-14_run01	T2	49	4	86950.749557	86980.749557	0.18823854349614755	0.14897705620948165	83.04722530599241	13.046505194763455	3.42849721805837	0.35684509379738155
ses-20260319_grp-14_run01	T2	50	4	86965.749557	86995.749557	0.18890060240393175	0.15258647639395287	77.40906331201533	16.568166444884476	3.4185045053359073	0.41274146762253666
ses-20260319_grp-14_run01	T2	51	4	86980.749557	87010.749557	0.19626644239819302	0.1510048159178402	79.29781741646839	13.788407216190802	3.465141059371392	0.41060699512688315
ses-20260319_grp-14_run01	T2	52	4	86995.749557	87025.749557	0.18476638351877603	0.14967313216499967	78.45259257126659	14.804673442281926	3.4610590011615416	0.37396162110206704
ses-20260319_grp-14_run01	T2	53	4	87010.749557	87040.749557	0.16502910242998664	0.1554442607892578	75.37035535773072	13.143540597618328	3.12668874975989	0.273505062589817
ses-20260319_grp-14_run01	T2	54	4	87025.749557	87055.749557	0.15844582661925063	0.15795366526943666	80.54415617059182	5.3840596562925445	2.9177686822340645	0.22203141765330822
ses-20260319_grp-14_run01	T2	55	4	87040.749557	87070.749557	0.15816890620689655	0.15437137353649358	69.36015836021149	14.178954766236615	2.9022197722939396	0.2270177981089302
ses-20260319_grp-14_run01	T2	56	4	87055.749557	87085.749557	0.15618711652835404	0.1525951167929577	68.67097348525837	13.919643045701246	2.8904216104167557	0.2115707584820036
ses-20260319_grp-14_run01	T2	57	4	87070.749557	87100.749557	0.1475832912150064	0.15178695237060072	69.76852923471891	9.897551493073845	2.902508560715723	0.22035478855353666
ses-20260319_grp-14_run01	T2	58	4	87085.749557	87115.749557	0.15877623874781516	0.14127768016147876	68.84536454133173	10.728977190750358	2.97721499903747	0.2321438394237702
ses-20260319_grp-14_run01	T2	59	4	87100.749557	87130.749557	0.1755585665209347	0.13424972846675173	73.01183592621878	6.27911052535698	3.0321841367173534	0.2743823041775153
ses-20260319_grp-14_run01	T2	60	4	87115.749557	87145.749557	0.18107330918411252	0.14059009021994667	72.4483113320763	9.338347097169438	3.15401858336511	0.3088242454518221
ses-20260319_grp-14_run01	T2	61	4	87130.749557	87160.749557	0.18514253659717725	0.1457890518646411	68.26192030914655	10.841259323390878	3.3427792255614523	0.2514610947440498
ses-20260319_grp-14_run01	T3	0	4	87161.467694	87191.467694	0.19587813129637704	0.15479106462903883	74.1611313415757	8.958445120156961	3.3350676824020296	0.35037456634349
ses-20260319_grp-14_run01	T3	1	4	87176.467694	87206.467694	0.19081644063740855	0.15416011189122567	73.56451986233078	15.662945349942133	3.363062328069418	0.3541190606556558
ses-20260319_grp-14_run01	T3	2	4	87191.467694	87221.467694	0.17796908657994354	0.15361210066413766	64.11162137200817	14.998735493355573	3.397075871016734	0.3552865957955762
ses-20260319_grp-14_run01	T3	3	4	87206.467694	87236.467694	0.172113794137931	0.15154743065088683	64.62912800627078	13.694001634055581	3.1919912522991254	0.2593391267794473
ses-20260319_grp-14_run01	T3	4	4	87221.467694	87251.467694	0.175140762636612	0.1473888647611044	74.21671271336176	16.65212542956064	2.994707528271685	0.2473593127620348
ses-20260319_grp-14_run01	T3	5	4	87236.467694	87266.467694	0.1730399428414819	0.14019966416373092	81.0014817179713	4.315092938918388	2.9607658161626373	0.26601602727834484
ses-20260319_grp-14_run01	T3	6	4	87251.467694	87281.467694	0.16619374702018933	0.1407633935812239	79.86434185756902	10.012474963006246	2.9535939026216607	0.27514899982801255
ses-20260319_grp-14_run01	T3	7	4	87266.467694	87296.467694	0.1698707674600483	0.14165513926045406	79.40743288224348	8.44666319883108	2.999121178981095	0.2879005484598188
ses-20260319_grp-14_run01	T3	8	4	87281.467694	87311.467694	0.17930155291516758	0.13223649134418625	74.11787531487018	15.363850724926795	3.045258281537449	0.3276624059131861
ses-20260319_grp-14_run01	T3	9	4	87296.467694	87326.467694	0.17783047600946938	0.12916055364880785	65.9203517655803	12.935214789950997	3.0585716618369005	0.3829955107447455
ses-20260319_grp-14_run01	T3	10	4	87311.467694	87341.467694	0.1646755230716253	0.13348314659186034	58.873967023876716	16.66347622705658	3.009243843012856	0.33335614288157933
ses-20260319_grp-14_run01	T3	11	4	87326.467694	87356.467694	0.15371986195054943	0.13684115449509554	58.881800642147496	16.29701348634165	2.9491411920855564	0.28225697626129637
ses-20260319_grp-14_run01	T3	12	4	87341.467694	87371.467694	0.1549682468557979	0.13654511868474117	73.73532919767028	14.055992590218576	2.946597320221298	0.29942757962639177
ses-20260319_grp-14_run01	T3	13	4	87356.467694	87386.467694	0.16414507208053392	0.13202601691586913	83.33435161522118	10.29568560459859	3.0199010212036104	0.3188740697611961
ses-20260319_grp-14_run01	T3	14	4	87371.467694	87401.467694	0.17016234727742097	0.12994549819674334	81.3809164136376	17.299163739791013	3.081532825660189	0.3486343621604636
ses-20260319_grp-14_run01	T3	15	4	87386.467694	87416.467694	0.16763310707145337	0.13536775539542348	84.02629680951513	13.979947102921072	3.188089733370707	0.36188951023973864
ses-20260319_grp-14_run01	T3	16	4	87401.467694	87431.467694	0.15512660763789166	0.13425192522858095	65.52899212096047	27.810696248470236	3.36112482973676	0.4089752877872018
ses-20260319_grp-14_run01	T3	17	4	87416.467694	87446.467694	0.1458236317203231	0.11487757858678653	74.06502900770711	18.397155578376115	3.2869431436149634	0.35649775191099065
ses-20260319_grp-14_run01	T3	18	4	87431.467694	87461.467694	0.15135699118546386	0.11539610045670247	73.94879446257299	16.257789756025726	3.2320083345590773	0.3748108363133387
ses-20260319_grp-14_run01	T3	19	4	87446.467694	87476.467694	0.17311219237167763	0.1378875044261921	82.19007564052633	14.487023309930823	3.3295662727263147	0.4168287945076902
ses-20260319_grp-14_run01	T3	20	4	87461.467694	87491.467694	0.18621245948753462	0.14211510609061193	74.61546350107025	7.828206129265582	3.3511102020583756	0.35432894844814405
ses-20260319_grp-14_run01	T3	21	4	87476.467694	87506.467694	0.18362194642086607	0.13300913665569597	79.06623032351396	14.023142804098525	3.3531037091366613	0.34772289953672164
ses-20260319_grp-14_run01	T3	22	4	87491.467694	87521.467694	0.18255496814951436	0.12629015844134875	84.40392093341998	16.543263937799207	3.3371763396986136	0.3479397022503159
ses-20260319_grp-14_run01	T3	23	4	87506.467694	87536.467694	0.183422819694109	0.1257305676121841	73.5175725368826	11.572670236961958	3.32736865961133	0.37222428576870814
ses-20260319_grp-14_run01	T3	24	4	87521.467694	87551.467694	0.18137798411602207	0.1316226146460381	69.27717962374354	10.89244215324337	3.3523617796558494	0.43965115886973355
ses-20260319_grp-14_run01	T3	25	4	87536.467694	87566.467694	0.1680557316481994	0.12134152497371847	74.8052436661616	13.577041973026693	3.354344696494519	0.4706434223376325
ses-20260319_grp-14_run01	T3	26	4	87551.467694	87581.467694	0.14239691873278232	0.07720502976935073	72.0004806847733	13.72213335067822	3.357114431565425	0.38918373351922364
ses-20260319_grp-14_run01	T3	27	4	87566.467694	87596.467694	0.14631535939643342	0.09373500851887516	73.96680582699882	14.126966596098496	3.3756354496822256	0.33159157985170207
ses-20260319_grp-14_run01	T3	28	4	87581.467694	87611.467694	0.17272215300770194	0.1394606376944674	69.22873947954638	15.797150531350102	3.3661025241993	0.29985587185208373
ses-20260319_grp-14_run01	T3	29	4	87596.467694	87626.467694	0.1810415554938215	0.1327241103506732	69.53805691436428	14.667906359554115	3.3487674942268923	0.28082008278071724
ses-20260319_grp-14_run01	T3	30	4	87611.467694	87641.467694	0.1859135911166524	0.13244630619904235	71.34144278806026	12.572261649209077	3.364926991719261	0.3125325121639766
ses-20260319_grp-14_run01	T3	31	4	87626.467694	87656.467694	0.1827852185478186	0.13175904260833254	83.10330081046686	16.241617838537454	3.3774508572939164	0.33537255324795445
ses-20260319_grp-14_run01	T3	32	4	87641.467694	87671.467694	0.17846243193671762	0.1295573398801105	73.57367544664694	18.199658528330573	3.404520751296559	0.3633404945108956
ses-20260319_grp-14_run01	T3	33	4	87656.467694	87686.467694	0.18028343116693704	0.1337055514672748	68.96241499384169	12.112629221771861	3.4257555163558044	0.4022790669702774
ses-20260319_grp-14_run01	T3	34	4	87671.467694	87701.467694	0.17887394001386958	0.11963401016866085	67.7770357112218	13.618127574239882	3.4247639263478034	0.3837481159553943
ses-20260319_grp-14_run01	T3	35	4	87686.467694	87716.467694	0.18912904334257968	0.11522871067041036	72.39680133356286	13.846956030512517	3.4341242531749834	0.30239191024405543
ses-20260319_grp-14_run01	T3	36	4	87701.467694	87731.467694	0.19018916840277772	0.13336393375745847	77.64732798902823	15.519990694693218	3.3208977633118635	0.18918697930946737
ses-20260319_grp-14_run01	T3	37	4	87716.467694	87746.467694	0.1759945716759002	0.14209874829322477	77.45981117965451	14.39831561111884	3.237142690809954	0.16341696510587325
ses-20260319_grp-14_run01	T3	38	4	87731.467694	87761.467694	0.16949265350274723	0.13577584392785658	79.31647328091134	18.665241623724647	3.3539621447882175	0.23544880394355208
ses-20260319_grp-14_run01	T3	39	4	87746.467694	87776.467694	0.17009460274354687	0.12544544400823002	76.73489264955916	19.663157791323506	3.4218966171083856	0.26665013482281086
ses-20260319_grp-14_run01	T3	40	4	87761.467694	87791.467694	0.17638822745481542	0.12828037857140884	67.57289906975421	13.785607343561209	3.374582862047923	0.30526749465783437
ses-20260319_grp-14_run01	T3	41	4	87776.467694	87806.467694	0.17652054230279532	0.13044037299671668	70.72942614197638	15.621717317412873	3.2551373433094364	0.3488012269240066
ses-20260319_grp-14_run01	T3	42	4	87791.467694	87821.467694	0.17671228517241375	0.1265669908248991	66.52319179231122	10.82935941341243	3.2431332802411745	0.3396997608827048
ses-20260319_grp-14_run01	T3	43	4	87806.467694	87836.467694	0.182895797756156	0.12124924671101223	62.7690487989951	12.514029474445893	3.3437323127240353	0.31313136108885486
ses-20260319_grp-14_run01	T3	44	4	87821.467694	87851.467694	0.18417274481011411	0.11757522022298814	63.05293633639628	13.952844706909596	3.3463634564690894	0.2777584823193609
ses-20260319_grp-14_run01	T3	45	4	87836.467694	87866.467694	0.17286455994399974	0.12231118179061232	66.89710739622262	9.812088261205467	3.127359306826429	0.20682844945411177
ses-20260319_grp-14_run01	T3	46	4	87851.467694	87881.467694	0.16245593673223466	0.12825473298917112	63.36022176977294	14.608528555691661	2.929492464640341	0.20579795324439226
ses-20260319_grp-14_run01	T3	47	4	87866.467694	87896.467694	0.16545815668976982	0.12465338429989802	71.92323325553792	14.479733205625775	2.909846323049668	0.23024670710038256
ses-20260319_grp-14_run01	T3	48	4	87881.467694	87911.467694	0.15958555330049362	0.12093884619156106	70.45468283742656	11.54123331180224	2.935319287000412	0.2426139303649643
ses-20260319_grp-14_run01	T3	49	4	87896.467694	87926.467694	0.15454715065564748	0.12232616983553167	72.33503150789386	11.183198199422995	2.9647452176862368	0.25278937525335576
ses-20260319_grp-14_run01	T3	50	4	87911.467694	87941.467694	0.16603889917545356	0.11870662682776396	60.687107544938996	16.387995957248695	3.009740981138095	0.27035412739936737
ses-20260319_grp-14_run01	T3	51	4	87926.467694	87956.467694	0.1744098072784513	0.1167640718857489	66.10825263985977	12.380840636766099	3.172868416572401	0.3468602791043331
ses-20260319_grp-14_run01	T3	52	4	87941.467694	87971.467694	0.17071288039486662	0.10745545013473508	62.80157369140941	13.886314357062822	3.318652746452434	0.4272767802366344
ses-20260319_grp-14_run01	T4	0	4	87974.184508	88004.184508	0.1456321433757809	0.10700590948929685	63.87078100755455	11.214941021637815	3.3116974980000844	0.3220795731854043
ses-20260319_grp-14_run01	T4	1	4	87989.184508	88019.184508	0.14381902742032043	0.07783620867019113	62.541803019338154	11.970742999669158	3.31056362573855	0.30328839489044096
ses-20260319_grp-14_run01	T4	2	4	88004.184508	88034.184508	0.15552636689940938	0.07291424838519528	74.15885652351143	17.33328318414815	3.2941915748706365	0.285714801591811
ses-20260319_grp-14_run01	T4	3	4	88019.184508	88049.184508	0.1729762528649523	0.09623465111822026	61.82095848267923	12.462603263371212	3.330357746642841	0.3108355965543998
ses-20260319_grp-14_run01	T4	4	4	88034.184508	88064.184508	0.18627441349889745	0.11787903999664036	58.12197135035015	15.150886487032187	3.36572392751383	0.3754279289139825
ses-20260319_grp-14_run01	T4	5	4	88049.184508	88079.184508	0.17961293416114948	0.12219021251954779	59.10620883122367	15.087834613821146	3.2693764170867214	0.34070281507285927
ses-20260319_grp-14_run01	T4	6	4	88064.184508	88094.184508	0.17361853321917806	0.12438342816747779	58.195105803224806	16.527660964229643	3.2177571110980363	0.38344189327282835
ses-20260319_grp-14_run01	T4	7	4	88079.184508	88109.184508	0.17842574186693944	0.12130705815694838	66.58294814773194	23.1132405049324	3.235389101598474	0.41383777356305174
ses-20260319_grp-14_run01	T4	8	4	88094.184508	88124.184508	0.18003896307457234	0.1278075239244241	71.22343415712102	19.24675301639897	3.162333953444366	0.3459960807998733
ses-20260319_grp-14_run01	T4	9	4	88109.184508	88139.184508	0.17470340702479337	0.1409369169615749	79.5145569261444	10.511420157910667	3.162449975131913	0.3951847314993597
ses-20260319_grp-14_run01	T4	10	4	88124.184508	88154.184508	0.1658282344614404	0.14240446809614496	73.8249093891923	13.059194768025039	3.0800699225627834	0.3596322980418025
ses-20260319_grp-14_run01	T4	11	4	88139.184508	88169.184508	0.16339964553508451	0.13501128208918384	76.45241627307155	13.798746851695915	2.9546759051438767	0.251953984005781
ses-20260319_grp-14_run01	T4	12	4	88154.184508	88184.184508	0.16416151301390736	0.12551439643976117	73.093224886965	13.554898042424771	2.9897552851354536	0.22831091415224147
ses-20260319_grp-14_run01	T4	13	4	88169.184508	88199.184508	0.16335308083150327	0.1175320861224958	67.00895581487676	14.708954219335947	3.0381764084627223	0.2310937502111561
ses-20260319_grp-14_run01	T4	14	4	88184.184508	88214.184508	0.16836609830578664	0.12392458005189255	74.90878801033494	10.966390802278179	3.1218338465085758	0.24246382942131456
ses-20260319_grp-14_run01	T4	15	4	88199.184508	88229.184508	0.1613800383817427	0.13968750017750833	71.10108978226089	16.011168687697467	3.2409823597301517	0.31006404991815045
ses-20260319_grp-14_run01	T4	16	4	88214.184508	88244.184508	0.16563857650075217	0.16246915680825438	73.15347066456242	13.602531987825177	3.35229400347375	0.37058711561369817
ses-20260319_grp-14_run01	T4	17	4	88229.184508	88259.184508	0.17908140874595158	0.18044788336427936	63.820097666030655	15.356208065562754	3.3868929049348027	0.3606737728577066
ses-20260319_grp-14_run01	T4	18	4	88244.184508	88274.184508	0.18251396724810687	0.18953854557776384	65.63453848228394	14.061666659412927	3.3403592317241024	0.4146172884046976
ses-20260319_grp-14_run01	T4	19	4	88259.184508	88289.184508	0.22901256059556785	0.26910861772431366	66.40848888113936	11.558630638042766	3.3905041388928563	0.3944212278610871
ses-20260319_grp-14_run01	T4	20	4	88274.184508	88304.184508	0.2958923142905301	0.36358482402055503	60.884876144081474	21.684872776368827	3.4423081554844606	0.30431529909843386
ses-20260319_grp-14_run01	T4	21	4	88289.184508	88319.184508	0.37090018788090506	0.46283760860512335	70.08412148138709	16.455462933432113	3.433167031379296	0.2901256261980259
ses-20260319_grp-14_run01	T4	22	4	88304.184508	88334.184508	0.4424669447268928	0.5878097729803844	72.88081701910566	16.510631341578964	3.396817088191521	0.296992048647105
ses-20260319_grp-14_run01	T4	23	4	88319.184508	88349.184508	0.4868679425413693	0.6871838138780123	68.79622025832991	16.87838369438049	3.353818274323986	0.3478405612734202
ses-20260319_grp-14_run01	T4	24	4	88334.184508	88364.184508	0.534492883018586	0.7800063413279392	68.82477950346244	11.499537983253154	3.3764931381398293	0.3660025705677936
ses-20260319_grp-14_run01	T4	25	4	88349.184508	88379.184508	0.5506445582539531	0.7943609623615585	73.05066557211741	9.06877203165415	3.3847951625736	0.4164298803084644
ses-20260319_grp-14_run01	T4	26	4	88364.184508	88394.184508	0.516903661256906	0.7203307520391514	68.93908984009545	10.529140759420928	3.392298835964988	0.43842241934953724
ses-20260319_grp-14_run01	T4	27	4	88379.184508	88409.184508	0.5124242035763411	0.6889641143276265	71.30692860616418	13.859168424532804	3.4630255753243424	0.3481537751063309
ses-20260319_grp-14_run01	T4	28	4	88394.184508	88424.184508	0.5263158831967214	0.69594132157915	64.01482272851605	14.888073812774941	3.475667262678869	0.3100233545040864
ses-20260319_grp-14_run01	T4	29	4	88409.184508	88439.184508	0.48654582001663	0.6639847249863835	59.758582808236895	15.636851796279993	3.289436223535085	0.32199442915689785
ses-20260319_grp-14_run01	T4	30	4	88424.184508	88454.184508	0.4355585512378929	0.6161061089984101	63.62599179244752	12.282205724254315	3.016563690533445	0.27432268314232433
ses-20260319_grp-15_run01	T0	0	4	95636.985688	95666.985688	0.13214284102184992	0.14851688835528168	68.2725557703796	7.382361731118153	3.263808154235189	0.18529411796933443
ses-20260319_grp-15_run01	T0	1	4	95651.985688	95681.985688	0.12436499492825404	0.13784617514052216	68.00086057506013	14.140324275196699	3.2808281069263723	0.15671860454302464
ses-20260319_grp-15_run01	T0	2	4	95666.985688	95696.985688	0.11643297258453485	0.12694332517239798	69.82233651965362	13.480635401841466	3.1957942947165576	0.12796925477583926
ses-20260319_grp-15_run01	T0	3	4	95681.985688	95711.985688	0.1110316323034763	0.11654766305761168	74.25126248103221	8.225816862165846	3.1866266635408858	0.20402392732954702
ses-20260319_grp-15_run01	T0	4	4	95696.985688	95726.985688	0.11441379660840931	0.11820539734382231	76.07821952523743	7.28981366492623	3.2490507953000214	0.21773414994390589
ses-20260319_grp-15_run01	T0	5	4	95711.985688	95741.985688	0.11644158869415361	0.118049633582776	76.68863392944634	7.499238987735867	3.2839844050276685	0.20796463156728895
ses-20260319_grp-15_run01	T0	6	4	95726.985688	95756.985688	0.11000980814391574	0.10704520276231157	77.00477511666782	6.957393488888377	3.2494283146092	0.2864533154164443
ses-20260319_grp-15_run01	T0	7	4	95741.985688	95771.985688	0.10512273213865946	0.09879259169626393	76.5395616791624	7.239947363546001	3.1946921334045992	0.25889404384547804
ses-20260319_grp-15_run01	T0	8	4	95756.985688	95786.985688	0.1018084777877277	0.09271781642512524	69.52094445633314	5.002400160582551	3.228798037409815	0.24460762927999902
ses-20260319_grp-15_run01	T0	9	4	95771.985688	95801.985688	0.09672226160913167	0.08309511369681288	75.80498591733318	10.434120196367255	3.2133628251232205	0.28996418377431205
ses-20260319_grp-15_run01	T0	10	4	95786.985688	95816.985688	0.09359124962427619	0.07640529651168798	81.38254745345479	8.058131732168412	3.097457887203151	0.2707227022234019
ses-20260319_grp-15_run01	T0	11	4	95801.985688	95831.985688	0.09420960644371813	0.0757588333860412	76.5513432668042	15.831033137947419	3.103774419816671	0.27340497111249695
ses-20260319_grp-15_run01	T0	12	4	95816.985688	95846.985688	0.09416446601483673	0.0739933951515825	74.21465148727363	11.795001359121118	3.1305909895724264	0.24183005439698774
ses-20260319_grp-15_run01	T0	13	4	95831.985688	95861.985688	0.09393127968063944	0.07224728311261672	75.58232424778055	11.430975997850663	3.1394283143989146	0.20996327863330713
ses-20260319_grp-15_run01	T0	14	4	95846.985688	95876.985688	0.09363803051368781	0.07053886176988242	74.43593726849898	11.009738845501458	3.092649859261421	0.20169713987829427
ses-20260319_grp-15_run01	T0	15	4	95861.985688	95891.985688	0.09312929006823434	0.06854754357198285	76.12711409602397	8.327740787007544	3.0146077858610596	0.1506773805610444
ses-20260319_grp-15_run01	T0	16	4	95876.985688	95906.985688	0.09293094272267856	0.06719229621346706	74.63295680001818	10.259907460112556	2.995931995141312	0.1648111601607101
ses-20260319_grp-15_run01	T0	17	4	95891.985688	95921.985688	0.09294047557434568	0.06629380598268525	76.36923851030923	11.141679449381924	2.9851417038065944	0.1883473873201138
ses-20260319_grp-15_run01	T0	18	4	95906.985688	95936.985688	0.09281012345829592	0.06539196968233521	87.16356624330112	17.32288863134587	3.050400274617868	0.14296132404615003
ses-20260319_grp-15_run01	T0	19	4	95921.985688	95951.985688	0.09214200997364998	0.06374845321569343	88.69113390926508	21.56359653402327	3.0911273083378648	0.14320800779212547
ses-20260319_grp-15_run01	T0	20	4	95936.985688	95966.985688	0.0922847048444505	0.06283498170626049	74.35854701471366	11.658267703928209	3.0688600049466013	0.22821877840750643
ses-20260319_grp-15_run01	T0	21	4	95951.985688	95981.985688	0.09317383915461044	0.06290629289314119	70.95558622246175	18.30606374607712	3.0287949733517965	0.2394932747188188
ses-20260319_grp-15_run01	T0	22	4	95966.985688	95996.985688	0.09351406381053169	0.0631805320597237	78.87117619242444	10.636455446491212	3.023214376256707	0.2108470060975786
ses-20260319_grp-15_run01	T0	23	4	95981.985688	96011.985688	0.09263339459549763	0.06352577057867066	78.03431576475379	12.339606158120334	3.086233048503977	0.21651112003213122
ses-20260319_grp-15_run01	T0	24	4	95996.985688	96026.985688	0.08834962508713162	0.05962994277875962	76.85613734472278	8.42914799971992	3.2143181472934286	0.19264631316688574
ses-20260319_grp-15_run01	T0	25	4	96011.985688	96041.985688	0.07942333814414637	0.0432875909013508	74.0520530486117	13.307677833676424	3.299642073253869	0.18775080104832376
ses-20260319_grp-15_run01	T0	26	4	96026.985688	96056.985688	0.08582350113211815	0.04989685835490647	75.77077826924076	17.22292719922833	3.3873164883883202	0.1536129221860393
ses-20260319_grp-15_run01	T0	27	4	96041.985688	96071.985688	0.09453980793998465	0.06252739467646941	84.30035060062792	11.152013128831591	3.399769650826725	0.32397050266084376
ses-20260319_grp-15_run01	T0	28	4	96056.985688	96086.985688	0.09598928076132221	0.0645498302404023	88.14014655163585	11.49402903613469	3.194341741025141	0.23406418196114911
ses-20260319_grp-15_run01	T0	29	4	96071.985688	96101.985688	0.0999356533376069	0.06670603192230645	74.65522504227765	17.47106997507957	3.1340124063861667	0.26986127675839616
ses-20260319_grp-15_run01	T0	30	4	96086.985688	96116.985688	0.09730984668442798	0.06152348875728247	77.54348663510534	9.22740205956834	3.1018325270761835	0.30192160666173457
ses-20260319_grp-15_run01	T0	31	4	96101.985688	96131.985688	0.09811657597289428	0.06434445581088143	75.67847319874528	9.552254272359601	3.1129988452313055	0.20601682817967726
ses-20260319_grp-15_run01	T0	32	4	96116.985688	96146.985688	0.10161586700432243	0.06576803977197926	72.29664593721958	6.406784037053071	3.0920992023557115	0.1753790684246004
ses-20260319_grp-15_run01	T0	33	4	96131.985688	96161.985688	0.10478253644901263	0.06271961774741126	68.81411850884703	8.918340981613426	3.0625252017148825	0.20692048769809168
ses-20260319_grp-15_run01	T0	34	4	96146.985688	96176.985688	0.10405948178876707	0.06282897170412527	72.30536305612249	8.75989338676356	3.1118239742691287	0.31073690817469574
ses-20260319_grp-15_run01	T0	35	4	96161.985688	96191.985688	0.10074763034142444	0.06335980587101334	78.9739204191322	6.048708159792015	3.1651074347660235	0.33452586755680386
ses-20260319_grp-15_run01	T0	36	4	96176.985688	96206.985688	0.10156627570810167	0.06881077707213626	72.76801546867812	8.701898192125729	3.145334722967507	0.22008197084921866
ses-20260319_grp-15_run01	T0	37	4	96191.985688	96221.985688	0.18641759127725893	0.20937265048726061	78.23528674713747	11.640553418122634	3.11762341488506	0.17448770301842692
ses-20260319_grp-15_run01	T0	38	4	96206.985688	96236.985688	0.32114298513859435	0.43566980458962573	80.2557078582181	14.981301157356272	3.1260372578026523	0.23570326934549413
ses-20260319_grp-15_run01	T0	39	4	96221.985688	96251.985688	0.3534258877818748	0.4849354431229949	70.69171324757117	12.420807073327147	3.1663841198038605	0.3148554403258201
ses-20260319_grp-15_run01	T0	40	4	96236.985688	96266.985688	0.31697059433224284	0.41550749640924006	63.84439365224985	8.052474607050918	3.12894059699643	0.28875876609099155
ses-20260319_grp-15_run01	T0	41	4	96251.985688	96281.985688	0.2869107872577283	0.36460563393129625	64.31978694727906	10.142594922431577	3.0753458168351964	0.23001308596692585
ses-20260319_grp-15_run01	T0	42	4	96266.985688	96296.985688	0.2787927429019297	0.35297202048008997	75.12876622828163	7.539688282292195	3.1009583158284215	0.18573276905467218
ses-20260319_grp-15_run01	T0	43	4	96281.985688	96311.985688	0.2765173634445118	0.3468001046063351	84.32531514900097	16.651868270294827	3.0951062560918534	0.17375396458712977
ses-20260319_grp-15_run01	T0	44	4	96296.985688	96326.985688	0.26506561698497244	0.31933876145338824	80.87106447294363	24.204759521934857	3.033834483457279	0.1873258339901304
ses-20260319_grp-15_run01	T0	45	4	96311.985688	96341.985688	0.24319028724169084	0.2883599586754625	76.32258892799665	8.08259401899283	3.0001607377944497	0.20160067307428847
ses-20260319_grp-15_run01	T0	46	4	96326.985688	96356.985688	0.22070234124348834	0.2659993718821505	75.01242240308997	6.778142759457294	3.02654004183656	0.2543012005860635
ses-20260319_grp-15_run01	T0	47	4	96341.985688	96371.985688	0.20944763868499333	0.24867643275972642	72.96267659488211	5.904704610529591	3.0812777570003176	0.3081475453288787
ses-20260319_grp-15_run01	T0	48	4	96356.985688	96386.985688	0.22394763661971823	0.26188779403474827	80.60802357097174	16.34854153524834	3.074292644470476	0.390206817096853
ses-20260319_grp-15_run01	T0	49	4	96371.985688	96401.985688	0.23956676066617943	0.27903055173868196	77.80751168541039	13.887567676760558	3.1318461994973528	0.4274235325884385
ses-20260319_grp-15_run01	T0	50	4	96386.985688	96416.985688	0.22475187083354317	0.25208230692103656	75.81124318283084	5.802169435579027	3.1345179265483094	0.3733801675377507
ses-20260319_grp-15_run01	T0	51	4	96401.985688	96431.985688	0.20277235873258656	0.21565375720241747	72.3280639339982	3.437220133463703	3.0476557344706006	0.2649833642838999
ses-20260319_grp-15_run01	T0	52	4	96416.985688	96446.985688	0.18715457978078665	0.18920802841843617	69.44443337991648	4.192753177088042	3.0332243834906194	0.17909180301190208
ses-20260319_grp-15_run01	T0	53	4	96431.985688	96461.985688	0.2097118659906889	0.2257195761473527	69.23132192133042	2.7380848709970946	3.0393462471228774	0.11464304160880537
ses-20260319_grp-15_run01	T0	54	4	96446.985688	96476.985688	0.2397534852656663	0.2768086193446376	71.81287096659494	6.584471841709066	3.043758237479504	0.16360894316787006
ses-20260319_grp-15_run01	T0	55	4	96461.985688	96491.985688	0.24080650355113634	0.2738675877983322	70.24746766349818	4.44663834526911	3.080946536540919	0.2907945706706072
ses-20260319_grp-15_run01	T0	56	4	96476.985688	96506.985688	0.23938049369290132	0.2713143663484974	65.72536686026832	10.41925313259198	3.080654332565495	0.28950855332564984
ses-20260319_grp-15_run01	T0	57	4	96491.985688	96521.985688	0.21615562331759056	0.23822328222972156	74.7471012160127	5.459711620473225	3.049516053208126	0.2682826631163164
ses-20260319_grp-15_run01	T0	58	4	96506.985688	96536.985688	0.20867811336190062	0.22375056078160016	64.94242040017065	15.79664512438349	2.9233914382973527	0.2255319512954452
ses-20260319_grp-15_run01	T0	59	4	96521.985688	96551.985688	0.11109034559796159	0.053648287688357096	78.76015296234141	5.234345409597822	2.8626505529127053	0.17936842959969498
ses-20260319_grp-15_run01	T1	0	4	96555.10273	96585.10273	0.19134502135854337	0.20484510961130162	75.54787010977805	8.987753345247395	2.9683304603423335	0.22854597835973128
ses-20260319_grp-15_run01	T1	1	4	96570.10273	96600.10273	0.17672876535621718	0.18469893161715312	76.00909905663624	7.1176032062149295	2.9675127083612822	0.22959604032034797
ses-20260319_grp-15_run01	T1	2	4	96585.10273	96615.10273	0.17624001256076255	0.1828941919787824	72.44667573991467	7.329736917495811	2.9761268431103742	0.220418568404339
ses-20260319_grp-15_run01	T1	3	4	96600.10273	96630.10273	0.16688658274699805	0.14897174036111296	74.30919791145143	7.598041453829654	2.9630823357342853	0.24384522305736922
ses-20260319_grp-15_run01	T1	4	4	96615.10273	96645.10273	0.17069753840884178	0.14350124874697145	69.40933704042197	8.678007492977667	2.958852684566365	0.21617173534396994
ses-20260319_grp-15_run01	T1	5	4	96630.10273	96660.10273	0.1816836813737938	0.16340720818715343	77.74452004994791	10.311246772163924	2.8230194530554384	0.14008217576383566
ses-20260319_grp-15_run01	T1	6	4	96645.10273	96675.10273	0.17755243943661966	0.16177136091100527	76.3790074437463	8.569591264924629	2.680300296090091	0.11255189021864961
ses-20260319_grp-15_run01	T1	7	4	96660.10273	96690.10273	0.16605512854301668	0.14552077740902	69.79191027365236	10.100520695133353	2.6990400563797183	0.12798628499898226
ses-20260319_grp-15_run01	T1	8	4	96675.10273	96705.10273	0.16496299386917995	0.14020879265505962	65.14430385270138	13.00441468386122	2.6991806482840714	0.14911960196611934
ses-20260319_grp-15_run01	T1	9	4	96690.10273	96720.10273	0.13135097455958922	0.08108872220734813	63.66226086185914	13.088223416691553	2.7313697079060493	0.17811097824935818
ses-20260319_grp-15_run01	T1	10	4	96705.10273	96735.10273	0.09527632224093147	0.055473975656928284	66.2600287939195	15.557890182813871	2.875503702380265	0.22940889917708376
ses-20260319_grp-15_run01	T1	11	4	96720.10273	96750.10273	0.10226679943154196	0.06111986119177788	68.13814263881301	3.5697056516541066	2.996660877698215	0.27398864604495976
ses-20260319_grp-15_run01	T1	12	4	96735.10273	96765.10273	0.10342916471480516	0.06544536485530722	68.99598073711445	4.266278961583937	3.030385746090009	0.30762938015599445
ses-20260319_grp-15_run01	T1	13	4	96750.10273	96780.10273	0.12214148026082068	0.08072633447811065	83.81906577318	9.43905540423112	2.9827261068309125	0.2506431682987388
ses-20260319_grp-15_run01	T1	14	4	96765.10273	96795.10273	0.14753571053462317	0.10393410636601148	72.5632041096359	14.874111893005393	3.0202007005521225	0.2593566726543112
ses-20260319_grp-15_run01	T1	15	4	96780.10273	96810.10273	0.14503328741780724	0.10662541589402753	66.15317541014595	19.35086307861813	3.075595772166556	0.2766242193047247
ses-20260319_grp-15_run01	T1	16	4	96795.10273	96825.10273	0.13306760704524231	0.10262116339579974	68.7798174970678	11.852665019106498	3.0264630014075053	0.22941929729654012
ses-20260319_grp-15_run01	T1	17	4	96810.10273	96840.10273	0.09867722690895213	0.06733401918302806	70.66753733955217	13.023537341020297	3.014961094416536	0.23330984246606185
ses-20260319_grp-15_run01	T1	18	4	96825.10273	96855.10273	0.08263622167410364	0.059897304213602995	71.79045274942308	15.158100457349379	3.0425222051571676	0.2562040913818366
ses-20260319_grp-15_run01	T1	19	4	96840.10273	96870.10273	0.09596417537402506	0.06402233146149769	77.11778737681709	12.397437612292483	2.9747348318469724	0.19448653402466134
ses-20260319_grp-15_run01	T1	20	4	96855.10273	96885.10273	0.10702390748587565	0.06805605961063337	70.09163390757507	14.646337109514684	2.9795255759949004	0.22069345904706175
ses-20260319_grp-15_run01	T1	21	4	96870.10273	96900.10273	0.12358448784044174	0.08947912554229226	70.56777607230202	15.725010538616127	3.040494628940726	0.2911623996582987
ses-20260319_grp-15_run01	T1	22	4	96885.10273	96915.10273	0.13208865192345645	0.09509061739477936	76.0160306716792	8.786951575484922	3.0609387662418746	0.30631950369818667
ses-20260319_grp-15_run01	T1	23	4	96900.10273	96930.10273	0.13808687872686015	0.08698484138857354	80.42405665084075	8.69426359398169	3.032055282301976	0.2801468841315881
ses-20260319_grp-15_run01	T1	24	4	96915.10273	96945.10273	0.1372924964189512	0.07808891357520507	73.97900662238476	7.82265331643521	2.980115714902616	0.2539495090895296
ses-20260319_grp-15_run01	T1	25	4	96930.10273	96960.10273	0.1120970145898204	0.06404596900161881	75.59684009600056	12.119385887909438	2.93848629052914	0.22010601463278853
ses-20260319_grp-15_run01	T1	26	4	96945.10273	96975.10273	0.10543193056290336	0.06482287097981339	74.24966591760828	10.374851439404155	2.8771713614832843	0.16585017182898096
ses-20260319_grp-15_run01	T1	27	4	96960.10273	96990.10273	0.12067074041274813	0.06810486445564	72.44593038835848	12.649298118331084	2.9409020970058304	0.27491055082515625
ses-20260319_grp-15_run01	T1	28	4	96975.10273	97005.10273	0.1207472211510256	0.06609849367834296	72.59885024334385	13.749253468462335	2.9759836011158067	0.3457141872366427
ses-20260319_grp-15_run01	T1	29	4	96990.10273	97020.10273	0.12149750030393151	0.0648264189814441	68.50943545771844	8.957916693931212	2.910539423370096	0.24423221140467058
ses-20260319_grp-15_run01	T1	30	4	97005.10273	97035.10273	0.12605308538886195	0.06895742976060525	68.82417257358067	10.797230987028083	2.9000665383039124	0.21362219134707275
ses-20260319_grp-15_run01	T1	31	4	97020.10273	97050.10273	0.1279133382783802	0.07108138659282554	63.08990374738903	12.32247876852772	2.9289821319261358	0.23341069709923448
ses-20260319_grp-15_run01	T1	32	4	97035.10273	97065.10273	0.12589578197101328	0.06899102116779952	68.99574091110502	13.896932150694035	2.93340775724798	0.21432893318093613
ses-20260319_grp-15_run01	T1	33	4	97050.10273	97080.10273	0.1246552687028753	0.06705388853802699	68.93411056695618	12.236339668515024	2.9014381860507212	0.2157345730566554
ses-20260319_grp-15_run01	T1	34	4	97065.10273	97095.10273	0.11380804628330993	0.060334218794465044	75.7373791651663	14.67146888582415	2.920461280865749	0.16690592311079402
ses-20260319_grp-15_run01	T1	35	4	97080.10273	97110.10273	0.11312928415125902	0.06555591649094862	78.51666967485602	8.627111849641011	2.8938363670170535	0.1519193303475665
ses-20260319_grp-15_run01	T1	36	4	97095.10273	97125.10273	0.12439379153052828	0.07084450001848215	72.12742053396468	11.445663055119333	2.838761453817492	0.1534735393855606
ses-20260319_grp-15_run01	T1	37	4	97110.10273	97140.10273	0.1441682797232167	0.08336458995458043	78.58195610609616	6.655137596058136	2.8183178769641763	0.19881950925386638
ses-20260319_grp-15_run01	T1	38	4	97125.10273	97155.10273	0.16398059764455802	0.11176559861683391	75.27680204775159	4.6400282087699	2.904276837700339	0.28861657092447746
ses-20260319_grp-15_run01	T1	39	4	97140.10273	97170.10273	0.16380841136692484	0.11166439903959594	74.97500350237222	5.464229479758248	3.033019007890993	0.2843739291341035
ses-20260319_grp-15_run01	T1	40	4	97155.10273	97185.10273	0.16017666827171811	0.1062041823947792	71.83387140430884	7.975604272132914	2.948233930390227	0.195084576219233
ses-20260319_grp-15_run01	T1	41	4	97170.10273	97200.10273	0.15976498543803097	0.10500663304591853	71.88337492783866	8.143256132395413	2.889020640639824	0.13258423260052912
ses-20260319_grp-15_run01	T1	42	4	97185.10273	97215.10273	0.16251357078729278	0.1081584081720401	68.93132301237458	5.170390163558187	2.855619126680712	0.15080688126380346
ses-20260319_grp-15_run01	T1	43	4	97200.10273	97230.10273	0.15792847871686697	0.10053334879687345	66.90912051283728	6.84723593685012	2.7649197399320515	0.1326191905282915
ses-20260319_grp-15_run01	T1	44	4	97215.10273	97245.10273	0.15447401630085594	0.09521176165390528	68.99383292818645	8.137403203311674	2.751376396430028	0.10477361237392016
ses-20260319_grp-15_run01	T1	45	4	97230.10273	97260.10273	0.15548072249303618	0.0965357290766952	70.94453733063312	7.635998499514776	2.7721856399786233	0.09031370686222628
ses-20260319_grp-15_run01	T1	46	4	97245.10273	97275.10273	0.14254748018080665	0.08022395472183395	68.02359065020245	4.51520093803643	2.781569715906355	0.10185870791387543
ses-20260319_grp-15_run01	T1	47	4	97260.10273	97290.10273	0.12892783739070046	0.0673343269897655	75.63158038979446	18.585640625374843	2.834031353366686	0.13846659336219758
ses-20260319_grp-15_run01	T1	48	4	97275.10273	97305.10273	0.13770690431089672	0.07583547536318246	80.41742682841473	22.56834922213175	2.984025839431501	0.1908536720086358
ses-20260319_grp-15_run01	T1	49	4	97290.10273	97320.10273	0.14822560178457117	0.08701309165182558	74.23371069213252	12.420259086963682	3.246756935015315	0.4839737399774992
ses-20260319_grp-15_run01	T1	50	4	97305.10273	97335.10273	0.14910856482542073	0.08467324631712858	71.083145373388	10.007711241981754	2.9431403368691704	0.21907291985923202
ses-20260319_grp-15_run01	T1	51	4	97320.10273	97350.10273	0.14830956681551022	0.08422373907479024	70.86358844413851	9.016269122223102	3.070841452216729	0.23383221672631824
ses-20260319_grp-15_run01	T1	52	4	97335.10273	97365.10273	0.14631536680711058	0.08325031278866193	69.49126666505902	8.207750521936868	3.130871938682306	0.2052589456391016
ses-20260319_grp-15_run01	T1	53	4	97350.10273	97380.10273	0.14685705315071917	0.08132506689699001	69.78092751976749	5.918249448849676	3.1410701175461053	0.2648866134358882
ses-20260319_grp-15_run01	T1	54	4	97365.10273	97395.10273	0.16440211660961757	0.07852032879718608	69.42027782220245	10.840863137635045	3.147327017357746	0.2996852612238343
ses-20260319_grp-15_run01	T1	55	4	97380.10273	97410.10273	0.17675920070241424	0.08627259248943156	73.4712857040226	11.162215057078313	3.1412778753806565	0.31013060342466614
ses-20260319_grp-15_run01	T1	56	4	97395.10273	97425.10273	0.19234940254137395	0.10443399902112029	74.74662296803433	9.560547543219132	3.1858995485264425	0.2216457185325902
ses-20260319_grp-15_run01	T1	57	4	97410.10273	97440.10273	0.22904153119478557	0.15488453588275958	76.45550246504206	12.706117508680515	3.1619222243484173	0.21266321865176427
ses-20260319_grp-15_run01	T1	58	4	97425.10273	97455.10273	0.24926144367198633	0.18023293165426854	75.83933835332516	9.122074209909433	3.060621115498762	0.22382822935979133
ses-20260319_grp-15_run01	T2	0	4	97456.095464	97486.095464	0.38473292711279794	0.3231025169489331	68.68469056226483	4.543637654433863	2.9899400612863425	0.19468507455084708
ses-20260319_grp-15_run01	T2	1	4	97471.095464	97501.095464	0.3291157283687943	0.24780056480782076	66.73807347072868	6.326448843548083	2.9663641250925665	0.20220061223377467
ses-20260319_grp-15_run01	T2	2	4	97486.095464	97516.095464	0.34984109318547646	0.2997494895173711	71.80677710067829	8.725245929916303	2.996257441847947	0.19856483912677622
ses-20260319_grp-15_run01	T2	3	4	97501.095464	97531.095464	0.3340892153829941	0.2732929811756303	72.02662975386046	10.692406837727756	2.99829848216456	0.18015693957589082
ses-20260319_grp-15_run01	T2	4	4	97516.095464	97546.095464	0.2562992252440725	0.1563483194996411	67.13353192732131	6.345648968967823	2.81738730135861	0.1497473780840052
ses-20260319_grp-15_run01	T2	5	4	97531.095464	97561.095464	0.23339969838483138	0.1383228028055091	65.81085497652761	9.252883772727252	2.697276369087163	0.1491930593239842
ses-20260319_grp-15_run01	T2	6	4	97546.095464	97576.095464	0.20624717457887043	0.12471867743132874	70.17425261201073	14.21253793121069	2.820811925867975	0.1997766837682788
ses-20260319_grp-15_run01	T2	7	4	97561.095464	97591.095464	0.1898598894973043	0.11521007563830878	74.47822366336406	13.033723328596452	2.909586963365383	0.2255273823116417
ses-20260319_grp-15_run01	T2	8	4	97576.095464	97606.095464	0.18377042183098588	0.10549054741449898	74.62762175909532	14.744629155466368	2.9152857282427442	0.2042431653645044
ses-20260319_grp-15_run01	T2	9	4	97591.095464	97621.095464	0.1843369989554317	0.09731563069780082	77.11802653626371	13.61884352448587	2.946409048148083	0.18337074778718235
ses-20260319_grp-15_run01	T2	10	4	97606.095464	97636.095464	0.19350261628297505	0.09659413006525469	80.96052959528944	14.318474111205926	3.00939190555909	0.1877450752732169
ses-20260319_grp-15_run01	T2	11	4	97621.095464	97651.095464	0.1951176729660664	0.09726179459579722	80.20836981160082	14.994770776943025	3.0927493055330157	0.2649958312418548
ses-20260319_grp-15_run01	T2	12	4	97636.095464	97666.095464	0.191889619733146	0.09540333699934923	83.19342427592063	10.277233574904413	3.089955154811558	0.35332898857645667
ses-20260319_grp-15_run01	T2	13	4	97651.095464	97681.095464	0.1876517559440559	0.09231194372473706	76.72700496558171	9.495415409016259	3.128505783596963	0.3985181931624885
ses-20260319_grp-15_run01	T2	14	4	97666.095464	97696.095464	0.18455877132214127	0.09037176071440282	70.31631200968206	3.5716909580296328	3.171098056172641	0.3674646578557499
ses-20260319_grp-15_run01	T2	15	4	97681.095464	97711.095464	0.17747901132463068	0.08571614780321019	72.58410450116887	7.371862618478056	3.1295855923126163	0.30328782442961294
ses-20260319_grp-15_run01	T2	16	4	97696.095464	97726.095464	0.17415366421259215	0.0842514960187027	67.94141561246977	14.311772125656727	3.107282374345158	0.24147131135317085
ses-20260319_grp-15_run01	T2	17	4	97711.095464	97741.095464	0.17257077649724528	0.08489443602392209	63.33066458445945	13.476046629893373	3.112399737095508	0.20233677085542903
ses-20260319_grp-15_run01	T2	18	4	97726.095464	97756.095464	0.1581824613465051	0.07490424485505638	66.56628581198191	9.140794268601946	3.152788678706453	0.22613861168974844
ses-20260319_grp-15_run01	T2	19	4	97741.095464	97771.095464	0.14414862106417442	0.07163944031674083	70.52212202033384	10.025469969445211	3.168678044025632	0.2836429167643092
ses-20260319_grp-15_run01	T2	20	4	97756.095464	97786.095464	0.14685018754482973	0.07234857993658483	77.91887028237693	9.001712801034625	3.1445559556965508	0.3188058355118856
ses-20260319_grp-15_run01	T2	21	4	97771.095464	97801.095464	0.14725619413266186	0.07309029746516832	67.67957755616197	11.07499351439963	3.142982779126507	0.3102430379021876
ses-20260319_grp-15_run01	T2	22	4	97786.095464	97816.095464	0.15177139534911185	0.075540337040797	62.93448264497498	19.191073087383188	3.1496502975037495	0.26980094264111004
ses-20260319_grp-15_run01	T2	23	4	97801.095464	97831.095464	0.1634010041666666	0.08422500135701497	69.03339955482522	14.618621771981381	3.147839890506093	0.24771156195863092
ses-20260319_grp-15_run01	T2	24	4	97816.095464	97846.095464	0.16195385008484392	0.08423286589100905	70.43258452751597	12.790021596817736	3.1326683081001896	0.23958773215398516
ses-20260319_grp-15_run01	T2	25	4	97831.095464	97861.095464	0.16119421595909977	0.08460867218716954	71.56203033720537	16.74659866043796	3.151150563824147	0.260898625482093
ses-20260319_grp-15_run01	T2	26	4	97846.095464	97876.095464	0.1621244564501341	0.08515736979639282	74.9916280065555	22.177032800819685	3.1941817198771383	0.3184268614851978
ses-20260319_grp-15_run01	T2	27	4	97861.095464	97891.095464	0.1595504668485519	0.08390890424665338	62.33219396530788	3.361049892693791	3.1570340814389706	0.3215237792676098
ses-20260319_grp-15_run01	T2	28	4	97876.095464	97906.095464	0.15784063138749915	0.082975810837922	72.28704617982572	24.50431967477752	3.1186512606218555	0.2756002337606807
ses-20260319_grp-15_run01	T2	29	4	97891.095464	97921.095464	0.1524604424124894	0.07957130246985866	80.95449628110396	19.65581044433565	3.1047187414234148	0.2463093582575476
ses-20260319_grp-15_run01	T2	30	4	97906.095464	97936.095464	0.14746739615330876	0.07791941198657253	81.7758801814018	10.294824641810486	3.1143922534170208	0.25771418618823033
ses-20260319_grp-15_run01	T2	31	4	97921.095464	97951.095464	0.14841681431325163	0.07868631836614007	82.71210920769857	9.355287869893603	3.117054705291009	0.29199821567733975
ses-20260319_grp-15_run01	T2	32	4	97936.095464	97966.095464	0.14395850040786876	0.08241506526840782	84.70177157205063	21.247421750726588	3.107766922683146	0.3000536889041346
ses-20260319_grp-15_run01	T2	33	4	97951.095464	97981.095464	0.14873050084171618	0.08478019563858688	77.59846657677268	18.86513568444491	3.1335111556861364	0.2896391543834747
ses-20260319_grp-15_run01	T2	34	4	97966.095464	97996.095464	0.1580302056183725	0.08262645687768831	70.23831827853016	12.08828299270684	3.1611685302998467	0.3263977776316205
ses-20260319_grp-15_run01	T2	35	4	97981.095464	98011.095464	0.15741190055225568	0.08168129980924782	69.14502811050801	12.515479003350677	3.1945917615834265	0.3445594109671127
ses-20260319_grp-15_run01	T2	36	4	97996.095464	98026.095464	0.15083762384448862	0.0788790995763846	73.32655275240413	15.933593465030162	3.2384814101039785	0.3256963426500008
ses-20260319_grp-15_run01	T2	37	4	98011.095464	98041.095464	0.14354609131140905	0.07873924258891163	73.84190194783598	15.595965918773157	3.327158503013597	0.3398504313354125
ses-20260319_grp-15_run01	T2	38	4	98026.095464	98056.095464	0.14176476784584127	0.08002878679444185	66.44947854416698	15.686593756514913	3.309766315120018	0.32955097417809676
ses-20260319_grp-15_run01	T2	39	4	98041.095464	98071.095464	0.13746694087175693	0.0819174914793701	73.24708372044736	10.994931734611425	3.1807576837175224	0.28563562188850056
ses-20260319_grp-15_run01	T2	40	4	98056.095464	98086.095464	0.14282773341464838	0.08246660556738239	76.25715386296284	10.061060658681816	3.127681073555833	0.2364157294072927
ses-20260319_grp-15_run01	T2	41	4	98071.095464	98101.095464	0.15638587148758332	0.0855651761144502	77.46712786397224	10.773446791311786	3.1525057868186983	0.2883808643914209
ses-20260319_grp-15_run01	T2	42	4	98086.095464	98116.095464	0.1614935930373503	0.08847094138962268	82.30108627388964	6.720330418390543	3.1691448679858008	0.3027909662556584
ses-20260319_grp-15_run01	T2	43	4	98101.095464	98131.095464	0.15521546452109244	0.0880940671970426	84.13956712423811	6.693817308320793	3.1008661230300105	0.315183563592579
ses-20260319_grp-15_run01	T2	44	4	98116.095464	98146.095464	0.14953394941586498	0.0873162381072554	79.35561782734833	10.311157362220007	3.0485501797360284	0.34393560456048544
ses-20260319_grp-15_run01	T2	45	4	98131.095464	98161.095464	0.1549045681295961	0.08749266715471091	70.10870628339794	15.039357220430036	3.1112589845566077	0.333481523642481
ses-20260319_grp-15_run01	T2	46	4	98146.095464	98176.095464	0.15993633816264516	0.08945947637216865	63.578807957205875	14.261189382093821	3.1561217130311507	0.3432352583734567
ses-20260319_grp-15_run01	T2	47	4	98161.095464	98191.095464	0.16421151948141594	0.09166371558276945	68.7453130784533	10.780859541323954	3.1394223850912244	0.28024146889118173
ses-20260319_grp-15_run01	T2	48	4	98176.095464	98206.095464	0.16240720216450216	0.09106410126422307	67.94499842594246	18.052450005220273	3.05517007145162	0.23674967283452847
ses-20260319_grp-15_run01	T2	49	4	98191.095464	98221.095464	0.15167564061912817	0.08678546499160371	71.24824231160645	10.918372247575686	2.968623889932277	0.22590114471698444
ses-20260319_grp-15_run01	T2	50	4	98206.095464	98236.095464	0.14518025555024716	0.0859354809569506	78.72969632341153	7.419006092537961	2.9865627064253855	0.29140880801591373
ses-20260319_grp-15_run01	T2	51	4	98221.095464	98251.095464	0.14311526673640163	0.084802005726642	78.64277116739024	9.390219562866275	2.8954929301064074	0.26611382037904524
ses-20260319_grp-15_run01	T2	52	4	98236.095464	98266.095464	0.1391811158224495	0.08433987291206141	71.18681622331239	8.247187028907687	2.7981447959674277	0.22457411533342128
ses-20260319_grp-15_run01	T2	53	4	98251.095464	98281.095464	0.13740968314763224	0.08653377027201974	68.70105568793653	8.549937612068566	2.831134851705219	0.21398955762304328
ses-20260319_grp-15_run01	T2	54	4	98266.095464	98296.095464	0.13916360875638895	0.08702936914365265	73.73141815737979	8.603606123108488	2.870086684631506	0.17681418005475288
ses-20260319_grp-15_run01	T2	55	4	98281.095464	98311.095464	0.13891493486838002	0.0861195541263001	80.28988673111341	12.153189552148566	2.991100797679941	0.2552776320665036
ses-20260319_grp-15_run01	T2	56	4	98296.095464	98326.095464	0.14084844123741677	0.08527258218015758	78.2898997314445	10.162318216490451	3.053033251303225	0.35334842055773724
ses-20260319_grp-15_run01	T2	57	4	98311.095464	98341.095464	0.14242745147679323	0.08397516504875618	74.32735601763413	7.652216944933442	3.0555714687099087	0.2886276048367315
ses-20260319_grp-15_run01	T2	58	4	98326.095464	98356.095464	0.14198701586741885	0.07886288749938583	66.16532360320228	7.135600178209167	3.0170101102639744	0.234336089644337
ses-20260319_grp-15_run01	T2	59	4	98341.095464	98371.095464	0.13924474157386982	0.07916661505255256	67.9159531237692	14.261279576825814	3.014879054839419	0.22077009567484962
ses-20260319_grp-15_run01	T2	60	4	98356.095464	98386.095464	0.15810978361217054	0.08683204036231389	78.13970346388686	3.0016163177826174	3.069945042229934	0.23780515371471136
ses-20260319_grp-15_run01	T2	61	4	98371.095464	98401.095464	0.21854509387895457	0.1413138427961357	75.62072674118323	8.783799218510289	3.0994198382697604	0.27074042287395156
ses-20260319_grp-15_run01	T2	62	4	98386.095464	98416.095464	0.27072471732245906	0.22174058981576023	78.37979077315207	5.34462633793752	3.0487551152649437	0.2844888901410386
ses-20260319_grp-15_run01	T2	63	4	98401.095464	98431.095464	0.277468302518642	0.2379230584554385	76.96303397575488	6.140766315078159	3.0036522255781817	0.2394565751477448
ses-20260319_grp-15_run01	T2	64	4	98416.095464	98446.095464	0.2649176791449873	0.21630932244090367	77.74418902333132	7.881631229696226	3.0091259658988636	0.1719435824544852
ses-20260319_grp-15_run01	T2	65	4	98431.095464	98461.095464	0.2604021199952331	0.20318213698043464	75.38900660555771	8.12611068074877	2.9870622101887796	0.18970874207961844
ses-20260319_grp-15_run01	T2	66	4	98446.095464	98476.095464	0.2594224330877631	0.19954296396736912	87.76845595149787	15.77811705976234	2.996193770100774	0.2528970566867819
ses-20260319_grp-15_run01	T2	67	4	98461.095464	98491.095464	0.24622156304987297	0.182652677052677	86.95439659953732	16.737779707957237	3.0035147152177872	0.25440121141645367
ses-20260319_grp-15_run01	T3	0	4	98491.525447	98521.525447	0.2960901282447028	0.2953408382108344	74.00966415289895	7.937679232366635	2.9883449447509802	0.2228235425867371
ses-20260319_grp-15_run01	T3	1	4	98506.525447	98536.525447	0.26564724094672487	0.2634636555012615	69.49522677127334	4.591412759201289	3.007654715565997	0.24947182592926942
ses-20260319_grp-15_run01	T3	2	4	98521.525447	98551.525447	0.23524095927220634	0.21278751263749107	72.20281516645755	6.1905867468798785	3.023115893024647	0.18855850669433705
ses-20260319_grp-15_run01	T3	3	4	98536.525447	98566.525447	0.22482418750101535	0.1751032769711982	79.14109047892887	7.377079263807659	2.9424771341002276	0.14788080933326095
ses-20260319_grp-15_run01	T3	4	4	98551.525447	98581.525447	0.18218408238123607	0.10202001908317497	71.19866683729353	8.683138836923133	2.8174918050590287	0.13599221182554902
ses-20260319_grp-15_run01	T3	5	4	98566.525447	98596.525447	0.15953075998267463	0.08557750186485444	65.66729867226886	12.457400719625088	2.7522649035817617	0.15197151269326267
ses-20260319_grp-15_run01	T3	6	4	98581.525447	98611.525447	0.17906487862171594	0.09556979215919167	67.10267329182346	10.971257290350177	2.7449395416727893	0.13134798097413825
ses-20260319_grp-15_run01	T3	7	4	98596.525447	98626.525447	0.1872959962237933	0.10507269677293789	72.2416700509202	6.101068217909635	2.7686750404733442	0.136002145678896
ses-20260319_grp-15_run01	T3	8	4	98611.525447	98641.525447	0.18990875207654703	0.1094503399086863	70.57243365274638	8.022234715053028	2.807109021622137	0.16521069261763544
ses-20260319_grp-15_run01	T3	9	4	98626.525447	98656.525447	0.18343426276218805	0.10181116555784167	72.34632364021226	6.415236255252778	2.8156599780704186	0.16891879106477375
ses-20260319_grp-15_run01	T3	10	4	98641.525447	98671.525447	0.16613105912574247	0.08633502849853567	68.32012735367977	9.699027344268474	2.795929021003637	0.16209920371196862
ses-20260319_grp-15_run01	T3	11	4	98656.525447	98686.525447	0.1631863802213816	0.0834230259851691	68.18554886016909	9.161676984222256	2.7996889905158504	0.18052416778869515
ses-20260319_grp-15_run01	T3	12	4	98671.525447	98701.525447	0.16105199632617065	0.08236720886632029	70.85597877652009	7.431776392314694	2.820241853856265	0.1877237566139867
ses-20260319_grp-15_run01	T3	13	4	98686.525447	98716.525447	0.13006316783256833	0.07470633722587408	70.16753735270574	10.542092823440449	2.829017246301471	0.1729089578348136
ses-20260319_grp-15_run01	T3	14	4	98701.525447	98731.525447	0.1276000830829538	0.08349490988791838	68.60431137672222	10.207971681306345	2.8384016610350766	0.16588837237358234
ses-20260319_grp-15_run01	T3	15	4	98716.525447	98746.525447	0.1501488868968487	0.07621133892638454	66.69669847565298	9.974338006161506	2.855121053712617	0.18292354345053183
ses-20260319_grp-15_run01	T3	16	4	98731.525447	98761.525447	0.16522745925414362	0.08985487344871164	69.82225862674414	5.95345862659657	2.8593098774883994	0.1992327890234148
ses-20260319_grp-15_run01	T3	17	4	98746.525447	98776.525447	0.16115627493379686	0.09108045790330496	78.68751563179417	3.4049494563834255	2.9351705151578455	0.2213113298463148
ses-20260319_grp-15_run01	T3	18	4	98761.525447	98791.525447	0.16223287718066326	0.09723736689989484	79.66956929238626	2.1391980213036983	3.0578944705939617	0.2465702079907184
ses-20260319_grp-15_run01	T3	19	4	98776.525447	98806.525447	0.16499181097994595	0.10704427300784766	67.10297517864831	12.938898325398227	3.0983946927179185	0.26009243315323877
ses-20260319_grp-15_run01	T3	20	4	98791.525447	98821.525447	0.15970291621377866	0.09799327435726277	83.17086130714958	12.387723692328384	3.0966940549031516	0.30564564199891103
ses-20260319_grp-15_run01	T3	21	4	98806.525447	98836.525447	0.17417826222303956	0.09617248523070299	81.58966756898013	8.17406045591636	3.0832269028201456	0.29933271420239155
ses-20260319_grp-15_run01	T3	22	4	98821.525447	98851.525447	0.2069669469314865	0.1264525511954049	81.83025664087074	14.314419488696187	3.0535937196890393	0.21877704324445663
ses-20260319_grp-15_run01	T3	23	4	98836.525447	98866.525447	0.23551367675343016	0.16650664897881304	82.1020598126956	18.77771069108244	3.0572411081363535	0.23855035576684297
ses-20260319_grp-15_run01	T3	24	4	98851.525447	98881.525447	0.24592928208964765	0.18108405585278178	81.43139426798339	24.679613217928686	3.0319267428626433	0.24281757561855377
ses-20260319_grp-15_run01	T3	25	4	98866.525447	98896.525447	0.23835795101561405	0.1724330768225196	81.17932220014464	19.098774233729007	2.9949543224453397	0.23200042923464606
ses-20260319_grp-15_run01	T3	26	4	98881.525447	98911.525447	0.23277018356643353	0.16587270124814682	73.03779774456595	4.627436866816472	3.0252561136906904	0.2904494119069339
ses-20260319_grp-15_run01	T3	27	4	98896.525447	98926.525447	0.23217917804485586	0.16567093276854905	78.63709522295935	11.913346803728551	3.0399490279587464	0.3150777991216571
ses-20260319_grp-15_run01	T3	28	4	98911.525447	98941.525447	0.20137686131679394	0.12319908963763836	78.0549114509318	9.43313783669759	3.0440116647944278	0.31804268390522145
ses-20260319_grp-15_run01	T3	29	4	98926.525447	98956.525447	0.1719138594389708	0.09459921857125142	76.39803082832157	12.216070822226593	2.9976343537664745	0.33074013752564685
ses-20260319_grp-15_run01	T3	30	4	98941.525447	98971.525447	0.17094972632799615	0.09551975641576792	78.2729429269747	13.500368490158895	2.9772471792261386	0.396822056320158
ses-20260319_grp-15_run01	T3	31	4	98956.525447	98986.525447	0.17176436371251783	0.09486849104204816	84.76458474798113	13.104148702205254	3.018765345913753	0.4375983710333441
ses-20260319_grp-15_run01	T3	32	4	98971.525447	99001.525447	0.17432095984397428	0.09412316930686007	78.94813205058894	16.34336051957503	3.056545051432595	0.3891175991310773
ses-20260319_grp-15_run01	T3	33	4	98986.525447	99016.525447	0.17253269957001532	0.09367447777037495	76.11304787104368	11.572637481394901	3.1080651313513132	0.3149958107174817
ses-20260319_grp-15_run01	T3	34	4	99001.525447	99031.525447	0.16061546292169387	0.09422417701971712	67.06043564022055	10.971576090639306	3.0928477180093985	0.2599865320439125
ses-20260319_grp-15_run01	T3	35	4	99016.525447	99046.525447	0.1553560149324526	0.09674857829540842	71.82798094730131	6.385589414739029	2.9840138414330584	0.3136799387133427
ses-20260319_grp-15_run01	T3	36	4	99031.525447	99061.525447	0.16340532078635905	0.09507596709991739	77.91302233729627	9.067833637115926	2.9767023478677688	0.3190805372983335
ses-20260319_grp-15_run01	T3	37	4	99046.525447	99076.525447	0.16215326211000175	0.0957745174101987	79.57426855446036	14.226885823556497	2.9959894893341366	0.27209552889472227
ses-20260319_grp-15_run01	T3	38	4	99061.525447	99091.525447	0.15683338661971827	0.09835561510945931	82.85617222399162	12.890608657987435	3.0162872839037647	0.24501721356164413
ses-20260319_grp-15_run01	T3	39	4	99076.525447	99106.525447	0.16713218891834145	0.09530182594513373	88.11423267529466	11.857083408686519	3.072934926376181	0.20901920469060367
ses-20260319_grp-15_run01	T3	40	4	99091.525447	99121.525447	0.17303218242854734	0.09530728422880463	75.66087283534455	4.361115018018549	3.114292608214493	0.33574040872261574
ses-20260319_grp-15_run01	T3	41	4	99106.525447	99136.525447	0.1721847296373104	0.09479540429994099	79.27141854130363	10.284223923797986	3.1145736829415114	0.3978585729579387
ses-20260319_grp-15_run01	T3	42	4	99121.525447	99151.525447	0.17555874063191707	0.09665587470537401	80.23430453076642	9.72957040568251	3.0772906216789857	0.3327476532139669
ses-20260319_grp-15_run01	T3	43	4	99136.525447	99166.525447	0.17106093036211695	0.09799519303549109	72.9344527931128	3.787272790861065	3.059390911857717	0.2545928448725678
ses-20260319_grp-15_run01	T3	44	4	99151.525447	99181.525447	0.16632141771708683	0.09725566685941754	72.11738344655178	8.687547974020006	3.026742834594456	0.22373234481293516
ses-20260319_grp-15_run01	T3	45	4	99166.525447	99196.525447	0.16916732375886523	0.09718545949507187	71.91766364959504	8.262226171010417	3.0641987500117183	0.2775465692370038
ses-20260319_grp-15_run01	T3	46	4	99181.525447	99211.525447	0.16989958858237203	0.09795015266028181	80.68964279015384	10.762204790855678	3.1109118435086494	0.3417759746652831
ses-20260319_grp-15_run01	T3	47	4	99196.525447	99226.525447	0.17134100845511924	0.09742204489514074	86.29196469298249	15.650888761162204	2.9718349102428014	0.2648647381806716
ses-20260319_grp-15_run01	T3	48	4	99211.525447	99241.525447	0.1712346720224649	0.0982562642763913	73.19157442664249	6.820968101287208	2.9118126123192183	0.28528694456014586
ses-20260319_grp-15_run01	T3	49	4	99226.525447	99256.525447	0.21223880728429986	0.12123193934869819	63.62462751634878	10.452874404229489	2.9692790213027704	0.32620767199671186
ses-20260319_grp-15_run01	T3	50	4	99241.525447	99271.525447	0.2738254787502547	0.1944412111059538	70.34429594687319	7.741878818162875	2.850772883951448	0.26113232217722493
ses-20260319_grp-15_run01	T3	51	4	99256.525447	99286.525447	0.3345598445792939	0.29392090674466154	73.67489998160286	4.767686747086872	2.8138352809457534	0.22840767732997597
ses-20260319_grp-15_run01	T3	52	4	99271.525447	99301.525447	0.3989848088252577	0.3978074059948366	72.17993609306545	7.782941531946585	2.849349714290153	0.24137969952347363
ses-20260319_grp-15_run01	T3	53	4	99286.525447	99316.525447	0.40013014559701043	0.39305367993006557	73.4657339454429	5.366633263739326	2.8015028043360104	0.21422375170212204
ses-20260319_grp-15_run01	T3	54	4	99301.525447	99331.525447	0.39646391797316166	0.39532712253087976	66.18684231881964	11.098952305064676	2.8042594779236403	0.14726397901151692
ses-20260319_grp-15_run01	T3	55	4	99316.525447	99346.525447	0.4091631767356991	0.4353071027926251	64.13331152682295	10.052538808746009	2.9166966888517742	0.15675908873934394
ses-20260319_grp-15_run01	T3	56	4	99331.525447	99361.525447	0.4045827195894392	0.4420168576268478	65.41652814982399	8.230443405489307	3.038807719001462	0.23924809583538464
ses-20260319_grp-15_run01	T4	0	4	99369.402499	99399.402499	0.3044126410068004	0.25013015596134675	73.2505237021494	15.961069748204174	3.023250844355366	0.24747378869961326
ses-20260319_grp-15_run01	T4	1	4	99384.402499	99414.402499	0.3647218556397944	0.348769797517291	66.649135697265	8.589243605729196	3.0415573709866575	0.30104306716551105
ses-20260319_grp-15_run01	T4	2	4	99399.402499	99429.402499	0.36311861168096604	0.3610685636382543	70.11631267622701	9.58641047835805	3.08600993317467	0.24152092682940604
ses-20260319_grp-15_run01	T4	3	4	99414.402499	99444.402499	0.385951320224719	0.42732784659605966	68.33841241184112	14.254760991156543	3.084124764045816	0.18753123950952205
ses-20260319_grp-15_run01	T4	4	4	99429.402499	99459.402499	0.32571695558180297	0.33650557951944227	69.76127610019509	12.705327968122505	2.9876524917885954	0.1687667725942945
ses-20260319_grp-15_run01	T4	5	4	99444.402499	99474.402499	0.3155734280009173	0.29778634127222875	69.584841169759	10.920416248902061	3.0342704942291503	0.113284232053234
ses-20260319_grp-15_run01	T4	6	4	99459.402499	99489.402499	0.42284657451625635	0.4463693454197068	69.78301789689704	9.61428764792065	3.0681281131520386	0.11720178346372209
ses-20260319_grp-15_run01	T4	7	4	99474.402499	99504.402499	0.40796506126760557	0.40904364870592663	73.4972129390369	8.231309039170412	2.971276374247151	0.1402864011080012
ses-20260319_grp-15_run01	T4	8	4	99489.402499	99519.402499	0.3614359255020425	0.32751253703413824	72.09378936334232	5.681926176624261	3.0557221401385815	0.21951790830256832
ses-20260319_grp-15_run01	T4	9	4	99504.402499	99534.402499	0.4287239211483075	0.45737566041181626	79.26130429559578	12.143283502770595	3.115992146262051	0.31582059907404647
ses-20260319_grp-15_run01	T4	10	4	99519.402499	99549.402499	0.48725618224938416	0.5756252694854203	70.41138403833153	11.73266965641678	3.0741808041774616	0.3420157963699805
ses-20260319_grp-15_run01	T4	11	4	99534.402499	99564.402499	0.43778538669239475	0.47302983906292967	78.79056238362088	6.046813701688626	3.111501286412373	0.3572175364735016
ses-20260319_grp-15_run01	T4	12	4	99549.402499	99579.402499	0.4109118234463277	0.40968578489630275	74.05475251006663	2.079605467918075	3.1417739853416835	0.3049188504892224
ses-20260319_grp-15_run01	T4	13	4	99564.402499	99594.402499	0.4169406417597765	0.4201832771622233	73.56586519754346	9.406762138022982	3.1262187283982037	0.292360496070936
ses-20260319_grp-15_run01	T4	14	4	99579.402499	99609.402499	0.39157840445561726	0.3808531266159709	74.99058625802904	14.494845230082916	3.133248008816187	0.3345921018672101
ses-20260319_grp-15_run01	T4	15	4	99594.402499	99624.402499	0.3569909434053965	0.32297590454940317	82.16307665139874	5.921461803731533	3.1394165394020783	0.3553582489882531
ses-20260319_grp-15_run01	T4	16	4	99609.402499	99639.402499	0.3198734796464692	0.26136568049915265	83.27105900526999	9.100287509795523	3.1305301854897714	0.35404922862837773
ses-20260319_grp-15_run01	T4	17	4	99624.402499	99654.402499	0.32566845859913474	0.26958432989871844	80.21599262558868	10.377072950650648	3.123992076388739	0.33237948151976965
ses-20260319_grp-15_run01	T4	18	4	99639.402499	99669.402499	0.32845112963639145	0.27151379952116367	84.10361695195695	7.274941834671672	3.0889872237184286	0.32854359480807055
ses-20260319_grp-15_run01	T4	19	4	99654.402499	99684.402499	0.2954200781796635	0.21940969497259724	75.63228397883873	3.0661882319478924	3.0665635603128276	0.3406571396721152
ses-20260319_grp-15_run01	T4	20	4	99669.402499	99699.402499	0.3014622639115762	0.22734432880294758	74.21055145948735	10.886915460279893	2.9902672813551954	0.3142233434736846
ses-20260319_grp-15_run01	T4	21	4	99684.402499	99714.402499	0.3071198644357874	0.23812182579919022	75.49453824729227	10.161365082503362	3.0040436791463923	0.3021448142930881
ses-20260319_grp-15_run01	T4	22	4	99699.402499	99729.402499	0.28443218492148226	0.20434007347933586	67.54584078236462	13.82776225923955	2.912793375691442	0.24519025688782384
ses-20260319_grp-15_run01	T4	23	4	99714.402499	99744.402499	0.2706205265270603	0.1816482584852101	75.65214262448607	6.7050584972454255	2.7681767349646753	0.17150939564306658
ses-20260319_grp-15_run01	T4	24	4	99729.402499	99759.402499	0.2673312841855536	0.17657600387227615	72.70417300617169	10.105057758345064	2.788587457134617	0.15897549241854375
ses-20260319_grp-15_run01	T4	25	4	99744.402499	99774.402499	0.2631814317057082	0.1709290500183488	74.70991112599741	7.957497246701957	2.7882137207402273	0.16404716078615342
ses-20260320_grp-16_run01	T0	0	4	0.00208	30.00208	0.030082419198894976	5.0643653401378294e-05	104.29404352489712	28.763022539511127	2.8262583097505685	0.09493517365639584
ses-20260320_grp-16_run01	T0	1	4	15.00208	45.00208	0.03008213314840495	5.102586405004855e-05	106.51752670696918	34.81609493716196	2.9017897290389314	0.09793802050113717
ses-20260320_grp-16_run01	T0	2	4	30.00208	60.00208	0.0300819152480475	5.1186135463067434e-05	114.65028361229213	33.46281463050183	2.8594316847189574	0.16917646094392277
ses-20260320_grp-16_run01	T0	3	4	45.00208	75.00208	0.030082017475618623	5.107954561047497e-05	117.24813171696113	37.13818286477673	2.748026853867361	0.08929839492192793
ses-20260320_grp-16_run01	T0	4	4	60.00208	90.00208	0.030081920603021298	5.094953348167836e-05	116.39332117132446	38.97592532327082	2.8667008500753504	0.1317072110596786
ses-20260320_grp-16_run01	T0	5	4	75.00208	105.00208	0.0300816680085524	5.1006467303711697e-05	113.51677412290753	37.715880790793115	2.9639084103602653	0.19776386829423712
ses-20260320_grp-16_run01	T0	6	4	90.00208	120.00208	0.03008167748003995	5.094586507682701e-05	113.27714625233014	38.04757965693523	2.9380017062224466	0.16619967182087478
ses-20260320_grp-16_run01	T0	7	4	105.00208	135.00208	0.0300817549419459	5.08530141538001e-05	119.91841212964754	40.25559667597208	2.957026737078203	0.1666432568936253
ses-20260320_grp-16_run01	T0	8	4	120.00208	150.00208	0.030081639374184847	5.097675430641106e-05	116.66999421137092	38.406904645851185	2.998311826139812	0.1452741561980944
ses-20260320_grp-16_run01	T0	9	4	135.00208	165.00208	0.030081487490458247	5.1210905268819934e-05	117.14115687060027	37.63453179250158	2.9903708586054147	0.1074473575971294
ses-20260320_grp-16_run01	T0	10	4	150.00208	180.00208	0.0300814089270049	5.140250529536341e-05	90.62627950166413	41.56500179511742	2.9733547845343815	0.09528610358461062
ses-20260320_grp-16_run01	T0	11	4	165.00208	195.00208	0.030081849455599725	5.221034414468056e-05	72.9314763023276	43.00922284158202	2.9959002187228156	0.15117618799803606
ses-20260320_grp-16_run01	T0	12	4	180.00208	210.00208	0.03008171399794815	5.2261909131824476e-05	75.68699189171427	35.761639076252216	3.0281560555484672	0.19069797137280625
ses-20260320_grp-16_run01	T0	13	4	195.00208	225.00208	0.030081069379681025	5.137970133045859e-05	81.0633612017619	38.271753259984294	3.0531929662311064	0.28167956672553895
ses-20260320_grp-16_run01	T0	14	4	210.00208	240.00208	0.03008091273985005	5.1326874353736456e-05	80.61704065276287	39.03467291293276	3.035793953370391	0.30374050165586836
ses-20260320_grp-16_run01	T0	15	4	225.00208	255.00208	0.030247497193152326	0.0002705217107379507	78.32350910363472	32.10419869868228	2.982514347831227	0.19169044434409277
ses-20260320_grp-16_run01	T0	16	4	240.00208	270.00208	0.030250074063874553	0.00027595991276156494	59.59020441067034	4.554635342906662	2.937594560015473	0.12799363213365858
ses-20260320_grp-16_run01	T0	17	4	255.00208	285.00208	0.03031896936114295	0.00042801000617917153	58.38184614761869	5.770921985241468	2.949283633808852	0.1407988865138714
ses-20260320_grp-16_run01	T0	18	4	270.00208	300.00208	0.03212389429642065	0.003561212392770384	59.50514382819596	7.497663317313014	2.9657047791552076	0.18574100530973184
ses-20260320_grp-16_run01	T0	19	4	285.00208	315.00208	0.0368303217241379	0.01171306072877248	56.90120589991469	12.418325653974781	2.929980151972729	0.22769432967608885
ses-20260320_grp-16_run01	T0	20	4	300.00208	330.00208	0.0435941181232656	0.02342848613081363	54.356615752647606	9.029980753889344	2.888427646978895	0.19348426135898708
ses-20260320_grp-16_run01	T0	21	4	315.00208	345.00208	0.044844249880523025	0.025593881994223036	60.887750410924504	4.982473084189942	2.870417724727093	0.10641551217848658
ses-20260320_grp-16_run01	T0	22	4	330.00208	360.00208	0.04006208257571147	0.017311177781581175	67.36458903051242	13.124760446073985	2.834139926851343	0.05111250521169426
ses-20260320_grp-16_run01	T0	23	4	345.00208	375.00208	0.0367988204419889	0.01165943570538651	60.15868871969132	11.323172111049892	2.8187589792671717	0.07439507548576478
ses-20260320_grp-16_run01	T0	24	4	171249.966693	171279.966693	0.0354741031842557	0.009365045115471513	66.20642893949235	5.160494592009431		
ses-20260320_grp-16_run01	T0	25	4	171264.966693	171294.966693	0.03346203055461595	0.005874982017105106	59.737310030605336	9.31669854331703		
ses-20260320_grp-16_run01	T0	26	4	171279.966693	171309.966693	0.03117998624010515	0.0019227329233485486	53.04040408758662	11.445682262760144		
ses-20260320_grp-16_run01	T0	27	4	171294.966693	171324.966693	0.03032581008468615	0.0004499428999616651	56.34759251313438	6.009727503460894		
ses-20260320_grp-16_run01	T0	28	4	171309.966693	171339.966693	0.0303987674772333	0.0005759756677314716	52.92846169736149	3.8411665168680535		
ses-20260320_grp-16_run01	T0	29	4	171324.966693	171354.966693	0.030340164236997477	0.0004758921030623977	66.75195110932535	9.260044267123634		
ses-20260320_grp-16_run01	T0	30	4	171339.966693	171369.966693	0.0300877466631945	6.034448206384265e-05	61.16694913426181	9.059048993447364		
ses-20260320_grp-16_run01	T0	31	4	171354.966693	171384.966693	0.0301332996216686	7.3565855374939e-05	68.17156297705861	5.119202375824883		
ses-20260320_grp-16_run01	T0	32	4	171369.966693	171399.966693	0.030382328507269452	0.0003893104432525301	67.06936692129105	7.368779360704285		
ses-20260320_grp-16_run01	T0	33	4	171384.966693	171414.966693	0.030939656227798977	0.00086665138747943	66.89034930329332	9.267161131989106		
ses-20260320_grp-16_run01	T0	34	4	171399.966693	171429.966693	0.031787259999903346	0.0017923979243529354	70.93955446756718	4.323474108197252		
ses-20260320_grp-16_run01	T0	35	4	171414.966693	171444.966693	0.032436429040706975	0.002371056349290596	65.30844290404738	5.67626001885548		
ses-20260320_grp-16_run01	T0	36	4	171429.966693	171459.966693	0.03254661451169185	0.0025963641634795956	60.193715371771155	4.8011317981839605		
ses-20260320_grp-16_run01	T0	37	4	171444.966693	171474.966693	0.0326150715268225	0.0029742655502859932	65.69638801195681	10.625247007001443		
ses-20260320_grp-16_run01	T0	38	4	171459.966693	171489.966693	0.03282440968406587	0.0033772802907220145	68.16273433186865	8.97776166082953		
ses-20260320_grp-16_run01	T0	39	4	171474.966693	171504.966693	0.0328001696428571	0.0033881526121117547	65.90017740673521	16.954181639736106		
ses-20260320_grp-16_run01	T0	40	4	171489.966693	171519.966693	0.032486116868403726	0.002820391937931522	71.58546582730617	13.239115098016946		
ses-20260320_grp-16_run01	T0	41	4	171504.966693	171534.966693	0.032349209686283575	0.0025556302065950524	67.35620996270215	11.9491150222059		
ses-20260320_grp-16_run01	T0	42	4	171519.966693	171549.966693	0.0325293066155759	0.002805638925628219	70.1521079917776	16.63568407325506		
ses-20260320_grp-16_run01	T0	43	4	171534.966693	171564.966693	0.032954301112656424	0.0032667225933070004	77.2660353014816	21.146821343161324		
ses-20260320_grp-16_run01	T0	44	4	171549.966693	171579.966693	0.03357779706163715	0.003694720757512887	78.40802763659195	21.103228801395655		
ses-20260320_grp-16_run01	T0	45	4	171564.966693	171594.966693	0.03444733784448342	0.004442101625421089	70.56759196250754	12.7887013953028		
ses-20260320_grp-16_run01	T0	46	4	171579.966693	171609.966693	0.03612109923398325	0.005623300804951846	65.93345287767931	1.9242411035077371		
ses-20260320_grp-16_run01	T0	47	4	171594.966693	171624.966693	0.03782084966726545	0.0064458259377609085	72.40526212477891	6.132585811960689		
ses-20260320_grp-16_run01	T0	48	4	171609.966693	171639.966693	0.03817111369432882	0.006565384513278102	78.63466069848923	20.14184566419113		
ses-20260320_grp-16_run01	T0	49	4	171624.966693	171654.966693	0.037189757478455925	0.005418559547474482	65.22523436544466	12.343746108775449		
ses-20260320_grp-16_run01	T0	50	4	171639.966693	171669.966693	0.03545565947075205	0.003496251147165303	74.85209005732382	16.109105002297266		
ses-20260320_grp-16_run01	T0	51	4	171654.966693	171684.966693	0.03460248864663437	0.0032885117230592874	82.43312671120938	29.94817693007346		
ses-20260320_grp-16_run01	T0	52	4	171669.966693	171699.966693	0.034923099773792626	0.0042693852965556495	70.25112169684087	18.72643424770544		
ses-20260320_grp-16_run01	T0	53	4	171684.966693	171714.966693	0.0363057419068808	0.006441685889573502	73.46656129507758	26.6424972407572		
ses-20260320_grp-16_run01	T0	54	4	171699.966693	171729.966693	0.03803504983323942	0.008830206988849136	83.86091851274985	29.05016803740843		
ses-20260320_grp-16_run01	T0	55	4	171714.966693	171744.966693	0.038705507572871	0.009522689086160403	83.02771096090632	29.448275026264955		
ses-20260320_grp-16_run01	T0	56	4	171729.966693	171759.966693	0.0391375305131761	0.009917751534047855	77.19469913832324	21.062850246268503		
ses-20260320_grp-16_run01	T0	57	4	171744.966693	171774.966693	0.0394912135416666	0.010231257505678933	87.81542956551661	34.34338053791883		
ses-20260320_grp-16_run01	T0	58	4	171759.966693	171789.966693	0.04014789172654917	0.009496721262762924	89.51639214550904	33.453698357590575		
ses-20260320_grp-16_run01	T0	59	4	171774.966693	171804.966693	0.04187306449833868	0.008867359019388154	84.81678088298149	28.71840150161257		
ses-20260320_grp-16_run01	T0	60	4	171789.966693	171819.966693	0.04383048944001135	0.009998645505082603	76.33883648614025	19.380984666629583		
ses-20260320_grp-16_run01	T0	61	4	171804.966693	171834.966693	0.04306317733916752	0.010146686005763355	74.21453427199653	32.35011616166544		
ses-20260320_grp-16_run01	T0	62	4	171819.966693	171849.966693	0.0418641338500997	0.010133734685645627	65.96892897118502	18.113104740061353		
ses-20260320_grp-16_run01	T0	63	4	171834.966693	171864.966693	0.04251318964354288	0.011715362026359491	71.56253474077653	32.681461592463904		
ses-20260320_grp-16_run01	T0	64	4	171849.966693	171879.966693	0.045093328095404575	0.013418783371853897	68.98076369626693	23.855202179474976		
ses-20260320_grp-16_run01	T0	65	4	171864.966693	171894.966693	0.04595963344051598	0.013240013711980856	65.98600197440713	15.35972456811611		
ses-20260320_grp-16_run01	T0	66	4	171879.966693	171909.966693	0.0446238293185327	0.012436365227134656	72.0271866682918	8.769303706080315		
ses-20260320_grp-16_run01	T0	67	4	171894.966693	171924.966693	0.0451402480661532	0.014445046481367445	67.7855827974247	9.508048032373225		
ses-20260320_grp-16_run01	T0	68	4	171909.966693	171939.966693	0.047583654794520494	0.01826544708637404	73.48724131990147	3.980982028631812		
ses-20260320_grp-16_run01	T0	69	4	171924.966693	171954.966693	0.04966491071428568	0.020219727892912313	75.9695071671494	17.219197191469867		
ses-20260320_grp-16_run01	T0	70	4	171939.966693	171969.966693	0.04998341162310862	0.019206591780698806	73.11361172987418	11.701531238527412		
ses-20260320_grp-16_run01	T0	71	4	171954.966693	171984.966693	0.04945720186980605	0.01816286493018764	68.85321957814247	8.740814346503019		
ses-20260320_grp-16_run01	T0	72	4	171969.966693	171999.966693	0.049492081015299005	0.019020202398176502	67.12529292150148	16.89642134315993		
ses-20260320_grp-16_run01	T0	73	4	171984.966693	172014.966693	0.051215003138075275	0.02182052532920868	67.51298269296512	10.631314783234751		
ses-20260320_grp-16_run01	T0	74	4	171999.966693	172029.966693	0.052501792072322626	0.024018761524700307	75.96829718450513	8.446550971574771		
ses-20260320_grp-16_run01	T0	75	4	172014.966693	172044.966693	0.05265138268791268	0.025339859006992094	80.8148531469307	25.52970961401996		
ses-20260320_grp-16_run01	T0	76	4	172029.966693	172059.966693	0.05412400280995215	0.028830628345939913	85.8635060033291	23.87011130211805		
ses-20260320_grp-16_run01	T0	77	4	172044.966693	172074.966693	0.06119660864304395	0.039818054866867306	64.3455315560501	7.82320962997637		
ses-20260320_grp-16_run01	T0	78	4	172059.966693	172089.966693	0.06764662258382545	0.04889720189265222	67.51328071542584	10.893156649372523		
ses-20260320_grp-16_run01	T0	79	4	172074.966693	172104.966693	0.0694062713620566	0.05032955129623305	69.47310400129822	9.750856130330744		
ses-20260320_grp-16_run01	T0	80	4	172089.966693	172119.966693	0.06962386746241968	0.05147652827884633	70.93949356269819	8.534245654692734		
ses-20260320_grp-16_run01	T0	81	4	172104.966693	172134.966693	0.06937615666096698	0.05101981252660456	71.58698433585525	9.536676129368226		
ses-20260320_grp-16_run01	T0	82	4	172119.966693	172149.966693	0.06942377753754593	0.049834103485811077	71.57208625346816	9.543526025244697		
ses-20260320_grp-16_run01	T0	83	4	172134.966693	172164.966693	0.0683537385575589	0.049522433259581035	75.09638356783528	19.010817411782355		
ses-20260320_grp-16_run01	T0	84	4	172149.966693	172179.966693	0.0663616237931034	0.04876512054119632	86.2447979705123	28.705629655865703		
ses-20260320_grp-16_run01	T0	85	4	172164.966693	172194.966693	0.06631721098066293	0.046953733013242745	79.6228060837773	26.328629207876535		
ses-20260320_grp-16_run01	T0	86	4	172179.966693	172209.966693	0.0661529152777777	0.04421748327871233	61.5723098405634	14.004710009616742		
ses-20260320_grp-16_run01	T0	87	4	172194.966693	172224.966693	0.06371012586445363	0.04175914828436934	52.66427984035267	11.323428571070917		
ses-20260320_grp-16_run01	T0	88	4	172209.966693	172239.966693	0.0619526308701657	0.039232251656880456	62.10447540215624	12.284132197130326		
ses-20260320_grp-16_run01	T1	0	4	382.013229	412.013229	0.05855734673221235	0.03301810527182281	51.29553795028591	4.73386441413052	2.795676828999518	0.13599304856785216
ses-20260320_grp-16_run01	T1	1	4	397.013229	427.013229	0.06252467418970264	0.03872500206547361	51.42715530011867	5.583878021653632	2.842059644841549	0.1133737421772989
ses-20260320_grp-16_run01	T1	2	4	412.013229	442.013229	0.06363517267569718	0.04000779312480085	54.349728805806734	6.456115653097937	2.959454627748186	0.13668084748924955
ses-20260320_grp-16_run01	T1	3	4	427.013229	457.013229	0.06449914141297881	0.04106685605252052	58.48008296677509	8.248227825778555	2.9068612911270724	0.12238038627248626
ses-20260320_grp-16_run01	T1	4	4	442.013229	472.013229	0.06345288831899201	0.0391130674724727	78.77994273079715	23.457349852202167	2.8613193391188148	0.08084079807528517
ses-20260320_grp-16_run01	T1	5	4	457.013229	487.013229	0.05804973226035622	0.031002182122881423	60.03465625040367	8.897132365047913	2.9385809315146525	0.0461352811661543
ses-20260320_grp-16_run01	T1	6	4	472.013229	502.013229	0.053373407383429224	0.024168954785826226	60.91336142821898	10.900221119391583	2.956955102394982	0.023050336461107705
ses-20260320_grp-16_run01	T1	7	4	487.013229	517.013229	0.052789562203741223	0.023236413343479707	54.536670428291586	1.8049611160211056	2.9807837071901506	0.11432344916676278
ses-20260320_grp-16_run01	T1	8	4	502.013229	532.013229	0.053150247101048674	0.023608054830011885	53.84659265437875	9.598021416855163	3.005976164896849	0.1529588754645885
ses-20260320_grp-16_run01	T1	9	4	517.013229	547.013229	0.05109396592539022	0.021095287043333265	60.69133853913176	5.789427282817736	3.0136726231015247	0.13941532682109434
ses-20260320_grp-16_run01	T1	10	4	532.013229	562.013229	0.061316513046544376	0.03549255290391926	56.450345528761275	5.912888232042511	3.026710501518643	0.17989781643691172
ses-20260320_grp-16_run01	T1	11	4	547.013229	577.013229	0.0709772633686714	0.05124026966446135	57.70787818265731	3.2442547609640826	2.9897850392012684	0.17248607040697858
ses-20260320_grp-16_run01	T1	12	4	562.013229	592.013229	0.06756100655444618	0.045115033681508966	68.86678411271144	8.865340652903539	2.9400286464310135	0.08234698435606048
ses-20260320_grp-16_run01	T1	13	4	577.013229	607.013229	0.06490710759943177	0.04040826731891963	66.40238451987037	12.992762581166074	2.9467594944520075	0.0698582782796515
ses-20260320_grp-16_run01	T1	14	4	592.013229	622.013229	0.0666366804564907	0.043219252748616814	65.22943265222864	9.757003777634958	2.9736684502065662	0.03946960163589043
ses-20260320_grp-16_run01	T1	15	4	607.013229	637.013229	0.0733227567375886	0.0540712202668639	52.612674114171796	3.9062227769828475	2.932474741207488	0.061847079558072025
ses-20260320_grp-16_run01	T1	16	4	622.013229	652.013229	0.0715091443074728	0.05085332818412063	60.2445600619195	9.28882451881145	2.9344378782766745	0.08506407631586306
ses-20260320_grp-16_run01	T1	17	4	637.013229	667.013229	0.06606790944055937	0.04188874353099035	64.28522404919406	8.34145372691177	3.0145129329623903	0.13406835596549865
ses-20260320_grp-16_run01	T1	18	4	652.013229	682.013229	0.06444793968791168	0.039056945904363524	64.45502646821033	7.74060465003351	2.9814866143114243	0.18472211701406405
ses-20260320_grp-16_run01	T1	19	4	172545.651264	172575.651264	0.06598424580863535	0.04117071526286913	62.473221422972955	12.548821965631475		
ses-20260320_grp-16_run01	T1	20	4	172560.651264	172590.651264	0.08212730159806138	0.06711692758420294	70.52412713150402	11.841643537773942		
ses-20260320_grp-16_run01	T1	21	4	172575.651264	172605.651264	0.09134568315495775	0.0823607209249512	75.97263788084786	1.6038321259241037		
ses-20260320_grp-16_run01	T1	22	4	172590.651264	172620.651264	0.07871962104444725	0.06099521628478027	79.31522345215149	7.9646143904831534		
ses-20260320_grp-16_run01	T1	23	4	172605.651264	172635.651264	0.07915037562791999	0.06146588013729573	66.84560876858087	14.441707680618398		
ses-20260320_grp-16_run01	T1	24	4	172620.651264	172650.651264	0.08559189791403317	0.07517104398407648	65.32583716040565	11.678999505650628		
ses-20260320_grp-16_run01	T1	25	4	172635.651264	172665.651264	0.08146389451679835	0.0710690800577277	62.549903418606576	3.7718648431470734		
ses-20260320_grp-16_run01	T1	26	4	172650.651264	172680.651264	0.07958930348997957	0.06568495420080332	54.302506035011014	8.725896672385328		
ses-20260320_grp-16_run01	T1	27	4	172665.651264	172695.651264	0.07846692655656583	0.060913801231625604	59.40699475415635	9.076068697615097		
ses-20260320_grp-16_run01	T1	28	4	172680.651264	172710.651264	0.06555631710893847	0.03850471213076666	64.481037759952	14.701871770120189		
ses-20260320_grp-16_run01	T1	29	4	172695.651264	172725.651264	0.04776419327451745	0.016868161065395425	65.4453565242257	17.444398107253374		
ses-20260320_grp-16_run01	T1	30	4	172710.651264	172740.651264	0.04200890242853868	0.01731069511537871	67.23954901180936	9.436160601849092		
ses-20260320_grp-16_run01	T1	31	4	172725.651264	172755.651264	0.04183617259811745	0.01724342337627688	79.80551770902572	16.371534729643788		
ses-20260320_grp-16_run01	T1	32	4	172740.651264	172770.651264	0.041687368546778104	0.01714334960244029	103.19061302791513	29.948091254061755		
ses-20260320_grp-16_run01	T1	33	4	172755.651264	172785.651264	0.04246644258803973	0.017463037681445578	74.50862863832089	13.813346751938596		
ses-20260320_grp-16_run01	T1	34	4	172770.651264	172800.651264	0.04331305547652907	0.018032506799902117	68.44415143348013	11.453570770463855		
ses-20260320_grp-16_run01	T1	35	4	172785.651264	172815.651264	0.043375445486111074	0.018143742352098292	70.40367332542726	11.20807303859151		
ses-20260320_grp-16_run01	T1	36	4	172800.651264	172830.651264	0.04320947544951588	0.018167170907107167	64.20804116257383	3.6167318083527955		
ses-20260320_grp-16_run01	T1	37	4	172815.651264	172845.651264	0.043184802275960124	0.017193416914387312	59.241133140743784	10.809944241592248		
ses-20260320_grp-16_run01	T1	38	4	172830.651264	172860.651264	0.04307254752094827	0.016816790662866662	59.612766576200244	13.735422116353135		
ses-20260320_grp-16_run01	T2	0	4	690.010465	720.010465	0.05231404220261837	0.01632758656594813	56.65153293596722	8.19255944723609	2.928252499551569	0.15526048674337234
ses-20260320_grp-16_run01	T2	1	4	705.010465	735.010465	0.05242887216352333	0.01649437536485958	62.741335298424666	13.669878913591104	2.9662803587475794	0.20002985322420688
ses-20260320_grp-16_run01	T2	2	4	720.010465	750.010465	0.05387909394599437	0.016684286907815475	67.9208564176026	15.972112036117693	2.9888843285714914	0.24610972515865706
ses-20260320_grp-16_run01	T2	3	4	735.010465	765.010465	0.05928419017780717	0.019753588771431765	71.60868126995835	22.749703763990404	2.9620510665690167	0.27953227229407945
ses-20260320_grp-16_run01	T2	4	4	750.010465	780.010465	0.07526314245815413	0.04110356917742987	60.3101794922848	6.826255043738159	2.9902920437507627	0.25631077494487775
ses-20260320_grp-16_run01	T2	5	4	765.010465	795.010465	0.08352704736975256	0.05454700351595756	55.43046983357249	7.948382220437295	3.000588424595773	0.22678606993372122
ses-20260320_grp-16_run01	T2	6	4	780.010465	810.010465	0.08299609622993902	0.05314602199328548	64.29771512125397	10.890317689691171	2.9726824925563813	0.2151659870521288
ses-20260320_grp-16_run01	T2	7	4	795.010465	825.010465	0.09278293024861872	0.06767008767991373	50.497749516389284	7.755206958517832	2.8434644731505974	0.10265803135822094
ses-20260320_grp-16_run01	T2	8	4	810.010465	840.010465	0.10308120258019522	0.08528744777764721	56.67195101136932	13.826618408116953	2.674111361903003	0.11145746791628015
ses-20260320_grp-16_run01	T2	9	4	825.010465	855.010465	0.11257583827683613	0.1014692711686709	61.616212139835895	7.726293145305626	2.6948586892968924	0.14341331013779982
ses-20260320_grp-16_run01	T2	10	4	840.010465	870.010465	0.12039171043417363	0.11378565556491922	61.35238630109778	12.364952781004188	2.7903847743774475	0.08059088647250717
ses-20260320_grp-16_run01	T2	11	4	855.010465	885.010465	0.12402657018866839	0.11903995846037292	67.49135526092499	13.226892621533652	2.83170903221665	0.12440168393103711
ses-20260320_grp-16_run01	T2	12	4	870.010465	900.010465	0.12487947379673638	0.12060046836268239	68.76619273017641	16.365215818590297	2.809912890109469	0.12623797287275054
ses-20260320_grp-16_run01	T2	13	4	885.010465	915.010465	0.12319231078147609	0.11924242724159548	55.84540596525986	17.919867105085693	2.7694390234642214	0.1062980134325736
ses-20260320_grp-16_run01	T2	14	4	900.010465	930.010465	0.11545646929824555	0.1064423196224983	63.63530943212156	8.73585911825558	2.7743996762366177	0.12426840606683921
ses-20260320_grp-16_run01	T2	15	4	915.010465	945.010465	0.10929844696969693	0.0944932276371806	60.550634853317675	17.921677769873487	2.7601375201653204	0.14312999428849424
ses-20260320_grp-16_run01	T2	16	4	930.010465	960.010465	0.11071510028449497	0.09578438625321463	65.70496412217605	13.804452434873822	2.7485016217219798	0.13695949465181312
ses-20260320_grp-16_run01	T2	17	4	945.010465	975.010465	0.11128365529753263	0.09982298263799357	67.51513448224357	15.127076773855894	2.7064269296487016	0.038149485587935864
ses-20260320_grp-16_run01	T2	18	4	960.010465	990.010465	0.11037263230994147	0.10396526354859384	71.07543725157336	17.557064239715025	2.6053712942102862	0.1438564175052435
ses-20260320_grp-16_run01	T2	19	4	975.010465	1005.010465	0.1100061286327834	0.10713593340118634	63.28228396859326	14.26314075655579	2.5356426782020183	0.197421779365787
ses-20260320_grp-16_run01	T2	20	4	990.010465	1020.010465	0.11009237412587411	0.10910261902185432	69.18075411593216	5.74215665311306	2.5374541888621365	0.1586613499573082
ses-20260320_grp-16_run01	T2	21	4	1005.010465	1035.0104649999998	0.10596135748626369	0.10203855150077067	65.15430641368104	9.657346652591473	2.613731536352587	0.20047311935470974
ses-20260320_grp-16_run01	T2	22	4	1020.010465	1050.0104649999998	0.10124173706691648	0.09391719166904672	73.29798686731614	4.862270629621256	2.712178404762497	0.23390237823019916
ses-20260320_grp-16_run01	T2	23	4	1035.0104649999998	1065.0104649999998	0.10860958821004311	0.10616411385881307	75.09761935641599	18.101580420552065	2.872130267520306	0.19094816009554705
ses-20260320_grp-16_run01	T2	24	4	1050.0104649999998	1080.0104649999998	0.1192504319617826	0.12384997601696908	71.43295352953936	14.386354388445492	2.98994594709729	0.22465909323996036
ses-20260320_grp-16_run01	T2	25	4	173520.711392	173550.711392	0.12355586050640874	0.1279053214627772	70.26663686903106	14.134821597417382		
ses-20260320_grp-16_run01	T2	26	4	173535.711392	173565.711392	0.11639742505410262	0.11150629500015348	73.67244643321192	18.857716222666124		
ses-20260320_grp-16_run01	T2	27	4	173550.711392	173580.711392	0.1094781423616198	0.09763829806123163	82.64690501053214	23.765174749970686		
ses-20260320_grp-16_run01	T2	28	4	173565.711392	173595.711392	0.11165200528426773	0.09905710446915365	74.31353416761479	16.854479035638438		
ses-20260320_grp-16_run01	T2	29	4	173580.711392	173610.711392	0.10158819380626076	0.07919683103212959	71.50869344059366	13.898462419142286		
ses-20260320_grp-16_run01	T2	30	4	173595.711392	173625.711392	0.07054595246734395	0.029686244636876906	64.82992680793151	5.849776195855031		
ses-20260320_grp-16_run01	T2	31	4	173610.711392	173640.711392	0.05134251071428567	0.023642264701941078	77.38957947684943	20.819058759287365		
ses-20260320_grp-16_run01	T2	32	4	173625.711392	173655.711392	0.05199996737588647	0.024360208105595454	68.1380826173053	5.103980787088754		
ses-20260320_grp-16_run01	T2	33	4	173640.711392	173670.711392	0.05105842930074655	0.024295586473238203	69.48191280708889	3.4855588003953257		
ses-20260320_grp-16_run01	T2	34	4	173655.711392	173685.711392	0.04934447891860262	0.024370377860035337	68.05034240088469	7.366180385751468		
ses-20260320_grp-16_run01	T2	35	4	173670.711392	173700.711392	0.05939304656160455	0.02207605906127647	69.96406501356898	3.895607067850152		
ses-20260320_grp-16_run01	T2	36	4	173685.711392	173715.711392	0.08412463043231276	0.05414776633900642	72.73779959940312	8.627924278868768		
ses-20260320_grp-16_run01	T2	37	4	173700.711392	173730.711392	0.10202585513492912	0.08634872515701637	73.84028454428477	5.857065216236284		
ses-20260320_grp-16_run01	T2	38	4	173715.711392	173745.711392	0.10747295661646056	0.09861784810777526	73.53125775245135	18.52322257786467		
ses-20260320_grp-16_run01	T2	39	4	173730.711392	173760.711392	0.10754295534578247	0.09760622887236138	74.36573181250975	16.846295251057995		
ses-20260320_grp-16_run01	T2	40	4	173745.711392	173775.711392	0.10512378943066007	0.09150783477560667	69.48356253051004	16.554527259173526		
ses-20260320_grp-16_run01	T2	41	4	173760.711392	173790.711392	0.10257250946704062	0.08474998898896995	69.46480840105451	5.0257458909162915		
ses-20260320_grp-16_run01	T2	42	4	173775.711392	173805.711392	0.09929059717168355	0.07961450361295869	67.61082517087927	6.129561410502289		
ses-20260320_grp-16_run01	T3	0	4	1092.017787	1122.017787	0.05656686848501375	0.022644876597521162	59.0775142244276	5.631827424435422	2.7915232275360715	0.12100342354719391
ses-20260320_grp-16_run01	T3	1	4	1107.017787	1137.017787	0.05961827198633663	0.023449039430798513	58.6674205254005	11.193398275956477	2.7892719352600093	0.09631459375734072
ses-20260320_grp-16_run01	T3	2	4	1122.017787	1152.017787	0.0597913594042981	0.02378553489942629	56.656172322644686	8.86106630230507	2.8508457901751094	0.06957183433297374
ses-20260320_grp-16_run01	T3	3	4	1137.017787	1167.017787	0.05779587777307978	0.023797103897329343	60.19363117053545	8.200471312338193	2.9368199456451247	0.09198938306753826
ses-20260320_grp-16_run01	T3	4	4	1152.017787	1182.017787	0.05823180562222455	0.02568470956015579	55.057827770041065	2.9950934887248013	2.946109975100704	0.11594384739024127
ses-20260320_grp-16_run01	T3	5	4	1167.017787	1197.017787	0.05396133015536719	0.021913055891175183	57.87183783628974	8.319960188798067	2.944773569990077	0.11129668313704248
ses-20260320_grp-16_run01	T3	6	4	1182.017787	1212.017787	0.04738534807925995	0.020758283514314232	64.43594401454213	11.883516548382445	2.9487284832521015	0.14529041521737457
ses-20260320_grp-16_run01	T3	7	4	1197.017787	1227.017787	0.047629511444921245	0.022048354283199567	77.49011274014225	15.715390569897364	2.937639978319731	0.15486693419335967
ses-20260320_grp-16_run01	T3	8	4	1212.017787	1242.017787	0.04811571131805155	0.021280318692716405	77.83591199964596	11.435530013258447	2.9637838595529185	0.14210386463911925
ses-20260320_grp-16_run01	T3	9	4	1227.017787	1257.017787	0.04907823417721515	0.021784070777944285	76.94676473856846	7.235391148059418	3.0041131293632497	0.16894490265215617
ses-20260320_grp-16_run01	T3	10	4	1242.017787	1272.017787	0.04922391178521615	0.02146964922169877	73.00165794532371	14.833840220224838	2.9629592486716643	0.17050319952569806
ses-20260320_grp-16_run01	T3	11	4	174186.377098	174216.377098	0.0492937934782608	0.021190016666100153	86.35243834984172	27.31850887220224		
ses-20260320_grp-16_run01	T3	12	4	174201.377098	174231.377098	0.05008473280860408	0.022668234721488108	85.52013751348817	21.275744708737125		
ses-20260320_grp-16_run01	T3	13	4	174216.377098	174246.377098	0.04809380988753882	0.02181689417399186	76.87471433242368	10.49792374212885		
ses-20260320_grp-16_run01	T3	14	4	174231.377098	174261.377098	0.046237786002953404	0.0221310095332788	84.37520681340253	22.086822879155648		
ses-20260320_grp-16_run01	T3	15	4	174246.377098	174276.377098	0.046779580500090526	0.022166380012867283	86.56597588093291	20.761620712859546		
ses-20260320_grp-16_run01	T3	16	4	174261.377098	174291.377098	0.047522000460263225	0.023023330340413657	84.3633338250457	16.947556152539544		
ses-20260320_grp-16_run01	T3	17	4	174276.377098	174306.377098	0.054964933545819744	0.026199385874779515	85.9140052341239	18.309828089701217		
ses-20260320_grp-16_run01	T3	18	4	174291.377098	174321.377098	0.062452724821813806	0.032385411659698424	73.24807492059931	3.247163935783011		
ses-20260320_grp-16_run01	T3	19	4	174306.377098	174336.377098	0.06263968331005579	0.03256460174852426	60.72970423922049	6.296771724336473		
ses-20260320_grp-16_run01	T3	20	4	174321.377098	174351.377098	0.06104132824377998	0.030950287865474164	65.58572791202508	3.260073846429296		
ses-20260320_grp-16_run01	T3	21	4	174336.377098	174366.377098	0.058141941222333654	0.028430148537646353	69.11009189362521	4.259127438166066		
ses-20260320_grp-16_run01	T3	22	4	174351.377098	174381.377098	0.05644823390089923	0.027715351490663818	73.05182891309822	5.0138634564085605		
ses-20260320_grp-16_run01	T3	23	4	174366.377098	174396.377098	0.05563015621855606	0.02772264669773169	81.87429549787606	3.238674978558333		
ses-20260320_grp-16_run01	T3	24	4	174381.377098	174411.377098	0.05557769413150976	0.028022117578000823	71.80756830224234	6.150980858837502		
ses-20260320_grp-16_run01	T3	25	4	174396.377098	174426.377098	0.056312202722446025	0.028481575887222315	71.61182364775782	13.796479551431958		
ses-20260320_grp-16_run01	T3	26	4	174411.377098	174441.377098	0.0584891199099579	0.029668964318368397	75.0174658436901	17.71932021652623		
ses-20260320_grp-16_run01	T3	27	4	174426.377098	174456.377098	0.060010273067884076	0.0299988200530794	71.21993325080858	9.40436879863375		
ses-20260320_grp-16_run01	T3	28	4	174441.377098	174471.377098	0.059135414839154576	0.02862241190768321	65.87204811695268	11.140582296233768		
ses-20260320_grp-16_run01	T3	29	4	174456.377098	174486.377098	0.0561729115451185	0.028459953112217082	64.89883379007935	7.455620148701881		
ses-20260320_grp-16_run01	T3	30	4	174471.377098	174501.377098	0.05238823652884015	0.02967909931368578	71.52689754380815	3.26531649172626		
ses-20260320_grp-16_run01	T3	31	4	174486.377098	174516.377098	0.051389074608395924	0.03036424687278379	78.44118881494454	15.231878056140197		
ses-20260320_grp-16_run01	T3	32	4	174501.377098	174531.377098	0.051854912030598	0.030324396400124208	73.24990643396202	12.37516084625152		
ses-20260320_grp-16_run01	T3	33	4	174516.377098	174546.377098	0.05247093333168218	0.030247042684453603	68.42814704407424	18.104807817472594		
ses-20260320_grp-16_run01	T3	34	4	174531.377098	174561.377098	0.05342394645340745	0.02979651153225992	78.8524445921216	11.56962600449013		
ses-20260320_grp-16_run01	T3	35	4	174546.377098	174576.377098	0.052142635189820874	0.030163954007704403	70.58019692289724	3.3237731517710194		
ses-20260320_grp-16_run01	T3	36	4	174561.377098	174591.377098	0.0490689285436868	0.030674544039334242	60.95498556617024	5.976749825926754		
ses-20260320_grp-16_run01	T3	37	4	174576.377098	174606.377098	0.048893542963774794	0.031228077266121958	62.078623554455575	2.9398824066037106		
ses-20260320_grp-16_run01	T3	38	4	174591.377098	174621.377098	0.051403105782268727	0.032072661018076216	71.10043429923802	2.7961354136779804		
ses-20260320_grp-16_run01	T3	39	4	174606.377098	174636.377098	0.053020898016337255	0.03225716092616382	74.96999511181102	5.4596091582053194		
ses-20260320_grp-16_run01	T3	40	4	174621.377098	174651.377098	0.05210282378518888	0.03301144363225473	63.73972781450089	3.0279471044335797		
ses-20260320_grp-16_run01	T3	41	4	174636.377098	174666.377098	0.05102900285123538	0.0331958438245761	65.77512252964696	5.312887185896156		
ses-20260320_grp-16_run01	T3	42	4	174651.377098	174681.377098	0.0508238988080165	0.033345506629997565	59.52779885506968	9.644984083842319		
ses-20260320_grp-16_run01	T3	43	4	174666.377098	174696.377098	0.0508360508856363	0.03441651246637691	62.2022042191808	3.8031178711666107		
ses-20260320_grp-16_run01	T3	44	4	174681.377098	174711.377098	0.051684470545113326	0.03461417703095357	63.14558419717849	5.7955308087645365		
ses-20260320_grp-16_run01	T3	45	4	174696.377098	174726.377098	0.05179621429947132	0.03238151705722663	68.7234613254225	12.609134680453849		
ses-20260320_grp-16_run01	T3	46	4	174711.377098	174741.377098	0.04994368482246682	0.028529394804304442	69.58136503848813	10.450736670219255		
ses-20260320_grp-16_run01	T3	47	4	174726.377098	174756.377098	0.0514862057955085	0.029968605891070015	68.4587625956706	10.827960872119922		
ses-20260320_grp-16_run01	T3	48	4	174741.377098	174771.377098	0.05507456883785808	0.03459803271604294	70.17351216087275	15.13456756236002		
ses-20260320_grp-16_run01	T3	49	4	174756.377098	174786.377098	0.052920104444197175	0.035356812013392656	83.31531191866286	27.591380908668327		
ses-20260320_grp-16_run01	T3	50	4	174771.377098	174801.377098	0.051572498057451475	0.03624581916715168	71.50895886798634	16.107246033184065		
ses-20260320_grp-16_run01	T3	51	4	174786.377098	174816.377098	0.053779143641560376	0.03818873470964513	62.260088280555394	6.297040659991346		
ses-20260320_grp-16_run01	T3	52	4	174801.377098	174831.377098	0.0545837028241366	0.039527193725994884	59.4098187439627	8.094555970882016		
ses-20260320_grp-16_run01	T3	53	4	174816.377098	174846.377098	0.05458872457837587	0.04013950488422955	63.52941036747132	8.963320835507718		
ses-20260320_grp-16_run01	T3	54	4	174831.377098	174861.377098	0.05500559718309855	0.04005596467242922	64.89778046304542	8.530134124636598		
ses-20260320_grp-16_run01	T3	55	4	174846.377098	174876.377098	0.05183417635993638	0.032808013892001886	65.1619501746069	4.7179791377227716		
ses-20260320_grp-16_run01	T3	56	4	174861.377098	174891.377098	0.0501226774168994	0.028859551971802393	74.75459286959713	10.379785151450692		
ses-20260320_grp-16_run01	T3	57	4	174876.377098	174906.377098	0.05379192085076705	0.03521335180248319	77.07081325430151	15.685787233511524		
ses-20260320_grp-16_run01	T3	58	4	174891.377098	174921.377098	0.05630755322128848	0.04025526912266681	67.49492661443854	7.040175416533234		
ses-20260320_grp-16_run01	T3	59	4	174906.377098	174936.377098	0.05474065999999997	0.03978339467184397	71.69353915606291	6.137595830294962		
ses-20260320_grp-16_run01	T3	60	4	174921.377098	174951.377098	0.04683157083184736	0.027438341268462823	74.5460570664733	29.57048196543107		
ses-20260320_grp-16_run01	T3	61	4	174936.377098	174966.377098	0.040338464869608404	0.01540620346705595	63.324665745828135	6.611746038798684		
ses-20260320_grp-16_run01	T3	62	4	174951.377098	174981.377098	0.03906227754098498	0.011618207622260103	75.23867620911808	11.085177195442766		
ses-20260320_grp-16_run01	T4	0	4	1274.006996	1304.006996	0.047428527618894004	0.02074640487068571	71.6979713376223	13.289671585906829	2.8928118089853014	0.2097916909901233
ses-20260320_grp-16_run01	T4	1	4	1289.006996	1319.006996	0.04893062973905075	0.023174508541936735	66.4250425169391	11.968977737933056	2.813647869632599	0.08813823395396227
ses-20260320_grp-16_run01	T4	2	4	1304.006996	1334.006996	0.05156508530772363	0.02686370499069953	61.475002745116186	18.3550627356333	2.7963649930911263	0.04936857729172951
ses-20260320_grp-16_run01	T4	3	4	1319.006996	1349.006996	0.052776535885651774	0.028446820621488456	59.35885652371829	6.302635352299853	2.87615298731477	0.10095052508659186
ses-20260320_grp-16_run01	T4	4	4	1334.006996	1364.006996	0.05369083335451905	0.029870164802159423	61.634128307205316	10.799067272664521	2.89465288629561	0.17617621820601237
ses-20260320_grp-16_run01	T4	5	4	1349.006996	1379.006996	0.053074626400941426	0.031015749357245076	69.46431538827494	17.69052298846888	2.942987020955454	0.2009438949205889
ses-20260320_grp-16_run01	T4	6	4	1364.006996	1394.006996	0.05275431735733708	0.030873436752394776	67.8712104605771	11.615611696744985	3.0334992819681337	0.16453924848001528
ses-20260320_grp-16_run01	T4	7	4	1379.006996	1409.006996	0.054082831009192596	0.030729404144288982	64.49387115735004	13.374074499867897	3.0149869124546784	0.08851643706551497
ses-20260320_grp-16_run01	T4	8	4	1394.006996	1424.006996	0.05506710098352547	0.031615847581281185	63.08122547210232	8.552873081419218	2.9017998210322724	0.07809027258872561
ses-20260320_grp-16_run01	T4	9	4	1409.006996	1439.006996	0.05585331821157993	0.032579846063739676	62.84986825981221	6.891404805062291	2.8812746343654707	0.08536256186919833
ses-20260320_grp-16_run01	T4	10	4	1424.006996	1454.006996	0.05681322075413367	0.03325373709499809	65.35012677548052	20.90223970648588	2.940371580330843	0.18595540678602424
ses-20260320_grp-16_run01	T4	11	4	1439.006996	1469.006996	0.05728363954236705	0.03350553763357242	58.65270368618114	7.242110668183772	2.8856630319242735	0.2096654225647559
ses-20260320_grp-16_run01	T4	12	4	1454.006996	1484.006996	0.056514977232781496	0.03462183502688768	72.78741948629282	11.55750152626915	2.772708795399394	0.1327425510616478
ses-20260320_grp-16_run01	T4	13	4	1469.006996	1499.006996	0.05460985409816243	0.03751211325191631	73.15702676839469	8.89076117946527	2.736293811551891	0.04958151561548746
ses-20260320_grp-16_run01	T4	14	4	1484.006996	1514.006996	0.05399594672381915	0.04103714406893011	73.92352265760866	14.46293789423972	2.671676493804703	0.10988470333319876
ses-20260320_grp-16_run01	T4	15	4	1499.006996	1529.006996	0.05491513597938365	0.04299927970905873	75.75657375224037	21.50344507569711	2.621378539714278	0.15551479739768215
ses-20260320_grp-16_run01	T4	16	4	1514.006996	1544.006996	0.05507738945118577	0.04328016827192127	65.75342904281653	9.242432909706444	2.6732154227289597	0.14300381570125836
ses-20260320_grp-16_run01	T4	17	4	1529.006996	1559.006996	0.05794280344669421	0.04728451044960317	61.37915425933906	8.472758125294174	2.67982496773887	0.1457109784403435
ses-20260320_grp-16_run01	T4	18	4	1544.006996	1574.006996	0.0634337879663455	0.05106490891082006	66.03092774823364	11.627152348999413	2.623064883865918	0.14377736458459095
ses-20260320_grp-16_run01	T4	19	4	1559.006996	1589.006996	0.06080258667449967	0.0393886768864885	74.66293431472526	13.989583711174246	2.6035012100224177	0.14136486642963786
ses-20260320_grp-16_run01	T4	20	4	1574.006996	1604.006996	0.05316988975514835	0.026009453917071802	77.1028910276662	16.31561223556711	2.608442635934699	0.14983280841758623
ses-20260320_grp-16_run01	T4	21	4	1589.006996	1619.006996	0.055490878882675405	0.03134355232776729	58.169457882640934	10.96059744414726	2.662958212732927	0.21537490506818938
ses-20260320_grp-16_run01	T4	22	4	1604.006996	1634.006996	0.0619182195893785	0.03884243107574092	68.77641285174843	2.1240569625013617	2.687850071846005	0.19894461498006513
ses-20260320_grp-16_run01	T4	23	4	1619.006996	1649.006996					2.7369063434703236	0.14905617915999206
ses-20260320_grp-16_run01	T4	24	4	1634.006996	1664.006996					2.8232682764994523	0.15459732931741968
ses-20260320_grp-16_run01	T4	25	4	1649.006996	1679.006996					2.8734481530065983	0.18783346135335308
ses-20260320_grp-16_run01	T4	26	4	1664.006996	1694.006996					2.8298887840972573	0.18667934012277085
ses-20260320_grp-16_run01	T4	27	4	1679.006996	1709.006996					2.7825083191116824	0.17263058981440776
ses-20260320_grp-16_run01	T4	28	4	1694.006996	1724.006996					2.7650202178144365	0.15307098951803175
ses-20260320_grp-16_run01	T4	29	4	1709.006996	1739.006996					2.81814941982878	0.17486811664735513
ses-20260320_grp-16_run01	T4	30	4	1724.006996	1754.006996					2.880084967909113	0.13737833056268342
ses-20260320_grp-16_run01	T4	31	4	1739.006996	1769.006996					2.8787140372681232	0.1668840901926387
ses-20260320_grp-16_run01	T4	32	4	1754.006996	1784.006996					2.8341037450497066	0.12637834122268155
ses-20260320_grp-16_run01	T4	33	4	1769.006996	1799.006996					2.8381248756827304	0.11965183977345151
ses-20260320_grp-16_run01	T4	34	4	1784.006996	1814.006996					2.8337378811715928	0.1281929508597902
ses-20260320_grp-16_run01	T4	35	4	1799.006996	1829.006996					2.802028733232855	0.11747750702355692
ses-20260320_grp-16_run01	T4	36	4	1814.006996	1844.006996					2.7142423193246485	0.08608247840440461
ses-20260320_grp-16_run01	T4	37	4	1829.006996	1859.006996					2.5994447918331067	0.09181499645139019
ses-20260320_grp-16_run01	T4	38	4	1844.006996	1874.006996					2.5835253730420975	0.1448503889664237
ses-20260320_grp-16_run01	T4	39	4	1859.006996	1889.006996					2.7014917170390924	0.1722339039651094
ses-20260320_grp-16_run01	T4	40	4	1874.006996	1904.006996					2.8471329159860064	0.14675861028505124
ses-20260320_grp-16_run01	T4	41	4	1889.006996	1919.006996					2.8433056122902274	0.088393589983682
ses-20260320_grp-16_run01	T4	42	4	1904.006996	1934.006996					2.8305581729632254	0.10642301800848307
ses-20260320_grp-16_run01	T4	43	4	1919.006996	1949.006996					2.9017200845972635	0.08929773889573826
ses-20260320_grp-16_run01	T4	44	4	1934.006996	1964.006996					2.9268026272497774	0.026739657367267355
ses-20260320_grp-16_run01	T4	45	4	1949.006996	1979.006996					2.9194473879508807	0.12578181430388313
ses-20260320_grp-16_run01	T4	46	4	1964.006996	1994.006996					2.9298669144277385	0.17488628321499694
ses-20260320_grp-16_run01	T4	47	4	1979.006996	2009.006996					2.9544664507925837	0.0779822609660539
ses-20260320_grp-16_run01	T4	48	4	1994.006996	2024.006996					2.9479851004416164	0.014540294572728448
ses-20260320_grp-16_run01	T4	49	4	2009.006996	2039.006996					2.9191971540835104	0.04265728922768026
ses-20260320_grp-16_run01	T4	50	4	2024.006996	2054.006996					2.93056534122417	0.07556575427154635
ses-20260320_grp-16_run01	T4	51	4	2039.006996	2069.006996					2.9525978795448635	0.12649969895229654
ses-20260320_grp-16_run01	T4	52	4	2054.006996	2084.006996					2.92871513909574	0.169511498902115
ses-20260320_grp-16_run01	T4	53	4	2069.006996	2099.006996					2.9217265951901723	0.15165562674971117
ses-20260320_grp-16_run01	T4	54	4	2084.006996	2114.006996					2.9647724827904716	0.1023760891275311
ses-20260320_grp-16_run01	T4	55	4	2099.006996	2129.006996					2.972128057313268	0.11947668785241357
ses-20260320_grp-16_run01	T4	56	4	2114.006996	2144.006996					2.9680095165909974	0.1566933564647206
ses-20260320_grp-16_run01	T4	57	4	2129.006996	2159.006996					2.9886659309502805	0.15388824811417437
