session_id	task_id	participant_id	source_file	et_available	sample_rate_hz	duration_s	gaze_valid_frac	gaze_out_of_bounds_frac	gaze_x_mean	gaze_y_mean	gaze_x_std	gaze_y_std	gaze_dispersion	gaze_velocity_mean	gaze_velocity_p95	pupil_mean	pupil_std	pupil_slope_per_s	pupil_missing_frac	pupil_range	pupil_velocity_mean	pupil_left_mean	pupil_right_mean	pupil_left_std	pupil_right_std	pupil_left_missing_frac	pupil_right_missing_frac	pupil_lr_diff_mean	blink_count_est	blink_rate_per_min	blink_duration_mean_s	blink_detectable	qc_flag	qc_notes	pupil_mean_delta_t0	pupil_mean_z_t0	pupil_left_mean_delta_t0	pupil_left_mean_z_t0	pupil_right_mean_delta_t0	pupil_right_mean_z_t0	gaze_x_mean_delta_t0	gaze_x_mean_z_t0	gaze_y_mean_delta_t0	gaze_y_mean_z_t0
ses-20260312_grp-07_run01	T0	P1	C:\Users\amodica\Downloads\affectai_et_all\bids_release_no_video\sub-01\ses-20260312_grp-07_run01\et\sub-01_ses-20260312_grp-07_run01_task-T0_run-01_acq-P1_tobii.tsv.gz	True	49.91016170466452	450.37696800002595	0.9353618933226567	0.005564539142014649	0.5380657233900884	0.5590386664130125	0.11943947599153738	0.20175277421527021	0.21956149052858884	0.6516474667605635	3.1459202341012205	3.0843971749262815	0.3595562199655343	-7.44276292825667e-05	0.06463810667734327	3.469	3.298536843761585	3.0758928941780654	3.0903200154224297	0.3580521012766913	0.405710688198573	0.09911472930290488	0.07696071889318923	0.20569940923200158	196	26.111459589557256	0.09731939795744196	True	ok	ok	-0.034493078010537026	-0.12662053350558544	-0.03812382415674387	-0.12114247575216139	-0.03648935090997929	-0.1310398560861409	0.015429179840506402	0.13663533409621229	0.02690400666065773	0.13284520867593327
ses-20260312_grp-07_run01	T0	P2	C:\Users\amodica\Downloads\affectai_et_all\bids_release_no_video\sub-01\ses-20260312_grp-07_run01\et\sub-01_ses-20260312_grp-07_run01_task-T0_run-01_acq-P2_tobii.tsv.gz	True	49.91016170466452	450.31704699998954	0.6610606869549742	0.03802665230852066	0.5001149347153049	0.7117792435051824	0.13051500013483366	0.20310490532119976	0.14010933214969148	2.6017170137542736	12.881718412777692	2.625559261004173	0.38194027571589995	2.0751622022589166e-05	0.3389393130450258	8.201	5.8596508323573016	2.5582094449047226	2.6885728040540537	0.48966386848838034	0.27244788046742324	0.46298273714184024	0.4732158747108026	0.2875809765797614	0			False	gaze_low_validity;pupil_low_coverage;pupil_left_low_coverage;pupil_right_low_coverage;blink_detection_unreliable	Fewer than 70 % of gaze samples are marked valid; gaze-position and velocity features may be unreliable. | Combined (mean) pupil diameter is missing for more than 30 % of samples; pupil features should be treated with caution. | Left-eye pupil diameter is missing for more than 30 % of samples. | Right-eye pupil diameter is missing for more than 30 % of samples. | Gaze validity is too low (< 70%) to distinguish blinks from tracking failures; blink_count_est, blink_rate_per_min, and blink_duration_mean_s are set to NaN. When gaze_valid is stuck at 1.0 (>= 99%), pupil-NaN transitions are used as a fallback instead of raising this flag.	-0.048755541407079495	-0.11219680132295937	-0.04003350569306674	-0.06662254997334577	-0.07492030533440452	-0.2798805330880357	-0.0020390672940722165	-0.013512394553154394	-0.016041905188722394	-0.0699938711820385
ses-20260312_grp-07_run01	T0	P3	C:\Users\amodica\Downloads\affectai_et_all\bids_release_no_video\sub-01\ses-20260312_grp-07_run01\et\sub-01_ses-20260312_grp-07_run01_task-T0_run-01_acq-P3_tobii.tsv.gz	True	49.91016170466452	450.3777199999895	0.9188131144623871	0.0013556696039508085	0.5036839934153191	0.5209932313353346	0.0801727816325494	0.1435503203966992	0.13797856456311153	0.4261193822978661	2.0627595537885477	3.0867375084729347	0.3884679182118122	2.5589137940305627e-05	0.08118688553761289	3.1710000000000003	1.4412511339258534	3.0027435079499574	3.1658650556881467	0.3745950867878567	0.41280624512039377	0.107478090662396	0.10529827839316697	0.1988643512115158	283	37.70168737476711	0.0989075159018879	True	ok	ok	-0.1195639487219653	-0.3216547409513047	-0.13514478636442373	-0.3603022133395139	-0.1020763937153002	-0.2659050225188076	-0.019602077515785576	-0.26729175057091203	-0.004546037924281876	-0.029157118261960636
ses-20260312_grp-07_run01	T0	P4	C:\Users\amodica\Downloads\affectai_et_all\bids_release_no_video\sub-01\ses-20260312_grp-07_run01\et\sub-01_ses-20260312_grp-07_run01_task-T0_run-01_acq-P4_tobii.tsv.gz	True	49.907670930760574	450.0809710000176	0.9217859686609686	0.015067368522721785	0.49752431544888204	0.6776069976336504	0.11600325630088545	0.1768702341285165	0.19262436843654124	0.642728697781092	3.070122477260767	3.2209536147196602	0.3543366722309812	5.90408675746782e-05	0.07821403133903138	8.112	3.8067961612691357	3.352392002285061	3.1444559435764314	0.45989129150766533	0.34795384756083253	0.22075320512820518	0.09112357549857553	0.23340290444379905	160	21.32949539872821	0.14213430000090738	True	ok	ok	-0.07281639703624432	-0.22632386497527768	0.011944836098702005	0.03241641025537254	-0.11600619912485621	-0.3829634526357122	0.007825587224023656	0.06058720478688316	0.03684486233387474	0.24096807372759219
ses-20260312_grp-07_run01	T1	P1	C:\Users\amodica\Downloads\affectai_et_all\bids_release_no_video\sub-01\ses-20260312_grp-07_run01\et\sub-01_ses-20260312_grp-07_run01_task-T1_run-01_acq-P1_tobii.tsv.gz	True	49.91016170466452	684.6419170000008	0.9520060870328642	0.0014140358427346224	0.5528775106821185	0.5745689680612338	0.10526235710660983	0.21427440434762032	0.22281708125346317	0.713272992340113	3.382135314833096	2.9173838185115737	0.29061787767902314	6.301485446286013e-05	0.04799391296713584	5.75	3.2761333332633544	2.919975175168828	2.9135133233252013	0.3067875712179074	0.32141415316381855	0.07696584823388253	0.06429428462731557	0.18317099147947327	176	15.424121336701601	0.10803688636455759	True	ok	ok	-0.20150643442524485	-0.7397093475954345	-0.19404154316598143	-0.6165874871642093	-0.21329604300720773	-0.7659846525733577	0.030240967132536545	0.2678032591660484	0.042434308308879065	0.20952992665420767
ses-20260312_grp-07_run01	T1	P2	C:\Users\amodica\Downloads\affectai_et_all\bids_release_no_video\sub-01\ses-20260312_grp-07_run01\et\sub-01_ses-20260312_grp-07_run01_task-T1_run-01_acq-P2_tobii.tsv.gz	True	49.91016170466452	684.6422010000097	0.4999268385473062	0.12158286015336885	0.4777169876485395	0.7069204413744657	0.2860588724222578	0.3616707308608589	0.23696470816157403	4.902850989688444	28.405479542726464	2.6160087221214074	0.7739120351909848	-9.79112605489007e-05	0.5000731614526939	10.057	12.877793071766314	2.812327989161115	2.5396040521202083	1.4401099785740537	0.28086121569671885	0.7408036053963887	0.6114541570337421	1.0033819045733519	0			False	gaze_low_validity;pupil_low_coverage;pupil_left_low_coverage;pupil_right_low_coverage;blink_detection_unreliable;gaze_out_of_bounds;pupil_velocity_spike	Fewer than 70 % of gaze samples are marked valid; gaze-position and velocity features may be unreliable. | Combined (mean) pupil diameter is missing for more than 30 % of samples; pupil features should be treated with caution. | Left-eye pupil diameter is missing for more than 30 % of samples. | Right-eye pupil diameter is missing for more than 30 % of samples. | Gaze validity is too low (< 70%) to distinguish blinks from tracking failures; blink_count_est, blink_rate_per_min, and blink_duration_mean_s are set to NaN. When gaze_valid is stuck at 1.0 (>= 99%), pupil-NaN transitions are used as a fallback instead of raising this flag. | More than 10 % of valid gaze samples fall outside the scene-camera frame [0, 1] in either axis; possible calibration drift or head rotation artefacts. | Mean pupil dilation velocity (computed only between consecutive valid samples) exceeds 10.0 mm/s, suggesting systematic artefactual jumps.	-0.058306080289844964	-0.13417460902711592	0.21408503856332572	0.3562738494495865	-0.22388905726824992	-0.8363845878780758	-0.024437014360837617	-0.16193804917800977	-0.02090070731943905	-0.09119374528897932
ses-20260312_grp-07_run01	T1	P3	C:\Users\amodica\Downloads\affectai_et_all\bids_release_no_video\sub-01\ses-20260312_grp-07_run01\et\sub-01_ses-20260312_grp-07_run01_task-T1_run-01_acq-P3_tobii.tsv.gz	True	49.91016170466452	684.6230229999637	0.8685689201053556	0.0028302840392196503	0.49818737154216786	0.5989217662320159	0.08322584463513388	0.162546859383072	0.15788212614749245	0.5838343981548011	2.708930746799233	3.0198203443512246	0.32422342586907005	6.392214010367899e-05	0.13143107989464442	4.34	1.9829312974521203	2.9428805932629465	3.099993982313874	0.31179704612710885	0.3405071838057976	0.18507462686567167	0.20242903131401813	0.18573784421715187	486	42.59278321115056	0.12842244032838424	True	ok	ok	-0.1864811128436754	-0.5016774260569729	-0.1950077010514346	-0.5198994959200159	-0.1679474670895731	-0.4374965983122878	-0.02509869938893683	-0.3422430755780606	0.0733824969723994	0.47065646574433434
ses-20260312_grp-07_run01	T1	P4	C:\Users\amodica\Downloads\affectai_et_all\bids_release_no_video\sub-01\ses-20260312_grp-07_run01\et\sub-01_ses-20260312_grp-07_run01_task-T1_run-01_acq-P4_tobii.tsv.gz	True	49.907670930760574	684.6287979999906	0.934211296458882	0.010087087275233381	0.4909856274669507	0.7270705156318525	0.09248695267208948	0.17152487174205877	0.17302525597803275	0.59074409674207	2.829811969933778	3.1188881492387694	0.3234023045262056	4.090677725473361e-06	0.06578870354111799	7.789	3.792875131915084	3.2055090382714306	3.048151495923094	0.46849221871760904	0.264404001336365	0.17108574773192864	0.07758267486098913	0.20404308584936068	200	17.527746473790845	0.13324307000206317	True	ok	ok	-0.1748818625171351	-0.5435580535418728	-0.13493812791492843	-0.3662008986508894	-0.21231064677819367	-0.7008868399695444	0.0012868992420922987	0.009963422001274614	0.08630838033207688	0.5644630713153168
ses-20260312_grp-07_run01	T2	P1	C:\Users\amodica\Downloads\affectai_et_all\bids_release_no_video\sub-01\ses-20260312_grp-07_run01\et\sub-01_ses-20260312_grp-07_run01_task-T2_run-01_acq-P1_tobii.tsv.gz	True	49.91016170466452	1136.60175599996	0.9365569031166268	0.001355192079655179	0.5809383293493195	0.4742754352613451	0.09850126048644366	0.1587700504799592	0.1560562339832389	0.6514891934406263	3.1278057458011874	3.054438875190574	0.24878918153213853	2.6055979268266334e-05	0.06344309688337324	4.75	2.857639160204522	3.0085958733825344	3.1006989935780696	0.26690779447172824	0.26947640088777564	0.09950994218022846	0.08043646876322097	0.187222450567649	351	18.528917352825857	0.09926835042732951	True	ok	ok	-0.06445137774624454	-0.23659436345189316	-0.10542084495227488	-0.3349858634563087	-0.026110372754339473	-0.09376706909709402	0.05830178579973755	0.5162998982123141	-0.057859224491009664	-0.2856942777439804
ses-20260312_grp-07_run01	T2	P2	C:\Users\amodica\Downloads\affectai_et_all\bids_release_no_video\sub-01\ses-20260312_grp-07_run01\et\sub-01_ses-20260312_grp-07_run01_task-T2_run-01_acq-P2_tobii.tsv.gz	True	49.91016170466452	1136.602229000011	0.2670638837963616	0.06970297029702971	0.4683661056105611	0.7005673267326733	0.2715928240137998	0.32011316779717774	0.19043043136021848	3.530976642534687	22.452515938033837	2.597649504950495	0.5874967303818174	7.057410914168031e-06	0.7329361162036384	9.667	6.563147218691889	2.570664116296863	2.6159120534958524	0.7907473261341605	0.30488912049043343	0.8387216189536032	0.7917430545762234	0.3835998623774299	0			False	gaze_low_validity;pupil_low_coverage;pupil_left_low_coverage;pupil_right_low_coverage;blink_detection_unreliable	Fewer than 70 % of gaze samples are marked valid; gaze-position and velocity features may be unreliable. | Combined (mean) pupil diameter is missing for more than 30 % of samples; pupil features should be treated with caution. | Left-eye pupil diameter is missing for more than 30 % of samples. | Right-eye pupil diameter is missing for more than 30 % of samples. | Gaze validity is too low (< 70%) to distinguish blinks from tracking failures; blink_count_est, blink_rate_per_min, and blink_duration_mean_s are set to NaN. When gaze_valid is stuck at 1.0 (>= 99%), pupil-NaN transitions are used as a fallback instead of raising this flag.	-0.07666529746075756	-0.17642304647490206	-0.027578834300926225	-0.04589586234358406	-0.14758105589260584	-0.5513200248257638	-0.03378789639881602	-0.2239040313133172	-0.027253821961231495	-0.11891358795174213
ses-20260312_grp-07_run01	T2	P3	C:\Users\amodica\Downloads\affectai_et_all\bids_release_no_video\sub-01\ses-20260312_grp-07_run01\et\sub-01_ses-20260312_grp-07_run01_task-T2_run-01_acq-P3_tobii.tsv.gz	True	49.91016170466452	1136.603654000035	0.9031871386264279	0.0015223670856429074	0.49518665977047394	0.48334977554844244	0.08840647819628761	0.162083827515265	0.15519684716667312	0.5173685538536149	2.620307244491501	3.135790147552502	0.29714586622465033	3.745700821496952e-05	0.09681286137357215	4.573	1.8196025501226027	3.102351085789778	3.17904331488141	0.29402144739002606	0.32002610835894757	0.14603017910026794	0.1274502890988577	0.16577129276752453	763	40.277892683951016	0.09873759764135873	True	ok	ok	-0.07051130964239816	-0.1896917697984675	-0.03553720852460307	-0.09474383164730771	-0.08889813452203699	-0.2315761715474777	-0.02809941116063075	-0.38316044781928893	-0.04218949371117403	-0.2705925639067925
ses-20260312_grp-07_run01	T2	P4	C:\Users\amodica\Downloads\affectai_et_all\bids_release_no_video\sub-01\ses-20260312_grp-07_run01\et\sub-01_ses-20260312_grp-07_run01_task-T2_run-01_acq-P4_tobii.tsv.gz	True	49.907670930760574	1136.5932039999752	0.9131806723429761	0.007760318134434964	0.4888976854175514	0.6270998552179453	0.10901047130698452	0.1589680618356248	0.17430320647308045	0.5739401649043154	2.796054388760149	3.1943245338017836	0.3025480865816542	3.784068520760125e-05	0.08681932765702394	8.528	3.2036147217177646	3.2572942053906235	3.1483034353405723	0.38077542858353414	0.28415619383989593	0.14910007580164653	0.10712711759832183	0.1702472356049833	272	14.358699262467486	0.11918802573456881	True	ok	ok	-0.09944547795412095	-0.3090908894282099	-0.08315296079573553	-0.22566408352780856	-0.11215870736071532	-0.3702619871873269	-0.0008010428073069731	-0.006201827827102455	-0.013662280081830347	-0.08935230329300818
ses-20260312_grp-07_run01	T3	P1	C:\Users\amodica\Downloads\affectai_et_all\bids_release_no_video\sub-01\ses-20260312_grp-07_run01\et\sub-01_ses-20260312_grp-07_run01_task-T3_run-01_acq-P1_tobii.tsv.gz	True	49.91016170466452	878.0126840000157	0.9516681119072612	0.001606560521772492	0.5726856848263956	0.49828678064454246	0.09983582477759027	0.17860189810972485	0.18366609360286495	0.6593047384604508	3.2197609268575045	2.9274124904085936	0.2480576965162989	1.1367137188310333e-05	0.048331888092738806	5.567	2.945605679204922	2.931625074066759	2.921730275723591	0.2602973531131166	0.2798282194680761	0.07571539409429051	0.06809365159052527	0.17552865936727385	239	16.332338087270436	0.10739142677886022	True	ok	ok	-0.1914777625282249	-0.7028951269113534	-0.18239164426805043	-0.5795687036089376	-0.20507909060881824	-0.7364760909547087	0.05004914127681359	0.4432174107941118	-0.033847879107812284	-0.16713230189206163
ses-20260312_grp-07_run01	T3	P2	C:\Users\amodica\Downloads\affectai_et_all\bids_release_no_video\sub-01\ses-20260312_grp-07_run01\et\sub-01_ses-20260312_grp-07_run01_task-T3_run-01_acq-P2_tobii.tsv.gz	True	49.91016170466452	878.0130500000087	0.10423987951257359	0.09260070052539404	0.5832454246935201	0.4524599387040281	0.1478098400608748	0.3343869940804425	0.3104338149760386	4.895424633579856	40.53508157463263	2.9993533274956214	0.8536966559952102	-0.00018017255366256272	0.8957601204874264	5.819000000000001	11.163607088269043	4.033437566702242	2.7434696527961835	0.5959836175232383	0.7180905707436546	0.978618045730455	0.9139016932134545	1.5115492957746477	0			False	gaze_low_validity;pupil_low_coverage;pupil_left_low_coverage;pupil_right_low_coverage;pupil_asymmetry_large;blink_detection_unreliable;pupil_velocity_spike	Fewer than 70 % of gaze samples are marked valid; gaze-position and velocity features may be unreliable. | Combined (mean) pupil diameter is missing for more than 30 % of samples; pupil features should be treated with caution. | Left-eye pupil diameter is missing for more than 30 % of samples. | Right-eye pupil diameter is missing for more than 30 % of samples. | Mean absolute left–right pupil difference exceeds 1.5 mm; possible anisocoria or per-eye tracking failure. | Gaze validity is too low (< 70%) to distinguish blinks from tracking failures; blink_count_est, blink_rate_per_min, and blink_duration_mean_s are set to NaN. When gaze_valid is stuck at 1.0 (>= 99%), pupil-NaN transitions are used as a fallback instead of raising this flag. | Mean pupil dilation velocity (computed only between consecutive valid samples) exceeds 10.0 mm/s, suggesting systematic artefactual jumps.	0.32503852508436903	0.7479823168552358	1.4351946161044524	2.388407494611573	-0.02002345659227478	-0.07480182682514357	0.08109142268414304	0.5373727985192959	-0.2753612099898767	-1.2014531212982853
ses-20260312_grp-07_run01	T3	P3	C:\Users\amodica\Downloads\affectai_et_all\bids_release_no_video\sub-01\ses-20260312_grp-07_run01\et\sub-01_ses-20260312_grp-07_run01_task-T3_run-01_acq-P3_tobii.tsv.gz	True	49.91016170466452	878.0141509999521	0.9139701519784583	0.0007989613502446819	0.48163616548486965	0.5632852441825626	0.07750203448396357	0.17386629335247655	0.16380115794042802	0.5037477507773458	2.5411894878678085	3.1516997902726454	0.32988268327061	2.7278213726601787e-05	0.08602984802154168	5.109	1.5600495075556662	3.1283609266369203	3.1745630891858063	0.3149610442774808	0.34744992138347497	0.12035050887681986	0.10677285381771717	0.10902027152687371	559	38.199839902126854	0.10104213237878241	True	ok	ok	-0.054601666922254655	-0.14689114249838034	-0.009527367677460763	-0.025400400221374048	-0.09337836021764057	-0.24324698466222672	-0.041649905446235036	-0.5679334819930167	0.03774597492294618	0.24209297702134655
ses-20260312_grp-07_run01	T3	P4	C:\Users\amodica\Downloads\affectai_et_all\bids_release_no_video\sub-01\ses-20260312_grp-07_run01\et\sub-01_ses-20260312_grp-07_run01_task-T3_run-01_acq-P4_tobii.tsv.gz	True	49.907670930760574	878.0215559999924	0.9033818629911916	0.002576538344953016	0.47413546276649493	0.6314252854400323	0.10413489316813788	0.16990355842101224	0.18190623842595335	0.7077960244802356	3.205480297738954	3.1677916792967564	0.34735940116299585	9.176354176933275e-05	0.09661813700880839	7.546	3.879777035657489	3.2343022740193295	3.1075450476389905	0.45707873765540596	0.28672440787528475	0.19720688238784168	0.12820044726393132	0.18096709669783406	297	20.295629279516405	0.12939421885516744	True	ok	ok	-0.12597833245914813	-0.3915588283103749	-0.1061448921670296	-0.2880605763500273	-0.15291709506229711	-0.5048149075986141	-0.015563265458363451	-0.12049380122986679	-0.009336849859743368	-0.061063675716806314
ses-20260312_grp-07_run01	T4	P1	C:\Users\amodica\Downloads\affectai_et_all\bids_release_no_video\sub-01\ses-20260312_grp-07_run01\et\sub-01_ses-20260312_grp-07_run01_task-T4_run-01_acq-P1_tobii.tsv.gz	True	49.91016170466452	460.5353950000135	0.9542330113982425	0.0005470958329534056	0.5767773502325158	0.4978658338652321	0.09172239782302463	0.16216952006937732	0.16252499429851075	0.605244891321075	2.8063723593890977	2.9136442965259413	0.23811943574375216	5.489912505953606e-06	0.04576698860175754	3.3895	2.742777834871679	2.916154765278171	2.912950085501687	0.2496271766039178	0.26953952782349455	0.07883059253458624	0.058687896980770926	0.15800105379125354	103	13.419164014526654	0.10737923300741421	True	ok	ok	-0.20524595641087728	-0.7534367472995722	-0.19786195305663812	-0.628727242888592	-0.21385928083072203	-0.768007341426269	0.05414080668293375	0.4794517457071977	-0.034268825887122656	-0.16921083106596058
ses-20260312_grp-07_run01	T4	P2	C:\Users\amodica\Downloads\affectai_et_all\bids_release_no_video\sub-01\ses-20260312_grp-07_run01\et\sub-01_ses-20260312_grp-07_run01_task-T4_run-01_acq-P2_tobii.tsv.gz	True	49.91016170466452	460.5355869999621	0.1484816845036109	0.11514796366832698	0.5862167301494288	0.6127230295927338	0.1429539403986749	0.3134164108864014	0.30006823183087844	2.353765222211893	18.87162450815367	2.4510607969528273	0.4758908592455397	0.00016021836888962775	0.8515183154963891	4.029999999999999	5.252646532603225	2.9131353711790395	2.385636634647234	0.7277148711134804	0.39522919182874533	0.980074828156269	0.8686591838510398	0.9609531250000001	0			False	gaze_low_validity;pupil_low_coverage;pupil_left_low_coverage;pupil_right_low_coverage;blink_detection_unreliable;gaze_out_of_bounds	Fewer than 70 % of gaze samples are marked valid; gaze-position and velocity features may be unreliable. | Combined (mean) pupil diameter is missing for more than 30 % of samples; pupil features should be treated with caution. | Left-eye pupil diameter is missing for more than 30 % of samples. | Right-eye pupil diameter is missing for more than 30 % of samples. | Gaze validity is too low (< 70%) to distinguish blinks from tracking failures; blink_count_est, blink_rate_per_min, and blink_duration_mean_s are set to NaN. When gaze_valid is stuck at 1.0 (>= 99%), pupil-NaN transitions are used as a fallback instead of raising this flag. | More than 10 % of valid gaze samples fall outside the scene-camera frame [0, 1] in either axis; possible calibration drift or head rotation artefacts.	-0.2232540054584251	-0.5137546332597321	0.3148924205812502	0.5240344472264248	-0.3778564747412241	-1.4115622074590712	0.08406272814005167	0.5570629047629183	-0.11509811910117096	-0.5021948968583757
ses-20260312_grp-07_run01	T4	P3	C:\Users\amodica\Downloads\affectai_et_all\bids_release_no_video\sub-01\ses-20260312_grp-07_run01\et\sub-01_ses-20260312_grp-07_run01_task-T4_run-01_acq-P3_tobii.tsv.gz	True	49.91016170466452	460.5361639999901	0.9035934916905942	0.0006740491092922485	0.483284718343765	0.5217909966297546	0.07746915647898737	0.14775691197020893	0.14365233742624187	0.5737441676656585	2.813585568223847	3.1376608088589317	0.3091579998065888	-0.0001101385859224265	0.09640650830940578	5.0969999999999995	1.924517251101697	3.1377196829060257	3.137452896548259	0.30464584982744924	0.32386487893811866	0.13290698686156788	0.13412511963804052	0.09672545111204366	348	45.33845902273258	0.09459704023166346	True	blink_rate_unusual	Estimated blink rate (when detection is reliable) is outside the expected range (2–45 blinks/min); possible systematic gaze-validity artefact.	-0.06864064833596828	-0.18465925720283094	-0.00016861140835544575	-0.0004495257660990477	-0.130488552855188	-0.33991758841108605	-0.04000135258733967	-0.5454539984174634	-0.003748272629861882	-0.024040456803759973
ses-20260312_grp-07_run01	T4	P4	C:\Users\amodica\Downloads\affectai_et_all\bids_release_no_video\sub-01\ses-20260312_grp-07_run01\et\sub-01_ses-20260312_grp-07_run01_task-T4_run-01_acq-P4_tobii.tsv.gz	True	49.907670930760574	460.5400490000029	0.9079004611502653	0.0029229958311370935	0.4709721069528966	0.6241870046480424	0.09175213570648738	0.16876269657372578	0.16860090266776814	0.6660059209645399	3.099706027985593	3.1957490536202022	0.32687628126453766	0.00012574498102799157	0.09209953884973465	5.733	4.200853803053187	3.2578018400566173	3.146672324723247	0.4760037634444882	0.26224476568800764	0.20086139389193425	0.1157661185069172	0.1980350070126227	159	20.714810841564702	0.1319388176132222	True	ok	ok	-0.09802095813570233	-0.3046632763608137	-0.08264532612974174	-0.2242864427249773	-0.11378981797804055	-0.37564666281978454	-0.018726621271961785	-0.1449851117226933	-0.016575130651733216	-0.10840255742411105
ses-20260313_grp-08_run01	T0	P1	C:\Users\amodica\Downloads\affectai_et_all\bids_release_no_video\sub-01\ses-20260313_grp-08_run01\et\sub-01_ses-20260313_grp-08_run01_task-T0_run-01_acq-P1_tobii.tsv.gz	True	49.91016170466452	730.1641369999852	0.8995966303542519	0.02681185944363104	0.49105997437774523	0.5746794808443143	0.13422571792847912	0.15399260150780747	0.17023298023909406	0.6469883816641828	3.044243557083459	2.790058260126891	0.2439116751315313	-5.917603607886823e-05	0.10040336964574814	6.995	2.5554235929482783	2.6656188291139244	2.9173612257498456	0.23520741141803078	0.21877306715463538	0.13289246220124573	0.1555854347885739	0.2680834093751056	293	24.076778232673398	0.08985577474500024	True	ok	ok	0.07843041202562517	0.3898282042460658	0.10502982488478141	0.6436695224250275	0.06946041454040586	0.3443199610137189	-0.10438722272894557	-1.0393999067982538	0.04905268156764164	0.416769085730384
ses-20260313_grp-08_run01	T0	P2	C:\Users\amodica\Downloads\affectai_et_all\bids_release_no_video\sub-01\ses-20260313_grp-08_run01\et\sub-01_ses-20260313_grp-08_run01_task-T0_run-01_acq-P2_tobii.tsv.gz	True	49.91016170466452	730.183285999985	0.9480024146635935	0.016064140785550955	0.493572181539263	0.6319510666010594	0.12671025557011487	0.16556887290959016	0.18812420862478876	0.6276980892695606	3.2737630582716695	2.7640658195606242	0.17044709281261186	2.4935530182703933e-05	0.05199758533640653	5.93	1.7896003588706613	2.704945201350373	2.824187281621244	0.1687225370284833	0.17977740886426227	0.0896718252661618	0.0968883766875206	0.1358436905516804	180	14.790806920771153	0.09561771111038979	True	ok	ok	0.04494689416705855	0.35859922828288	0.01983230376211731	0.1726681049008464	0.065250711812598	0.46637036928781955	-0.06763545021980616	-0.7470568203987237	0.04627440677901973	0.47290294343274797
ses-20260313_grp-08_run01	T0	P3	C:\Users\amodica\Downloads\affectai_et_all\bids_release_no_video\sub-01\ses-20260313_grp-08_run01\et\sub-01_ses-20260313_grp-08_run01_task-T0_run-01_acq-P3_tobii.tsv.gz	True	49.91016170466452	730.2253299999866	0.9354112934204027	0.008653056435527396	0.5224415024052564	0.6260159421565177	0.09221757019408229	0.11679696722525154	0.12460288640968774	0.3770548199663644	1.940067228595136	2.663405857679221	0.18746856470032108	-4.721962137940529e-06	0.06458870657959725	4.187	0.9802842724662791	2.6527425927021113	2.6773517346390396	0.16810483574114868	0.20831358469267222	0.07210667837348406	0.08099654283048896	0.07205915111378687	262	21.5276016240087	0.11517087404726371	True	ok	ok	0.11524163061745751	0.8417608869998005	0.07850386208545101	0.6097204158539877	0.1519636100916104	1.0368990296961307	0.041353248210326043	0.45968477188605533	0.0610655315888633	0.4921239594189556
ses-20260313_grp-08_run01	T0	P4	C:\Users\amodica\Downloads\affectai_et_all\bids_release_no_video\sub-01\ses-20260313_grp-08_run01\et\sub-01_ses-20260313_grp-08_run01_task-T0_run-01_acq-P4_tobii.tsv.gz	True	49.907670930760574	730.049927999964	0.9598485056398716	0.003974380968719621	0.5377758048836279	0.49119524503917195	0.14431549585415054	0.125642653738592	0.16680558367963783	0.5298197131918352	2.7365515464526373	3.3206137416366444	0.32351855425547765	-6.391946902753119e-06	0.04015149436012844	5.41	1.976866836902373	3.316048512423553	3.3320001477410393	0.2982107506380347	0.35413733408965936	0.07108159288635174	0.07119137140818399	0.12376598606186574	113	9.287036050499184	0.11826852212847515	True	ok	ok	0.3299363825056192	2.21540827764322	0.2926098674183675	2.1749623093501502	0.36920576802890714	2.2509261331036754	0.0991695251823379	1.2379668752793784	-0.057685847968295845	-0.4000385519081237
ses-20260313_grp-08_run01	T1	P1	C:\Users\amodica\Downloads\affectai_et_all\bids_release_no_video\sub-01\ses-20260313_grp-08_run01\et\sub-01_ses-20260313_grp-08_run01_task-T1_run-01_acq-P1_tobii.tsv.gz	True	49.91016170466452	844.130812999967	0.8137950677648288	0.010616578195181707	0.5396564486962608	0.6676644869626087	0.09609326925682586	0.18980921197592704	0.1934896167294797	0.6156711566159039	2.8320742171595397	2.676751458321181	0.2339749053905308	-1.14688780561104e-05	0.1862049322351712	6.187	2.195543897739369	2.544420313127258	2.7946345154800154	0.20539870643475663	0.23897896396440044	0.23137357290356275	0.20958439154067077	0.24976243709790433	335	23.811475295595905	0.08636558208972521	True	ok	ok	-0.03487638978008478	-0.17334857802499118	-0.016168691101885013	-0.09908893679680991	-0.05326629572942432	-0.2640446215337752	-0.05579074841042997	-0.5555172096931934	0.14203768768593605	1.2068028769129626
ses-20260313_grp-08_run01	T1	P2	C:\Users\amodica\Downloads\affectai_et_all\bids_release_no_video\sub-01\ses-20260313_grp-08_run01\et\sub-01_ses-20260313_grp-08_run01_task-T1_run-01_acq-P2_tobii.tsv.gz	True	49.91016170466452	844.1498240000219	0.8686271717459413	0.019673743749487663	0.5077672322867994	0.7051360958548515	0.10724771631727713	0.20704484700981288	0.20922443969368237	0.5709210081559919	2.8330029534132195	2.735165696641801	0.23153051896456328	3.9716493799125515e-05	0.13137282825405872	5.63	1.5011122868517994	2.687742978003384	2.7788902174533416	0.2128266371526657	0.25154689839917577	0.1583594417544859	0.16828064179246183	0.10610151895000737	196	13.931176274224626	0.0963991785698751	True	ok	ok	0.01604677124823528	0.12802574889070828	0.002630080415128244	0.022898550085970547	0.01995364764469576	0.14261591578375882	-0.05344039947226975	-0.5902676005090084	0.11945943603281184	1.220819948930084
ses-20260313_grp-08_run01	T1	P3	C:\Users\amodica\Downloads\affectai_et_all\bids_release_no_video\sub-01\ses-20260313_grp-08_run01\et\sub-01_ses-20260313_grp-08_run01_task-T1_run-01_acq-P3_tobii.tsv.gz	True	49.91016170466452	844.1320660000201	0.8977712373311814	0.013906514382402707	0.500610649323181	0.7038814033417935	0.07458591178885252	0.17518777389422868	0.17249890682568209	0.3964917224539189	1.9974224772518645	2.592243945642978	0.220985820011822	5.897660379365084e-05	0.10222876266881864	5.538	0.9190205288117386	2.5932371726349546	2.590282204479691	0.20725932189498605	0.2297014638023568	0.11181790130782554	0.11409650850917374	0.053873510292524386	291	20.68396724073693	0.10569009621974874	True	ok	ok	0.04407971858121451	0.32197204094406384	0.01899844201829426	0.14755628143954772	0.06489407993226193	0.4427942220787002	0.019522395128250603	0.21701191900467062	0.13893099277413912	1.1196376821926286
ses-20260313_grp-08_run01	T1	P4	C:\Users\amodica\Downloads\affectai_et_all\bids_release_no_video\sub-01\ses-20260313_grp-08_run01\et\sub-01_ses-20260313_grp-08_run01_task-T1_run-01_acq-P4_tobii.tsv.gz	True	49.907670930760574	844.13776100002	0.8667726851961738	0.0029026781313324936	0.4878102470014787	0.5869823320006572	0.0944794278520138	0.15869146317182203	0.1659709960620072	0.38888297270147126	2.1777907514275756	3.2278479790788106	0.3156758774974194	9.219401927302258e-05	0.1332273148038262	4.233	1.439713877248705	3.2337841090817268	3.223959817098517	0.29397124165744903	0.338720785179664	0.1539958700244476	0.14350478270157363	0.09248574268673672	112	7.960785917264328	0.10662283035344444	True	ok	ok	0.23717061994778543	1.5925183838649541	0.21034546407654142	1.563492920951736	0.261165437386385	1.5922397724578303	0.04920396730018872	0.6142298406487877	0.0381012389931894	0.2642236355980727
ses-20260313_grp-08_run01	T2	P1	C:\Users\amodica\Downloads\affectai_et_all\bids_release_no_video\sub-01\ses-20260313_grp-08_run01\et\sub-01_ses-20260313_grp-08_run01_task-T2_run-01_acq-P1_tobii.tsv.gz	True	49.91016170466452	995.1647100000409	0.8189816585797982	0.004818329318058902	0.5412437460052116	0.6034109420325484	0.09328863139909195	0.14750689426810795	0.15384115900683	0.746110379058283	3.2845982171014367	2.7223566792861007	0.24172120289032897	-2.0631979023401905e-05	0.1810183414202018	6.6850000000000005	3.0038175620692646	2.5774509116600095	2.8509197860962563	0.2256906060417583	0.2515957933399586	0.2590750770098049	0.21689585053051197	0.28038327764927606	341	20.559410713025745	0.09195561876607229	True	ok	ok	0.01072883118483503	0.053326265748507545	0.016861907430866463	0.10333727505598732	0.0030189748868165722	0.014965262188658467	-0.05420345110147917	-0.5397122420749957	0.07778414275587575	0.6608818320357241
ses-20260313_grp-08_run01	T2	P2	C:\Users\amodica\Downloads\affectai_et_all\bids_release_no_video\sub-01\ses-20260313_grp-08_run01\et\sub-01_ses-20260313_grp-08_run01_task-T2_run-01_acq-P2_tobii.tsv.gz	True	49.91016170466452	995.1434639999643	0.8148506080373681	0.022830598932595373	0.5362667671476576	0.6818080623641036	0.11672135045251204	0.1728498836536722	0.1895634105818467	0.4924980840429596	2.5208842047228512	2.786194603676616	0.18293279473035812	2.5739532234400035e-05	0.18514939196263192	6.582	1.3048442045406086	2.7291010747827835	2.84360953479431	0.1647105565208583	0.20708564651309905	0.19823628895868572	0.21448417492147864	0.12355011077805292	268	16.158474211714843	0.09322866044657083	True	ok	ok	0.06707567828305017	0.535149022298433	0.04398817719452763	0.3829789663029461	0.08467296498566412	0.605188217141175	-0.02494086461141154	-0.2754804315494886	0.09613140254206398	0.9824182822171112
ses-20260313_grp-08_run01	T2	P3	C:\Users\amodica\Downloads\affectai_et_all\bids_release_no_video\sub-01\ses-20260313_grp-08_run01\et\sub-01_ses-20260313_grp-08_run01_task-T2_run-01_acq-P3_tobii.tsv.gz	True	49.91016170466452	995.1461509999936	0.816461303052267	0.005326494377589268	0.4734199398303412	0.6152406342473861	0.10296790413677609	0.12287191311091794	0.14205968150601525	0.44902145238397834	2.3141956968895596	2.726804251331624	0.22482868629640737	-1.3359565666976156e-05	0.18353869694773295	7.058999999999999	1.1400760456903083	2.7294513927089064	2.728067197921611	0.21683809666248754	0.23593362309809918	0.19477329467665294	0.19402834823226223	0.07555083221442505	229	13.8070171765153	0.11085619213919697	True	ok	ok	0.17864002426986048	1.3048425684136782	0.15521266209224605	1.205499020846613	0.20267907337418167	1.3829477622616853	-0.007668314364589202	-0.08524136535800693	0.05029022367973168	0.40528631051576774
ses-20260313_grp-08_run01	T2	P4	C:\Users\amodica\Downloads\affectai_et_all\bids_release_no_video\sub-01\ses-20260313_grp-08_run01\et\sub-01_ses-20260313_grp-08_run01_task-T2_run-01_acq-P4_tobii.tsv.gz	True	49.907670930760574	995.1528640000033	0.8518361923169848	0.001961757545675861	0.4767757592947128	0.5406956534070765	0.1053932546744059	0.12477457347886099	0.14306511882020712	0.4506408313098447	2.3729551175025065	3.41959813514855	0.32051681718903896	5.53911824071177e-05	0.14816380768301518	3.694	1.6736307350009114	3.4274002781573296	3.418820756751576	0.2945882821230359	0.3525832206645702	0.17484094386727878	0.15980107916566	0.11640115329406525	182	10.97318853719338	0.09996228022142671	True	ok	ok	0.42892077601752465	2.8800541196034786	0.4039616331521443	3.0026373829466255	0.4560263770394437	2.780242830286186	0.03816947959342282	0.4764825816845327	-0.008185439600391309	-0.05676420681675012
ses-20260313_grp-08_run01	T3	P1	C:\Users\amodica\Downloads\affectai_et_all\bids_release_no_video\sub-01\ses-20260313_grp-08_run01\et\sub-01_ses-20260313_grp-08_run01_task-T3_run-01_acq-P1_tobii.tsv.gz	True	49.91016170466452	955.1321109999553	0.9207274863124332	0.028410644308757862	0.5484232889820468	0.6598604233117652	0.0941929997330751	0.16795124753173174	0.17366677592550456	0.6834860609124076	3.2797993594420243	2.6374590472067805	0.2061659949986618	-1.342952228076394e-05	0.07927251368756683	5.832	2.3507398246353928	2.5097441722051386	2.7636317751166257	0.18503336152839003	0.21140496598804917	0.15411885632774647	0.12764573849929728	0.26693268977852597	388	24.373591602555898	0.08933728350627658	True	ok	ok	-0.07416880089448519	-0.3686464181054478	-0.05084483202400447	-0.31159976494842095	-0.084269036092814	-0.41772729711053996	-0.047023908124643965	-0.46822440950420613	0.13423362403509254	1.1404967674649251
ses-20260313_grp-08_run01	T3	P2	C:\Users\amodica\Downloads\affectai_et_all\bids_release_no_video\sub-01\ses-20260313_grp-08_run01\et\sub-01_ses-20260313_grp-08_run01_task-T3_run-01_acq-P2_tobii.tsv.gz	True	49.91016170466452	955.1309510000283	0.9238530762937635	0.03444517608591994	0.5361906473513317	0.7054517426943077	0.10788389939609941	0.1915231768665461	0.19808074159598696	0.4660009023329573	2.601055040002988	2.7129408165118867	0.18694663568661063	-6.270847009563503e-06	0.07614692370623655	6.512	1.1861131624510282	2.667946215322432	2.7566792426135964	0.17333975716394986	0.20333374172672003	0.08657254934866065	0.11038157370308987	0.10119896449704142	241	15.139285335545127	0.1014285892109518	True	ok	ok	-0.006178108881679023	-0.04929072671814135	-0.01716668226582385	-0.14946011970312414	-0.0022573271950494522	-0.016133931543646327	-0.025016984407737475	-0.276321200892013	0.11977508287226801	1.224045713015551
ses-20260313_grp-08_run01	T3	P3	C:\Users\amodica\Downloads\affectai_et_all\bids_release_no_video\sub-01\ses-20260313_grp-08_run01\et\sub-01_ses-20260313_grp-08_run01_task-T3_run-01_acq-P3_tobii.tsv.gz	True	49.91016170466452	955.1335299999919	0.9619894694887877	0.0011775224056346629	0.47373996598268603	0.6343845482893217	0.08158872085859317	0.12265860139755236	0.12784864033537455	0.42596551001173405	2.2003811516385507	2.5650899169192525	0.14612063142325138	-7.687273220371035e-06	0.03801053051121228	5.562	1.0063648183290974	2.5757859511806847	2.557405822069087	0.14852206134491192	0.1510415546417029	0.051247089425436876	0.05024018795494112	0.06240777242692351	228	14.322604714756602	0.10026967543889075	True	ok	ok	0.01692568985748899	0.12363052857883787	0.001547220564024343	0.01201688605699308	0.03201769752165795	0.21846756255196514	-0.007348288212244369	-0.08168393866954012	0.06943413772166729	0.559566123234399
ses-20260313_grp-08_run01	T3	P4	C:\Users\amodica\Downloads\affectai_et_all\bids_release_no_video\sub-01\ses-20260313_grp-08_run01\et\sub-01_ses-20260313_grp-08_run01_task-T3_run-01_acq-P4_tobii.tsv.gz	True	49.907670930760574	955.1199370000395	0.9666876442206839	0.0022568464910377155	0.47970636040102416	0.5648968924959854	0.095085562377719	0.1544185932019111	0.15562154273058132	0.4227416640465049	2.2274129824286777	3.286265287964932	0.24418969944051142	-3.2041542696263213e-06	0.03331235577931613	5.105	1.6480188154423314	3.3155258007917943	3.264353084844218	0.241367653341713	0.26107501838137864	0.06742185861128591	0.04661212502622192	0.11177718953950071	149	9.3600810261378	0.11295749664098811	True	ok	ok	0.29558792883390694	1.9847703346232197	0.29208715578660893	2.171077006001483	0.30155870513208605	1.8385042402522054	0.0411000806997342	0.5130662709539933	0.016015799488517612	0.11106601464121163
ses-20260313_grp-08_run01	T4	P1	C:\Users\amodica\Downloads\affectai_et_all\bids_release_no_video\sub-01\ses-20260313_grp-08_run01\et\sub-01_ses-20260313_grp-08_run01_task-T4_run-01_acq-P1_tobii.tsv.gz	True	49.91016170466452	474.380278000026	0.9161633652912109	0.00599299280840863	0.5605221694633966	0.5916860040567952	0.08610045992434805	0.15828349829677235	0.1604489417884726	0.7938058871616415	3.4051595831572437	2.7314800156739816	0.25942051512736386	-6.534970270797113e-05	0.0838366347087891	6.196999999999999	3.1129993658292103	2.581252828817606	2.864292170130498	0.24330028253607897	0.2654566069812961	0.18629893989948054	0.12615618532753303	0.2895289640823478	158	19.983967377327353	0.08940263923892716	True	ok	ok	0.019852167572715906	0.09867262756104503	0.020663824588463164	0.12663711587562462	0.016391358921058252	0.08125307201236974	-0.03492502764329419	-0.34775396383163365	0.0660592047801225	0.5612625752645785
ses-20260313_grp-08_run01	T4	P2	C:\Users\amodica\Downloads\affectai_et_all\bids_release_no_video\sub-01\ses-20260313_grp-08_run01\et\sub-01_ses-20260313_grp-08_run01_task-T4_run-01_acq-P2_tobii.tsv.gz	True	49.91016170466452	474.37970200000564	0.9511340119102927	0.05284191829484902	0.5376327708703375	0.6994492007104797	0.10701961740103216	0.1689041653908952	0.17695071415137842	0.4497399972564043	2.3227249680914546	2.737889253996448	0.21042735382757416	-8.051837392258128e-05	0.048865988089707324	3.9640000000000004	1.1065967568935646	2.6861615072202167	2.7878832810481637	0.1905142085822879	0.2360624671704104	0.06407061705452544	0.08451239599611438	0.10965650215800338	125	15.810119970099208	0.09921980799967423	True	ok	ok	0.01877032860288219	0.1497550715426912	0.0010486096319608507	0.009129622060212124	0.028946711239517864	0.20689258454703002	-0.02357486088873173	-0.2603924504034835	0.11377254088844002	1.1627025220420497
ses-20260313_grp-08_run01	T4	P3	C:\Users\amodica\Downloads\affectai_et_all\bids_release_no_video\sub-01\ses-20260313_grp-08_run01\et\sub-01_ses-20260313_grp-08_run01_task-T4_run-01_acq-P3_tobii.tsv.gz	True	49.91016170466452	474.3609469999792	0.9518922115222166	0.001996716510626969	0.4719698983893153	0.6240934818298797	0.08713911795681674	0.12902809174912178	0.1367571405199256	0.4769871102851893	2.16781379413678	2.6156869370368727	0.20358762153023083	-7.864182324902061e-05	0.04810778847778341	5.932	1.224447304449565	2.622043810126011	2.6114746566678715	0.19290651519183755	0.21069158860472254	0.06483358675451933	0.06504477107619533	0.06866885924563018	130	16.443174863634678	0.09725343076727139	True	ok	ok	0.06752270997510923	0.49320697682550885	0.047805079509350534	0.37129043315916116	0.08608653212044226	0.5873974800399888	-0.009118355805615097	-0.10136009841745432	0.05914307126222529	0.47663095111861525
ses-20260313_grp-08_run01	T4	P4	C:\Users\amodica\Downloads\affectai_et_all\bids_release_no_video\sub-01\ses-20260313_grp-08_run01\et\sub-01_ses-20260313_grp-08_run01_task-T4_run-01_acq-P4_tobii.tsv.gz	True	49.907670930760574	474.56451200001175	0.9526302457147682	0.002880694912249601	0.48697125066477576	0.5472539842226556	0.10328897646465747	0.15122516274183936	0.16177247660422087	0.5482240772546099	2.84176801078527	3.398569734976068	0.2841027113628198	9.061521725157052e-05	0.047369754285231824	5.179	2.19636250094602	3.419055617611468	3.383392399927876	0.2712705274902598	0.29734262211161033	0.09288187114751334	0.06341298657434769	0.10944513408509429	114	14.413214277598216	0.10457641228200182	True	ok	ok	0.407892375845043	2.7388557120379944	0.3956169726062826	2.9406117160349186	0.4205980202157438	2.564247791386511	0.0483649709634858	0.6037563643322554	-0.0016271087848122034	-0.011283638275214381
ses-20260317_grp-09_run01	T1	P1	C:\Users\amodica\Downloads\affectai_et_all\bids_release_no_video\sub-01\ses-20260317_grp-09_run01\et\sub-01_ses-20260317_grp-09_run01_task-T1_run-01_acq-P1_tobii.tsv.gz	True	49.91016155966782	85.03471099992748	0.9637220259128386	0.15717428501588854	0.5258266438523589	0.72397274505011	0.10848218774926059	0.2711445314089841	0.2772442944059895	0.67508176917999	3.3683213277597264	2.8737796382302614	0.261965401008996	-0.0005284294649097667	0.03627797408716138	5.843999999999999	2.048948101016298	2.9484974993419324	2.8119180084220954	0.2631251326098702	0.25483018084657216	0.10506478209658421	0.04899882214369844	0.15701708945260348	18	12.700695837032022	0.11242683332723875	True	gaze_out_of_bounds	More than 10 % of valid gaze samples fall outside the scene-camera frame [0, 1] in either axis; possible calibration drift or head rotation artefacts.	-0.019130323455562426	-0.07695942550614154	-0.022005319147357483	-0.08963057352202564	-0.013820968650214649	-0.05643179067119019	0.0005891656217772434	0.0053289583686905355	0.006409073855404235	0.022939728220531967
ses-20260317_grp-09_run01	T1	P2	C:\Users\amodica\Downloads\affectai_et_all\bids_release_no_video\sub-01\ses-20260317_grp-09_run01\et\sub-01_ses-20260317_grp-09_run01_task-T1_run-01_acq-P2_tobii.tsv.gz	True	49.91016155966782	85.03474200004712	0.9314487632508834	0.0005058168942842691	0.47953156297420335	0.4306119625695498	0.10083714074286801	0.18948638584574556	0.18873101693260694	0.3930742750569971	1.7685595756236263	3.959921598381386	0.34965492245070084	0.0009258107079629575	0.06855123674911656	2.676	1.4236906779725207	4.07938683127572	3.8200391574399135	0.3447720388862445	0.34506338669546704	0.0840989399293286	0.12767962308598346	0.25769095408303544	25	17.63984889845575	0.14987275999505073	True	ok	ok	0.08266373341143218	0.25891548216120297	0.08074287286768778	0.249034600275248	0.09565498094695091	0.32556066993188876	0.0023063243739913086	0.02143112397633931	-0.010373297239569979	-0.054387472581044684
ses-20260317_grp-09_run01	T1	P3	C:\Users\amodica\Downloads\affectai_et_all\bids_release_no_video\sub-01\ses-20260317_grp-09_run01\et\sub-01_ses-20260317_grp-09_run01_task-T1_run-01_acq-P3_tobii.tsv.gz	True	49.91016155966782	84.99402600002941	0.9710110770681122	0.12135922330097088	0.4836838834951457	0.7004570388349514	0.09922222483119619	0.25528871853193613	0.2600280047182284	0.5568449560059054	2.8411499251584895	3.379888349514563	0.296899920268646	-0.0022453754117368096	0.028988922931887817	3.3019999999999996	1.5826975450524854	3.2229475776397516	3.538990492442711	0.284467807319149	0.3060793120309524	0.05137874145651666	0.033231204336554354	0.32618916895433	17	12.000843447510618	0.08603823531473823	True	gaze_out_of_bounds	More than 10 % of valid gaze samples fall outside the scene-camera frame [0, 1] in either axis; possible calibration drift or head rotation artefacts.	-0.1362167504165197	-0.5799758381694451	-0.13456001148838093	-0.6249001595784721	-0.1418312828693553	-0.5899405545388426	0.010079059236014098	0.0887400157023759	0.06860200782185699	0.25999660328138535
ses-20260317_grp-09_run01	T1	P4	C:\Users\amodica\Downloads\affectai_et_all\bids_release_no_video\sub-01\ses-20260317_grp-09_run01\et\sub-01_ses-20260317_grp-09_run01_task-T1_run-01_acq-P4_tobii.tsv.gz	True	49.91016155966782	85.01415299996734	0.8979736098020735	0.009971136184728419	0.5128921542902125	0.6544165310942011	0.0967179382209483	0.21104312083153182	0.1847955399526464	0.549368493476057	2.601240696303856	3.260493177643663	0.2641305242282282	7.683495209136013e-05	0.10202639019792648	5.596	1.9568745671651546	3.223793418141593	3.297562383612663	0.24686779376922469	0.270038921613591	0.14797360980207352	0.11427898209236564	0.09612822671156006	42	29.642123235656634	0.1288049761926578	True	ok	ok	-0.007775206081606978	-0.028812381585863394	-0.0002121154552452431	-0.0008418959895555794	-0.0135315327371468	-0.04795169999373047	-0.0016434933394999796	-0.015304020593166337	0.00975904695832952	0.044944423265701854
ses-20260317_grp-09_run01	T2	P1	C:\Users\amodica\Downloads\affectai_et_all\bids_release_no_video\sub-01\ses-20260317_grp-09_run01\et\sub-01_ses-20260317_grp-09_run01_task-T2_run-01_acq-P1_tobii.tsv.gz	True	49.91016155966782	704.0767500000075	0.95933524942375	0.03844328429046037	0.5414958204793544	0.5479486948267679	0.12661376962554002	0.24474549505917606	0.25255741823231237	0.6671759886768529	3.4467840777794994	2.8761125266967253	0.31582452229409985	-1.4351539954937857e-05	0.040664750576249964	6.01	2.64992899084488	2.907878088754412	2.8539037658161273	0.35562329378384705	0.30572210624528195	0.09712301869610995	0.0531572806693037	0.18535117773019272	121	10.31137585497593	0.09753225620428085	True	ok	ok	-0.01679743498909847	-0.06757444272913751	-0.06262472973487787	-0.2550788018665481	0.028164788743817226	0.11499841312965449	0.01625834224877276	0.14705547266366142	-0.16961497636793788	-0.607095743908702
ses-20260317_grp-09_run01	T2	P2	C:\Users\amodica\Downloads\affectai_et_all\bids_release_no_video\sub-01\ses-20260317_grp-09_run01\et\sub-01_ses-20260317_grp-09_run01_task-T2_run-01_acq-P2_tobii.tsv.gz	True	49.91016155966782	704.0957349999808	0.9429173069261851	0.008057701593433124	0.5049433093915983	0.3600976581361661	0.13226005993096399	0.1777491658750789	0.19367644877243273	0.5547901328664291	2.8349085964939635	3.958996333293095	0.3381021695513092	-6.0845106404523645e-05	0.05708269307381486	4.344	2.061391491451727	4.104292785313744	3.813994007116549	0.3451242618319141	0.3359067832423107	0.0916567070741563	0.08832735757782706	0.2972971157901567	159	13.549293832890864	0.13584361635016734	True	ok	ok	0.08173846832314124	0.25601741009773327	0.10564882690571187	0.3258518361258585	0.08960983062358618	0.30498606765158454	0.027718070791386218	0.2575654223725366	-0.08088760167295367	-0.4240958411326312
ses-20260317_grp-09_run01	T2	P3	C:\Users\amodica\Downloads\affectai_et_all\bids_release_no_video\sub-01\ses-20260317_grp-09_run01\et\sub-01_ses-20260317_grp-09_run01_task-T2_run-01_acq-P3_tobii.tsv.gz	True	49.91016155966782	704.0782380000455	0.9319598190148259	0.019083969465648856	0.45823771603053437	0.5492281374045801	0.13741424717773884	0.19580775577910162	0.2059938116418371	0.6984007916307573	3.5600992198046475	3.297980992366412	0.3626944554270005	-4.642815379341559e-05	0.06804018098517406	6.357	2.5573487858053063	3.159863539110188	3.448345362436675	0.34229445349636906	0.38318926998380665	0.09558635212429922	0.09000882160439372	0.316741277007417	226	19.259223291033067	0.09805410618809324	True	ok	ok	-0.2181241075646705	-0.9287162681751938	-0.19764405001794438	-0.9178640595360955	-0.23247641287539134	-0.9669747121672686	-0.015367108228597215	-0.13529808621752992	-0.08262689360851427	-0.31314989691980427
ses-20260317_grp-09_run01	T2	P4	C:\Users\amodica\Downloads\affectai_et_all\bids_release_no_video\sub-01\ses-20260317_grp-09_run01\et\sub-01_ses-20260317_grp-09_run01_task-T2_run-01_acq-P4_tobii.tsv.gz	True	49.91016155966782	704.0777660000604	0.9247033379812755	0.004000615479304508	0.47007775657793505	0.5088386828742884	0.1220424195589151	0.1492910384786892	0.17028308451510596	0.6019860419912437	3.1090060456986817	3.507043852900446	0.38713171464908436	-6.668597940487831e-05	0.07529666201872454	6.223	2.728209132787325	3.4477626780718396	3.573653729190833	0.3502334548459631	0.42989764774431816	0.11507925215560166	0.09231382146210976	0.18239129151775468	245	20.87837552876047	0.11694694693932044	True	ok	ok	0.238775469175176	0.8848241267190748	0.22375714447500128	0.8881023890980078	0.2625598128410229	0.930433352993348	-0.04445789105177744	-0.4139867584690968	-0.1358188012615832	-0.6255014160097578
ses-20260317_grp-09_run01	T3	P1	C:\Users\amodica\Downloads\affectai_et_all\bids_release_no_video\sub-01\ses-20260317_grp-09_run01\et\sub-01_ses-20260317_grp-09_run01_task-T3_run-01_acq-P1_tobii.tsv.gz	True	49.91016155966782	834.3730239999713	0.9549274805494189	0.0828827922649433	0.535171051374255	0.6050847386023588	0.10449467355914152	0.25875532556452935	0.25678574289370004	0.5214822282773927	2.8583272180823998	2.8420445595594335	0.27291660483538127	6.839906711951711e-06	0.045072519450581106	7.196	1.8242334602009216	2.9127576055491837	2.796657190805533	0.29216135895693646	0.2610178526891567	0.12068965517241381	0.05561425415425991	0.1460187954338152	193	13.878684553445483	0.10609913471521606	True	ok	ok	-0.05086540212639035	-0.20462655191790036	-0.05774521294010615	-0.23520388499317632	-0.029081786266777154	-0.11874256548042846	0.00993357314367338	0.0898484157566684	-0.11247893259234698	-0.40259110792244623
ses-20260317_grp-09_run01	T3	P2	C:\Users\amodica\Downloads\affectai_et_all\bids_release_no_video\sub-01\ses-20260317_grp-09_run01\et\sub-01_ses-20260317_grp-09_run01_task-T3_run-01_acq-P2_tobii.tsv.gz	True	49.91016155966782	834.3717789999209	0.9535587359523581	0.004054394359103501	0.517107144296147	0.41799660035255604	0.12222419626524879	0.16951563190339805	0.1826886870255633	0.5117333299428762	2.5859914717232573	3.8207469025434397	0.3084582342822119	3.2605227192963094e-06	0.04644126404764193	4.52	1.876384907078753	3.9922474444560345	3.652678005411673	0.31803964171284266	0.30166278091513093	0.07914705599846317	0.06817308615887041	0.34839331784312155	156	11.218020833852874	0.1325478333299263	True	ok	ok	-0.05651096242651388	-0.17700099523972088	-0.006396513951997473	-0.01972871708195333	-0.0717061710812894	-0.24405116037210756	0.03988190569593497	0.37059577352646766	-0.022988659456563754	-0.1205301513099865
ses-20260317_grp-09_run01	T3	P3	C:\Users\amodica\Downloads\affectai_et_all\bids_release_no_video\sub-01\ses-20260317_grp-09_run01\et\sub-01_ses-20260317_grp-09_run01_task-T3_run-01_acq-P3_tobii.tsv.gz	True	49.91016155966782	834.394823999959	0.9519990395005403	0.01798415981435706	0.45322062250920647	0.5805696993391515	0.12083439414809333	0.18682384437718882	0.1899313021213012	0.6097876282085792	3.32291870384834	3.3282183448519396	0.3152568362510182	-5.344913253279004e-05	0.04800096049945968	8.241	2.1622522601994025	3.198078400041236	3.4662147774678167	0.31019860367179575	0.3165164790071081	0.06829151158602476	0.06176011525993519	0.2858512346970807	179	12.871604294612125	0.0980551508385376	True	ok	ok	-0.187886755079143	-0.7999734094724658	-0.15942918908689663	-0.7403932609687002	-0.21460699784424975	-0.8926477202689663	-0.020384201749925113	-0.17947055781806326	-0.05128533167394289	-0.19436766439853537
ses-20260317_grp-09_run01	T3	P4	C:\Users\amodica\Downloads\affectai_et_all\bids_release_no_video\sub-01\ses-20260317_grp-09_run01\et\sub-01_ses-20260317_grp-09_run01_task-T3_run-01_acq-P4_tobii.tsv.gz	True	49.91016155966782	834.3942650000099	0.911634049705847	0.010272619517977083	0.47177475833004084	0.5110806953773211	0.11455198893226091	0.15829008327550004	0.16953204275046896	0.5702497176238356	3.048924204533079	3.3073251020676935	0.3265425048071775	-1.1952841907020294e-05	0.08836595029415295	5.64	2.2566620346863764	3.265784657278029	3.354198090628656	0.29944330270682773	0.3537324408417077	0.12700204106135193	0.09703445791811738	0.12841552993471317	270	19.415282054940548	0.11806612592621672	True	ok	ok	0.0390567183424233	0.14473147856949278	0.04177912368119063	0.16582326183480556	0.04310417427884605	0.15274828606981006	-0.042760889299671645	-0.39818447370366666	-0.1335767887585504	-0.6151760267239428
ses-20260317_grp-09_run01	T4	P1	C:\Users\amodica\Downloads\affectai_et_all\bids_release_no_video\sub-01\ses-20260317_grp-09_run01\et\sub-01_ses-20260317_grp-09_run01_task-T4_run-01_acq-P1_tobii.tsv.gz	True	49.91016155966782	456.92857900005765	0.9542225730071034	0.03464755077658303	0.5507669194007905	0.5663784992188219	0.12033699804234686	0.24815610836269628	0.2559566874871211	0.6684190634398839	3.429800407660339	2.8679923950004595	0.2981999873341209	-0.0001909136287511849	0.04577742699289655	7.577	2.5723461769918545	2.9259177212097525	2.829715477680434	0.330381725135692	0.2822843316051118	0.1025607296325528	0.054064719810576145	0.17251716145576487	99	12.999843461310943	0.09755064646426513	True	ok	ok	-0.024917566685364267	-0.10024094059732287	-0.04458509727953741	-0.18160099442048433	0.003976500608124045	0.01623627515557902	0.025529441170208833	0.2309118593199489	-0.15118517197588388	-0.5411307209663008
ses-20260317_grp-09_run01	T4	P2	C:\Users\amodica\Downloads\affectai_et_all\bids_release_no_video\sub-01\ses-20260317_grp-09_run01\et\sub-01_ses-20260317_grp-09_run01_task-T4_run-01_acq-P2_tobii.tsv.gz	True	49.91016155966782	456.92789699998684	0.9451460142067877	0.004407330085826954	0.5210263883089771	0.4231095523080492	0.11290039400659478	0.1867331959958099	0.19261795024325282	0.5853719494004875	2.8971194786687544	3.9029335189051264	0.3372494004708656	-0.00010428754414211717	0.05485398579321232	4.95	2.3029690590211556	4.08399815677144	3.724569236670502	0.35599833961412114	0.33014356555760327	0.09602736122073141	0.08550381478558278	0.3755600743083798	129	16.93921524778388	0.13217752713479045	True	ok	ok	0.025675653935172793	0.08042008319829981	0.08535419836340763	0.26325727480712263	0.00018506017753949777	0.0006298502679216063	0.04380114970876503	0.407014676816783	-0.017875707501070592	-0.09372280858516635
ses-20260317_grp-09_run01	T4	P3	C:\Users\amodica\Downloads\affectai_et_all\bids_release_no_video\sub-01\ses-20260317_grp-09_run01\et\sub-01_ses-20260317_grp-09_run01_task-T4_run-01_acq-P3_tobii.tsv.gz	True	49.91016155966782	456.9295450000791	0.9472945716039639	0.04124236252545825	0.4425152425476763	0.5772905156452508	0.10648561632669665	0.186120898443889	0.18515104724770637	0.6128614374654047	3.26154057506926	3.2029044158489164	0.33904202088869123	-0.0002195537559687549	0.05270542839603609	6.346	2.6056824546086093	3.063193215480172	3.3538280026417584	0.33222642065869534	0.35288319998314455	0.08225905463474525	0.07050776111549595	0.3110147144806081	136	17.85833306095054	0.08824846323541886	True	ok	ok	-0.31320068408216617	-1.3335278422833996	-0.29431437364796054	-1.366803532673075	-0.32699377267030805	-1.3601152275944766	-0.03108958171145526	-0.27372494839566786	-0.05456451536784357	-0.2067955312936825
ses-20260317_grp-09_run01	T4	P4	C:\Users\amodica\Downloads\affectai_et_all\bids_release_no_video\sub-01\ses-20260317_grp-09_run01\et\sub-01_ses-20260317_grp-09_run01_task-T4_run-01_acq-P4_tobii.tsv.gz	True	49.91016155966782	456.92923900007736	0.9368148732789616	0.007629300257430377	0.4816034308448397	0.5370251532880881	0.11382790097107717	0.1589404196925948	0.1714848481457204	0.5542418130273644	2.88222154648043	3.2771681488415636	0.3286840048752914	-0.00015432162531373722	0.06318512672103838	4.657	2.2567955419212153	3.254084394270937	3.3093835596990204	0.3072235181793293	0.3438691365473687	0.11830220117512935	0.07344558449530825	0.10615412096206098	151	19.828015427129333	0.11265474172318292	True	ok	ok	0.008899765116293423	0.03297963113309589	0.030078860674098706	0.11938438027840326	-0.0017103566507894463	-0.006060991802930847	-0.03293221678487279	-0.3066610078308246	-0.10763233084778345	-0.4956911320698143
ses-20260317_grp-10_run01	T0	P1	C:\Users\amodica\Downloads\affectai_et_all\bids_release_no_video\sub-01\ses-20260317_grp-10_run01\et\sub-01_ses-20260317_grp-10_run01_task-T0_run-01_acq-P1_tobii.tsv.gz	True	49.778485738467076	317.975288	1.0	0.014450676344440779	0.5015254965357967	0.6301168525239195	0.10788203355753594	0.1512814995168445	0.15967760598295086	0.5654867177950309	2.699424435516365	3.1121716925107226	0.24842601329482986	-0.000103676726172945	0.0	4.728000000000001	2.3869860186778813	3.073125666464197	3.148931022384394	0.2604380359604769	0.2573458373902791	0.022302870339821812	0.0596502804354998	0.13906332207288147	28	5.283429446882049	0.13811689285714132	True	ok	ok	-0.3753240764370327	-1.2334054146377795	-0.4053280929342993	-1.2765302525714266	-0.3471006556977976	-1.0988455474830605	0.056119425895620134	0.3767703126866455	0.1425758665047877	1.1364631166393797
ses-20260317_grp-10_run01	T0	P2	C:\Users\amodica\Downloads\affectai_et_all\bids_release_no_video\sub-01\ses-20260317_grp-10_run01\et\sub-01_ses-20260317_grp-10_run01_task-T0_run-01_acq-P2_tobii.tsv.gz	True	49.78963877614576	317.97529699999996	1.0	0.003594121044862332	0.5383961234837302	0.5601386432193055	0.07482811574684252	0.14684157065142187	0.14313789898362161	0.543419817203079	2.5511091233679517	2.9411859957640716	0.342242463830535	0.00037494182876259013	0.0	5.281	2.7419383951477094	2.970973560517039	2.9029692665289253	0.4092990211951082	0.30768734963379407	0.016879532764264127	0.0059688081637891965	0.14023067323481117	0			False	blink_detection_unreliable	Gaze validity is too low (< 70%) to distinguish blinks from tracking failures; blink_count_est, blink_rate_per_min, and blink_duration_mean_s are set to NaN. When gaze_valid is stuck at 1.0 (>= 99%), pupil-NaN transitions are used as a fallback instead of raising this flag.	-0.7328983579774255	-4.075408783301298	-0.7892471266951464	-3.734229581963225	-0.6878443337472224	-3.824858670949004	-0.13680959080198407	-2.6329887735742363	0.07360112621250281	1.5264522036033341
ses-20260317_grp-10_run01	T0	P3	C:\Users\amodica\Downloads\affectai_et_all\bids_release_no_video\sub-01\ses-20260317_grp-10_run01\et\sub-01_ses-20260317_grp-10_run01_task-T0_run-01_acq-P3_tobii.tsv.gz	True	49.798316817020954	317.97530400000005	1.0	0.028466962653434316	0.5550993405588927	0.6556988574040219	0.1751376717776466	0.18261246234694384	0.22759550317653734	0.6759598626099109	3.43479685390412	3.5899332071036825	0.42927144832040315	0.0005973293854690248	0.0	3.3609999999999998	2.387924289983401	3.651925862423702	3.496634713398031	0.411006553142861	0.4565185576976489	0.04798903107861063	0.06483416035518408	0.19665646158375033	51	9.623388865444719	0.10253766666666458	True	ok	ok	0.16431117723267086	1.018410777939733	0.154386453556707	0.8992615876620957	0.14249712126043912	0.7772420153102823	0.1640327417808886	1.807040514679582	0.15735652882289491	1.1647699671711094
ses-20260317_grp-10_run01	T0	P4	C:\Users\amodica\Downloads\affectai_et_all\bids_release_no_video\sub-01\ses-20260317_grp-10_run01\et\sub-01_ses-20260317_grp-10_run01_task-T0_run-01_acq-P4_tobii.tsv.gz	True	49.77353043656482	317.915125	1.0	0.0068877369878577	0.4092807427394731	0.41660812326918983	0.1467974632455399	0.1497669417539855	0.18459813356776356	0.6870782643172549	3.3302024866453053	3.2720885819782715	0.34766978019287365	0.0003282932183747565	0.0	4.127	2.2924274230575383	3.2082318235995233	3.3443783991988294	0.3352217859138384	0.3606822681845966	0.04679400695874458	0.07825037278988856	0.15325426067196882	41	7.737914325403675	0.10652863414634114	True	ok	ok	0.10501479151534054	0.4974240132916363	0.07534222245992206	0.36336069802137194	0.1372702910907213	0.6521164032469422	-0.05282921201165813	-0.6542056499727759	0.07787683193608852	1.3579906916876336
ses-20260317_grp-10_run01	T1	P1	C:\Users\amodica\Downloads\affectai_et_all\bids_release_no_video\sub-01\ses-20260317_grp-10_run01\et\sub-01_ses-20260317_grp-10_run01_task-T1_run-01_acq-P1_tobii.tsv.gz	True	49.77848573850229	383.974695	1.0	0.007317884466127065	0.4988879753852976	0.6095988801419226	0.1337138679957805	0.18567372585673342	0.2090599071604422	0.8483712065697956	3.799147507430499	3.1802182614480543	0.3389489950320137	-0.0003111873294520834	0.0	5.2829999999999995	3.0692155211951264	3.1956691587718296	3.155380509453462	0.3466934467632976	0.35040359292869916	0.028606275640314927	0.08809180618693868	0.13933132492311553	38	5.937891297758567	0.12389531578947742	True	ok	ok	-0.30727750749970095	-1.009787981480894	-0.28278460062666655	-0.8905948143095558	-0.34065116862872946	-1.078427867386353	0.053481904745121045	0.3590627247572982	0.12205789412279089	0.9729156705533213
ses-20260317_grp-10_run01	T1	P2	C:\Users\amodica\Downloads\affectai_et_all\bids_release_no_video\sub-01\ses-20260317_grp-10_run01\et\sub-01_ses-20260317_grp-10_run01_task-T1_run-01_acq-P2_tobii.tsv.gz	True	49.78839930297585	383.974697	1.0	0.0005314061005420342	0.5781679136996493	0.5243275693484961	0.09515376379462749	0.11271231144507901	0.13387825832297529	0.4984255771035416	2.1389330092807857	3.071814778403656	0.5033111323300035	-0.0008008385243070217	0.0	6.214	2.1294142871334767	3.1072380408163265	3.0277836603063695	0.5573924113535534	0.46682879702456437	0.02354129025401208	0.011318949941545364	0.16323758396652352	0			False	blink_detection_unreliable	Gaze validity is too low (< 70%) to distinguish blinks from tracking failures; blink_count_est, blink_rate_per_min, and blink_duration_mean_s are set to NaN. When gaze_valid is stuck at 1.0 (>= 99%), pupil-NaN transitions are used as a fallback instead of raising this flag.	-0.6022695753378411	-3.3490247188172617	-0.6529826463958588	-3.0895102841747772	-0.5630299399697782	-3.130810042681404	-0.09703780058606504	-1.8675550307379425	0.037790052341693414	0.7837476359358235
ses-20260317_grp-10_run01	T1	P3	C:\Users\amodica\Downloads\affectai_et_all\bids_release_no_video\sub-01\ses-20260317_grp-10_run01\et\sub-01_ses-20260317_grp-10_run01_task-T1_run-01_acq-P3_tobii.tsv.gz	True	49.800796812731136	383.97469800000005	1.0	0.03154962772510579	0.4545729712357384	0.5508217472815898	0.15481277988302464	0.2097329938955852	0.23270511648699993	0.6099508722359905	3.026356543921023	3.4039084578713377	0.41203471008103115	2.9501551355885575e-07	0.0	4.247	2.116982367723154	3.479782146238236	3.30745281726323	0.42551849360890304	0.4079499655797011	0.03813808988162193	0.06170657239273658	0.18984849747099078	52	8.125535396605741	0.1232966538461474	True	ok	ok	-0.021713571999673942	-0.13458205415158714	-0.017757262628759207	-0.10343151109566431	-0.046684774874361956	-0.25463930910813193	0.06350637245773438	0.6996078144249372	0.052479418700462854	0.3884583070950616
ses-20260317_grp-10_run01	T1	P4	C:\Users\amodica\Downloads\affectai_et_all\bids_release_no_video\sub-01\ses-20260317_grp-10_run01\et\sub-01_ses-20260317_grp-10_run01_task-T1_run-01_acq-P4_tobii.tsv.gz	True	49.77353043656482	383.99467500000003	1.0	0.00332667997338656	0.4450310323796851	0.43896729319139494	0.10063681504236181	0.1714523135721548	0.17866469390643575	0.4786977595474666	2.3476288457888828	2.9810110612109115	0.3097273795216955	-0.00023314413904023038	0.0	5.405	1.5015647853365037	2.9340044088176356	3.0293675808198874	0.29999053756052524	0.32111595949911015	0.03165890441339547	0.02755599911288531	0.11564892739273927	27	4.218808503008537	0.13357907407407976	True	ok	ok	-0.1860627292520194	-0.8813241275160236	-0.19888519232196566	-0.9591841061851656	-0.17774052728822065	-0.844374354023965	-0.017078922371446148	-0.21149525206586217	0.10023600185829362	1.7478825744639541
ses-20260317_grp-10_run01	T2	P1	C:\Users\amodica\Downloads\affectai_et_all\bids_release_no_video\sub-01\ses-20260317_grp-10_run01\et\sub-01_ses-20260317_grp-10_run01_task-T2_run-01_acq-P1_tobii.tsv.gz	True	49.77848573850229	279.96657600000003	1.0	0.054477050413845	0.5101364860797593	0.7315783370955606	0.09927047594766454	0.2352831634600508	0.23709141544054987	0.9269059179823582	3.7902079130395214	3.316610948081264	0.2784949714923148	0.00039786022241116597	0.0	4.369999999999999	4.021698163643979	3.3492788386288934	3.2691680345206877	0.31347739941171	0.2849146463810408	0.03852520692249817	0.11068472535741158	0.19162032369328733	44	9.42969706498107	0.10109215909092613	True	ok	ok	-0.17088482086649126	-0.5615687257182869	-0.12917492076960269	-0.40682029474488784	-0.2268636435615039	-0.7182011918478909	0.06473041543958269	0.4345821161975117	0.24403735107642888	1.9452061234460305
ses-20260317_grp-10_run01	T2	P2	C:\Users\amodica\Downloads\affectai_et_all\bids_release_no_video\sub-01\ses-20260317_grp-10_run01\et\sub-01_ses-20260317_grp-10_run01_task-T2_run-01_acq-P2_tobii.tsv.gz	True	49.790878311100585	279.98655900000006	1.0	0.0013094718463553033	0.5286313618507201	0.596034831951113	0.05694825276200825	0.12571522457977688	0.11658244028462475	0.4451947868077194	1.9525013594106246	2.738441692128619	0.33680607215830644	-0.00029839647009294166	0.0	6.478999999999999	2.454811703571924	2.7387939402853356	2.7286007186331305	0.4236362344195251	0.2785948827034439	0.010766768514476888	0.007929579514040497	0.1745786196159834	0			False	blink_detection_unreliable	Gaze validity is too low (< 70%) to distinguish blinks from tracking failures; blink_count_est, blink_rate_per_min, and blink_duration_mean_s are set to NaN. When gaze_valid is stuck at 1.0 (>= 99%), pupil-NaN transitions are used as a fallback instead of raising this flag.	-0.9356426616128779	-5.202803744425878	-1.0214267469268496	-4.832760038233235	-0.8622128816430172	-4.794460395697835	-0.14657435243499417	-2.8209179063611107	0.10949731494431025	2.270922012834605
ses-20260317_grp-10_run01	T2	P3	C:\Users\amodica\Downloads\affectai_et_all\bids_release_no_video\sub-01\ses-20260317_grp-10_run01\et\sub-01_ses-20260317_grp-10_run01_task-T2_run-01_acq-P3_tobii.tsv.gz	True	49.800796812731136	279.98655799999995	1.0	0.21905388608613	0.5026169335380566	0.7474519046574541	0.1249610899323844	0.2770200403362353	0.2771804192462986	0.6324347266747337	3.073564869128231	3.2780890180595157	0.3954335144547848	-2.263357609682261e-05	0.0	3.5309999999999997	1.8554114982777836	3.323938423274042	3.207752943892866	0.4023754612420518	0.38993620332725365	0.02990421876142424	0.050010967317394184	0.1367346630642085	32	6.857472064783911	0.10957181249999337	True	gaze_out_of_bounds	More than 10 % of valid gaze samples fall outside the scene-camera frame [0, 1] in either axis; possible calibration drift or head rotation artefacts.	-0.14753301181149592	-0.9144186771784781	-0.173600985592953	-1.0111813201712188	-0.1463846482447262	-0.7984462984643115	0.11155033476005255	1.2288764556941068	0.24910957607632717	1.8439359009692122
ses-20260317_grp-10_run01	T2	P4	C:\Users\amodica\Downloads\affectai_et_all\bids_release_no_video\sub-01\ses-20260317_grp-10_run01\et\sub-01_ses-20260317_grp-10_run01_task-T2_run-01_acq-P4_tobii.tsv.gz	True	49.77353043656482	279.966464	1.0	0.0017632628028212206	0.4661719411223551	0.46309111468874575	0.12233373079599486	0.1598404101079572	0.18025769436676292	0.5262374334512575	2.513253049342612	3.014240148727384	0.23415393213914737	0.00013934597885144657	0.0	5.022	1.5440133958066682	2.9696481496219658	3.0562887352255363	0.23318675424071805	0.23398889215617238	0.03672186445875503	0.04653480527445564	0.11408755644756649	27	5.786407331986735	0.1231939259259215	True	ok	ok	-0.1528336417355467	-0.7239277661848839	-0.16324145151763547	-0.78728136538609	-0.15081937288257175	-0.7164826868411159	0.004061986371223847	0.05030123170454702	0.12435982335564444	2.168545873508035
ses-20260317_grp-10_run01	T3	P1	C:\Users\amodica\Downloads\affectai_et_all\bids_release_no_video\sub-01\ses-20260317_grp-10_run01\et\sub-01_ses-20260317_grp-10_run01_task-T3_run-01_acq-P1_tobii.tsv.gz	True	49.77848573864314	197.7778780000001	1.0	0.01727243827487549	0.5133029988343754	0.7780799724488714	0.0854222980208702	0.14214196572637028	0.12709703102715028	0.7597720071591756	2.9543104988034283	3.1607207269259296	0.31390656211165924	-0.0006891022709131986	0.0	4.703	4.038134600661668	3.2032835706462213	3.101409694240341	0.3472787459149342	0.3348651581977524	0.03253152484899857	0.10585991310797926	0.2108337227893248	20	6.067412655726842	0.11620474999999715	True	ok	ok	-0.3267750420218256	-1.0738615812349193	-0.27517018875227484	-0.8666141742240544	-0.39462198384185054	-1.2492877865983851	0.06789692819419879	0.4558412075307335	0.29053898642973963	2.315867685868847
ses-20260317_grp-10_run01	T3	P2	C:\Users\amodica\Downloads\affectai_et_all\bids_release_no_video\sub-01\ses-20260317_grp-10_run01\et\sub-01_ses-20260317_grp-10_run01_task-T3_run-01_acq-P2_tobii.tsv.gz	True	49.790878311100585	197.97823700000004	1.0	0.00030807147258163895	0.5300331484904497	0.6107566132676113	0.04655493847193022	0.0758965057363299	0.06559675306954331	0.47364411418498253	2.0316155138225938	2.6754651879235984	0.3337698349171582	-0.0003261429999547441	0.0	6.225	3.0941366642748918	2.6919092133899887	2.6524785168353646	0.4961812729012215	0.24861575958331683	0.009139453686588639	0.005750667488190642	0.2713353486917544	0			False	blink_detection_unreliable	Gaze validity is too low (< 70%) to distinguish blinks from tracking failures; blink_count_est, blink_rate_per_min, and blink_duration_mean_s are set to NaN. When gaze_valid is stuck at 1.0 (>= 99%), pupil-NaN transitions are used as a fallback instead of raising this flag.	-0.9986191658178987	-5.552995548766989	-1.0683114738221966	-5.054589587170569	-0.9383350834407831	-5.217748993587067	-0.1451725657952646	-2.793939618773829	0.12421909626080863	2.57624472578676
ses-20260317_grp-10_run01	T3	P3	C:\Users\amodica\Downloads\affectai_et_all\bids_release_no_video\sub-01\ses-20260317_grp-10_run01\et\sub-01_ses-20260317_grp-10_run01_task-T3_run-01_acq-P3_tobii.tsv.gz	True	49.800796812731136	197.97823299999993	1.0	0.051423888547428805	0.5033864269616881	0.7210385064535956	0.09384983053590318	0.20523555263326537	0.1762209869719584	0.4719577502052062	2.3607563650406584	3.0801258451137064	0.3282908997966483	-0.00018155798454862245	0.0	4.531000000000001	1.4540343911241553	3.1394728575946034	3.010657788624788	0.336626042549424	0.32579488456547584	0.028170456873591432	0.03462405244826883	0.1438814078041316	19	5.7582087824776185	0.08647689473684152	True	ok	ok	-0.34549618475730526	-2.1414065933911117	-0.35806655127239173	-2.0856460393245024	-0.34347980351280416	-1.8734900209860492	0.11231982818368408	1.2373534571584794	0.2226961778724686	1.64842108382799
ses-20260317_grp-10_run01	T3	P4	C:\Users\amodica\Downloads\affectai_et_all\bids_release_no_video\sub-01\ses-20260317_grp-10_run01\et\sub-01_ses-20260317_grp-10_run01_task-T3_run-01_acq-P4_tobii.tsv.gz	True	49.77353043684647	197.7577879999999	1.0	0.007667386609071274	0.4455604859611232	0.4891107667386609	0.1002419666838448	0.19575566438255887	0.18675007385721898	0.5122026523190868	2.6194747947468087	2.88395944924406	0.3163966643195994	0.0002388208305542784	0.0	3.2800000000000002	1.3849247748456583	2.81474262221221	2.951523027410942	0.301787574888795	0.33495595855374694	0.041252699784017244	0.026889848812094996	0.15207497971955034	22	6.674831941384785	0.09653304545455202	True	ok	ok	-0.2831143412188708	-1.3410289140928908	-0.3181469789273912	-1.534360210809305	-0.25558508069716623	-1.2141827792705946	-0.01654946879000807	-0.20493881271752065	0.15037947540555957	2.622268044868753
ses-20260317_grp-10_run01	T4	P1	C:\Users\amodica\Downloads\affectai_et_all\bids_release_no_video\sub-01\ses-20260317_grp-10_run01\et\sub-01_ses-20260317_grp-10_run01_task-T4_run-01_acq-P1_tobii.tsv.gz	True	49.77848573822059	859.7955609999999	1.0	0.029221025006939363	0.5240982941785057	0.6030103459587676	0.12794356630361345	0.21176469230842065	0.22748854847325412	0.9090103875650374	3.8364587184678682	3.192415743521159	0.26605610756463544	7.610192847646812e-05	0.0	6.936	3.390821000893794	3.2284298966057996	3.1409958667995546	0.2796681129094158	0.2846668120655723	0.05061949582376546	0.1391657624466931	0.1764467111000374	139	9.699980295664728	0.12800135251797506	True	ok	ok	-0.2950800254265964	-0.9697041142887547	-0.2500238627926965	-0.7874189583286016	-0.35503581128263706	-1.123966532534088	0.07869222353832916	0.5283178363885872	0.11546935993963581	0.9203988858026421
ses-20260317_grp-10_run01	T4	P2	C:\Users\amodica\Downloads\affectai_et_all\bids_release_no_video\sub-01\ses-20260317_grp-10_run01\et\sub-01_ses-20260317_grp-10_run01_task-T4_run-01_acq-P2_tobii.tsv.gz	True	49.790878311100585	899.8480740000002	1.0	0.0013833140576456448	0.5495636347143797	0.5276146381840034	0.061169901850587835	0.11037512775908925	0.1059502560335202	0.49330027791719094	2.130755480125327	2.9556515635984306	0.345888749034608	0.000139550049346638	0.0	7.534	2.6829378756538955	2.989983752186321	2.9137425740303233	0.4329245877912126	0.30197038451634234	0.014626845363630125	0.011338639816767526	0.17847480908921587	0			False	blink_detection_unreliable	Gaze validity is too low (< 70%) to distinguish blinks from tracking failures; blink_count_est, blink_rate_per_min, and blink_duration_mean_s are set to NaN. When gaze_valid is stuck at 1.0 (>= 99%), pupil-NaN transitions are used as a fallback instead of raising this flag.	-0.7184327901430665	-3.9949704775445762	-0.7702369350258644	-3.6442851048924285	-0.6770710262458244	-3.7649521243804815	-0.12564207957133455	-2.418062820454304	0.04107712117720075	0.851919873584324
ses-20260317_grp-10_run01	T4	P3	C:\Users\amodica\Downloads\affectai_et_all\bids_release_no_video\sub-01\ses-20260317_grp-10_run01\et\sub-01_ses-20260317_grp-10_run01_task-T4_run-01_acq-P3_tobii.tsv.gz	True	49.800796812731136	899.968288	1.0	0.03831119848218163	0.46821873728484237	0.5525372299814845	0.15169093599298616	0.21113740519198218	0.22392800877046196	0.7119745524481991	3.5250430408033884	3.5100396141449703	0.39811212919121636	7.799301537084732e-05	0.0	5.192	2.4668237380802	3.5747895060269443	3.421856170275518	0.4024156235657722	0.40862381643937246	0.032847966717717836	0.0699476535533865	0.1802392356687898	84	5.600197326064004	0.12618876190475162	True	ok	ok	0.08441758427395873	0.5232253771178085	0.07725009715994924	0.44996204925188665	0.06771857813792614	0.36936692952323535	0.07715213850683833	0.8499342177810927	0.05419490140035749	0.4011564947265884
ses-20260317_grp-10_run01	T4	P4	C:\Users\amodica\Downloads\affectai_et_all\bids_release_no_video\sub-01\ses-20260317_grp-10_run01\et\sub-01_ses-20260317_grp-10_run01_task-T4_run-01_acq-P4_tobii.tsv.gz	True	49.77600796420598	899.8881539999998	1.0	0.0030229317714852515	0.40826089082020645	0.370971785182911	0.1259453232097192	0.1729175781592171	0.18867849987277624	0.5754802722587575	2.9535767721967114	3.089154972486597	0.2794994677933494	0.00010416892846315084	0.0	4.308	2.0399454011202196	2.9820550562349593	3.2060661803282784	0.2711666004402832	0.2875705113583116	0.03828259688732494	0.05469617174031127	0.23111477373327083	100	6.66749525852743	0.10699806999999283	True	ok	ok	-0.07791881797633371	-0.3690783992373736	-0.150834544904642	-0.7274452987027452	-0.0010419277798296989	-0.004949783313102792	-0.05384906393092481	-0.6668348916804244	0.032240493849809704	0.5621991734253514
ses-20260318_grp-11_run01	T0	P1	C:\Users\amodica\Downloads\affectai_et_all\bids_release_no_video\sub-01\ses-20260318_grp-11_run01\et\sub-01_ses-20260318_grp-11_run01_task-T0_run-01_acq-P1_tobii.tsv.gz	True	49.78592054169051	899.9681999999999	1.0	0.08096859629209231	0.48222753688989783	0.5406245402951192	0.2853635583913301	0.3188552285959809	0.3031353318359741	4.307376763267276	16.078491531582976	3.0781080211880436	0.4541715848182062	-3.0287889694804588e-05	0.0	6.444	7.517835434629692	2.964126666666667	3.1956595588235293	0.45497841493648866	0.44188055183499697	0.4097616345062429	0.38251986379114644	0.37516903460837886	0			False	pupil_left_low_coverage;pupil_right_low_coverage;blink_detection_unreliable	Left-eye pupil diameter is missing for more than 30 % of samples. | Right-eye pupil diameter is missing for more than 30 % of samples. | Gaze validity is too low (< 70%) to distinguish blinks from tracking failures; blink_count_est, blink_rate_per_min, and blink_duration_mean_s are set to NaN. When gaze_valid is stuck at 1.0 (>= 99%), pupil-NaN transitions are used as a fallback instead of raising this flag.	0.20876102121304418	0.5410850205903893	0.20356450534234272	0.614048686858798	0.05415955842151865	0.13294352708970553	0.0005081363008978546	0.004007273059027038	-0.010151359179690789	-0.048623313433191276
ses-20260318_grp-11_run01	T0	P2	C:\Users\amodica\Downloads\affectai_et_all\bids_release_no_video\sub-01\ses-20260318_grp-11_run01\et\sub-01_ses-20260318_grp-11_run01_task-T0_run-01_acq-P2_tobii.tsv.gz	True	49.77848573850229	899.988279	1.0	0.16315045914763363	0.45517828820343775	0.6672607063809748	0.10097383182388783	0.22714304262972373	0.22049529327444328	0.47637918627052056	2.3428192596573902	2.817933070402637	0.29693007979384883	-7.15735036807956e-05	0.0	7.198	1.49180997619536	2.846347849890504	2.793768044985215	0.321333304092787	0.27969741923685104	0.05382623028019784	0.028537791382152067	0.0951332495124705	95	6.333415815518638	0.11704746315789841	True	gaze_out_of_bounds	More than 10 % of valid gaze samples fall outside the scene-camera frame [0, 1] in either axis; possible calibration drift or head rotation artefacts.	0.05930350614526381	0.2840546888604197	0.08623582275736164	0.4483064208953064	0.03508207576579059	0.16767416463173818	-0.042750714033570614	-1.0474549434087648	-0.08273272796488196	-0.28105567414719934
ses-20260318_grp-11_run01	T0	P3	C:\Users\amodica\Downloads\affectai_et_all\bids_release_no_video\sub-01\ses-20260318_grp-11_run01\et\sub-01_ses-20260318_grp-11_run01_task-T0_run-01_acq-P3_tobii.tsv.gz	True	49.800796812731136	899.988289	1.0	0.01138355868296549	0.5248009918585941	0.650359936597901	0.09434936619725477	0.17905988053489869	0.1816676793932126	0.6642777415840571	3.100743735284172	2.830378191118903	0.3281223158964202	-6.68500765696877e-05	0.0	10.165000000000001	2.833140914814506	2.815783940952807	2.8490038509922724	0.31138748481516	0.3355680142048498	0.0336223252239487	0.06455486442998148	0.12732712843865673	105	7.000091086740797	0.11696799047618825	True	ok	ok	-0.057653661101467524	-0.20306818429816853	-0.07799088866432724	-0.33703494571064746	-0.02619301291360987	-0.0902353964704466	-0.027685230224479995	-0.310763158019672	-0.08077772992920995	-0.58250180966971
ses-20260318_grp-11_run01	T0	P4	C:\Users\amodica\Downloads\affectai_et_all\bids_release_no_video\sub-01\ses-20260318_grp-11_run01\et\sub-01_ses-20260318_grp-11_run01_task-T0_run-01_acq-P4_tobii.tsv.gz	True	49.77353043656482	899.9882759999999	1.0	0.010049241282283187	0.5732673475027635	0.5833592051050145	0.13982502991001464	0.16876789459621397	0.19939937179334552	0.7030272850229045	3.163090024463106	3.14566214450809	0.3878350276930144	-0.000161588842590525	0.0	6.394	2.176779279567254	3.092369931416195	3.2099945096803	0.3450646756579704	0.3957161423849993	0.16480755702944427	0.04363883026831472	0.15184257466594722	121	8.066771749813329	0.12700712396694241	True	ok	ok	-0.12203718178179734	-0.24955115499482083	-0.0548426586491253	-0.22815908315743166	-0.11811187319666594	-0.24090327009872284	0.030562089305909534	0.23679527917175797	-0.013472120730760873	-0.06896036302050294
ses-20260318_grp-11_run01	T1	P1	C:\Users\amodica\Downloads\affectai_et_all\bids_release_no_video\sub-01\ses-20260318_grp-11_run01\et\sub-01_ses-20260318_grp-11_run01_task-T1_run-01_acq-P1_tobii.tsv.gz	True	49.91016170891246	524.129443	0.33719418960244646	0.03083550617843782	0.4928435776605657	0.6221567056733557	0.1599365728937373	0.2352892981212266	0.25903037892644765	3.688033261322457	16.970325469309174	2.9442562062606283	0.4141601175230204	7.047736022805624e-05	0.6628058103975536	5.008000129999999	7.644239454548164	2.8215354055829422	3.0809098776444026	0.3906632187904035	0.42540849689188587	0.8045871559633028	0.7968272171253823	0.4157048565442092	0			False	gaze_low_validity;pupil_low_coverage;pupil_left_low_coverage;pupil_right_low_coverage;blink_detection_unreliable	Fewer than 70 % of gaze samples are marked valid; gaze-position and velocity features may be unreliable. | Combined (mean) pupil diameter is missing for more than 30 % of samples; pupil features should be treated with caution. | Left-eye pupil diameter is missing for more than 30 % of samples. | Right-eye pupil diameter is missing for more than 30 % of samples. | Gaze validity is too low (< 70%) to distinguish blinks from tracking failures; blink_count_est, blink_rate_per_min, and blink_duration_mean_s are set to NaN. When gaze_valid is stuck at 1.0 (>= 99%), pupil-NaN transitions are used as a fallback instead of raising this flag.	0.07490920628562892	0.1941562135974866	0.06097324425861794	0.18392469997438804	-0.060590122757608	-0.14872840290725503	0.01112417707156571	0.08772767268145353	0.0713808061985457	0.3419021287168651
ses-20260318_grp-11_run01	T1	P2	C:\Users\amodica\Downloads\affectai_et_all\bids_release_no_video\sub-01\ses-20260318_grp-11_run01\et\sub-01_ses-20260318_grp-11_run01_task-T1_run-01_acq-P2_tobii.tsv.gz	True	49.91016170891246	524.3702880000001	0.9486092006724745	0.4711805695412253	0.5035097956151771	0.8058752649484596	0.07028049285532939	0.2929382342686947	0.28952821819255364	0.426172197856327	2.043629588224954	2.6953457121947877	0.23265499772850404	-2.0975829195581015e-05	0.05139079932752555	7.820000049999999	1.240285097507598	2.6962962343730896	2.6903340466669414	0.23218531234312348	0.22908250794238205	0.07481277701360234	0.07271129451322023	0.06567111998900914	105	12.014410702080053	0.1791960476190522	True	gaze_out_of_bounds	More than 10 % of valid gaze samples fall outside the scene-camera frame [0, 1] in either axis; possible calibration drift or head rotation artefacts.	-0.06328385206258558	-0.30311993465435616	-0.06381579276005267	-0.33175342605997893	-0.06835192255248312	-0.32668681270384337	0.005580793378168691	0.13673759010236253	0.05588183060260288	0.18983908737133537
ses-20260318_grp-11_run01	T1	P3	C:\Users\amodica\Downloads\affectai_et_all\bids_release_no_video\sub-01\ses-20260318_grp-11_run01\et\sub-01_ses-20260318_grp-11_run01_task-T1_run-01_acq-P3_tobii.tsv.gz	True	49.907670809139745	524.191671	0.9300538929021901	0.0060000821929067525	0.506240167519266	0.7259994123784408	0.07486105650242916	0.1495531696123445	0.14757357106136768	0.538015906621604	2.4112424244007227	2.769448403119426	0.2855869333005403	-4.32143744703439e-05	0.0699461070978099	7.845999959999999	2.0867467436757154	2.7775385525544998	2.7526673868590557	0.2809614508185806	0.28135329579495805	0.0988036540152123	0.0980392156862745	0.09240213559296064	138	15.795748879802403	0.12893457971014177	True	ok	ok	-0.11858344910094454	-0.4176755688483093	-0.1162362770626344	-0.5023110776186294	-0.1225294770468266	-0.422116232947449	-0.04624605456380804	-0.519106030387688	-0.005138254148670196	-0.0370528157050991
ses-20260318_grp-11_run01	T1	P4	C:\Users\amodica\Downloads\affectai_et_all\bids_release_no_video\sub-01\ses-20260318_grp-11_run01\et\sub-01_ses-20260318_grp-11_run01_task-T1_run-01_acq-P4_tobii.tsv.gz	True	49.99000199938667	559.658806	0.8302411873840445	0.04757198109153416	0.5376057669128943	0.6793888394766292	0.12543485955006797	0.21141046704101044	0.21843769052835954	0.9861212920956998	3.6433153450203437	3.0162045766108725	0.41151028951004237	-0.00010875645654430022	0.1697588126159555	6.56599987	2.9593412415682585	2.9337669605957815	3.080871867631724	0.35467355379657645	0.40748819125971003	0.3436563436563437	0.22534608248893961	0.16247636264817672	412	44.16976867866884	0.11579441019417396	True	pupil_left_low_coverage	Left-eye pupil diameter is missing for more than 30 % of samples.	-0.251494749679015	-0.5142760947212625	-0.21344562946953882	-0.8879868395021288	-0.2472345152452422	-0.5042643181577501	-0.005099491283959701	-0.039510893713202155	0.08255751364085384	0.4225909360910149
ses-20260318_grp-11_run01	T2	P1	C:\Users\amodica\Downloads\affectai_et_all\bids_release_no_video\sub-01\ses-20260318_grp-11_run01\et\sub-01_ses-20260318_grp-11_run01_task-T2_run-01_acq-P1_tobii.tsv.gz	True	49.90518015798462	856.7118859999999	0.3077246895390444	0.02568779449764402	0.5494592947676357	0.4901521127628535	0.16910518569000837	0.18111009906828465	0.20529141403167206	3.763112493591641	15.326015769988205	3.2493369423776413	0.4841561026686832	-0.00010037972621243504	0.6922753104609556	6.09800016	10.585045263543961	3.055116641603667	3.4167041091781467	0.46090201767235794	0.4818717726698478	0.834186954793143	0.8013751490914194	0.5619748461237113	0			False	gaze_low_validity;pupil_low_coverage;pupil_left_low_coverage;pupil_right_low_coverage;blink_detection_unreliable;pupil_velocity_spike	Fewer than 70 % of gaze samples are marked valid; gaze-position and velocity features may be unreliable. | Combined (mean) pupil diameter is missing for more than 30 % of samples; pupil features should be treated with caution. | Left-eye pupil diameter is missing for more than 30 % of samples. | Right-eye pupil diameter is missing for more than 30 % of samples. | Gaze validity is too low (< 70%) to distinguish blinks from tracking failures; blink_count_est, blink_rate_per_min, and blink_duration_mean_s are set to NaN. When gaze_valid is stuck at 1.0 (>= 99%), pupil-NaN transitions are used as a fallback instead of raising this flag. | Mean pupil dilation velocity (computed only between consecutive valid samples) exceeds 10.0 mm/s, suggesting systematic artefactual jumps.	0.37998994240264183	0.9848910712083985	0.2945544802793427	0.8885183176690276	0.2752041087761361	0.6755336630614394	0.06773989417863568	0.5342114949940499	-0.06062378671195651	-0.29037780366394106
ses-20260318_grp-11_run01	T2	P2	C:\Users\amodica\Downloads\affectai_et_all\bids_release_no_video\sub-01\ses-20260318_grp-11_run01\et\sub-01_ses-20260318_grp-11_run01_task-T2_run-01_acq-P2_tobii.tsv.gz	True	49.90767080899816	856.7326869999999	0.9451824134705332	0.2242676167854315	0.5232458803909096	0.6709139004370123	0.07774891812961479	0.25438405878861103	0.24441662647676346	0.42681437055948257	1.910132077441256	2.870123144332195	0.24240586191363075	-7.152936974527231e-05	0.05481758652946678	7.985999700000001	1.4426793421333801	2.8806304292955347	2.8620750172129186	0.24358381453794076	0.24351844393343844	0.0814312441534144	0.0825304022450889	0.07936156234111254	193	13.516468060241058	0.15789290673574555	True	gaze_out_of_bounds	More than 10 % of valid gaze samples fall outside the scene-camera frame [0, 1] in either axis; possible calibration drift or head rotation artefacts.	0.1114935800748218	0.5340371296177923	0.1205184021623924	0.6265281851309411	0.10338904799349402	0.49414613804820084	0.025316878153901212	0.6203004972772459	-0.07907953390884448	-0.2686452176873811
ses-20260318_grp-11_run01	T2	P3	C:\Users\amodica\Downloads\affectai_et_all\bids_release_no_video\sub-01\ses-20260318_grp-11_run01\et\sub-01_ses-20260318_grp-11_run01_task-T2_run-01_acq-P3_tobii.tsv.gz	True	49.91016170862927	856.7353439999999	0.9385173058933582	0.003663003663003663	0.49558063582175077	0.6461242580886495	0.09542504071629336	0.15586650568443933	0.16259837465666305	0.694820994601029	3.016387582781812	2.886122798135232	0.3355362959424337	-6.001803679909165e-05	0.061482694106641755	9.981999850000001	3.0862573754236102	2.880133633280581	2.8837266562247907	0.3290963968159845	0.3148116317144611	0.11482694106641722	0.1036248830682881	0.1184381374237128	208	14.56692558256357	0.13051917788461453	True	ok	ok	-0.0019090540851385285	-0.006724085502806247	-0.01364119633655303	-0.058949961276968256	0.008529792318908491	0.029385286612344918	-0.056905586261323304	-0.6387579063688948	-0.0850134084384615	-0.6130460004879015
ses-20260318_grp-11_run01	T2	P4	C:\Users\amodica\Downloads\affectai_et_all\bids_release_no_video\sub-01\ses-20260318_grp-11_run01\et\sub-01_ses-20260318_grp-11_run01_task-T2_run-01_acq-P4_tobii.tsv.gz	True	49.91016170919566	856.7148899999999	0.8860824621717065	0.00538429054054054	0.5458719303495406	0.5440638936378077	0.15452842343827405	0.1715313394110143	0.2113758914161516	0.6852755446248396	3.172180988196846	3.1798340637651763	0.33927485101041416	-6.024435919162535e-05	0.1139175378282935	6.11099995	2.1873361967332436	3.1248553740847127	3.252746967048774	0.3233026347971188	0.3394945030714774	0.2314132697209944	0.1498631866975374	0.16997561199508412	544	38.099022651514794	0.09831209191176317	True	ok	ok	-0.08786526252471116	-0.17967374718772272	-0.02235721598060758	-0.09301157211803886	-0.07535941582819206	-0.15370452787174474	0.0031666721526866226	0.024535397725438484	-0.052767432197967645	-0.2701030782572352
ses-20260318_grp-11_run01	T3	P1	C:\Users\amodica\Downloads\affectai_et_all\bids_release_no_video\sub-01\ses-20260318_grp-11_run01\et\sub-01_ses-20260318_grp-11_run01_task-T3_run-01_acq-P1_tobii.tsv.gz	True	49.90642545269967	607.2214309999999	0.2395816148084601	0.03236468805949594	0.5008719871632461	0.5315940502833334	0.16503573318525053	0.20512276095205584	0.22989870115245697	3.6044865216720106	14.690117974583657	3.1097476923398983	0.4340828124445932	3.705072639736123e-05	0.7604183851915399	5.301	9.81609990908915	2.955059579518881	3.2258531154426358	0.4367355166374104	0.4306194455268188	0.8820404527006962	0.8337677764212887	0.5188505882248521	0			False	gaze_low_validity;pupil_low_coverage;pupil_left_low_coverage;pupil_right_low_coverage;blink_detection_unreliable	Fewer than 70 % of gaze samples are marked valid; gaze-position and velocity features may be unreliable. | Combined (mean) pupil diameter is missing for more than 30 % of samples; pupil features should be treated with caution. | Left-eye pupil diameter is missing for more than 30 % of samples. | Right-eye pupil diameter is missing for more than 30 % of samples. | Gaze validity is too low (< 70%) to distinguish blinks from tracking failures; blink_count_est, blink_rate_per_min, and blink_duration_mean_s are set to NaN. When gaze_valid is stuck at 1.0 (>= 99%), pupil-NaN transitions are used as a fallback instead of raising this flag.	0.24040069236489892	0.6230914795413802	0.1944974181945569	0.5866979807650767	0.08435311504062515	0.20705856844742618	0.019152586574246122	0.15104145099266905	-0.019181849191476585	-0.0918778509316604
ses-20260318_grp-11_run01	T3	P2	C:\Users\amodica\Downloads\affectai_et_all\bids_release_no_video\sub-01\ses-20260318_grp-11_run01\et\sub-01_ses-20260318_grp-11_run01_task-T3_run-01_acq-P2_tobii.tsv.gz	True	49.90268975498518	607.1994999999997	0.938395037286346	0.2758887443299694	0.5195293223744962	0.7178604802771897	0.0707505319172938	0.26134517138543994	0.2578464860154272	0.40051697113092793	1.9028227088855532	2.7701042405397867	0.2538407997960155	-0.00011368444447298452	0.06160496271365401	6.561999978	1.3295053577997205	2.7847281658594447	2.75672243883478	0.2553284545042434	0.25615425484511617	0.09288589718207618	0.08770540487032275	0.07540423206404494	158	15.612661077619471	0.14151765822784362	True	gaze_out_of_bounds	More than 10 % of valid gaze samples fall outside the scene-camera frame [0, 1] in either axis; possible calibration drift or head rotation artefacts.	0.011474676282413387	0.0549619375487006	0.024616138726302417	0.1279697078985533	-0.001963530384644585	-0.00938465896865088	0.02160032013748786	0.5292393967842656	-0.03213295406866701	-0.10916053767674265
ses-20260318_grp-11_run01	T3	P3	C:\Users\amodica\Downloads\affectai_et_all\bids_release_no_video\sub-01\ses-20260318_grp-11_run01\et\sub-01_ses-20260318_grp-11_run01_task-T3_run-01_acq-P3_tobii.tsv.gz	True	49.915144254459584	607.201233	0.9418267009833037	0.03916897312826262	0.4963474826100035	0.732472515069274	0.07982490047135755	0.17773878346776456	0.16770031211289893	0.6159384205724425	2.9565581875799207	2.809785464366219	0.3012414317669535	-4.816150637472161e-05	0.05817329901669632	9.29200031	2.6156219694917446	2.819369021762162	2.7988445787984064	0.2957402941641094	0.28565392890956426	0.11486174354913214	0.11383884379330822	0.09835328933447371	131	12.944637745819598	0.12510086259542816	True	ok	ok	-0.0782463878541515	-0.27560005047152786	-0.0744058078549723	-0.3215421421711246	-0.07635228510747583	-0.2630349834446798	-0.056138739473070576	-0.6301501495360136	0.0013348485421630363	0.00962581756291437
ses-20260318_grp-11_run01	T3	P4	C:\Users\amodica\Downloads\affectai_et_all\bids_release_no_video\sub-01\ses-20260318_grp-11_run01\et\sub-01_ses-20260318_grp-11_run01_task-T3_run-01_acq-P4_tobii.tsv.gz	True	49.91763590073339	607.220462	0.8472300128683142	0.014292946995365503	0.5175726292000183	0.585682283812195	0.13889405673141056	0.20774517011129787	0.22895185673316482	0.7864046519640167	3.3696262160742685	3.091628908641391	0.400880257217969	-7.050061788448978e-05	0.15276998713168577	7.43099976	2.387313882131334	3.029715823444738	3.154664025491871	0.35435883790232287	0.3972735787352027	0.2891741181905171	0.20038274985976834	0.16654631860248756	430	42.488686753115374	0.11089621395349346	True	ok	ok	-0.1760704176484964	-0.3600425332925583	-0.11749676662058217	-0.48881573589690147	-0.17344235738509495	-0.3537564000710488	-0.02513262899683566	-0.1947277831713936	-0.011149042023580358	-0.05706911336694367
ses-20260318_grp-11_run01	T4	P1	C:\Users\amodica\Downloads\affectai_et_all\bids_release_no_video\sub-01\ses-20260318_grp-11_run01\et\sub-01_ses-20260318_grp-11_run01_task-T4_run-01_acq-P1_tobii.tsv.gz	True	49.9076708095645	470.93431199999986	0.1828121676239098	0.03164998836397487	0.5139446125206479	0.4578866881210304	0.22944906439576634	0.21102761559794722	0.23025781211415522	3.975985018179396	16.405219480425462	3.1313722382511053	0.39668089964777464	-4.201850294271844e-05	0.8171878323760902	5.39299977	8.308665053624985	2.995052050767918	3.2569960597312795	0.35717071339971007	0.41234003255937274	0.900276536907041	0.8812593065305254	0.453275655477327	0			False	gaze_low_validity;pupil_low_coverage;pupil_left_low_coverage;pupil_right_low_coverage;blink_detection_unreliable	Fewer than 70 % of gaze samples are marked valid; gaze-position and velocity features may be unreliable. | Combined (mean) pupil diameter is missing for more than 30 % of samples; pupil features should be treated with caution. | Left-eye pupil diameter is missing for more than 30 % of samples. | Right-eye pupil diameter is missing for more than 30 % of samples. | Gaze validity is too low (< 70%) to distinguish blinks from tracking failures; blink_count_est, blink_rate_per_min, and blink_duration_mean_s are set to NaN. When gaze_valid is stuck at 1.0 (>= 99%), pupil-NaN transitions are used as a fallback instead of raising this flag.	0.2620252382761059	0.6791398634860175	0.23448988944359384	0.7073345544811591	0.11549605932926887	0.28350403769345117	0.03222521193164796	0.2541350093802652	-0.09288921135377959	-0.44492379377658375
ses-20260318_grp-11_run01	T4	P2	C:\Users\amodica\Downloads\affectai_et_all\bids_release_no_video\sub-01\ses-20260318_grp-11_run01\et\sub-01_ses-20260318_grp-11_run01_task-T4_run-01_acq-P2_tobii.tsv.gz	True	49.90019960109517	470.933497	0.9506913422676027	0.19927503803812763	0.5277921910783764	0.6964367088096568	0.06791356689518983	0.23939939279551262	0.23100965160167	0.4016776007580143	1.933741273795733	2.788943412905308	0.27386123381764155	-0.00027318478841631096	0.04930865773239734	8.748000028	1.3363811968588293	2.805029251101926	2.775037075449757	0.2661199882633676	0.2764731146199279	0.06334822378217397	0.08083386513507762	0.072706040373208	96	12.231026326844617	0.15133286458333353	True	gaze_out_of_bounds	More than 10 % of valid gaze samples fall outside the scene-camera frame [0, 1] in either axis; possible calibration drift or head rotation artefacts.	0.030313848647934627	0.14519868057647065	0.04491722396878384	0.23350713508765544	0.016351106230332313	0.07814982489289415	0.029863188841368016	0.7316917503009903	-0.053556725536199945	-0.18194035142999987
ses-20260318_grp-11_run01	T4	P3	C:\Users\amodica\Downloads\affectai_et_all\bids_release_no_video\sub-01\ses-20260318_grp-11_run01\et\sub-01_ses-20260318_grp-11_run01_task-T4_run-01_acq-P3_tobii.tsv.gz	True	49.90767080899816	470.93279600000005	0.9449478834290577	0.00895952455990275	0.48646258610072934	0.6519262303444334	0.09349757974342544	0.17289625629024374	0.17678655441746546	0.6174588954082557	2.8964360598324808	2.806473504350097	0.3392368454467185	-3.645292501422259e-05	0.05505211657094233	9.30300036	2.782656104778303	2.800112438946362	2.797512680451882	0.3390741734903629	0.31749627088228205	0.11006168900233992	0.0924058710912572	0.10529181565069859	87	11.084384108173259	0.1393292643678533	True	ok	ok	-0.08155834787027372	-0.2872654624174997	-0.09366239067077231	-0.40475880318173707	-0.07768418345400008	-0.2676233969942528	-0.06602363598234473	-0.741106844893506	-0.07921143618267756	-0.5712070017736596
ses-20260318_grp-11_run01	T4	P4	C:\Users\amodica\Downloads\affectai_et_all\bids_release_no_video\sub-01\ses-20260318_grp-11_run01\et\sub-01_ses-20260318_grp-11_run01_task-T4_run-01_acq-P4_tobii.tsv.gz	True	49.90019959996283	470.935962	0.8932992980216975	0.008906034195361241	0.5113324426709802	0.5879573081910735	0.13583209763061282	0.17372079302631122	0.1984036058436618	0.623658409815338	2.7635367528377204	3.012263228158689	0.3828794703891624	-0.00022460750491885522	0.1067007019783025	7.8590000269999996	1.8867164132414935	2.9631028823990015	3.083792167154557	0.3472027424467387	0.3790036257775167	0.19859604339502235	0.15273346096575202	0.14240540721881162	291	37.0751044915954	0.09522447422680536	True	ok	ok	-0.2554360981311983	-0.5223356716806682	-0.18410970766631873	-0.7659421176183263	-0.24431421572240897	-0.4983080185438505	-0.03137281552587379	-0.24307679152736705	-0.00887401764470186	-0.04542384161030503
ses-20260318_grp-12_run01	T0	P1	C:\Users\amodica\Downloads\affectai_et_all\bids_release_no_video\sub-01\ses-20260318_grp-12_run01\et\sub-01_ses-20260318_grp-12_run01_task-T0_run-01_acq-P1_tobii.tsv.gz	True	49.91016170919566	670.8162549999997	0.7523670141274156	0.005041683207622072	0.5300056649464073	0.5341504922588328	0.10216420786975793	0.16411577791091606	0.16801244694423403	0.8457025260689541	3.7962007119944428	2.4434211393410084	0.3859251688224791	-5.079507127806837e-05	0.24763298587258442	9.516	4.118581207318507	2.51680144989339	2.3409443730729707	0.38856473110413114	0.3264731940521201	0.29960275977420026	0.30252979301693494	0.21687520821765685	254	22.718590800993642	0.11232964173232032	True	pupil_right_low_coverage	Right-eye pupil diameter is missing for more than 30 % of samples.	0.05149049660939875	0.09607444579434175	0.06035910863953031	0.11431753924937678	0.09665939897970643	0.22959139358564226	-0.018352042811564107	-0.2095176477700056	-0.00428439350566634	-0.025701070920280355
ses-20260318_grp-12_run01	T0	P2	C:\Users\amodica\Downloads\affectai_et_all\bids_release_no_video\sub-01\ses-20260318_grp-12_run01\et\sub-01_ses-20260318_grp-12_run01_task-T0_run-01_acq-P2_tobii.tsv.gz	True	49.91016170919566	670.8557680000013	0.8184153152345967	0.05123526621172864	0.4248801299127833	0.6658792905886216	0.10898915613411952	0.19058705495413325	0.18410807761041956	1.0358588507456639	4.777513197934638	3.4849896726635774	0.38710921111543584	4.4567319759253664e-05	0.18158468476540335	6.659	4.266328437911689	3.514275131146842	3.4842483534465125	0.3692169252498378	0.38695170369951776	0.2997341934713138	0.26992802317594	0.14670223046512765	542	48.4753974717259	0.10502432103321788	True	blink_rate_unusual	Estimated blink rate (when detection is reliable) is outside the expected range (2–45 blinks/min); possible systematic gaze-validity artefact.	-0.013622131076619581	-0.0347713891248269	0.021572640272888854	0.05619931013632422	-0.016702974455296893	-0.04334186862053122	0.03655423005354336	0.3996279012016764	0.025619970258840774	0.1479507022600472
ses-20260318_grp-12_run01	T0	P3	C:\Users\amodica\Downloads\affectai_et_all\bids_release_no_video\sub-01\ses-20260318_grp-12_run01\et\sub-01_ses-20260318_grp-12_run01_task-T0_run-01_acq-P3_tobii.tsv.gz	True	49.91016170919566	670.6170189999993	0.8848256699829703	0.029240950837385198	0.5437631347920043	0.5458186419502971	0.13928704897964414	0.20481839222050904	0.21312724172703013	0.8060331539646164	4.058488376564489	3.266224962857915	0.3233025611621252	-2.8823434723265867e-05	0.1151743300170297	5.281000000000001	2.6909633771637766	3.123595837645165	3.3794638883129453	0.2821798855963887	0.33365284707879783	0.2204893788652864	0.13543067132741782	0.2614566166922442	309	27.646181762052805	0.1053044368932132	True	ok	ok	0.055630705953048754	0.18797360273868566	0.021114001611783006	0.07339406851474646	0.05915633435611101	0.18868889230179936	-0.024109190942322667	-0.15865250209063866	0.029154010209832326	0.15442322267918704
ses-20260318_grp-12_run01	T0	P4	C:\Users\amodica\Downloads\affectai_et_all\bids_release_no_video\sub-01\ses-20260318_grp-12_run01\et\sub-01_ses-20260318_grp-12_run01_task-T0_run-01_acq-P4_tobii.tsv.gz	True	49.907670808431824	670.8310200000014	0.9456706788925062	0.011275345840439644	0.5239546206809425	0.6165923125513233	0.09972030536757452	0.17150636588449727	0.17109277901430203	0.6195570680153965	3.3668248669499135	2.3605100593771717	0.18946535483406482	-0.00010020335493875673	0.05432932110749378	5.191	1.5555649303437538	2.247537919659118	2.458116762708045	0.17683061714363413	0.19388763551252464	0.13082046533855018	0.07222006511155576	0.219316083081889	211	18.872114768932377	0.10369744549752277	True	ok	ok	0.08113534629377472	0.5432645531079575	0.07445682472370674	0.48588654147104915	0.08385606194127826	0.5486677438611035	-0.00143848375670097	-0.018244164690427226	-0.003960795711874798	-0.026600937632895155
ses-20260318_grp-12_run01	T1	P1	C:\Users\amodica\Downloads\affectai_et_all\bids_release_no_video\sub-01\ses-20260318_grp-12_run01\et\sub-01_ses-20260318_grp-12_run01_task-T1_run-01_acq-P1_tobii.tsv.gz	True	49.91016170919566	779.3931149999989	0.961388174807198	0.0007487031392053051	0.5402001096315312	0.6234031819883417	0.06552909639377352	0.1514703974947536	0.14298580193389343	0.3901417596271826	1.84256900015423	2.170505588534146	0.22946782895814838	-3.398183712021982e-05	0.03861182519280204	8.754000000000001	1.962235907013705	2.2474267287710497	2.0845336448344245	0.21167203345428107	0.21585271314107704	0.06727506426735219	0.05370179948586118	0.18215536754818468	127	9.776837713019841	0.09607968503936946	True	ok	ok	-0.2214250541974634	-0.41314981924490296	-0.2090156124828102	-0.3958665232522578	-0.15975132925883972	-0.3794512556341905	-0.008157598126440235	-0.09313190844497024	0.0849682962238425	0.5097048635556479
ses-20260318_grp-12_run01	T1	P2	C:\Users\amodica\Downloads\affectai_et_all\bids_release_no_video\sub-01\ses-20260318_grp-12_run01\et\sub-01_ses-20260318_grp-12_run01_task-T1_run-01_acq-P2_tobii.tsv.gz	True	49.91016170919566	779.3924659999993	0.90573264781491	0.07637725995515568	0.441728955808475	0.7861207475945846	0.09032378387568492	0.18368917317947	0.16814619139424403	0.727591790176866	3.3756439546952266	3.3174785144608747	0.35108674936283746	5.994192409257503e-05	0.09426735218508997	7.641000000000001	3.172252477243304	3.344487437774524	3.2969518893247987	0.3526916325978862	0.3499117613292556	0.12210796915167099	0.12850899742930588	0.12976174660247425	489	37.64470569054747	0.09092142740290425	True	ok	ok	-0.18113328927932226	-0.4623546822127705	-0.14821505309942884	-0.3861179545312617	-0.20399943857701075	-0.5293498406005775	0.053403055949235056	0.5838271285016382	0.14586142726480378	0.8423234054705323
ses-20260318_grp-12_run01	T1	P3	C:\Users\amodica\Downloads\affectai_et_all\bids_release_no_video\sub-01\ses-20260318_grp-12_run01\et\sub-01_ses-20260318_grp-12_run01_task-T1_run-01_acq-P3_tobii.tsv.gz	True	49.91016170919566	779.3944260000007	0.867866323907455	0.015550947867298577	0.4998496119668246	0.6033689454976303	0.11935522755470813	0.22425551662829726	0.228488826677844	0.733994607692797	3.4932657737471673	3.0585760811611373	0.2773644057219296	2.872928166530888e-05	0.132133676092545	5.486000000000001	2.3755811693823174	2.950659505117062	3.1527430109229067	0.2579842919504597	0.29279412665245497	0.26652956298200514	0.1880462724935733	0.22719827749743898	406	31.255034918609972	0.12742339162561594	True	ok	ok	-0.1520181757437289	-0.5136624403153986	-0.15182233091632025	-0.5277473575223404	-0.16756454303392765	-0.5344747668744424	-0.06802271376750241	-0.447629029278819	0.08670431375716559	0.4592561865143796
ses-20260318_grp-12_run01	T1	P4	C:\Users\amodica\Downloads\affectai_et_all\bids_release_no_video\sub-01\ses-20260318_grp-12_run01\et\sub-01_ses-20260318_grp-12_run01_task-T1_run-01_acq-P4_tobii.tsv.gz	True	49.907670808431824	779.3701959999999	0.9405882050491028	0.0036898351873616312	0.5079095334408397	0.6484888047667204	0.0934618877106803	0.15414701638841066	0.15528160430155416	0.47699001326356877	2.4459157200559236	2.238684915407112	0.15076154780741102	-7.511156782192222e-06	0.05941179495089721	4.436	1.254635995442505	2.138066625430768	2.3253618628590402	0.14965966489129584	0.15245015270474058	0.12717877525836807	0.07095480487428663	0.1949294370485344	246	18.938368538793856	0.11346028455285172	True	ok	ok	-0.040689797676285	-0.2724499957222251	-0.035014469504643486	-0.22849563558728897	-0.048898837907726644	-0.31994365644131756	-0.017483570996803754	-0.22174261416340224	0.027935696503522345	0.18761778553581082
ses-20260318_grp-12_run01	T2	P1	C:\Users\amodica\Downloads\affectai_et_all\bids_release_no_video\sub-01\ses-20260318_grp-12_run01\et\sub-01_ses-20260318_grp-12_run01_task-T2_run-01_acq-P1_tobii.tsv.gz	True	49.91016170919566	876.0884320000005	0.9081095915473631	0.0013851113125818474	0.561491744736577	0.5047354235922232	0.08014501579205767	0.11726142371306623	0.1182306162420746	0.5743578360695507	2.512643307301392	2.331939999496323	0.343325091564106	2.6991989612171563e-05	0.09189040845263685	9.01	3.3124608299118745	2.389349131740436	2.2505445979899497	0.3299647171454442	0.30976303140655503	0.12420527832410921	0.1261949412249005	0.17793811659192826	209	14.313623536122655	0.1031535215310797	True	ok	ok	-0.0599906432352868	-0.11193459339493361	-0.06709320951342379	-0.12707163483349226	0.00625962389668544	0.014868246533001186	0.013134036978605601	0.14994584318143192	-0.03369946217227593	-0.20215516294651484
ses-20260318_grp-12_run01	T2	P2	C:\Users\amodica\Downloads\affectai_et_all\bids_release_no_video\sub-01\ses-20260318_grp-12_run01\et\sub-01_ses-20260318_grp-12_run01_task-T2_run-01_acq-P2_tobii.tsv.gz	True	49.91016170919566	876.0075570000008	0.904418828049952	0.011531750246567028	0.4721921351440204	0.6000332903421591	0.12086176456568432	0.15072832054556082	0.16877833530240724	1.0757808938351034	4.482518835640179	3.6034574893154288	0.44358015838882686	-8.471913092768946e-06	0.095581171950048	6.853	6.175408984682574	3.6461878226711564	3.572114679996809	0.4656936692361618	0.4457427763636188	0.18484973240016467	0.13981519601116144	0.24155458968729604	421	28.835367683934233	0.10132376722090491	True	ok	ok	0.10484568557523177	0.26762553602591826	0.15348533179720336	0.39984766138653804	0.07116335209499969	0.18465888607762096	0.08386623528478049	0.9168648208278709	-0.0402260299876217	-0.23229805989913882
ses-20260318_grp-12_run01	T2	P3	C:\Users\amodica\Downloads\affectai_et_all\bids_release_no_video\sub-01\ses-20260318_grp-12_run01\et\sub-01_ses-20260318_grp-12_run01_task-T2_run-01_acq-P3_tobii.tsv.gz	True	49.91016170919566	876.2501969999994	0.871267206292587	0.007846945202603402	0.48301631587234933	0.5250657988662607	0.14573155180767944	0.15493622717631386	0.17914095469457628	0.7848917703629903	3.6720296293291153	3.191695963678354	0.30165194643623294	3.0044028571953576e-05	0.12873279370741297	6.031000000000001	2.8415462497044515	3.076229595794191	3.3026952580195257	0.275502932076527	0.3203341625922502	0.20407463300864315	0.18027164220057623	0.23857183228382736	461	31.566326712049822	0.11408991540127618	True	ok	ok	-0.018898293226512042	-0.06385646564323144	-0.02625224023919115	-0.09125502376136604	-0.01761229593730862	-0.0561773248372166	-0.08485600986197767	-0.5584019104679954	0.008401167125795972	0.04449937735819015
ses-20260318_grp-12_run01	T2	P4	C:\Users\amodica\Downloads\affectai_et_all\bids_release_no_video\sub-01\ses-20260318_grp-12_run01\et\sub-01_ses-20260318_grp-12_run01_task-T2_run-01_acq-P4_tobii.tsv.gz	True	49.907670808431824	875.927384999999	0.9264359402520759	0.0017036616379842472	0.4573625836399101	0.5780606651687613	0.11092092619668464	0.12753144519484438	0.1489468740107287	0.5151550850702757	2.515906988207794	2.291203711019481	0.14687895138732046	-1.605697430248054e-07	0.07356405974792413	4.628	1.4791534107890862	2.1824295346553053	2.3933769191532774	0.14435940230475375	0.14356133208556524	0.13829860237436242	0.10309490587185766	0.221034222100055	302	20.686646302307377	0.11955714900658683	True	ok	ok	0.01182899793608394	0.07920438589358264	0.009348439719893964	0.06100557014760285	0.019116218386510564	0.12507685396230062	-0.06803052079773331	-0.8628251932825902	-0.04249244309443678	-0.28538175428629364
ses-20260318_grp-12_run01	T3	P1	C:\Users\amodica\Downloads\affectai_et_all\bids_release_no_video\sub-01\ses-20260318_grp-12_run01\et\sub-01_ses-20260318_grp-12_run01_task-T3_run-01_acq-P1_tobii.tsv.gz	True	49.91016170919566	652.8988339999996	0.8317530455061524	0.0014756880395484396	0.5535626431186674	0.5514990777255725	0.06872270500487886	0.12802841704362256	0.12876185811275748	0.5725837036280194	2.615121235464925	2.30031736550985	0.3486614398110661	0.0001001785710432499	0.16824695449384763	8.72200036	3.5067961288720646	2.3730922872158673	2.20396198426525	0.3697190428975997	0.3114102321540825	0.2086593635889411	0.22028905458897174	0.20748927027850417	156	14.336064812148226	0.11084807051290624	True	ok	ok	-0.09161327722175949	-0.170938239404693	-0.08335005403799256	-0.1578613947205572	-0.04032298982801441	-0.09577766389895696	0.005204935360695995	0.059422584437345646	0.013064191961073335	0.07836902088093374
ses-20260318_grp-12_run01	T3	P2	C:\Users\amodica\Downloads\affectai_et_all\bids_release_no_video\sub-01\ses-20260318_grp-12_run01\et\sub-01_ses-20260318_grp-12_run01_task-T3_run-01_acq-P2_tobii.tsv.gz	True	49.90518015628577	652.7809589999997	0.8800834842392805	0.02758596638069331	0.44679798762457107	0.5667932307963479	0.10929629053013515	0.20862057614650226	0.20673318143928085	1.0532605644189388	4.504311141266851	3.1925348579707222	0.4092781618919617	-1.5977156108745566e-05	0.11991651576071949	7.285999776000001	6.285569366575014	3.2075034807595095	3.1884981864534683	0.43945296897910774	0.4310495494406172	0.1842177956477702	0.17086645590988614	0.28644122859276056	355	32.62962821806205	0.11554564788729435	True	ok	ok	-0.30607694576947475	-0.7812816161896753	-0.2851990101144435	-0.742977559410623	-0.31245314144834113	-0.8107719402295852	0.05847208776533114	0.6392441498100829	-0.07346608953343292	-0.4242534018953506
ses-20260318_grp-12_run01	T3	P3	C:\Users\amodica\Downloads\affectai_et_all\bids_release_no_video\sub-01\ses-20260318_grp-12_run01\et\sub-01_ses-20260318_grp-12_run01_task-T3_run-01_acq-P3_tobii.tsv.gz	True	49.907670808431824	653.5448300000007	0.8838407063367976	0.003919528269164065	0.48092578915891365	0.5440202290030971	0.12278331855761761	0.14216988586214171	0.1556758462733616	0.700747214923403	3.379671853627061	3.056766579617065	0.3291890067746067	0.00027363798226533013	0.11615929366320243	4.09099984	2.553260745510474	2.917016433654913	3.189094031260698	0.29374231805540507	0.3571361025803428	0.16616082651215547	0.161776878506392	0.2763720987180584	329	30.20450792947131	0.10853593617024268	True	ok	ok	-0.1538276772878011	-0.5197766630018327	-0.18546540237846898	-0.6446935403132652	-0.1312135226961364	-0.41852718769741293	-0.08694653657541335	-0.5721587924209133	0.02735559726263237	0.14489737285558607
ses-20260318_grp-12_run01	T3	P4	C:\Users\amodica\Downloads\affectai_et_all\bids_release_no_video\sub-01\ses-20260318_grp-12_run01\et\sub-01_ses-20260318_grp-12_run01_task-T3_run-01_acq-P4_tobii.tsv.gz	True	49.9051801585509	653.6679700000004	0.9363371647509579	0.0016040329972502293	0.48843208382304243	0.6076436197988706	0.0915722525297197	0.16535740699309523	0.1686917319786883	0.5298866033010212	2.643780372973253	2.2596641674796385	0.15275520834436404	5.803496875749978e-05	0.06366283524904215	5.105000141	1.5633115985964918	2.152383104681002	2.356939282993905	0.14646613051209284	0.1557080692918133	0.12263601532567048	0.08475095785440612	0.21160080195382303	203	18.633313178860504	0.1105128177339596	True	ok	ok	-0.01971054560375851	-0.13197750719111037	-0.020697990254409326	-0.135069886977256	-0.017321417772862002	-0.1133335264010723	-0.03696102061460099	-0.46877341789771315	-0.01290948846432749	-0.08670088600697064
ses-20260318_grp-12_run01	T4	P1	C:\Users\amodica\Downloads\affectai_et_all\bids_release_no_video\sub-01\ses-20260318_grp-12_run01\et\sub-01_ses-20260318_grp-12_run01_task-T4_run-01_acq-P1_tobii.tsv.gz	True	49.908916229999654	388.5848760000008	0.9325599381283836	0.0025432631171559686	0.5679629014040251	0.5238820810038708	0.08346370197757855	0.11935677699457584	0.12605650303563354	0.596789549590813	2.6117285516953586	2.329679244915962	0.39739628900703017	0.00018981105090691062	0.06744006187161644	8.790000319999999	3.9765612724626105	2.407843848807318	2.229023730360763	0.4586829873894011	0.28768110837192296	0.1207012116524877	0.08961072441350859	0.20940862539761793	84	12.970139373103109	0.1073368214286867	True	ok	ok	-0.06225139781564781	-0.11615286196268243	-0.04859849244654191	-0.09204344121277479	-0.01526124373250104	-0.03624945171788926	0.01960519364605362	0.22382435018123897	-0.014552804760628368	-0.08729885962791194
ses-20260318_grp-12_run01	T4	P2	C:\Users\amodica\Downloads\affectai_et_all\bids_release_no_video\sub-01\ses-20260318_grp-12_run01\et\sub-01_ses-20260318_grp-12_run01_task-T4_run-01_acq-P2_tobii.tsv.gz	True	49.9176358990337	388.5849580000013	0.9118329466357309	0.02205258693808312	0.4662697881137574	0.6544498446112694	0.09241912449423835	0.15852584036237188	0.15631322417382446	0.7333780944058942	3.18495587710931	3.389798444898049	0.3786314401852514	5.032598749605184e-05	0.08816705336426911	7.289999839999999	3.7270160328182675	3.404401873138185	3.3922372939965113	0.3765961587611261	0.3893226731446401	0.12987883475122453	0.11327661768497033	0.15687491623894076	195	30.109245762415643	0.10889925128193191	True	ok	ok	-0.10881335884214804	-0.2777532840492	-0.08830061773576814	-0.23003367870542582	-0.1087140339052981	-0.28209762203385075	0.07794388825451748	0.852118959393359	0.014190524281488592	0.08194771546075498
ses-20260318_grp-12_run01	T4	P3	C:\Users\amodica\Downloads\affectai_et_all\bids_release_no_video\sub-01\ses-20260318_grp-12_run01\et\sub-01_ses-20260318_grp-12_run01_task-T4_run-01_acq-P3_tobii.tsv.gz	True	49.908916227734196	388.58558900000025	0.8978087135859758	0.003330844771147993	0.45617994607234247	0.5743549416736853	0.11284040232194771	0.14998888199667917	0.1527605689162594	0.6094500880648058	3.0419160371993756	3.1141168082587725	0.31413402785558986	0.000408332869583077	0.1021912864140242	5.19400001	2.245389668878269	3.005871318165941	3.2286506254048364	0.2871194060881216	0.3430385167582657	0.18221191028615624	0.14287187419437997	0.25080387592754777	166	25.631418873848133	0.1147884337349269	True	ok	ok	-0.09647744864609376	-0.32599287200037597	-0.09661051786744101	-0.335826391319922	-0.09165692855199792	-0.29235490177857976	-0.11169237966198453	-0.7350008359975371	0.05769030993322055	0.30557455091528113
ses-20260318_grp-12_run01	T4	P4	C:\Users\amodica\Downloads\affectai_et_all\bids_release_no_video\sub-01\ses-20260318_grp-12_run01\et\sub-01_ses-20260318_grp-12_run01_task-T4_run-01_acq-P4_tobii.tsv.gz	True	49.908916227734196	388.5859819999987	0.9407063676205207	0.007399287476020828	0.47062340355119214	0.6001729788052618	0.0876051775226241	0.14295610990221005	0.14319000624953723	0.5430044437660918	2.4371474911034894	2.3055551110652233	0.13988077831822746	3.679478502437652e-05	0.059293632379479266	3.6979998399999996	1.5254564223248974	2.206117808908025	2.4001388809058697	0.13795846022724714	0.15304583196376084	0.13781902552204173	0.09786027326630575	0.21211781615437586	115	17.756687887933186	0.11307240000011086	True	ok	ok	0.026180397981826253	0.175298225243128	0.03303671397261354	0.21558929961474116	0.025878180139102813	0.16932017058105509	-0.05476970088645128	-0.6946393647916409	-0.020380129457936325	-0.1368741515841225
ses-20260318_grp-13_run01	T0	P1	C:\Users\amodica\Downloads\affectai_et_all\bids_release_no_video\sub-01\ses-20260318_grp-13_run01\et\sub-01_ses-20260318_grp-13_run01_task-T0_run-01_acq-P1_tobii.tsv.gz	True	49.91016170466452	830.1248430000014	0.9863631975284805	0.019967210707906136	0.49932379915335107	0.6045678346832407	0.12753256865428234	0.16691093293383422	0.18806714004809047	0.5085738663086768	2.666418278388926	3.3613727824406006	0.3192997741278422	-8.263070326224573e-05	0.013636802471519549	5.891	1.951393432494792	3.1716770959824307	3.5391673049123784	0.3275170747338709	0.3304269419549598	0.06581869086696268	0.04829600308939952	0.3848586492795621	59	4.26441881585755	0.08184327118622112	True	ok	ok	-0.006315983757610333	-0.02916438368419986	0.0071570517468768635	0.03405932176350326	-0.04271558144687315	-0.16784913647441427	-0.06169416032830616	-0.4653826732782912	0.04805183723845152	0.3504195398502043
ses-20260318_grp-13_run01	T0	P2	C:\Users\amodica\Downloads\affectai_et_all\bids_release_no_video\sub-01\ses-20260318_grp-13_run01\et\sub-01_ses-20260318_grp-13_run01_task-T0_run-01_acq-P2_tobii.tsv.gz	True	49.91016170466452	830.6653870000009	0.9470078873103548	0.035046609953644746	0.4605725841780857	0.6545798558402527	0.1063291181423182	0.1569694686438819	0.16594720529781234	0.5454323126343323	2.8619568492311984	3.0874781213386986	0.3224339469967471	-7.049455132733675e-05	0.05299211268964521	7.447	1.8316700509030013	2.939806042201978	3.2596359313449637	0.3049773181168387	0.32563552858452693	0.07067223039629511	0.1427675534865771	0.31916557014393654	204	14.735175187936399	0.11383378431372537	True	ok	ok	-0.04419397940319936	-0.12810356221176544	-0.03608759782554616	-0.10820777258412036	-0.061403562271136636	-0.17514437968114815	-0.003708282670801366	-0.03722471103787938	-0.023869841543581738	-0.13320975351067393
ses-20260318_grp-13_run01	T0	P3	C:\Users\amodica\Downloads\affectai_et_all\bids_release_no_video\sub-01\ses-20260318_grp-13_run01\et\sub-01_ses-20260318_grp-13_run01_task-T0_run-01_acq-P3_tobii.tsv.gz	True	49.91016170466452	830.3516100000015	0.8315758994281301	0.008472854945883991	0.5181792705220092	0.6027771784232365	0.11613613023535119	0.1623611636915904	0.1773612958141438	0.7157684280263323	3.5334412399453354	2.812454066680208	0.3399982627439975	-2.7383679471729177e-06	0.16842410057186985	7.202999999999999	2.676482025108788	2.8303595310596834	2.801376802116465	0.3299177908533924	0.34188957994402425	0.2075863233839249	0.1882585720145742	0.10797473296270849	435	31.432467506144718	0.12192311954008644	True	ok	ok	-0.015405013222939967	-0.05613875683617962	-0.020269352315006817	-0.07562848861429318	-0.0024100043920625147	-0.008862261970383973	0.028922195461476563	0.31422525710437427	0.0025609362924858825	0.017542986798115084
ses-20260318_grp-13_run01	T0	P4	C:\Users\amodica\Downloads\affectai_et_all\bids_release_no_video\sub-01\ses-20260318_grp-13_run01\et\sub-01_ses-20260318_grp-13_run01_task-T0_run-01_acq-P4_tobii.tsv.gz	True	49.91016170466452	1160.233733000001	0.8847090545359659	0.0711546969473529	0.5189163250258074	0.7167890134198497	0.1368924277066855	0.17524315457924144	0.19558938722414873	0.5066789087332237	2.709968142390295	2.6377188467777613	0.23339936885814894	-2.8796311155787493e-05	0.11529094546403407	4.981999999999999	1.386852679526353	2.591947822623473	2.6814344631188183	0.22404105121758652	0.24731370387835647	0.18109071931808296	0.14479864312429325	0.11692422113874888	224	11.583872816081955	0.11601403571428039	True	ok	ok	0.023988393709514444	0.16712670374202868	0.027957252800038024	0.21067816877606638	0.01739468928376242	0.11516440384761195	0.04144448407761392	0.3624754958517173	0.0499416133051489	0.39359370830274515
ses-20260318_grp-13_run01	T1	P1	C:\Users\amodica\Downloads\affectai_et_all\bids_release_no_video\sub-01\ses-20260318_grp-13_run01\et\sub-01_ses-20260318_grp-13_run01_task-T1_run-01_acq-P1_tobii.tsv.gz	True	49.91016170466452	803.1759900000034	0.992167036695188	0.005129107686118723	0.5217239182359892	0.6432770195861514	0.10917311745227583	0.16914406963401546	0.18411917982528542	0.40063977382567856	2.193538222527179	3.196928142207025	0.34385962080266996	-1.1786184399541411e-05	0.00783296330481198	3.3709999999999996	1.4360652997379477	3.0078099641777394	3.3877143004115227	0.3126742854368699	0.3880770030543081	0.01811060942450171	0.03010951181180932	0.3862313611313299	0			False	blink_detection_unreliable	Gaze validity is too low (< 70%) to distinguish blinks from tracking failures; blink_count_est, blink_rate_per_min, and blink_duration_mean_s are set to NaN. When gaze_valid is stuck at 1.0 (>= 99%), pupil-NaN transitions are used as a fallback instead of raising this flag.	-0.17076062399118586	-0.788496067652424	-0.1567100800578145	-0.7457594592078459	-0.1941685859477289	-0.7629775453792892	-0.03929404124566804	-0.2964099983126961	0.08676102214136217	0.6327074926363263
ses-20260318_grp-13_run01	T1	P2	C:\Users\amodica\Downloads\affectai_et_all\bids_release_no_video\sub-01\ses-20260318_grp-13_run01\et\sub-01_ses-20260318_grp-13_run01_task-T1_run-01_acq-P2_tobii.tsv.gz	True	49.91016170466452	803.1555310000003	0.9534001895923764	0.050342770422314095	0.49747454864200125	0.7184153435553926	0.08981383856463766	0.19122942289215766	0.18442015567809603	0.4974724094750084	2.507001291065187	2.856515123763672	0.2623348791144664	-5.798283067416658e-06	0.04659981040762362	6.291	1.6520672588283958	2.693774612693653	3.044756948448853	0.2418273815897421	0.2835275832620206	0.051564137105223784	0.13476026542932695	0.35940930839495433	182	13.59637029007772	0.12330037362638964	True	ok	ok	-0.27515697697822583	-0.797588028829549	-0.28211902733387095	-0.8459269497230585	-0.2762825451672475	-0.7880541975134275	0.03319368179311416	0.33320685684540113	0.03996564617155818	0.2230351578031138
ses-20260318_grp-13_run01	T1	P3	C:\Users\amodica\Downloads\affectai_et_all\bids_release_no_video\sub-01\ses-20260318_grp-13_run01\et\sub-01_ses-20260318_grp-13_run01_task-T1_run-01_acq-P3_tobii.tsv.gz	True	49.91016170466452	803.1821500000005	0.9510564522164293	0.005036065573770492	0.48611116590163933	0.624527753442623	0.09631465513418881	0.14590256420709488	0.1516328087561093	0.6015073951751096	2.9050553769667995	2.769278662295082	0.28866367832941775	-4.7860251856706896e-05	0.048943547783570684	9.413	2.4079461300133063	2.8184591382270874	2.720543515222358	0.2905892706479347	0.2756546429985039	0.0702222665702098	0.060992341656896265	0.13661192204191472	180	13.446513969465075	0.08504369999989447	True	ok	ok	-0.05858041760806598	-0.2134780263975296	-0.032169745147602846	-0.12003092979043602	-0.08324329128616981	-0.30610892539646534	-0.0031459091588932897	-0.03417873707398639	0.02431151131187237	0.16653929394409317
ses-20260318_grp-13_run01	T1	P4	C:\Users\amodica\Downloads\affectai_et_all\bids_release_no_video\sub-01\ses-20260318_grp-13_run01\et\sub-01_ses-20260318_grp-13_run01_task-T1_run-01_acq-P4_tobii.tsv.gz	True	49.91016170466452	803.1773620000022	0.9523037393668771	0.11054354944335298	0.4915640157170924	0.7784957537655535	0.10899837292975105	0.1917483460987586	0.20117908982268023	0.3647238465191357	1.6905495280066352	2.522605854616896	0.22247937568726447	-3.713732856500566e-05	0.04769626063312293	5.421	0.9772259067791123	2.473426127830005	2.569238443402474	0.2134024853318922	0.2287412921571872	0.1031007558560132	0.058323147154938026	0.10930181828417024	227	16.95764926203182	0.11147979735663802	True	gaze_out_of_bounds	More than 10 % of valid gaze samples fall outside the scene-camera frame [0, 1] in either axis; possible calibration drift or head rotation artefacts.	-0.0911245984513509	-0.6348634240962068	-0.09056444199342994	-0.6824687293801684	-0.09480133043258165	-0.6276478139463071	0.014092174768898902	0.12325085353746248	0.11164835365085268	0.8799092906917542
ses-20260318_grp-13_run01	T2	P1	C:\Users\amodica\Downloads\affectai_et_all\bids_release_no_video\sub-01\ses-20260318_grp-13_run01\et\sub-01_ses-20260318_grp-13_run01_task-T2_run-01_acq-P1_tobii.tsv.gz	True	49.91016170466452	917.8638949999986	0.8781078780205628	0.018669053123524	0.5315803962512741	0.5988187908618591	0.10113966944890598	0.17293078018825894	0.1770961759033617	0.397465008391263	2.1068180119346276	3.332648271061725	0.3260531633551672	8.360034297022668e-05	0.12189212197943722	5.0920000000000005	1.489009339853449	3.1346496953215492	3.531359738907373	0.3167401128727092	0.3592334001486236	0.13309030582174586	0.14053393289821225	0.40703782810087497	40	2.6147667568948267	0.08815994999986287	True	ok	ok	-0.035040495136485994	-0.1618013097980904	-0.02987034891400464	-0.14214845174119958	-0.05052314745187836	-0.19852864890331615	-0.029437563230383157	-0.22205881072132547	0.042302793417069884	0.30849445631031563
ses-20260318_grp-13_run01	T2	P2	C:\Users\amodica\Downloads\affectai_et_all\bids_release_no_video\sub-01\ses-20260318_grp-13_run01\et\sub-01_ses-20260318_grp-13_run01_task-T2_run-01_acq-P2_tobii.tsv.gz	True	49.91016170466452	917.8834489999972	0.9488561948834366	0.05247417699970094	0.5076818514343555	0.6315154592928295	0.11709469272223354	0.18509673663614037	0.18954280361152973	0.6282988604468969	3.1293335241242555	2.97815245347259	0.28981547282047276	6.423771810412216e-05	0.05114380511656336	6.384	2.3446874387988763	2.7938081447963805	3.209800243573112	0.26343338298943975	0.30941968397940334	0.059307604994324636	0.17552169737186762	0.42671075219937427	203	13.269658596927199	0.12821267980284282	True	ok	ok	-0.1535196472693081	-0.4450021009709838	-0.18208549523114348	-0.5459788693635585	-0.1112392500429884	-0.31729314594071173	0.04340098458546843	0.4356704311336622	-0.04693423809100494	-0.2619245827794426
ses-20260318_grp-13_run01	T2	P3	C:\Users\amodica\Downloads\affectai_et_all\bids_release_no_video\sub-01\ses-20260318_grp-13_run01\et\sub-01_ses-20260318_grp-13_run01_task-T2_run-01_acq-P3_tobii.tsv.gz	True	49.91016170466452	917.8709350000026	0.829560585885486	0.0009472936347130489	0.4592588795621398	0.5718492934768308	0.1235168135349463	0.14158671423655847	0.17182776063602193	0.7064564082292341	3.264464041496577	2.890063494987238	0.3184163315041823	-3.636461350305635e-05	0.17043941411451402	8.576	3.2766829625211153	2.949000701716507	2.833984025559105	0.3484087548794875	0.28887304447263795	0.19119862041867675	0.18694200082949508	0.17930074939387258	156	10.197512137150277	0.09555862820525363	True	ok	ok	0.06220441508409014	0.22668455274951554	0.09837181834181674	0.367042411015929	0.030197219050577484	0.11104364244509035	-0.029998195498392832	-0.3259154619055512	-0.028366948653919866	-0.19431994743433004
ses-20260318_grp-13_run01	T2	P4	C:\Users\amodica\Downloads\affectai_et_all\bids_release_no_video\sub-01\ses-20260318_grp-13_run01\et\sub-01_ses-20260318_grp-13_run01_task-T2_run-01_acq-P4_tobii.tsv.gz	True	49.91016170466452	917.8654629999983	0.9321123747571544	0.11599259970492494	0.4526563897800988	0.751158652022201	0.14632772094924384	0.19046885543975958	0.22188669214052625	0.4497231347584978	2.0421272191385604	2.6338871337907777	0.25103069854722454	8.673452732306991e-05	0.06788762524284564	4.836	1.2888985310675936	2.5946135617379795	2.6675315467952085	0.25670580508948965	0.249215435302915	0.14241121128113332	0.08524153587566308	0.10172983996674634	300	19.610717175442993	0.13137173666659996	True	gaze_out_of_bounds	More than 10 % of valid gaze samples fall outside the scene-camera frame [0, 1] in either axis; possible calibration drift or head rotation artefacts.	0.02015668072253085	0.14043122888219686	0.03062299191454443	0.23076644565705443	0.0034917729601526837	0.023117857684447008	-0.024815451168094693	-0.2170371562617138	0.08431125190750022	0.6644634823300481
ses-20260318_grp-13_run01	T3	P1	C:\Users\amodica\Downloads\affectai_et_all\bids_release_no_video\sub-01\ses-20260318_grp-13_run01\et\sub-01_ses-20260318_grp-13_run01_task-T3_run-01_acq-P1_tobii.tsv.gz	True	49.91016170466452	841.9262369999997	0.9922181766259728	0.00897011560416367	0.5228401304744088	0.6336309133208615	0.09865140781881912	0.16990539735712398	0.17286232223382172	0.3715945632674025	2.1074748756654302	3.1521053269055495	0.31714776142371803	5.237186178484178e-05	0.007781823374027219	4.973	1.2341879850215434	3.0403341459252577	3.257784069469305	0.29497328687743607	0.3581640304731719	0.023797624997025313	0.01615858737298015	0.22790983304236642	0			False	blink_detection_unreliable	Gaze validity is too low (< 70%) to distinguish blinks from tracking failures; blink_count_est, blink_rate_per_min, and blink_duration_mean_s are set to NaN. When gaze_valid is stuck at 1.0 (>= 99%), pupil-NaN transitions are used as a fallback instead of raising this flag.	-0.21558343929266144	-0.9954677498837367	-0.12418589831029614	-0.5909818202566145	-0.3240988168899466	-1.2735330927197055	-0.03817782900724842	-0.28798998201460035	0.07711491587607233	0.5623629582108209
ses-20260318_grp-13_run01	T3	P2	C:\Users\amodica\Downloads\affectai_et_all\bids_release_no_video\sub-01\ses-20260318_grp-13_run01\et\sub-01_ses-20260318_grp-13_run01_task-T3_run-01_acq-P2_tobii.tsv.gz	True	49.91016171372681	841.904681	0.9575351734758161	0.012792709374010088	0.5160413777138818	0.6695172226418773	0.09176049319807834	0.1573974015675011	0.15504806834523413	7.005772761105399	35.67129448400838	2.942970759521431	0.2530625582174964	7.782993731744914e-05	0.04246482652418393	6.744	10.172264791021858	2.7371244627815026	3.1827982369440364	0.2200114337900871	0.2743064321667022	0.04993116964931521	0.12655451597097456	0.4524289909739998	143	10.19117744993272	0.11259141258743366	True	pupil_velocity_spike	Mean pupil dilation velocity (computed only between consecutive valid samples) exceeds 10.0 mm/s, suggesting systematic artefactual jumps.	-0.188701341220467	-0.5469820625098468	-0.23876917724602142	-0.7159434927321597	-0.13824125667206388	-0.39431228825550063	0.051760510864994724	0.5195855416561507	-0.00893247474195713	-0.04984921062186001
ses-20260318_grp-13_run01	T3	P3	C:\Users\amodica\Downloads\affectai_et_all\bids_release_no_video\sub-01\ses-20260318_grp-13_run01\et\sub-01_ses-20260318_grp-13_run01_task-T3_run-01_acq-P3_tobii.tsv.gz	True	49.91016171372681	841.9169709999987	0.948285540534219	0.006116962237624251	0.4885588042325433	0.5807076116715586	0.10775034019766781	0.14828991489896198	0.1609336263094169	48.9876025518208	285.0655975056853	2.8557210862541007	0.33723673818244715	6.726848573653448e-05	0.051714459465781015	8.843	107.4801220753773	2.8954343822725894	2.81698025206913	0.3508772499763077	0.3250442548187846	0.07536136969640272	0.07023904196098607	0.15180918946824987	116	8.26684844199442	0.09890488793117301	True	pupil_velocity_spike	Mean pupil dilation velocity (computed only between consecutive valid samples) exceeds 10.0 mm/s, suggesting systematic artefactual jumps.	0.027862006350952928	0.10153437565214442	0.0448054988978992	0.1671771308029758	0.013193445560602424	0.04851599907251337	-0.0006982708279893446	-0.007586364968236556	-0.019508630459192045	-0.13363848511151455
ses-20260318_grp-13_run01	T3	P4	C:\Users\amodica\Downloads\affectai_et_all\bids_release_no_video\sub-01\ses-20260318_grp-13_run01\et\sub-01_ses-20260318_grp-13_run01_task-T3_run-01_acq-P4_tobii.tsv.gz	True	49.91016170466452	841.9260130000002	0.954081081081081	0.06110308489844481	0.4681169796889607	0.7249628480779581	0.12179543798162097	0.16520670565529358	0.18507288782152265	1.0523276102315926	3.601940838931515	2.64681207331237	0.2344953316963023	3.3783899513272195e-05	0.04591891891891897	5.257	1.5211085761890173	2.61818722108934	2.673644942783847	0.23820557235236797	0.23350321762642479	0.08548648648648649	0.06235135135135139	0.08819284360046947	194	13.825442877722317	0.11092235051554096	True	ok	ok	0.03308162024412331	0.23047904802617172	0.054196651265904894	0.40841105970470726	0.009605168948791043	0.06359260219012385	-0.009354861259232794	-0.0818180766157978	0.058115447963257294	0.45801232999366076
ses-20260318_grp-13_run01	T4	P1	C:\Users\amodica\Downloads\affectai_et_all\bids_release_no_video\sub-01\ses-20260318_grp-13_run01\et\sub-01_ses-20260318_grp-13_run01_task-T4_run-01_acq-P1_tobii.tsv.gz	True	49.91016170466452	295.175091000001	0.9923980180547071	0.0028725805348471375	0.5240696805964025	0.5911022638670406	0.09234599530354254	0.1518260101866591	0.16007151135938538	0.34145421141666654	1.685539391197027	3.201751692770672	0.33912787882720435	-0.00027657761492440265	0.007601981945292935	3.1870000000000003	1.365888773590923	3.1046986884330963	3.289146702464546	0.33224332123257444	0.3679294413670406	0.02708206068010588	0.014050091631032324	0.2157548282885034	0			False	blink_detection_unreliable	Gaze validity is too low (< 70%) to distinguish blinks from tracking failures; blink_count_est, blink_rate_per_min, and blink_duration_mean_s are set to NaN. When gaze_valid is stuck at 1.0 (>= 99%), pupil-NaN transitions are used as a fallback instead of raising this flag.	-0.16593707342753872	-0.7662230719074874	-0.05982135580245762	-0.28468074252697884	-0.29273618389470535	-1.1502949045105044	-0.03694827888525476	-0.27871501466504844	0.03458626642225138	0.2522214396231993
ses-20260318_grp-13_run01	T4	P2	C:\Users\amodica\Downloads\affectai_et_all\bids_release_no_video\sub-01\ses-20260318_grp-13_run01\et\sub-01_ses-20260318_grp-13_run01_task-T4_run-01_acq-P2_tobii.tsv.gz	True	49.91016170466452	295.195418000003	0.9639952683720242	0.011043791701817624	0.5189576347879438	0.6458444589308996	0.09417040408105938	0.13417307853664287	0.14236927747171665	0.5145260725086248	2.523322730439304	2.9157013574660633	0.2536488495281135	-0.0002019794471658176	0.036004731627975795	6.046	2.1687019049567025	2.7040663304887516	3.1599298126642363	0.21835595921642362	0.28185882736957385	0.04702055300901964	0.12782788703238213	0.4652439903846154	44	8.94322824482314	0.12067365909073983	True	ok	ok	-0.21597074327583465	-0.6260269367178604	-0.27182730953877243	-0.8150674875871879	-0.16110968095186395	-0.45954101174689993	0.05467676793905668	0.5488596926665074	-0.03260523845293484	-0.18195913741371522
ses-20260318_grp-13_run01	T4	P3	C:\Users\amodica\Downloads\affectai_et_all\bids_release_no_video\sub-01\ses-20260318_grp-13_run01\et\sub-01_ses-20260318_grp-13_run01_task-T4_run-01_acq-P3_tobii.tsv.gz	True	49.830576037413806	295.1803629999995	0.929248777596681	0.0017539663557362673	0.47022026628398306	0.5937335485928406	0.10240067230548835	0.15842262097787416	0.17269581481225107	0.7132095367338467	3.1971137505488345	2.7565813202583116	0.34110922910850333	-0.0004045206602538077	0.07075122240331899	9.013	3.1837038587588795	2.799892319091134	2.7145989287453336	0.36296878893796736	0.31430325732869674	0.10008890205956433	0.08712401837309236	0.16817398960254906	94	19.10696207118632	0.1023787446810023	True	ok	ok	-0.07127775964483618	-0.2597495217057308	-0.05073656428355644	-0.18930697017913134	-0.08918787776319403	-0.3279688368715246	-0.019036808776549563	-0.20682545141587616	-0.006482693537910089	-0.044407901705899075
ses-20260318_grp-13_run01	T4	P4	C:\Users\amodica\Downloads\affectai_et_all\bids_release_no_video\sub-01\ses-20260318_grp-13_run01\et\sub-01_ses-20260318_grp-13_run01_task-T4_run-01_acq-P4_tobii.tsv.gz	True	49.91016170466452	295.1776720000016	0.9648972602739726	0.05109435078379178	0.45501952824608105	0.7137519816622302	0.12975497106646397	0.1644515748661612	0.1894911054731792	0.4666885428341498	2.359973767908889	2.6579205856255546	0.24371834488465519	-0.00022152765781087707	0.0351027397260274	4.133	1.4343493588412184	2.6205672282015287	2.691676428517654	0.24554112305160605	0.2465515181043467	0.08518835616438358	0.052297374429223775	0.09730689134409028	51	10.366637758427688	0.10175388235317466	True	ok	ok	0.04419013255730775	0.3078718517654193	0.05657665837809356	0.42634613879335215	0.027636654682598127	0.1829730217621516	-0.022452312702112454	-0.1963690310265427	0.04690458154752941	0.36965862666229243
ses-20260319_grp-14_run01	T0	P1	C:\Users\amodica\Downloads\affectai_et_all\bids_release_no_video\sub-01\ses-20260319_grp-14_run01\et\sub-01_ses-20260319_grp-14_run01_task-T0_run-01_acq-P1_tobii.tsv.gz	True	49.91016170466452	471.6953579999972	0.9027311727477382	0.008892862184162235	0.5250191549428317	0.5797912435891405	0.11187738367991473	0.14909761864051338	0.15265308199136826	0.697397422084817	3.0349090097566047	3.6742730438055804	0.4460670331652258	-0.00035983523384340886	0.09726882725226182	4.485	3.297785406551409	3.663020547263682	3.723485120892746	0.4344986025840149	0.4440252637378966	0.14624304464171944	0.1778447946311006	0.18190133494478933	154	19.588914419632797	0.12698348051958713	True	ok	ok	0.08011528692176517	0.18067236420043106	0.05048554405237793	0.11694776355174194	0.09585567695473385	0.21461142531859143	-0.01278379334460955	-0.12385639952724377	0.014711868169395625	0.0856283032818613
ses-20260319_grp-14_run01	T0	P2	C:\Users\amodica\Downloads\affectai_et_all\bids_release_no_video\sub-01\ses-20260319_grp-14_run01\et\sub-01_ses-20260319_grp-14_run01_task-T0_run-01_acq-P2_tobii.tsv.gz	True	49.91016170466452	471.67489099998784	0.8964828816583128	0.012698412698412698	0.4600055389718076	0.5976056195214404	0.10784199476215516	0.1593962694235999	0.1686276776015258	0.5793947679255695	2.8408899934838536	3.9929886519782043	0.37935831899107614	-0.00013742350462967967	0.1035171183416872	5.319	2.161137772195613	4.0855430305973774	3.8880982412682688	0.4011119829840409	0.3600889436947415	0.125392914790587	0.14259621102710052	0.22319954245043214	135	17.172845437728014	0.12170204444447774	True	ok	ok	0.005039666238095819	0.012285296971670691	-0.004153191030545678	-0.00980178666990371	0.017070160474405238	0.04286242334058562	0.014136067190325396	0.1414275793014592	-0.019047925367091434	-0.10840875381338738
ses-20260319_grp-14_run01	T0	P3	C:\Users\amodica\Downloads\affectai_et_all\bids_release_no_video\sub-01\ses-20260319_grp-14_run01\et\sub-01_ses-20260319_grp-14_run01_task-T0_run-01_acq-P3_tobii.tsv.gz	True	49.91016170466452	471.45570900000166	0.9325995495304067	0.013943950786056048	0.5654622465254044	0.39313932102984733	0.15387561971518315	0.13599090744669007	0.1733600751006765	0.83817898994397	4.037164274095532	3.0671085440874917	0.2515608300069825	-0.00011733563483106326	0.06740045046959331	5.720000000000001	2.706235586173313	3.1391030180491173	2.987523474880383	0.2604484494137309	0.23033674737686055	0.1382431685861204	0.14733755471505672	0.16413306517366963	124	15.78090976092088	0.10583734677352515	True	ok	ok	0.0005171531052461376	0.001875395589189576	0.005960629642527859	0.020566051511525574	0.003488187418392741	0.014258070119171323	-0.014948195421204291	-0.10244750601006168	-0.0025336384796685874	-0.016824940368715558
ses-20260319_grp-14_run01	T0	P4	C:\Users\amodica\Downloads\affectai_et_all\bids_release_no_video\sub-01\ses-20260319_grp-14_run01\et\sub-01_ses-20260319_grp-14_run01_task-T0_run-01_acq-P4_tobii.tsv.gz	True	49.91016170466452	471.616154000003	0.9145673138196185	0.004412857673727239	0.43000183017465626	0.483873936269045	0.1542824726890135	0.16116203654894165	0.1985071103737815	0.7832829857979662	3.745167711652646	3.2445089650687478	0.3103724337013775	-5.3748851793044e-05	0.08543268618038147	6.179	4.311733965057021	3.351030832476876	3.1670766296313957	0.3835791984922495	0.27446669091204495	0.17328688559412042	0.10909554356599682	0.2298891181293974	222	28.243307374072508	0.1007233918912584	True	ok	ok	-0.020176500955724652	-0.06155130251004839	-0.024944836266253656	-0.06093869574992198	-0.02286841354418545	-0.07867113238491451	-0.00948018622732244	-0.07298754578786287	-0.0011035500626394579	-0.006543166115839427
ses-20260319_grp-14_run01	T1	P1	C:\Users\amodica\Downloads\affectai_et_all\bids_release_no_video\sub-01\ses-20260319_grp-14_run01\et\sub-01_ses-20260319_grp-14_run01_task-T1_run-01_acq-P1_tobii.tsv.gz	True	49.91016170466452	857.1142650000111	0.9405549451833843	0.042623521224773836	0.5356404016303806	0.6814623123570932	0.10474115376609829	0.18449318427519715	0.18444714373028698	0.5937656412724682	2.616712886595006	3.2916733149418427	0.30425178804378794	-3.441971114187708e-05	0.05944505481661566	5.287999999999999	1.8684090431193525	3.325154415031228	3.267822402571737	0.29995342425366384	0.3179537820916706	0.10547231118071954	0.11285911311624863	0.128339197376466	223	15.61052072794498	0.11707325560577692	True	ok	ok	-0.30248444194197255	-0.6821492047188452	-0.28738058818007595	-0.6657057521451242	-0.3598070413662753	-0.8055725486529806	-0.0021625466570606156	-0.020951937780357296	0.11638293693734836	0.6773900708025716
ses-20260319_grp-14_run01	T1	P2	C:\Users\amodica\Downloads\affectai_et_all\bids_release_no_video\sub-01\ses-20260319_grp-14_run01\et\sub-01_ses-20260319_grp-14_run01_task-T1_run-01_acq-P2_tobii.tsv.gz	True	49.91016170466452	857.1134829999937	0.9477781154304682	0.07100752250585769	0.4865498557158712	0.6935575508694044	0.09673851510586313	0.19758688277173914	0.1931349583604825	0.498866849031265	2.3892963190089507	3.599312849919842	0.4069848808945294	-8.852658587453962e-05	0.05222188456953181	6.929	1.6642255924311682	3.6997609773193814	3.495045790517396	0.40857887737741505	0.41199561251002337	0.06622408190934803	0.09233502419411388	0.22811433429244052	198	13.860474996168142	0.1283133585859858	True	ok	ok	-0.38863613582026657	-0.9473862190283686	-0.38993524430854176	-0.9202711966964207	-0.37598229027646735	-0.9440750201825148	0.040680383934389	0.4069963836074672	0.07690400598087255	0.43768900239641845
ses-20260319_grp-14_run01	T1	P3	C:\Users\amodica\Downloads\affectai_et_all\bids_release_no_video\sub-01\ses-20260319_grp-14_run01\et\sub-01_ses-20260319_grp-14_run01_task-T1_run-01_acq-P3_tobii.tsv.gz	True	49.91016170466452	857.0956599999918	0.9607976062462014	0.008029001727451886	0.5116318264762414	0.49744746843142507	0.11222293340390042	0.18874562217827648	0.1929713024990989	0.551781051189432	2.9341952605140422	2.7779300260334296	0.21608162823446536	-5.37909915826966e-05	0.03920239375379864	4.401	1.3818358263415322	2.8520013984927353	2.6981754069169614	0.22306419524124516	0.21293933576343257	0.09736313058113988	0.06790873813642528	0.16685317640765013	159	11.130612888647798	0.10434025157288408	True	ok	ok	-0.2886613649488159	-1.0467968675094694	-0.28114098991385417	-0.970025052272419	-0.28585988054502875	-1.1684607884248885	-0.06877861547036734	-0.47137446515912	0.10177450892190915	0.6758462414457863
ses-20260319_grp-14_run01	T1	P4	C:\Users\amodica\Downloads\affectai_et_all\bids_release_no_video\sub-01\ses-20260319_grp-14_run01\et\sub-01_ses-20260319_grp-14_run01_task-T1_run-01_acq-P4_tobii.tsv.gz	True	49.91016170466452	857.0959399999992	0.9197718453410632	0.0048543689320388345	0.463803156610583	0.618273039190769	0.1094412390916061	0.20392323467600545	0.20761376756186378	0.7007468693229931	3.4769176772334487	3.095757637371016	0.35593274461093033	-2.382573552299806e-06	0.08022815465893685	6.542	5.5666216492911715	3.2735838370885997	2.972996972340535	0.5653936223806524	0.25356595367478746	0.2343260554490626	0.08892421338070966	0.312575751960966	388	27.161486729245294	0.11484766494783995	True	ok	ok	-0.16892782865345657	-0.5153385072382628	-0.10239183165453003	-0.250136926531518	-0.2169480708350462	-0.7463373166808653	0.02432114020860432	0.1872474118148106	0.13329555285908457	0.7903356398472651
ses-20260319_grp-14_run01	T2	P1	C:\Users\amodica\Downloads\affectai_et_all\bids_release_no_video\sub-01\ses-20260319_grp-14_run01\et\sub-01_ses-20260319_grp-14_run01_task-T2_run-01_acq-P1_tobii.tsv.gz	True	49.91016170466452	945.6948940000002	0.9330720338983051	0.034081878249812673	0.5486257714402489	0.6022953679525896	0.10194368889306056	0.17633623107787844	0.17312264373968225	0.5558415058317009	2.6017672913951384	3.3544256488272293	0.3097529557841505	-2.0297310452290437e-05	0.06692796610169494	4.391	2.2291988881605986	3.4033522400919014	3.326451692218687	0.30361571380419106	0.3079693749586621	0.11474576271186443	0.12110169491525424	0.12583072883473118	195	12.371854891288011	0.11312823076926483	True	ok	ok	-0.23973210805658596	-0.5406329853081961	-0.20918276311940254	-0.48456358705389996	-0.3011777517193255	-0.6743073402032995	0.010822823152807692	0.10485744507064347	0.0372159925328448	0.21661030800745912
ses-20260319_grp-14_run01	T2	P2	C:\Users\amodica\Downloads\affectai_et_all\bids_release_no_video\sub-01\ses-20260319_grp-14_run01\et\sub-01_ses-20260319_grp-14_run01_task-T2_run-01_acq-P2_tobii.tsv.gz	True	49.91016170466452	945.6940319999994	0.9368008474576272	0.013004048216749215	0.5283820476287401	0.5745670714883416	0.11217364009437242	0.17765457713899635	0.18711694336838813	0.5185811477011946	2.4080297494283234	3.8351005269466496	0.40397171333396176	-4.501968689406754e-05	0.06319915254237285	9.206	2.03689495323176	3.950078549918925	3.72369096593714	0.39851139327299795	0.4125976564394205	0.08538135593220342	0.09875	0.25360782801503906	269	17.06683076540765	0.12654906691452983	True	ok	ok	-0.15284845879345887	-0.37260179925115716	-0.13961767170899808	-0.32950630572378115	-0.14733711485672352	-0.3699570253155108	0.08251257584725785	0.8255162986203312	-0.04208647340019023	-0.23952960995938563
ses-20260319_grp-14_run01	T2	P3	C:\Users\amodica\Downloads\affectai_et_all\bids_release_no_video\sub-01\ses-20260319_grp-14_run01\et\sub-01_ses-20260319_grp-14_run01_task-T2_run-01_acq-P3_tobii.tsv.gz	True	49.91016170466452	945.7165099999984	0.9450859091968391	0.01109641552153153	0.47341438050617585	0.4224696294469725	0.1674758824939548	0.1758028567388325	0.21842320259145295	0.9381238344464499	4.546685420559297	2.926272422605304	0.2512335669118056	-7.363983078391278e-06	0.0549140908031609	4.954000000000001	2.4471618777129973	3.0168452640768226	2.8392685585905166	0.2879005786535531	0.23451776782985445	0.22340628376517446	0.1041503357979704	0.20739750087382033	207	13.132899625491387	0.09476135748777098	True	ok	ok	-0.14031896837694147	-0.5088504191587526	-0.1162971243297668	-0.40126174465587916	-0.14476672887147357	-0.5917383223988608	-0.10699606144043289	-0.7332978556008584	0.026796669937456608	0.1779466081667792
ses-20260319_grp-14_run01	T2	P4	C:\Users\amodica\Downloads\affectai_et_all\bids_release_no_video\sub-01\ses-20260319_grp-14_run01\et\sub-01_ses-20260319_grp-14_run01_task-T2_run-01_acq-P4_tobii.tsv.gz	True	49.91016170466452	945.6967830000067	0.9252754237288136	0.00283928285210542	0.4014114624596432	0.48473073065738553	0.13184158873609045	0.16543820635777118	0.19238715919017563	0.6014276968463312	2.9131131338430998	3.1840913378975566	0.2909286768468584	-5.809620530562464e-06	0.07472457627118645	8.185	3.988883842308635	3.2898058075778813	3.100171259568546	0.38552238710656794	0.24436912903817365	0.1383262711864407	0.08665254237288134	0.2362131744290416	464	29.43861129746468	0.09219325000049139	True	ok	ok	-0.0805941281269158	-0.24586391722524656	-0.08616986116524838	-0.2105076536207196	-0.08977378360703536	-0.30883669307438655	-0.038070553942335494	-0.2931035564498945	-0.0002467556742989374	-0.0014630630921285289
ses-20260319_grp-14_run01	T3	P1	C:\Users\amodica\Downloads\affectai_et_all\bids_release_no_video\sub-01\ses-20260319_grp-14_run01\et\sub-01_ses-20260319_grp-14_run01_task-T3_run-01_acq-P1_tobii.tsv.gz	True	49.91016170466452	812.6937140000082	0.9381933829692816	0.06766522139009329	0.5458412692156089	0.6648972539745106	0.0994727708192313	0.19594099559001482	0.19083286068850192	0.6801235674111401	2.789037712569161	3.2778872421495207	0.3114118814436044	1.1191747126081695e-05	0.061806617030718436	4.8759999999999994	2.206889379727933	3.326212837837838	3.243313053512188	0.296432140378482	0.33299316790287514	0.10970859425077661	0.1453823775947931	0.13409192592139843	213	15.725481543468504	0.11457394366118426	True	ok	ok	-0.31627051473429457	-0.7132389312882621	-0.2863221653734658	-0.6632539576275331	-0.3843163904258242	-0.8604465686631321	0.008038320928167697	0.07787966072113874	0.09981787855476576	0.580975541612035
ses-20260319_grp-14_run01	T3	P2	C:\Users\amodica\Downloads\affectai_et_all\bids_release_no_video\sub-01\ses-20260319_grp-14_run01\et\sub-01_ses-20260319_grp-14_run01_task-T3_run-01_acq-P2_tobii.tsv.gz	True	49.91016170466452	812.6929729999974	0.9429761846062817	0.07913932390389292	0.5033113179429527	0.6734208711338858	0.09211624200493204	0.2054367731543875	0.20295068426230412	0.49827755617507413	2.539331265489969	3.676066171664619	0.35385741693331774	-1.781484688330116e-05	0.05702381539371826	6.288	1.7338565653671107	3.7744758708852673	3.578800834060183	0.34435534755367103	0.3714655696297686	0.07430600069030124	0.09550811103988954	0.22078683969211102	203	14.98720969007325	0.13265419211837903	True	ok	ok	-0.31188281407548946	-0.7602830842872366	-0.31522035074265586	-0.7439394454210273	-0.2922272467336806	-0.7337697838244372	0.05744184616147047	0.5746903395297587	0.056767326245353966	0.32308374675853385
ses-20260319_grp-14_run01	T3	P3	C:\Users\amodica\Downloads\affectai_et_all\bids_release_no_video\sub-01\ses-20260319_grp-14_run01\et\sub-01_ses-20260319_grp-14_run01_task-T3_run-01_acq-P3_tobii.tsv.gz	True	49.91016170466452	812.6950710000092	0.9734480548296435	0.00448271495504622	0.4989525237431936	0.4586302722552868	0.12834610529091176	0.1676234775102429	0.18617469837598816	0.6218514398853883	3.3021807773396925	2.8137969735342536	0.23958405017836487	1.5664132137135314e-05	0.026551945170356528	4.5649999999999995	1.5965935043753994	2.8999128847157016	2.7224952208392414	0.2620032944217937	0.2276543497444543	0.10204131946156503	0.06114096938020808	0.1936857509994289	104	7.6781565714700015	0.09074167307657123	True	ok	ok	-0.2527944174479919	-0.9167295538679417	-0.2332295036908878	-0.8047153194507377	-0.26154006662274876	-1.0690528236003258	-0.08145791820341514	-0.5582721077404247	0.06295731274577088	0.41807583884687705
ses-20260319_grp-14_run01	T3	P4	C:\Users\amodica\Downloads\affectai_et_all\bids_release_no_video\sub-01\ses-20260319_grp-14_run01\et\sub-01_ses-20260319_grp-14_run01_task-T3_run-01_acq-P4_tobii.tsv.gz	True	49.91016170466452	812.7153729999991	0.9265586864876858	0.0023414218816517666	0.4383246940187314	0.5404552123243934	0.12782743985062206	0.18633656482012917	0.20867467057237776	0.6595935304185649	3.362141595988166	3.1329477969348662	0.3257082517181148	7.71407090423085e-05	0.0734413135123142	6.535	4.8603596738775225	3.2875012497365015	3.0196653822316835	0.4908187440703194	0.2479021355336598	0.1813475334664596	0.0851021867218894	0.28543196676238775	374	27.611142529723043	0.1037712513364806	True	ok	ok	-0.13173766908960616	-0.4018846052591864	-0.08847441900662822	-0.2161375462219363	-0.17027966094389768	-0.5857902526859733	-0.0011573223832472834	-0.008910175223681994	0.05547772599270895	0.32893838638466333
ses-20260319_grp-14_run01	T4	P1	C:\Users\amodica\Downloads\affectai_et_all\bids_release_no_video\sub-01\ses-20260319_grp-14_run01\et\sub-01_ses-20260319_grp-14_run01_task-T4_run-01_acq-P1_tobii.tsv.gz	True	49.91016170466452	487.8246059999947	0.9392968621652702	0.011237428946217752	0.5340419545255793	0.6195314735461303	0.10109055649661586	0.15673985185596956	0.1600421670900099	0.5514334992783062	2.550592113421973	3.273125863576738	0.3031574726304879	-0.00010042801228994353	0.0607031378347298	4.457	2.1795601934088267	3.31166348873278	3.247313564937524	0.29952520913234365	0.3098741236871404	0.09963857401018561	0.1322490553638903	0.11649251734390485	122	15.005393147388878	0.12760840983573274	True	ok	ok	-0.32103189330707727	-0.723976576457504	-0.3008715144785241	-0.6969569486699753	-0.38031587900048835	-0.8514898173650313	-0.003760993761861897	-0.0364385697915759	0.054452098126385406	0.31693057054434887
ses-20260319_grp-14_run01	T4	P2	C:\Users\amodica\Downloads\affectai_et_all\bids_release_no_video\sub-01\ses-20260319_grp-14_run01\et\sub-01_ses-20260319_grp-14_run01_task-T4_run-01_acq-P2_tobii.tsv.gz	True	49.91016170466452	487.82416200000443	0.9474700180712995	0.017252590055919198	0.5166312237201439	0.6517816810438251	0.09854301589238863	0.16391805823815775	0.17205369812599516	0.4471169350046167	2.224167777999896	3.762233516840782	0.359010834508512	5.677638278344199e-05	0.05252998192870051	6.979999999999999	1.6772434757319579	3.841957013073344	3.6839232294107047	0.3585288576074769	0.3643733892644467	0.07322983407261374	0.08838508296369307	0.19044255946892863	104	12.791494325367063	0.1271535576925089	True	ok	ok	-0.2257154688993266	-0.5502311930037388	-0.2477392085545791	-0.5846797929985228	-0.1871048513831588	-0.4698120653925332	0.07076175193866169	0.7079524417275279	0.0351281361552932	0.19992715169714223
ses-20260319_grp-14_run01	T4	P3	C:\Users\amodica\Downloads\affectai_et_all\bids_release_no_video\sub-01\ses-20260319_grp-14_run01\et\sub-01_ses-20260319_grp-14_run01_task-T4_run-01_acq-P3_tobii.tsv.gz	True	49.91016170466452	488.06585699999414	0.948440065681445	0.00787742382271468	0.47724142572714684	0.4447222818559557	0.13909754991880333	0.15103297654727862	0.18003125371858447	0.7092975391850892	3.5511268499095543	2.885455721952909	0.23156151434304093	1.7871894825851273e-05	0.05155993431855499	5.268000000000001	2.0489055680454147	2.9765659658597743	2.7899141079215113	0.26088708383336356	0.21144480368279311	0.14868637110016425	0.09622331691297203	0.21079928753180663	96	11.801686017139422	0.10915639583314866	True	ok	ok	-0.18113566902933664	-0.6568674369282596	-0.15657642254681514	-0.5402380226097303	-0.19412117954047892	-0.7934761116648129	-0.1031690162194619	-0.7070691887130786	0.04904932234643977	0.32571810470478163
ses-20260319_grp-14_run01	T4	P4	C:\Users\amodica\Downloads\affectai_et_all\bids_release_no_video\sub-01\ses-20260319_grp-14_run01\et\sub-01_ses-20260319_grp-14_run01_task-T4_run-01_acq-P4_tobii.tsv.gz	True	49.91016170466452	487.84561699999904	0.919586019959752	0.0026349872716716536	0.43901083024429455	0.5025104952882855	0.1308772892396344	0.18033016754463527	0.20455050397029	0.6390625207778508	2.927947705284792	3.122832455004243	0.3514299410238616	0.0001342965304387184	0.08041398004024802	7.263000000000001	4.62399093236123	3.268692762768685	3.0172053514449813	0.46836206046748363	0.2984042228607982	0.16694730789765488	0.0990184401823484	0.2807218496293682	233	28.656606747786004	0.10293363948491784	True	ok	ok	-0.1418530110202294	-0.4327429028664192	-0.1072829059744449	-0.2620855192859539	-0.1727396917305999	-0.5942531662727718	-0.00047118615768415584	-0.003627641950689056	0.017533008956601037	0.10395667038353643
ses-20260319_grp-15_run01	T0	P1	C:\Users\amodica\Downloads\affectai_et_all\bids_release_no_video\sub-01\ses-20260319_grp-15_run01\et\sub-01_ses-20260319_grp-15_run01_task-T0_run-01_acq-P1_tobii.tsv.gz	True	49.90767082202391	918.1005299999961	0.9496748286849112	0.002275025278058645	0.5167191285963784	0.4283977387627539	0.1040687638050077	0.12517080926401122	0.13539596865547252	0.45181265408629084	2.582021458940892	3.2793321192205163	0.2604459384592814	-9.499298503410142e-05	0.050325171315088846	3.5969999999999995	1.5275921910466013	3.3093556540914806	3.257681860185741	0.2595842086155948	0.2650002916055885	0.07963423682947057	0.055344594299681416	0.09621245499845027	117	7.646221487313628	0.13820164957276296	True	ok	ok	0.05498339941559349	0.2458433069879623	0.04282737839351114	0.1865741862338964	0.06702144807569121	0.30309321634601194	-0.02350887186083417	-0.23391324752264717	-0.009954673033329309	-0.07387795734664314
ses-20260319_grp-15_run01	T0	P2	C:\Users\amodica\Downloads\affectai_et_all\bids_release_no_video\sub-01\ses-20260319_grp-15_run01\et\sub-01_ses-20260319_grp-15_run01_task-T0_run-01_acq-P2_tobii.tsv.gz	True	49.91016170466452	918.043410000013	0.8724137931034482	0.0028768699654775605	0.48739960974633506	0.43280710461800176	0.12268164450594042	0.11538639840191617	0.14233093015694	0.9850321559613724	4.016107745099309	2.784926977535398	0.3258743178241374	-5.4805186012483385e-05	0.12758620689655176	5.151	5.281647113596695	2.7784243373698025	2.798147657612058	0.368218166042675	0.3236024219926976	0.48454823221300747	0.22387603666521172	0.2534601686972821	416	27.188256816744264	0.10085580769219422	True	pupil_left_low_coverage	Left-eye pupil diameter is missing for more than 30 % of samples.	0.0209821293274155	0.06368091320579643	0.054813085594343836	0.14646803404566364	0.00031397269499988667	0.000982793678335767	0.007977262472777247	0.06825396037704638	-0.0001798923503108507	-0.001397497453515769
ses-20260319_grp-15_run01	T0	P3	C:\Users\amodica\Downloads\affectai_et_all\bids_release_no_video\sub-01\ses-20260319_grp-15_run01\et\sub-01_ses-20260319_grp-15_run01_task-T0_run-01_acq-P3_tobii.tsv.gz	True	49.91016170466452	918.1665800000046	0.9293632435735172	0.005494376482190237	0.5297032473173825	0.5283631994176899	0.1164546280045932	0.13921555622381543	0.1555231621666964	0.5547451818051994	2.7593273012731343	3.0914280917607835	0.2615827118852163	-0.00012290365497707174	0.07063675642648282	4.832000000000001	2.0828626396476766	3.1718071996797916	3.020935464268352	0.2726344701014257	0.2598928168838229	0.12770043206913106	0.10225636101776281	0.18133129136924075	171	11.174442877239061	0.12818587719250404	True	ok	ok	0.07937527349438556	0.2902103425635016	0.0839899721156887	0.29536362031512214	0.06933786391757302	0.254823402614691	-0.00810418406732838	-0.07331457174626223	-0.005041169476712404	-0.03823034214094348
ses-20260319_grp-15_run01	T0	P4	C:\Users\amodica\Downloads\affectai_et_all\bids_release_no_video\sub-01\ses-20260319_grp-15_run01\et\sub-01_ses-20260319_grp-15_run01_task-T0_run-01_acq-P4_tobii.tsv.gz	True	49.90767082202391	915.0945180000126	0.8075803025990235	0.012851449177127675	0.476234970040398	0.5095626413252717	0.1350746727274169	0.14963181670264364	0.17240461196353443	0.7226213324524027	3.024736299472246	3.30098244448662	0.3165695759769179	5.9792649608626344e-05	0.19241969740097653	6.08	3.2073542427818653	3.3638415193798448	3.2289622574678267	0.3290655263793746	0.3012352811154844	0.2938626261741587	0.44365133235532395	0.2109247689641895	614	40.25813648246496	0.1140874820851538	True	pupil_right_low_coverage	Right-eye pupil diameter is missing for more than 30 % of samples.	-0.07727586801338049	-0.2375827298607017	-0.0898607703462142	-0.2712456923633133	-0.0441212923386729	-0.14933931987795787	0.019070970040397983	0.16206806679077737	0.007653666325271757	0.04963310280436087
ses-20260319_grp-15_run01	T1	P1	C:\Users\amodica\Downloads\affectai_et_all\bids_release_no_video\sub-01\ses-20260319_grp-15_run01\et\sub-01_ses-20260319_grp-15_run01_task-T1_run-01_acq-P1_tobii.tsv.gz	True	49.90767082202391	900.9691719999973	0.9592812506949541	0.004845140949554896	0.5356506630192878	0.5462059579005936	0.08974261776321842	0.20346805140039018	0.19698384063638658	0.484169481293836	2.5082813360515246	3.0671084129265576	0.2535116996759933	4.2236222865694487e-05	0.04071874930504593	3.875	1.4243312325661177	3.1282771873243913	3.019562135739801	0.2627952813950839	0.24670506065967251	0.08979918606978454	0.05370605110414306	0.11641891188499195	155	10.322217772840764	0.139222580645301	True	ok	ok	-0.1572403068783652	-0.703057239924242	-0.13825108837357813	-0.6022802533521162	-0.1710982763702491	-0.773763151726453	-0.004577337437924767	-0.04554450215434471	0.10785354610451037	0.8004280655040614
ses-20260319_grp-15_run01	T1	P2	C:\Users\amodica\Downloads\affectai_et_all\bids_release_no_video\sub-01\ses-20260319_grp-15_run01\et\sub-01_ses-20260319_grp-15_run01_task-T1_run-01_acq-P2_tobii.tsv.gz	True	49.91016170466452	900.9724790000037	0.8787359900373599	0.0030115146147032773	0.5279985676325446	0.5521183196254587	0.1018117445997854	0.19417410658266224	0.2024176720408118	0.8386569119751631	3.858055290287029	2.640903947867898	0.27636325938362566	6.233019083853254e-05	0.12126400996264008	5.132	3.7064548319493094	2.6075779081066073	2.672571700688911	0.2888340238260637	0.25062846729217686	0.35918875644903037	0.29952410603095536	0.15309697115384616	440	29.301671932645007	0.10223068181813605	True	pupil_left_low_coverage	Left-eye pupil diameter is missing for more than 30 % of samples.	-0.1230409003400843	-0.37343001623206024	-0.11603334366885143	-0.3100569060588564	-0.12526198422814705	-0.3920936062139477	0.04857622035898679	0.4156212022562015	0.11913132265714604	0.9254741502884515
ses-20260319_grp-15_run01	T1	P3	C:\Users\amodica\Downloads\affectai_et_all\bids_release_no_video\sub-01\ses-20260319_grp-15_run01\et\sub-01_ses-20260319_grp-15_run01_task-T1_run-01_acq-P3_tobii.tsv.gz	True	49.91016170466452	900.9553400000004	0.9682433784775502	0.018994464732768324	0.5085217092721468	0.6313501780013322	0.10394811464671533	0.16798152731765886	0.17254415702937687	0.46307673534602023	2.386001155721498	2.9132965617033006	0.1959721670230636	1.1699117389722086e-07	0.031756621522449846	6.378	1.5219822090835649	2.975494349817925	2.8567373463569656	0.19218134825951463	0.20522947326371882	0.05341695020793025	0.04832432672848974	0.13652654232424677	138	9.190244657409984	0.1144105579706788	True	ok	ok	-0.09875625656309728	-0.36107071869796736	-0.11232287774617777	-0.3950006289992194	-0.09486025399381326	-0.34862067173475486	-0.029285722112564083	-0.26493354014730314	0.09794580910692985	0.7427843500852586
ses-20260319_grp-15_run01	T1	P4	C:\Users\amodica\Downloads\affectai_et_all\bids_release_no_video\sub-01\ses-20260319_grp-15_run01\et\sub-01_ses-20260319_grp-15_run01_task-T1_run-01_acq-P4_tobii.tsv.gz	True	49.90767082202391	900.9683590000059	0.855646488457946	0.045977907732293696	0.4786936530214424	0.6571500428849902	0.11551089234143434	0.22051573418746037	0.2331152748508886	0.5797355907966002	2.6045746575010043	3.16440465237167	0.33418175082616797	2.3797226128109208e-05	0.144353511542054	4.083	2.582838746665519	3.2477775653103116	3.049547791774169	0.3476368697749057	0.30742364463945715	0.20915803051194237	0.2673353200195704	0.1908046352102827	258	17.181513474215024	0.10181646124077844	True	ok	ok	-0.2138536601283305	-0.6574877470828792	-0.20592472441574738	-0.621585973875719	-0.22353575803233072	-0.7566115202770628	0.021529653021442385	0.1829623368119229	0.15524106788499026	1.0067195974239056
ses-20260319_grp-15_run01	T2	P1	C:\Users\amodica\Downloads\affectai_et_all\bids_release_no_video\sub-01\ses-20260319_grp-15_run01\et\sub-01_ses-20260319_grp-15_run01_task-T2_run-01_acq-P1_tobii.tsv.gz	True	49.90767082202391	1035.415267999997	0.9411730557114384	0.003577523284742069	0.5372137076711146	0.45199279766432965	0.08341515325556587	0.1674829592490368	0.15418584406348185	0.46469845107868407	2.32193553656353	3.148792647572835	0.22233996150312996	9.297389148141865e-06	0.05882694428856161	3.888	1.5330493245034966	3.1878660851935545	3.1175764511122606	0.23088244430108595	0.2163870683000685	0.08371228980010448	0.06486444646554557	0.0974742235166564	151	8.750112423491931	0.1334893774839283	True	ok	ok	-0.0755560722320876	-0.3378284147212957	-0.07866219050441492	-0.34268579425726853	-0.07308396099778935	-0.33050991045597483	-0.003014292786097883	-0.02999220969658326	0.013640385868246452	0.1012312350181767
ses-20260319_grp-15_run01	T2	P2	C:\Users\amodica\Downloads\affectai_et_all\bids_release_no_video\sub-01\ses-20260319_grp-15_run01\et\sub-01_ses-20260319_grp-15_run01_task-T2_run-01_acq-P2_tobii.tsv.gz	True	49.91016170466452	1035.4160779999947	0.8553930105654244	0.005157787580590431	0.5407107680126683	0.4895263431738492	0.14503251362919045	0.1700473097954718	0.2002374980471261	1.1324211691508002	4.704245970763147	2.7075383667005997	0.30650346251789967	-1.7396990785217496e-07	0.14460698943457562	4.664	5.749100637655381	2.7155644909431604	2.713045411120311	0.35767945696651204	0.28497012053140997	0.38039397809512754	0.3923526452262085	0.2644613102981735	599	34.71068371800982	0.11396277128532314	True	pupil_left_low_coverage;pupil_right_low_coverage	Left-eye pupil diameter is missing for more than 30 % of samples. | Right-eye pupil diameter is missing for more than 30 % of samples.	-0.05640648150738281	-0.17119407649549823	-0.008046760832298272	-0.021502041469893006	-0.08478827379674714	-0.26540326853733354	0.06128842073911045	0.5243875897244533	0.05653934620553658	0.4392270833592966
ses-20260319_grp-15_run01	T2	P3	C:\Users\amodica\Downloads\affectai_et_all\bids_release_no_video\sub-01\ses-20260319_grp-15_run01\et\sub-01_ses-20260319_grp-15_run01_task-T2_run-01_acq-P3_tobii.tsv.gz	True	49.91016170466452	1035.4194080000016	0.9433801617709664	0.010481621266819823	0.4935215068099771	0.5566475816376764	0.12996025978948714	0.15176735138764239	0.1758326178701944	0.5558442884342534	2.780536251133469	2.984919941745979	0.2349961990791568	-1.4227522889422664e-05	0.0566198382290336	6.279	2.0096987790994154	3.064998598339244	2.913609787723518	0.24013733301432583	0.2369588683496353	0.08883857734432443	0.07475134486628743	0.1757468255687974	177	10.256713287336781	0.1254254463270154	True	ok	ok	-0.027132876520418847	-0.09920269931770263	-0.02281862922485889	-0.08024520985909255	-0.03798781262726081	-0.13960891098513598	-0.04428592457473379	-0.4006330023614848	0.02324321274327401	0.17626782430841828
ses-20260319_grp-15_run01	T2	P4	C:\Users\amodica\Downloads\affectai_et_all\bids_release_no_video\sub-01\ses-20260319_grp-15_run01\et\sub-01_ses-20260319_grp-15_run01_task-T2_run-01_acq-P4_tobii.tsv.gz	True	49.90767082202391	1035.4173239999946	0.9039786361173465	0.007321145695080704	0.4516997495397525	0.5940973905039175	0.10610865892149277	0.15046120428034007	0.15980044476883193	0.6137146563751569	2.4905415291146658	3.3987685704499726	0.3473451186179724	9.638580451452467e-06	0.09602136388265348	4.9750000000000005	3.388649426973276	3.5016488777937402	3.2395394026922446	0.3668145931731678	0.29409764891063916	0.17832262559021594	0.289844415202415	0.24398224687933426	467	27.0615522364972	0.10679303211964192	True	ok	ok	0.0205102579499723	0.06305827678387033	0.04794658806768126	0.14472728674337132	-0.03354414711425502	-0.11353838136645306	-0.005464250460247511	-0.04643604948657602	0.09218841550391754	0.5978307532128545
ses-20260319_grp-15_run01	T3	P1	C:\Users\amodica\Downloads\affectai_et_all\bids_release_no_video\sub-01\ses-20260319_grp-15_run01\et\sub-01_ses-20260319_grp-15_run01_task-T3_run-01_acq-P1_tobii.tsv.gz	True	49.90767082202391	877.8668849999958	0.9734103254667458	0.005697671692185045	0.5405007761026049	0.4928545757227602	0.07557380457361867	0.19121031561973462	0.18344625359948205	0.4207041405890612	2.229120814765812	3.09337080588056	0.195542209707181	4.051631972745318e-05	0.026589674533254226	5.318	1.2576972810964495	3.1201682189011626	3.072319522438771	0.2026736063701408	0.1919880033907608	0.05160450997398092	0.032683617108686724	0.08434973114372911	117	7.996656577380787	0.12758399999992023	True	ok	ok	-0.13097791392436298	-0.5856320970292357	-0.14636005679680686	-0.6376063517852038	-0.11834088967127876	-0.53517675170504	0.00027277564539240906	0.002714117352654641	0.054502163926677005	0.40448425863849224
ses-20260319_grp-15_run01	T3	P2	C:\Users\amodica\Downloads\affectai_et_all\bids_release_no_video\sub-01\ses-20260319_grp-15_run01\et\sub-01_ses-20260319_grp-15_run01_task-T3_run-01_acq-P2_tobii.tsv.gz	True	49.91016170466452	877.8706209999946	0.8791966221613603	0.0013498779917968952	0.5347012148901925	0.5431181947977779	0.1293196004934321	0.17910883530672017	0.20138870527610792	0.9370685545012167	4.328041050459801	2.615497988162608	0.26626863468261486	6.293123763323014e-07	0.1208033778386397	4.633	4.367581032538266	2.601268221185876	2.622780160081127	0.294697052876539	0.22768492045873115	0.3148465137509985	0.3698276845829054	0.1629779161651578	411	28.090699711432936	0.11251529927009013	True	pupil_left_low_coverage;pupil_right_low_coverage	Left-eye pupil diameter is missing for more than 30 % of samples. | Right-eye pupil diameter is missing for more than 30 % of samples.	-0.14844686004537433	-0.4505372864073804	-0.12234303058958274	-0.32691724932729876	-0.17505352483593084	-0.5479505075408169	0.0552788676166347	0.47296947453707444	0.11013119782946529	0.8555564939441214
ses-20260319_grp-15_run01	T3	P3	C:\Users\amodica\Downloads\affectai_et_all\bids_release_no_video\sub-01\ses-20260319_grp-15_run01\et\sub-01_ses-20260319_grp-15_run01_task-T3_run-01_acq-P3_tobii.tsv.gz	True	49.91016170466452	877.8534070000023	0.9452686355959282	0.011179254394436932	0.4776214409889898	0.6175230007726482	0.10393135643075412	0.17676443689688945	0.17761190826779294	0.5361568024470617	2.834809775438974	2.8906827192389417	0.2429336865097051	1.690005206908681e-05	0.05473136440407178	6.545	1.830004482192527	2.970556935869349	2.822558110842422	0.25781491194970163	0.231271485683039	0.08321541059935178	0.07504450632218007	0.17069929731656397	167	11.414206426836792	0.1172187784434858	True	ok	ok	-0.12137009902745621	-0.44375101294253294	-0.11726029169475405	-0.41236380250804194	-0.12903948950835709	-0.4742326909186565	-0.06018599039572109	-0.5444730862883238	0.08411863187824586	0.6379242142104399
ses-20260319_grp-15_run01	T3	P4	C:\Users\amodica\Downloads\affectai_et_all\bids_release_no_video\sub-01\ses-20260319_grp-15_run01\et\sub-01_ses-20260319_grp-15_run01_task-T3_run-01_acq-P4_tobii.tsv.gz	True	49.90767082202391	877.8655790000048	0.915527354894666	0.10054347826086957	0.46040977512963716	0.6648914788591943	0.10032509490332257	0.2060342084304567	0.20691604567058017	0.5828659764024725	2.6155033683393056	3.2404589275029916	0.34352881167757854	6.358615034911963e-05	0.08447264510533403	4.774	2.905296477326142	3.342567001370514	3.080001082351486	0.37530669537279604	0.2516325961521532	0.1839636637527674	0.261931390226645	0.22219304453499178	379	25.90373804825975	0.09870521108175094	True	gaze_out_of_bounds	More than 10 % of valid gaze samples fall outside the scene-camera frame [0, 1] in either axis; possible calibration drift or head rotation artefacts.	-0.13779938499700872	-0.42366077408598457	-0.11113528835554476	-0.33546305156136697	-0.19308246745501378	-0.6535348998564033	0.0032457751296371407	0.027583101404048904	0.16298250385919433	1.056921875813329
ses-20260319_grp-15_run01	T4	P1	C:\Users\amodica\Downloads\affectai_et_all\bids_release_no_video\sub-01\ses-20260319_grp-15_run01\et\sub-01_ses-20260319_grp-15_run01_task-T4_run-01_acq-P1_tobii.tsv.gz	True	49.90767082202391	418.02517100000114	0.9553776840490797	0.0035619324737871873	0.5401263583003061	0.4780899463201726	0.08139084487721807	0.1579401240266924	0.15306103504964633	0.4936616470729043	2.4350166743843222	3.19243568454322	0.212578534662526	-7.493405553482989e-05	0.044622315950920255	2.9160000000000004	1.4847337454288825	3.195145538937597	3.1946363129906303	0.22652993741919364	0.20329931172426702	0.07064800613496935	0.053633052147239235	0.07927179460472866	55	7.894261467810011	0.12204159999964759	True	ok	ok	-0.03191303526170275	-0.14269045217555998	-0.07138273676037254	-0.3109734128445465	0.003975900880580419	0.017980342418252533	-0.00010164215690644518	-0.0010113393423528331	0.0397375345240894	0.2949095234772961
ses-20260319_grp-15_run01	T4	P2	C:\Users\amodica\Downloads\affectai_et_all\bids_release_no_video\sub-01\ses-20260319_grp-15_run01\et\sub-01_ses-20260319_grp-15_run01_task-T4_run-01_acq-P2_tobii.tsv.gz	True	49.91016170466452	418.0174090000073	0.8511790644171779	0.0020271411678585505	0.5458143363928148	0.5280756067346134	0.11996888547525762	0.2019912732381652	0.2133965804438352	1.0633821496084674	4.5930348132763035	2.6615331099724084	0.3269775694639621	-0.00015159469850068997	0.14882093558282206	4.178999999999999	5.500544904543665	2.64366529820109	2.6924210230917254	0.35255704445870484	0.3062545338392447	0.35788918711656437	0.4022239263803681	0.20373847102342788	250	35.88367296922731	0.10715416399965762	True	pupil_left_low_coverage;pupil_right_low_coverage	Left-eye pupil diameter is missing for more than 30 % of samples. | Right-eye pupil diameter is missing for more than 30 % of samples.	-0.10241173823557403	-0.3108203610828496	-0.07994595357436873	-0.21362648212513677	-0.1054126618253326	-0.32996148807946596	0.06639198911925703	0.5680540423689279	0.09508860976630079	0.7386978366625111
ses-20260319_grp-15_run01	T4	P3	C:\Users\amodica\Downloads\affectai_et_all\bids_release_no_video\sub-01\ses-20260319_grp-15_run01\et\sub-01_ses-20260319_grp-15_run01_task-T4_run-01_acq-P3_tobii.tsv.gz	True	49.91016170466452	418.0387899999914	0.9447399952072849	0.012124594155844156	0.48627350344967524	0.6072893060064936	0.09291509594422678	0.1580724385855639	0.1586471581949571	0.5487639931607357	2.7201435907355394	2.933181260146104	0.2633361395157831	-0.00011948491377999902	0.05526000479271509	6.444	2.078587351820767	3.0112948844970537	2.870707954426675	0.2612826971492685	0.26805654415221286	0.08090103043374075	0.08296189791516895	0.17593225442228075	73	10.477496597863777	0.12159057534164239	True	ok	ok	-0.0788715581202939	-0.2883686681372713	-0.07652234306704919	-0.26910255729276006	-0.08088964592410397	-0.29727732650058875	-0.05153392793503564	-0.4662021278849597	0.07388493711209121	0.5603157041051179
ses-20260319_grp-15_run01	T4	P4	C:\Users\amodica\Downloads\affectai_et_all\bids_release_no_video\sub-01\ses-20260319_grp-15_run01\et\sub-01_ses-20260319_grp-15_run01_task-T4_run-01_acq-P4_tobii.tsv.gz	True	49.90767082202391	418.034090000001	0.8894746932515337	0.015788339260696196	0.4627579265007005	0.612385111542192	0.10756891118521753	0.18231554425302143	0.1894215751325584	0.681280452256407	2.8076263181250747	3.318659553831232	0.3424806078935245	-9.043365632827746e-05	0.11052530674846628	4.106	3.7224326050303245	3.418958420455225	3.1278775868652158	0.3725289105272275	0.28281994330995897	0.19770897239263807	0.3723638803680982	0.2572582476055339	213	30.571669406195962	0.1015965821593262	True	pupil_right_low_coverage	Right-eye pupil diameter is missing for more than 30 % of samples.	-0.059598758668768514	-0.1832348978387847	-0.03474386927083417	-0.10487473943789638	-0.14520596294128385	-0.49148514466490656	0.005593926500700508	0.04753805662836174	0.11047613654219202	0.7164244179710214
ses-20260320_grp-16_run01	T0	P1	C:\Users\amodica\Downloads\affectai_et_all\bids_release_no_video\sub-01\ses-20260320_grp-16_run01\et\sub-01_ses-20260320_grp-16_run01_task-T0_run-01_acq-P1_tobii.tsv.gz	True	49.78839930297585	381.991064	1.0	0.08007662835249042	0.39907660098522163	0.7051761247947456	0.18099712785446784	0.15088805716327117	0.21112261712206112	0.5356169819894138	2.7502584681620674	3.119934428024083	0.33275496119605735	0.00012107068962314072	0.0	7.085000000000001	2.364931362087557	3.2130063227696817	3.0782445224954005	0.4288461903028591	0.28176323119745905	0.2901477832512315	0.018226600985221664	0.20938983855650523	0			False	blink_detection_unreliable	Gaze validity is too low (< 70%) to distinguish blinks from tracking failures; blink_count_est, blink_rate_per_min, and blink_duration_mean_s are set to NaN. When gaze_valid is stuck at 1.0 (>= 99%), pupil-NaN transitions are used as a fallback instead of raising this flag.	0.35428632457580767	1.3635237964931692	0.42770097925823114	1.4136775160399218	0.3122665120241961	1.3862106114953314	-0.07903822660098525	-0.5955769822076158	-0.10487239244663371	-0.6604397720830747
ses-20260320_grp-16_run01	T0	P2	C:\Users\amodica\Downloads\affectai_et_all\bids_release_no_video\sub-01\ses-20260320_grp-16_run01\et\sub-01_ses-20260320_grp-16_run01_task-T0_run-01_acq-P2_tobii.tsv.gz	True	49.778485738467076	381.710653	1.0	0.0070047111331515005	0.3657304611951401	0.6257662968013885	0.1747075280157135	0.1185547666611889	0.19413957957486214	0.35988815537760593	1.714289297682818	2.9355653979667737	0.1755242589116193	-4.701231266790397e-06	0.0	4.558	1.2267063902048885	3.0475523474767767	2.8224222265072627	0.17068228772516478	0.17262553804335723	0.012397718819737169	0.0355814530126457	0.229559708295351	0			False	blink_detection_unreliable	Gaze validity is too low (< 70%) to distinguish blinks from tracking failures; blink_count_est, blink_rate_per_min, and blink_duration_mean_s are set to NaN. When gaze_valid is stuck at 1.0 (>= 99%), pupil-NaN transitions are used as a fallback instead of raising this flag.	-0.04160675291605109	-0.22791197411162636	-0.04765917515696838	-0.28477083041082346	-0.042178196325718176	-0.24515525521211193	-0.06624401713551809	-0.33352092920772575	0.048252893912142936	0.6048480525134708
ses-20260320_grp-16_run01	T0	P3	C:\Users\amodica\Downloads\affectai_et_all\bids_release_no_video\sub-01\ses-20260320_grp-16_run01\et\sub-01_ses-20260320_grp-16_run01_task-T0_run-01_acq-P3_tobii.tsv.gz	True	49.79831681695047	381.971089	1.0	0.04181579575280363	0.6720771772846577	0.5150314304461943	0.18042644687001333	0.20166807856305816	0.2370819899145989	0.6632994177598989	3.2126555720272596	2.7815464387974234	0.192337768453183	2.6552564503981526e-05	0.0	3.94	2.2201406125077496	2.7837819226198337	2.7678495508982035	0.1847458843189005	0.22778164404768828	0.09651634454784064	0.521832498210451	0.12952782119412315	104	16.33631491937339	0.11444318269230894	True	pupil_right_low_coverage	Right-eye pupil diameter is missing for more than 30 % of samples.	-0.008755107594329292	-0.06428166528030445	-0.024454367702746893	-0.17164396195690307	0.015785577834230402	0.08997429853674549	0.014814474780975861	0.07053809402276634	0.10820919186003813	1.401088771550428
ses-20260320_grp-16_run01	T0	P4	C:\Users\amodica\Downloads\affectai_et_all\bids_release_no_video\sub-01\ses-20260320_grp-16_run01\et\sub-01_ses-20260320_grp-16_run01_task-T0_run-01_acq-P4_tobii.tsv.gz	True	49.776007964135566	381.971071	1.0	0.0054753608760577405	0.5560354571096732	0.49327804324982016	0.1400845559949329	0.12661306887022683	0.1606221865630713	0.5939210619884598	3.0966134372752814	2.8524815828770533	0.2416326773746446	-0.00011505519570739878	0.0	5.401999999999999	2.0392137731243225	2.769057586289549	2.9336647467389465	0.20819335142111844	0.26884855782383216	0.07704219899341846	0.020574083291853285	0.19429020593282667	32	5.026558673601751	0.11582928124999786	True	ok	ok	-0.11963014896652213	-0.3947527307133745	-0.14790974117006916	-0.5300780750862042	-0.10189684360539131	-0.3155107402211378	0.05918678392531562	0.3641794437952537	0.03392472621071402	0.3238777276381178
ses-20260320_grp-16_run01	T1	P1	C:\Users\amodica\Downloads\affectai_et_all\bids_release_no_video\sub-01\ses-20260320_grp-16_run01\et\sub-01_ses-20260320_grp-16_run01_task-T1_run-01_acq-P1_tobii.tsv.gz	True	49.78839930297585	307.97714999999994	1.0	0.026687281527292283	0.4746855606345792	0.6761588061306804	0.13713355415951278	0.12386588856549971	0.16227379559345845	0.4143623387911128	2.304205113290858	3.00812395805324	0.29774971160079916	0.00032397077555869076	0.0	5.406	1.6656456841765732	3.0073262533321867	3.003908591950129	0.34773336148065115	0.27037758098317904	0.2182710406023125	0.00793223984942193	0.1379292850317088	0			False	blink_detection_unreliable	Gaze validity is too low (< 70%) to distinguish blinks from tracking failures; blink_count_est, blink_rate_per_min, and blink_duration_mean_s are set to NaN. When gaze_valid is stuck at 1.0 (>= 99%), pupil-NaN transitions are used as a fallback instead of raising this flag.	0.2424758546049648	0.9332045153725465	0.2220209098207362	0.733844399535032	0.23793058147892454	1.056219236277835	-0.0034292669516277074	-0.025840565382944467	-0.13388971111069892	-0.8431779634970755
ses-20260320_grp-16_run01	T1	P2	C:\Users\amodica\Downloads\affectai_et_all\bids_release_no_video\sub-01\ses-20260320_grp-16_run01\et\sub-01_ses-20260320_grp-16_run01_task-T1_run-01_acq-P2_tobii.tsv.gz	True	49.77600796420598	307.35607600000003	1.0	0.005745787716437612	0.4298113207547169	0.552948427672956	0.15596451825157617	0.10673402310994944	0.16257320241697124	0.35211506727829417	1.700957791153587	2.955106219426974	0.1819038464992173	7.108855969266065e-05	0.0	5.648	1.3285395300373126	3.060187416014544	2.8530191650099406	0.1719777396877779	0.1765597484194148	0.017703237829023943	0.02360431710536537	0.21023649469506764	0			False	blink_detection_unreliable	Gaze validity is too low (< 70%) to distinguish blinks from tracking failures; blink_count_est, blink_rate_per_min, and blink_duration_mean_s are set to NaN. When gaze_valid is stuck at 1.0 (>= 99%), pupil-NaN transitions are used as a fallback instead of raising this flag.	-0.022065931455850674	-0.12087196539614206	-0.03502410661920097	-0.209274371482461	-0.011581257823040314	-0.06731454790904629	-0.002163157575941266	-0.010890920507956904	-0.02456497521628953	-0.30792096007065256
ses-20260320_grp-16_run01	T1	P3	C:\Users\amodica\Downloads\affectai_et_all\bids_release_no_video\sub-01\ses-20260320_grp-16_run01\et\sub-01_ses-20260320_grp-16_run01_task-T1_run-01_acq-P3_tobii.tsv.gz	True	49.800796812731136	307.997242	1.0	0.0010050251256281408	0.6452068187089292	0.41845250869733286	0.18287278223270392	0.10319244218904564	0.18145343984356263	0.795542495870558	3.340370486015729	2.873058330112099	0.19188770618534648	0.00010539014548488897	0.0	2.8520000000000003	2.758276070433187	2.8650570136549036	2.9020557647480723	0.19547197267953603	0.21183846565517606	0.1281020487050638	0.5688442211055276	0.18449464285714287	113	22.013184131044913	0.1459288849557526	True	pupil_right_low_coverage	Right-eye pupil diameter is missing for more than 30 % of samples.	0.08275678372034623	0.6076160473723313	0.05682072333232302	0.3988217643804156	0.14999179168409915	0.8549200025977016	-0.012055883794752642	-0.05740325439912688	0.011630270111176733	0.15058832417808732
ses-20260320_grp-16_run01	T1	P4	C:\Users\amodica\Downloads\affectai_et_all\bids_release_no_video\sub-01\ses-20260320_grp-16_run01\et\sub-01_ses-20260320_grp-16_run01_task-T1_run-01_acq-P4_tobii.tsv.gz	True	49.77353043656482	307.97714399999995	1.0	0.0018375597206909224	0.4851184123484013	0.5007595736861448	0.12958632787355895	0.13812564643301345	0.16698254889007694	0.6753546936349206	3.316712255969257	2.9327104005880185	0.24893878837691796	-0.00011866899574789779	0.0	6.263	2.5361827267945727	2.881630195012787	2.9856411538461542	0.24019778586761298	0.2514231947232047	0.0803381109886071	0.044468945240720315	0.15529066935416141	47	9.156523641247873	0.14962882978722924	True	ok	ok	-0.039401331255557004	-0.13001557919338547	-0.03533713244683101	-0.12664101091857566	-0.04992043649818356	-0.1545723431110368	-0.011730260835956241	-0.07217692166214472	0.04140625664703862	0.39530353847360716
ses-20260320_grp-16_run01	T2	P1	C:\Users\amodica\Downloads\affectai_et_all\bids_release_no_video\sub-01\ses-20260320_grp-16_run01\et\sub-01_ses-20260320_grp-16_run01_task-T2_run-01_acq-P1_tobii.tsv.gz	True	49.78839930297585	401.98723600000005	1.0	0.11223021582733812	0.5247034429599178	0.7590220863309353	0.10785120520417896	0.17011836804808295	0.1798664879779236	0.44986145039250364	2.5254015008410917	2.931866341212744	0.3547535238878793	-0.0002823982542238607	0.0	5.132000000000001	1.8373609068861465	2.9068665074626865	2.9389764730162007	0.38885554310517817	0.3406606426840782	0.13926002055498454	0.0040082219938335495	0.11224076295585413	0			False	blink_detection_unreliable;gaze_out_of_bounds	Gaze validity is too low (< 70%) to distinguish blinks from tracking failures; blink_count_est, blink_rate_per_min, and blink_duration_mean_s are set to NaN. When gaze_valid is stuck at 1.0 (>= 99%), pupil-NaN transitions are used as a fallback instead of raising this flag. | More than 10 % of valid gaze samples fall outside the scene-camera frame [0, 1] in either axis; possible calibration drift or head rotation artefacts.	0.16621823776446876	0.639715695700011	0.12156116395123595	0.40179539593185926	0.1729984625449963	0.7679731745736141	0.046588615373710895	0.3510593309435436	-0.05102643091044401	-0.3213418099320583
ses-20260320_grp-16_run01	T2	P2	C:\Users\amodica\Downloads\affectai_et_all\bids_release_no_video\sub-01\ses-20260320_grp-16_run01\et\sub-01_ses-20260320_grp-16_run01_task-T2_run-01_acq-P2_tobii.tsv.gz	True	49.77848573850229	401.90708399999994	1.0	0.18842653540152252	0.4017395398088261	0.7516747123805163	0.19921016360978858	0.21608692425491502	0.2664992207233145	0.5297596320029581	2.403201138869557	2.8645350294774197	0.2540972881831973	-0.0002515350791662612	0.0	4.699	1.279304073675052	2.979113324663041	2.735096762611454	0.2517041594931659	0.23878887940844298	0.03176692805220083	0.04350065823364435	0.23837763060163408	41	6.120817716166457	0.12656882926828586	True	gaze_out_of_bounds	More than 10 % of valid gaze samples fall outside the scene-camera frame [0, 1] in either axis; possible calibration drift or head rotation artefacts.	-0.11263712140540516	-0.6169995709483327	-0.11609819797070431	-0.693704415496659	-0.12950366022152693	-0.7527231043104704	-0.030234938521832067	-0.1522248382025304	0.17416130949127073	2.183104894408865
ses-20260320_grp-16_run01	T2	P3	C:\Users\amodica\Downloads\affectai_et_all\bids_release_no_video\sub-01\ses-20260320_grp-16_run01\et\sub-01_ses-20260320_grp-16_run01_task-T2_run-01_acq-P3_tobii.tsv.gz	True	49.79831681716192	401.9672549999999	1.0	0.07559256886611147	0.5781939898666356	0.642941144953701	0.1259481043054898	0.2449729681265945	0.24512740731695307	0.6058758072177436	2.8487073719034277	2.620244511094287	0.23702677361048932	-0.00013714455869033863	0.0	3.435	1.8729080458252811	2.6132165568421724	2.5555714532274765	0.22030765850237277	0.27448148182670895	0.08968609865470856	0.325141226486518	0.10743322054140128	115	17.165577330422103	0.15314611304346945	True	pupil_right_low_coverage	Right-eye pupil diameter is missing for more than 30 % of samples.	-0.17005703529746574	-1.2485910999692347	-0.19501973348040824	-1.3688335810292296	-0.19649251983649663	-1.1199638572412294	-0.07906871263704618	-0.37648019040224545	0.2361189063675449	3.0572592103842133
ses-20260320_grp-16_run01	T2	P4	C:\Users\amodica\Downloads\affectai_et_all\bids_release_no_video\sub-01\ses-20260320_grp-16_run01\et\sub-01_ses-20260320_grp-16_run01_task-T2_run-01_acq-P4_tobii.tsv.gz	True	49.77600796378347	401.98722599999996	1.0	0.020139955623826592	0.4805986288900268	0.5846648916197303	0.11857204222359179	0.20040471456727155	0.20993158599177297	0.6661725308318356	3.3931265594170297	2.788848808101496	0.2413826425630316	7.206740037957967e-05	0.0	5.73	2.45369027427707	2.746315141690682	2.829828121182507	0.21663650719598482	0.2643202547366986	0.05239802013995565	0.06855549866302557	0.11824574461199922	79	11.791419461672149	0.13797777215191223	True	ok	ok	-0.1832629237420793	-0.6047266530274712	-0.17065218576893626	-0.6115823165266698	-0.20573346916183066	-0.6370277708982676	-0.016250044294330745	-0.09998739076995809	0.1253115745806242	1.19634356869502
ses-20260320_grp-16_run01	T3	P1	C:\Users\amodica\Downloads\affectai_et_all\bids_release_no_video\sub-01\ses-20260320_grp-16_run01\et\sub-01_ses-20260320_grp-16_run01_task-T3_run-01_acq-P1_tobii.tsv.gz	True	49.78839930325766	181.96922199999995	1.0	0.22809001470089335	0.49700039579328287	0.7968131629537487	0.08622096611698973	0.20728673982663107	0.2072491160136172	0.4418648472702335	2.4104957904574986	2.9966442383806395	0.300750752685258	0.0008234576695766949	0.0	5.804	2.0247491120266154	2.9726958794970746	3.0060974857142857	0.33556739733890206	0.29731387663442926	0.09159787402465225	0.010516792943571218	0.14372846347607054	0			False	blink_detection_unreliable;gaze_out_of_bounds	Gaze validity is too low (< 70%) to distinguish blinks from tracking failures; blink_count_est, blink_rate_per_min, and blink_duration_mean_s are set to NaN. When gaze_valid is stuck at 1.0 (>= 99%), pupil-NaN transitions are used as a fallback instead of raising this flag. | More than 10 % of valid gaze samples fall outside the scene-camera frame [0, 1] in either axis; possible calibration drift or head rotation artefacts.	0.23099613493236415	0.8890231008925968	0.18739053598562405	0.6193808298054028	0.2401194752430813	1.0659361532268896	0.018885568207075987	0.1423084778562858	-0.013235354287630563	-0.0833503857901361
ses-20260320_grp-16_run01	T3	P2	C:\Users\amodica\Downloads\affectai_et_all\bids_release_no_video\sub-01\ses-20260320_grp-16_run01\et\sub-01_ses-20260320_grp-16_run01_task-T3_run-01_acq-P2_tobii.tsv.gz	True	49.778485738784	181.9892030000001	1.0	0.17716333845366103	0.4262407450076805	0.6890009216589862	0.4679297431658743	0.2658335945116583	0.2959580810816441	1.690602318613918	2.7593073772418504	2.9540559395801336	0.22128111849930063	0.0005521427605763489	0.0	5.8870000000000005	1.2700949708714133	3.0608376001050286	2.820937568306011	0.209531076230799	0.19383567644512537	0.024961597542242697	0.06298003072196623	0.2281661754385965	17	5.604728100270869	0.16031558823528136	True	gaze_out_of_bounds	More than 10 % of valid gaze samples fall outside the scene-camera frame [0, 1] in either axis; possible calibration drift or head rotation artefacts.	-0.02311621130269126	-0.12662515055207257	-0.034373922528716516	-0.20538942251392872	-0.04366285452696994	-0.25378463702398185	-0.005733733322977663	-0.028867815516029172	0.11148751876974061	1.3974914899449582
ses-20260320_grp-16_run01	T3	P3	C:\Users\amodica\Downloads\affectai_et_all\bids_release_no_video\sub-01\ses-20260320_grp-16_run01\et\sub-01_ses-20260320_grp-16_run01_task-T3_run-01_acq-P3_tobii.tsv.gz	True	49.800796812731136	181.98920999999996	1.0	0.15366488899913183	0.5727200669725909	0.5502350613915415	0.1580161816839118	0.28122856025011544	0.2925732748048717	0.6213091275463963	2.5201208949166602	2.8019703584273845	0.212721749075025	2.1382121635449597e-06	0.0	2.476	1.9998593878282158	2.7926976778583055	2.7717260377358492	0.20886782586409158	0.2455810400027428	0.16147835793129106	0.34267642316755553	0.13105102551275638	73	24.067360916616988	0.1443647534246656	True	pupil_right_low_coverage;gaze_out_of_bounds	Right-eye pupil diameter is missing for more than 30 % of samples. | More than 10 % of valid gaze samples fall outside the scene-camera frame [0, 1] in either axis; possible calibration drift or head rotation artefacts.	0.01166881203563186	0.08567463750863678	-0.015538612464275126	-0.10906472983071691	0.019662064671876145	0.11206941521012934	-0.08454263553109087	-0.4025438945484996	0.14341282280538542	1.8569041342520372
ses-20260320_grp-16_run01	T3	P4	C:\Users\amodica\Downloads\affectai_et_all\bids_release_no_video\sub-01\ses-20260320_grp-16_run01\et\sub-01_ses-20260320_grp-16_run01_task-T3_run-01_acq-P4_tobii.tsv.gz	True	49.77600796420598	181.92914999999994	1.0	0.005674272606543523	0.49279232162260056	0.48789719908245804	0.1174630706550943	0.14277326298480097	0.15884959415699884	0.5976237568822887	3.1180743007043747	2.8789010624169986	0.23315051370133164	-0.00026487116861778767	0.0	6.760999999999999	2.2717407745095244	2.8211497819953837	2.9301051983247106	0.20502014084016035	0.23684165744695562	0.05855366413135332	0.019920318725099584	0.13860015721210533	0			False	blink_detection_unreliable	Gaze validity is too low (< 70%) to distinguish blinks from tracking failures; blink_count_est, blink_rate_per_min, and blink_duration_mean_s are set to NaN. When gaze_valid is stuck at 1.0 (>= 99%), pupil-NaN transitions are used as a fallback instead of raising this flag.	-0.09321066942657685	-0.3075743581834024	-0.09581754546423449	-0.3433903653496774	-0.1054563920196272	-0.3265324334874945	-0.004056351561756988	-0.024958947887128182	0.028543882043351898	0.2725070674631308
ses-20260320_grp-16_run01	T4	P1	C:\Users\amodica\Downloads\affectai_et_all\bids_release_no_video\sub-01\ses-20260320_grp-16_run01\et\sub-01_ses-20260320_grp-16_run01_task-T4_run-01_acq-P1_tobii.tsv.gz	True	49.78839930325766	899.9882790000001	1.0	0.03797035347776511	0.5335352177879134	0.752573007981756	0.08616407986854725	0.1497437280433029	0.15628062614422766	0.37152383616349605	1.9767731023361974	2.851805644241733	0.3217511382723378	1.4351311988006988e-05	0.0	5.978	1.4830823392210664	2.8128003083474047	2.8783529357798163	0.32272176537818875	0.3250099070128768	0.06811858608893961	0.005701254275940704	0.11401253293280476	0			False	blink_detection_unreliable	Gaze validity is too low (< 70%) to distinguish blinks from tracking failures; blink_count_est, blink_rate_per_min, and blink_duration_mean_s are set to NaN. When gaze_valid is stuck at 1.0 (>= 99%), pupil-NaN transitions are used as a fallback instead of raising this flag.	0.08615754079345761	0.33159015454482593	0.02749496483595415	0.09087894458485418	0.11237492530861193	0.49885372888375185	0.05542039020170647	0.4176094298741441	-0.0574755092596233	-0.36195524246383975
ses-20260320_grp-16_run01	T4	P2	C:\Users\amodica\Downloads\affectai_et_all\bids_release_no_video\sub-01\ses-20260320_grp-16_run01\et\sub-01_ses-20260320_grp-16_run01_task-T4_run-01_acq-P2_tobii.tsv.gz	True	49.778485738784	899.6676990000001	1.0	0.03518765911325083	0.4700983565649182	0.6597461850628891	0.12568559376935226	0.21384573362133039	0.23389570777923713	0.3841555991362707	1.7811151845883737	2.9169310740301966	0.21706532672827192	8.822266444402757e-05	0.0	6.191	1.2116999578318006	3.0370303599938198	2.8005977969861546	0.21231131659399277	0.2125116257935518	0.02114788395130185	0.011443551029667542	0.2374656331422616	0			False	blink_detection_unreliable	Gaze validity is too low (< 70%) to distinguish blinks from tracking failures; blink_count_est, blink_rate_per_min, and blink_duration_mean_s are set to NaN. When gaze_valid is stuck at 1.0 (>= 99%), pupil-NaN transitions are used as a fallback instead of raising this flag.	-0.06024107685262825	-0.3299864033080087	-0.05818116263992534	-0.34764130819868416	-0.06400262584682626	-0.37200690026085026	0.038123878234260056	0.19194354212669174	0.08223278217364349	1.0307845627052843
ses-20260320_grp-16_run01	T4	P3	C:\Users\amodica\Downloads\affectai_et_all\bids_release_no_video\sub-01\ses-20260320_grp-16_run01\et\sub-01_ses-20260320_grp-16_run01_task-T4_run-01_acq-P3_tobii.tsv.gz	True	49.800796812731136	899.9682010000001	1.0	0.05647542967804406	0.5186321253933672	0.6086206414911643	0.1596275453849236	0.22374659418052203	0.25234144277126164	0.572024894118048	2.5711422457731308	2.7510081820382473	0.24803331041444937	5.6855900755385154e-05	0.0	3.999	1.8536554705318506	2.752927102033609	2.717827185577336	0.2527679911113373	0.2644936338365608	0.17746308399903166	0.15407891551682407	0.1207108712971681	499	33.26784209345636	0.12523541282565454	True	ok	ok	-0.03929336435350539	-0.28849935513586095	-0.0553091882889718	-0.38821237686194954	-0.034236787486637166	-0.19514210823388498	-0.13863057711031457	-0.6600798764189182	0.20179840290500822	2.612878550952674
ses-20260320_grp-16_run01	T4	P4	C:\Users\amodica\Downloads\affectai_et_all\bids_release_no_video\sub-01\ses-20260320_grp-16_run01\et\sub-01_ses-20260320_grp-16_run01_task-T4_run-01_acq-P4_tobii.tsv.gz	True	49.77600796364263	899.9882809999999	1.0	0.005910135630035613	0.47356105877301546	0.5812527871088323	0.10577254575439342	0.20924749849851806	0.21240384662842487	0.6606280392109969	3.0740717187916466	2.808134026216756	0.2597522945097227	-9.985796027837795e-06	0.0	7.149	2.646547275181448	2.751233777442149	2.857993789665786	0.21938090870982127	0.2857395233790324	0.06352132952794687	0.07274013083120756	0.13451403590853267	178	11.866821185863865	0.13225935393260382	True	ok	ok	-0.16397770562681968	-0.5410897472878302	-0.16573355001746926	-0.5939549381636049	-0.1775678006785517	-0.5498163264849656	-0.023287614411342084	-0.14328993571170237	0.12189947006972618	1.1637683712243205
