group_id	task_id	window_index	window_start_s	n_spk_rows	n_speakers	lex_agreement_count	lex_bigram_entropy	lex_certainty_count	lex_clause_density	lex_concreteness_coverage	lex_concreteness_mean	lex_concreteness_std	lex_dm_additive	lex_dm_causal	lex_dm_contrast	lex_dm_elaboration	lex_dm_temporal	lex_hedging_count	lex_i_count	lex_long_word_ratio	lex_mean_word_len	lex_negative_count	lex_parse_depth_mean	lex_positive_count	lex_question_count	lex_sentiment_ratio	lex_social_composite	lex_subordination_ratio	lex_suggestion_count	lex_trigram_entropy	lex_ttr	lex_turn_cohesion	lex_unique_words	lex_vader_compound	lex_vader_neg	lex_vader_neu	lex_vader_pos	lex_we_count	lex_we_i_ratio	lex_word_count	lex_word_gini	lex_word_hhi
grp-07	T1	0	0.0	0	0	0		0					0	0	0	0	0	0	0			0		0	0				0				0					0		0		
grp-07	T1	1	30.0	0	0	0		0					0	0	0	0	0	0	0			0		0	0				0				0					0		0		
grp-07	T1	2	60.0	0	0	0		0					0	0	0	0	0	0	0			0		0	0				0				0					0		0		
grp-07	T1	3	90.0	0	0	0		0					0	0	0	0	0	0	0			0		0	0				0				0					0		0		
grp-07	T1	4	120.0	0	0	0		0					0	0	0	0	0	0	0			0		0	0				0				0					0		0		
grp-07	T1	5	150.0	3	2	2	4.247927513443583	0	1.3333333333333333	0.85	2.3682352941176474	0.9420205773581012	0	0	1	0	0	0	1	0.1	3.85	0	1.76	0	1	0.0	0.1	0.25	0	4.169925001442312	0.95	0.0	19	0.2069	0.068	0.78	0.152	0	0.0	20	0.725	0.9049999999999999
grp-07	T1	6	180.0	4	2	2	5.447408651885229	0	2.0	0.9130434782608695	2.3878571428571425	0.9254485031447126	2	1	0	0	0	3	2	0.2826086956521739	5.130434782608695	0	2.5961538461538463	0	2	0.0	0.043478260869565216	0.5	0	5.4594316186372955	0.8695652173913043	0.011904761904761904	40	0.6322	0.0	0.895	0.105	0	0.0	46	0.5760869565217391	0.5463137996219282
grp-07	T1	7	210.0	3	1	0	5.6724253419715005	0	3.0	0.9038461538461539	2.2517021276595743	0.7572495559559432	5	2	0	0	1	2	1	0.2692307692307692	5.25	0	2.75	1	0	0.5	0.019230769230769232	0.6666666666666666	0	5.643856189774728	0.8269230769230769	0.09632034632034632	43	0.6697	0.0	0.897	0.103	0	0.0	52	0.75	1.0
grp-07	T1	8	240.0	6	3	3	6.533312255932943	3	3.0	0.8842105263157894	2.2002380952380953	0.8923790783636367	2	2	1	4	0	9	6	0.21052631578947367	4.3578947368421055	0	3.455357142857143	6	0	0.8571428571428571	0.09473684210526316	0.6666666666666666	0	6.539158811108037	0.7578947368421053	0.04955263157894737	72	0.9209	0.028	0.8	0.172	0	0.0	95	0.65	0.6890858725761771
grp-07	T1	9	270.0	2	1	1	5.1699250014423095	0	2.5	0.8108108108108109	2.334000000000001	0.8891479067061903	4	1	0	0	0	1	0	0.1891891891891892	4.594594594594595	0	1.8181818181818181	1	0	0.5	0.05405405405405406	0.6	0	5.129283016944964	0.9459459459459459	0.05714285714285714	35	0.7501	0.0	0.821	0.179	0		37	0.75	1.0
grp-07	T1	10	300.0	4	2	4	5.865163567071079	0	1.6	0.8870967741935484	2.516909090909091	1.0413852186168762	6	2	1	0	0	1	4	0.06451612903225806	3.629032258064516	0	1.8591549295774648	2	0	0.6666666666666666	0.0967741935483871	0.375	0	5.906890595608517	0.7258064516129032	0.04938271604938271	45	0.8512	0.0	0.864	0.136	0	0.0	62	0.5564516129032258	0.5254942767950052
grp-07	T1	11	330.0	3	1	1	5.614709844115208	1	3.0	0.96	2.1495833333333336	0.7824479704037124	3	1	0	0	0	1	1	0.14	3.98	0	3.2	0	0	0.0	0.02	0.6666666666666666	0	5.5849625007211605	0.78	0.06578947368421052	39	-0.2732	0.111	0.817	0.073	2	0.6666666666666666	50	0.75	1.0
grp-07	T1	12	360.0	7	2	5	6.397904530308592	2	2.25	0.9021739130434783	2.4015662650602407	0.838486131427881	2	2	2	0	0	8	7	0.07608695652173914	3.6956521739130435	2	2.409090909090909	2	0	0.0	0.07608695652173914	0.5555555555555556	0	6.491853096329662	0.6630434782608695	0.07832321187584346	61	0.9568	0.028	0.784	0.188	2	0.2222222222222222	92	0.6195652173913043	0.6143667296786388
grp-07	T1	13	390.0	7	2	6	4.523561956057013	0	1.4285714285714286	0.9166666666666666	2.2822727272727272	0.7845376856246546	1	1	0	0	0	1	1	0.08333333333333333	3.625	0	1.3548387096774193	1	1	0.5	0.2916666666666667	0.3	0	4.459431618637295	0.8333333333333334	0.18333333333333335	20	0.9081	0.0	0.556	0.444	2	0.6666666666666666	24	0.6458333333333334	0.6701388888888888
grp-07	T2	0	0.0	0	0	0		0					0	0	0	0	0	0	0			0		0	0				0				0					0		0		
grp-07	T2	1	30.0	0	0	0		0					0	0	0	0	0	0	0			0		0	0				0				0					0		0		
grp-07	T2	2	60.0	0	0	0		0					0	0	0	0	0	0	0			0		0	0				0				0					0		0		
grp-07	T2	3	90.0	2	1	0	4.08746284125034	0	2.0	0.8888888888888888	2.5506249999999997	0.8439228989516756	0	0	0	0	1	2	1	0.05555555555555555	4.277777777777778	0	1.8095238095238095	0	1	0.0	0.0	0.5	1	4.0	0.8888888888888888	0.0625	16	0.0	0.0	1.0	0.0	3	0.75	18	0.75	1.0
grp-07	T2	4	120.0	7	2	1	5.643776391052357	0	1.4285714285714286	0.9090909090909091	2.4599999999999995	0.8865325713136546	4	1	0	0	0	0	1	0.16363636363636364	4.7272727272727275	0	1.7692307692307692	0	1	0.0	0.01818181818181818	0.3	0	5.727920454563195	0.7636363636363637	0.049810606060606055	42	-0.1082	0.048	0.877	0.075	0	0.0	55	0.6681818181818182	0.7262809917355371
grp-07	T2	5	150.0	5	2	2	6.317751630116047	0	2.8	0.8928571428571429	2.2961333333333336	0.8612237701214606	2	3	0	1	1	7	5	0.2261904761904762	4.666666666666667	0	2.630434782608696	2	0	0.6666666666666666	0.047619047619047616	0.6428571428571429	1	6.357552004618087	0.7261904761904762	0.09504569504569504	61	0.8173	0.0	0.883	0.117	2	0.2857142857142857	84	0.5535714285714286	0.5229591836734693
grp-07	T2	6	180.0	3	2	5	5.789015477886191	0	2.5	0.9152542372881356	2.2311111111111113	0.8192581709188405	5	1	1	1	1	2	2	0.11864406779661017	4.016949152542373	0	2.7384615384615385	2	1	0.6666666666666666	0.11864406779661017	0.6	0	5.832890014164737	0.7627118644067796	0.0	45	0.8242	0.0	0.851	0.149	3	0.6	59	0.5042372881355932	0.5001436368859523
grp-07	T2	7	210.0	2	1	0	4.70043971814109	0	1.5	0.8888888888888888	2.3991666666666664	0.6928438777162492	2	1	0	1	0	2	1	0.037037037037037035	3.5925925925925926	0	2.3666666666666667	1	0	0.5	0.037037037037037035	0.3333333333333333	1	4.643856189774723	0.8148148148148148	0.13636363636363635	22	0.6933	0.0	0.814	0.186	4	0.8	27	0.75	1.0
grp-07	T2	8	240.0	8	2	6	5.982289237493331	0	1.625	0.8767123287671232	2.4721874999999995	0.9371223718617276	2	2	0	2	1	6	5	0.1232876712328767	3.9863013698630136	0	1.898876404494382	2	2	0.6666666666666666	0.1095890410958904	0.38461538461538464	3	6.093409091335663	0.6986301369863014	0.08102215245072387	51	0.8205	0.043	0.797	0.16	3	0.375	73	0.5513698630136986	0.5211109026083692
grp-07	T2	9	270.0	12	3	6	6.033495085707161	0	1.5	0.9456521739130435	2.4441379310344824	0.9885186312980174	5	3	1	2	2	5	2	0.05434782608695652	3.5760869565217392	0	1.8303571428571428	3	4	0.75	0.09782608695652174	0.3333333333333333	1	6.3195222629482535	0.4891304347826087	0.21225846853837282	45	0.9144	0.0	0.864	0.136	5	0.7142857142857143	92	0.5271739130434783	0.4974007561436673
grp-07	T2	10	300.0	2	1	1	6.4139770731827594	0	5.5	0.9438202247191011	2.2798809523809522	0.8982317206171816	5	3	0	3	0	6	2	0.23595505617977527	4.685393258426966	0	4.122448979591836	1	0	0.5	0.02247191011235955	0.8181818181818182	0	6.442943495848723	0.6966292134831461	0.14516129032258066	62	0.4404	0.03	0.899	0.071	2	0.5	89	0.75	1.0
grp-07	T2	11	330.0	4	2	1	5.814846439192345	0	3.3333333333333335	0.95	2.6024561403508772	1.036047280472555	1	1	1	1	0	3	2	0.2	4.566666666666666	1	2.6865671641791047	1	0	0.0	0.03333333333333333	0.7	0	5.823498236506881	0.7666666666666667	0.02857142857142857	46	-0.3612	0.052	0.921	0.028	0	0.0	60	0.7416666666666667	0.9672222222222222
grp-07	T2	12	360.0	7	3	3	5.44740865188523	1	2.0	0.8913043478260869	2.2026829268292683	0.7675397006979712	2	1	0	1	0	4	1	0.15217391304347827	4.326086956521739	0	2.549019607843137	4	2	0.8	0.15217391304347827	0.5	0	5.4594316186372955	0.8260869565217391	0.16666666666666666	38	0.9408	0.0	0.705	0.295	3	0.75	46	0.44565217391304346	0.42533081285444235
grp-07	T2	13	390.0	8	2	3	6.093409091335662	0	1.3333333333333333	0.9444444444444444	2.3905882352941177	0.9146678637833858	1	3	0	0	3	0	1	0.125	3.9305555555555554	0	2.046511627906977	0	4	0.0	0.041666666666666664	0.25	0	6.129283016944973	0.6805555555555556	0.03993637941006362	49	0.9086	0.0	0.821	0.179	6	0.8571428571428571	72	0.5972222222222222	0.5756172839506173
grp-07	T2	14	420.0	5	2	6	5.247927513443589	0	2.0	0.9487179487179487	2.3437837837837843	0.8859209633204014	2	2	0	0	0	2	2	0.05128205128205128	3.871794871794872	0	2.2	3	1	0.75	0.23076923076923078	0.5	0	5.209453365628954	0.8205128205128205	0.026785714285714284	32	0.949	0.0	0.612	0.388	1	0.3333333333333333	39	0.7371794871794872	0.9500328731097962
grp-07	T2	15	450.0	5	1	1	6.288092571562528	0	1.8	0.8941176470588236	2.4839473684210525	1.001339995557753	3	3	1	4	1	8	3	0.17647058823529413	4.5058823529411764	0	3.090909090909091	4	0	0.8	0.058823529411764705	0.4444444444444444	0	6.375039431346932	0.7294117647058823	0.06963502954068992	62	0.957	0.0	0.788	0.212	1	0.25	85	0.75	1.0
grp-07	T2	16	480.0	2	2	1	6.259761193221231	0	2.6666666666666665	0.9240506329113924	2.5475342465753426	0.9318883183452125	3	0	2	1	1	3	2	0.22784810126582278	4.734177215189874	0	3.7471264367816093	1	0	0.5	0.02531645569620253	0.625	1	6.266786540694905	0.8227848101265823	0.09230769230769231	65	0.5994	0.019	0.89	0.091	3	0.6	79	0.509493670886076	0.500721038295145
grp-07	T2	17	510.0	4	1	1	5.4599625007211605	1	1.6666666666666667	0.9387755102040817	2.454565217391304	1.0688122349471767	4	0	0	1	1	3	2	0.061224489795918366	3.5510204081632653	0	1.9473684210526316	2	1	0.6666666666666666	0.061224489795918366	0.4	0	5.55458885167764	0.6938775510204082	0.0722943722943723	34	0.7717	0.0	0.87	0.13	0	0.0	49	0.75	1.0
grp-07	T2	18	540.0	5	2	1	6.044394119358462	0	2.6	0.9104477611940298	2.2913114754098363	0.9023620650413514	3	2	1	5	0	9	3	0.14925373134328357	4.074626865671642	0	2.225	4	1	0.8	0.07462686567164178	0.6153846153846154	1	6.022367813028458	0.8059701492537313	0.012195121951219513	54	0.7056	0.067	0.774	0.159	2	0.4	67	0.5932835820895522	0.5696146134996658
grp-07	T2	19	570.0	3	2	1	6.259333436112254	1	3.25	0.8837209302325582	2.349342105263158	0.9445415701285099	4	1	1	5	2	8	2	0.19767441860465115	4.348837209302325	0	2.9038461538461537	2	0	0.6666666666666666	0.03488372093023256	0.6923076923076923	0	6.368507898969236	0.6744186046511628	0.10096153846153846	58	0.6369	0.0	0.94	0.06	0	0.0	86	0.5755813953488372	0.5457003785830179
grp-07	T2	20	600.0	4	2	1	5.6560670506421715	0	3.0	0.9354838709677419	2.4156896551724136	0.8608979115033998	4	0	0	1	0	4	3	0.1774193548387097	4.241935483870968	0	3.671641791044776	2	0	0.6666666666666666	0.04838709677419355	0.6666666666666666	0	5.740223928941851	0.6612903225806451	0.0	41	0.8481	0.0	0.85	0.15	1	0.25	62	0.7258064516129032	0.9079084287200834
grp-07	T2	21	630.0	8	3	3	6.48272834633546	1	2.0	0.9368421052631579	2.4046067415730334	0.9988938333434789	7	2	0	2	1	6	6	0.1368421052631579	4.2	0	2.1009174311926606	1	0	0.5	0.042105263157894736	0.5	0	6.539158811108037	0.7368421052631579	0.037301587301587294	70	0.9577	0.0	0.797	0.203	2	0.25	95	0.4763157894736842	0.438005540166205
grp-07	T2	22	660.0	4	1	1	6.12157810542017	1	3.0	0.9166666666666666	2.4965151515151516	1.0342857181360132	4	3	1	1	0	4	3	0.2222222222222222	4.5	0	2.348314606741573	0	1	0.0	0.013888888888888888	0.6666666666666666	0	6.129283016944973	0.7361111111111112	0.06220419202163624	53	0.8218	0.0	0.873	0.127	2	0.4	72	0.75	1.0
grp-07	T2	23	690.0	6	2	4	6.326846660262595	0	2.125	0.9285714285714286	2.343717948717949	0.8168358416731883	5	1	2	0	1	5	4	0.11904761904761904	4.119047619047619	0	2.313131313131313	0	1	0.0	0.047619047619047616	0.5294117647058824	1	6.357552004618087	0.7261904761904762	0.02416267942583732	61	0.7537	0.043	0.833	0.124	1	0.2	84	0.5535714285714286	0.5229591836734693
grp-07	T2	24	720.0	4	1	1	5.776000176124752	0	3.0	0.9661016949152542	2.4838596491228073	0.9428302937208646	0	2	2	1	0	5	3	0.1694915254237288	4.220338983050848	0	3.4545454545454546	2	0	0.6666666666666666	0.05084745762711865	0.6666666666666666	0	5.832890014164737	0.7288135593220338	0.09596176821983272	43	0.6124	0.0	0.919	0.081	2	0.4	59	0.75	1.0
grp-07	T2	25	750.0	5	2	1	6.155399311574901	2	2.25	0.9333333333333333	2.4544285714285716	0.9765195275851385	5	1	1	2	2	3	1	0.18666666666666668	4.506666666666667	0	2.9642857142857144	0	1	0.0	0.013333333333333334	0.5555555555555556	0	6.162427298606055	0.8133333333333334	0.05357142857142857	61	0.6486	0.046	0.833	0.121	1	0.5	75	0.7433333333333333	0.973688888888889
grp-07	T2	26	780.0	2	1	2	5.832890014164737	0	2.0	0.9482758620689655	2.121818181818182	0.7035522618284777	2	2	2	4	1	6	2	0.1896551724137931	4.637931034482759	0	2.3043478260869565	4	0	0.8	0.10344827586206896	0.5	0	5.807354922057609	0.8448275862068966	0.04081632653061224	49	0.8653	0.039	0.765	0.196	2	0.5	58	0.75	1.0
grp-07	T2	27	810.0	8	4	2	5.35851976299634	0	1.3333333333333333	0.9347826086956522	2.732558139534884	0.9779667874306718	2	2	0	0	2	2	2	0.17391304347826086	4.369565217391305	0	1.4912280701754386	0	1	0.0	0.043478260869565216	0.25	1	5.4594316186372955	0.717391304347826	0.0	33	0.5267	0.0	0.909	0.091	2	0.5	46	0.5	0.4735349716446125
grp-07	T2	28	840.0	5	3	2	5.5235619560570095	0	1.2857142857142858	0.9361702127659575	2.6986363636363637	0.9577236052913343	2	1	2	0	1	1	1	0.0851063829787234	3.9361702127659575	0	1.4035087719298245	0	0	0.0	0.0425531914893617	0.2222222222222222	0	5.491853096329673	0.851063829787234	0.034722222222222224	40	0.6808	0.0	0.889	0.111	2	0.6666666666666666	47	0.526595744680851	0.49388863739248534
grp-07	T2	29	870.0	9	4	3	4.801969876934213	1	1.3333333333333333	0.9117647058823529	2.602903225806452	0.8762058733940553	0	0	0	0	0	3	2	0.029411764705882353	3.235294117647059	0	1.2608695652173914	0	3	0.0	0.08823529411764706	0.25	0	4.9375	0.7058823529411765	0.05985576923076923	24	0.6298	0.0	0.862	0.138	4	0.6666666666666666	34	0.2647058823529412	0.3062283737024222
grp-07	T2	30	900.0	2	1	1	3.7004397181410926	0	2.0	1.0	2.607857142857143	1.0029896636088145	0	1	0	1	0	1	3	0.07142857142857142	3.2857142857142856	0	1.3888888888888888	1	1	0.5	0.14285714285714285	0.5	0	3.584962500721156	0.8571428571428571	0.08333333333333333	12	0.5667	0.0	0.72	0.28	0	0.0	14	0.75	1.0
grp-07	T3	0	0.0	0	0	0		0					0	0	0	0	0	0	0			0		0	0				0				0					0		0		
grp-07	T3	1	30.0	0	0	0		0					0	0	0	0	0	0	0			0		0	0				0				0					0		0		
grp-07	T3	2	60.0	0	0	0		0					0	0	0	0	0	0	0			0		0	0				0				0					0		0		
grp-07	T3	3	90.0	0	0	0		0					0	0	0	0	0	0	0			0		0	0				0				0					0		0		
grp-07	T3	4	120.0	0	0	0		0					0	0	0	0	0	0	0			0		0	0				0				0					0		0		
grp-07	T3	5	150.0	0	0	0		0					0	0	0	0	0	0	0			0		0	0				0				0					0		0		
grp-07	T3	6	180.0	0	0	0		0					0	0	0	0	0	0	0			0		0	0				0				0					0		0		
grp-07	T3	7	210.0	0	0	0		0					0	0	0	0	0	0	0			0		0	0				0				0					0		0		
grp-07	T3	8	240.0	0	0	0		0					0	0	0	0	0	0	0			0		0	0				0				0					0		0		
grp-07	T3	9	270.0	0	0	0		0					0	0	0	0	0	0	0			0		0	0				0				0					0		0		
grp-07	T3	10	300.0	1	1	0	5.114369445886754	0	3.5	0.8918918918918919	2.2515151515151515	0.8470881361325351	1	1	0	0	0	2	2	0.08108108108108109	3.8378378378378377	0	3.2093023255813953	0	2	0.0	0.0	0.7142857142857143	0	5.129283016944964	0.918918918918919		34	-0.3094	0.081	0.87	0.049	1	0.3333333333333333	37	0.75	1.0
grp-07	T3	11	330.0	14	4	12	6.52875843973147	0	1.5333333333333334	0.8514851485148515	2.521162790697675	1.0047045366959027	3	3	1	1	0	5	2	0.12871287128712872	3.99009900990099	0	2.032258064516129	2	4	0.6666666666666666	0.13861386138613863	0.34782608695652173	1	6.62935662007962	0.7029702970297029	0.131953446659329	71	0.9838	0.0	0.719	0.281	6	0.75	101	0.43316831683168316	0.4033918243309479
grp-07	T3	12	360.0	10	3	7	5.7415174175040615	0	1.3333333333333333	0.847457627118644	2.4686000000000003	1.0129185752073067	3	0	0	2	0	4	3	0.1694915254237288	4.4576271186440675	1	2.328767123287671	2	2	0.25	0.15254237288135594	0.25	0	5.797802294866491	0.7796610169491526	0.3333333333333333	46	0.9419	0.034	0.673	0.293	1	0.25	59	0.4872881355932203	0.45073254811835683
grp-07	T3	13	390.0	4	2	0	5.754532719265502	0	2.6666666666666665	0.9830508474576272	2.2139655172413795	0.9695589819606616	7	1	0	0	1	3	3	0.15254237288135594	4.0508474576271185	0	2.2857142857142856	0	0	0.0	0.0	0.625	0	5.832890014164737	0.711864406779661	0.05333333333333334	42	0.885	0.0	0.814	0.186	1	0.25	59	0.7415254237288136	0.9666762424590636
grp-07	T3	14	420.0	11	4	5	6.358998730439612	2	1.4166666666666667	0.8723404255319149	2.292317073170732	0.9781806142521691	3	2	2	6	3	11	5	0.13829787234042554	4.085106382978723	0	2.1403508771929824	5	1	0.8333333333333334	0.10638297872340426	0.29411764705882354	0	6.480083695187462	0.6595744680851063	0.1	62	0.9877	0.058	0.606	0.337	1	0.16666666666666666	94	0.425531914893617	0.4040289723856949
grp-07	T3	15	450.0	13	2	8	6.5813274533911	0	1.6666666666666667	0.89	2.58438202247191	1.147302606023872	6	5	0	2	1	6	2	0.19	4.49	0	1.6554621848739495	0	1	0.0	0.08	0.4	0	6.614709844115218	0.67	0.20961734045258074	67	0.9399	0.04	0.754	0.206	3	0.6	100	0.565	0.5338
grp-07	T3	16	480.0	6	3	2	5.807354922057609	0	1.375	0.8596491228070176	2.4083673469387756	0.9012176500775652	5	0	1	0	0	1	2	0.15789473684210525	4.2631578947368425	0	2.1267605633802815	1	0	0.5	0.05263157894736842	0.2727272727272727	0	5.7813597135246555	0.8245614035087719	0.017028985507246373	47	0.8519	0.025	0.822	0.153	2	0.5	57	0.6096491228070176	0.6700523237919359
grp-07	T3	17	510.0	5	3	3	5.532835479055475	0	1.8	0.875	2.2278571428571428	0.8609353598717798	3	1	4	0	0	3	2	0.109375	3.8125	0	2.1728395061728394	4	0	0.8	0.109375	0.4444444444444444	0	5.567099536193324	0.609375	0.27261904761904765	39	0.9599	0.023	0.723	0.254	2	0.5	64	0.609375	0.677734375
grp-07	T3	18	540.0	6	2	6	5.930737337562883	1	1.5	0.9193548387096774	2.416315789473684	1.0340885156367152	5	2	0	2	0	2	0	0.1774193548387097	4.564516129032258	0	2.142857142857143	1	1	0.5	0.11290322580645161	0.3333333333333333	0	5.906890595608517	0.7580645161290323	0.053217127699886325	47	0.9287	0.0	0.767	0.233	2	1.0	62	0.5806451612903226	0.5520291363163371
grp-07	T3	19	570.0	7	3	5	6.1369164108247745	0	2.0	0.8589743589743589	2.475970149253731	0.9571039334405853	2	4	2	3	1	7	3	0.11538461538461539	4.0	0	2.0	3	3	0.75	0.10256410256410256	0.5	1	6.195295934496223	0.6923076923076923	0.10576923076923077	54	0.9005	0.0	0.825	0.175	4	0.5714285714285714	78	0.6730769230769231	0.8106508875739645
grp-07	T3	20	600.0	7	3	2	6.065240077251156	1	1.5714285714285714	0.9027777777777778	2.394615384615385	1.0244714613633357	1	2	1	1	0	3	2	0.041666666666666664	3.8333333333333335	1	1.7241379310344827	1	0	0.0	0.041666666666666664	0.36363636363636365	1	6.129283016944973	0.7083333333333334	0.06339923883783533	51	0.7184	0.0	0.908	0.092	3	0.6	72	0.6666666666666666	0.7372685185185185
grp-07	T3	21	630.0	9	4	1	6.162427298606055	0	1.4545454545454546	0.9054054054054054	2.2202985074626866	0.8751937442633901	3	5	1	2	2	5	3	0.05405405405405406	3.7567567567567566	0	1.6136363636363635	1	0	0.5	0.02702702702702703	0.3125	0	6.1699250014423175	0.7432432432432432	0.04520016339869281	55	0.2771	0.06	0.878	0.062	2	0.4	74	0.5202702702702703	0.5343316289262235
grp-07	T3	22	660.0	8	2	7	6.3236749973177835	1	2.1	0.8913043478260869	2.4893902439024393	0.9738061453314548	2	2	1	2	2	7	6	0.08695652173913043	3.9456521739130435	0	1.9669421487603307	1	1	0.5	0.08695652173913043	0.5238095238095238	1	6.447408651885218	0.6195652173913043	0.03176020408163265	57	0.8201	0.0	0.871	0.129	4	0.4	92	0.6358695652173914	0.6476843100189036
grp-08	T1	0	0.0	2	2	0	2.584962500721156	0	1.0	1.0	2.7985714285714285	1.2245632290906079	0	0	0	0	0	0	0	0.0	3.857142857142857	0	0.8	0	3	0.0	0.0	0.0	0	2.321928094887362	0.8571428571428571	0.0	6	0.0	0.0	1.0	0.0	0		7	0.5357142857142857	0.510204081632653
grp-08	T1	1	30.0	0	0	0		0					0	0	0	0	0	0	0			0		0	0				0				0					0		0		
grp-08	T1	2	60.0	0	0	0		0					0	0	0	0	0	0	0			0		0	0				0				0					0		0		
grp-08	T1	3	90.0	2	2	1	0.0	0	1.0	0.5	2.14	0.0	0	0	0	0	0	0	0	0.0	3.0	0	0.5	0	0	0.0	0.5	0.0	0	0.0	1.0	0.0	2	0.4019	0.0	0.27	0.73	0		2	0.5	0.5
grp-08	T1	4	120.0	0	0	0		0					0	0	0	0	0	0	0			0		0	0				0				0					0		0		
grp-08	T1	5	150.0	0	0	0		0					0	0	0	0	0	0	0			0		0	0				0				0					0		0		
grp-08	T1	6	180.0	1	1	0	5.797802294866491	0	4.0	0.9137931034482759	2.2600000000000002	0.8861065994903647	0	2	2	1	2	4	3	0.13793103448275862	3.793103448275862	0	3.1206896551724137	1	0	0.5	0.017241379310344827	0.75	0	5.807354922057609	0.7241379310344828		42	0.2732	0.0	0.948	0.052	1	0.25	58	0.75	1.0
grp-08	T1	7	210.0	1	1	1	5.623516641218018	0	6.0	0.9622641509433962	2.4533333333333336	0.906617645733611	1	1	2	0	0	0	0	0.18867924528301888	4.09433962264151	0	4.490566037735849	1	0	0.5	0.03773584905660377	0.8333333333333334	0	5.6724253419715005	0.7547169811320755		40	0.6652	0.0	0.903	0.097	1	1.0	53	0.75	1.0
grp-08	T1	8	240.0	3	1	2	5.5432958340544936	1	3.0	0.9183673469387755	2.596666666666667	1.1579790825207317	0	1	1	1	0	2	1	0.10204081632653061	4.020408163265306	0	3.0555555555555554	0	0	0.0	0.04081632653061224	0.6666666666666666	0	5.55458885167764	0.7959183673469388	0.03125	39	0.6652	0.0	0.896	0.104	0	0.0	49	0.75	1.0
grp-08	T1	9	270.0	4	2	3	6.93261466858448	0	3.0	0.9022556390977443	2.3889166666666664	0.9225894679590099	2	4	1	0	1	3	3	0.15789473684210525	4.195488721804511	0	3.5602836879432624	1	0	0.5	0.03007518796992481	0.6666666666666666	0	7.002888650392412	0.6766917293233082	0.05555555555555555	90	0.4678	0.0	0.963	0.037	4	0.5714285714285714	133	0.5131578947368421	0.5013850415512464
grp-08	T1	10	300.0	2	1	3	4.906890595608519	0	2.0	0.9032258064516129	2.5078571428571435	0.9788709135050047	2	1	0	0	0	1	2	0.1935483870967742	4.548387096774194	0	3.5142857142857142	2	0	0.6666666666666666	0.16129032258064516	0.5	0	4.857980995127571	0.9032258064516129	0.0	28	0.8885	0.0	0.675	0.325	0	0.0	31	0.75	1.0
grp-08	T1	11	330.0	3	2	1	4.459431618637295	0	1.0	0.8260869565217391	2.155789473684211	0.6671093636331988	0	1	0	0	0	1	1	0.17391304347826086	4.0	0	1.1333333333333333	0	0	0.0	0.043478260869565216	0.0	0	4.39231742277876	0.9565217391304348	0.0	22	0.296	0.0	0.909	0.091	1	0.5	23	0.6630434782608695	0.7126654064272211
grp-08	T1	12	360.0	9	2	5	6.695197898618494	2	1.6923076923076923	0.8773584905660378	2.366881720430107	0.8420609362858164	3	1	2	3	2	6	6	0.16981132075471697	4.330188679245283	0	2.1496062992125986	3	0	0.75	0.07547169811320754	0.4090909090909091	0	6.7004397181411	0.7735849056603774	0.07582008508732646	82	0.9782	0.012	0.727	0.261	0	0.0	106	0.7358490566037735	0.9449982200071201
grp-08	T1	13	390.0	3	1	0	4.39231742277876	1	1.0	0.9090909090909091	2.3155	0.8099288549002314	0	0	0	0	0	1	1	0.13636363636363635	4.2727272727272725	0	2.1153846153846154	0	1	0.0	0.0	0.0	0	4.321928094887363	1.0	0.0	22	0.0	0.0	1.0	0.0	0	0.0	22	0.75	1.0
grp-08	T1	14	420.0	8	3	4	5.976536951651797	2	2.0	0.8676470588235294	2.2266101694915257	0.8151335757636656	0	1	3	0	0	3	3	0.07352941176470588	3.823529411764706	0	1.9080459770114941	0	1	0.0	0.058823529411764705	0.5	0	6.014091089055431	0.6617647058823529	0.0658889313301078	45	0.8847	0.0	0.849	0.151	0	0.0	68	0.3014705882352941	0.33866782006920415
grp-08	T1	15	450.0	9	2	4	6.202152023829224	0	1.375	0.8026315789473685	2.252295081967213	0.8205903381654985	3	3	0	1	0	6	3	0.18421052631578946	4.5131578947368425	0	2.010204081632653	1	0	0.5	0.06578947368421052	0.2727272727272727	0	6.2094533656289554	0.7894736842105263	0.019335511982570806	60	0.9524	0.0	0.783	0.217	0	0.0	76	0.6710526315789473	0.7340720221606647
grp-08	T1	16	480.0	3	2	1	4.906890595608519	0	1.6666666666666667	0.8387096774193549	2.2119230769230773	0.7240697970540666	0	0	0	1	0	2	0	0.22580645161290322	4.645161290322581	0	2.4411764705882355	2	0	0.6666666666666666	0.0967741935483871	0.4	0	4.857980995127571	0.9354838709677419	0.0	29	0.8962	0.059	0.598	0.342	0		31	0.7338709677419355	0.9375650364203956
grp-08	T1	17	510.0	9	4	4	4.523561956057013	0	1.1111111111111112	0.9166666666666666	2.3945454545454545	0.9250441133104129	0	2	0	0	0	2	1	0.041666666666666664	3.125	0	0.9142857142857143	1	2	0.5	0.20833333333333334	0.1	1	4.459431618637295	0.875	0.041666666666666664	21	0.924	0.0	0.57	0.43	1	0.5	24	0.2916666666666667	0.3194444444444444
grp-08	T1	18	540.0	3	2	3	3.169925001442312	0	1.0	0.5	1.8959999999999997	0.17338973441354588	0	0	0	0	0	0	0	0.0	2.6	0	1.1111111111111112	0	1	0.0	0.3	0.0	0	3.0	0.8	0.08333333333333333	8	0.5267	0.0	0.645	0.355	0		10	0.55	0.52
grp-08	T1	19	570.0	7	4	4	4.08746284125034	0	1.1666666666666667	1.0	2.4355555555555557	0.8583978760343289	0	0	0	0	0	1	2	0.0	3.7777777777777777	0	1.0	0	1	0.0	0.2222222222222222	0.14285714285714285	0	4.0	0.8333333333333334	0.041666666666666664	15	0.7906	0.0	0.609	0.391	0	0.0	18	0.3055555555555556	0.3271604938271605
grp-08	T1	20	600.0	0	0	0		0					0	0	0	0	0	0	0			0		0	0				0				0					0		0		
grp-08	T1	21	630.0	0	0	0		0					0	0	0	0	0	0	0			0		0	0				0				0					0		0		
grp-08	T1	22	660.0	0	0	0		0					0	0	0	0	0	0	0			0		0	0				0				0					0		0		
grp-08	T1	23	690.0	3	2	2	3.7004397181410926	0	1.0	0.7857142857142857	2.247272727272727	1.0661237426822197	0	0	0	0	0	0	0	0.07142857142857142	4.142857142857143	0	1.2173913043478262	0	1	0.0	0.14285714285714285	0.0	0	3.584962500721156	0.9285714285714286	0.0	13	0.5409	0.136	0.503	0.362	0		14	0.5	0.5
grp-08	T1	24	720.0	3	2	1	3.0	0	1.0	0.6666666666666666	2.3633333333333333	0.7337271669739068	0	0	0	0	0	0	0	0.1111111111111111	4.333333333333333	0	0.8	0	0	0.0	0.1111111111111111	0.0	0	2.807354922057604	1.0	0.0	9	0.0516	0.179	0.625	0.196	0		9	0.6388888888888888	0.654320987654321
grp-08	T1	25	750.0	6	3	1	5.182838116298145	0	1.0	0.9	2.6144444444444446	1.1509789177633978	2	1	1	0	0	0	1	0.1	3.6	1	2.6346153846153846	0	0	-0.5	0.025	0.0	0	5.247927513443589	0.775	0.4	31	0.3716	0.043	0.855	0.102	0	0.0	40	0.7125	0.9037499999999999
grp-08	T1	26	780.0	6	3	1	4.221928094887362	1	1.2	0.9523809523809523	2.62	1.0073678573391152	0	0	0	0	0	0	2	0.14285714285714285	3.5238095238095237	0	0.9666666666666667	0	1	0.0	0.047619047619047616	0.16666666666666666	0	4.247927513443583	0.7142857142857143	0.09166666666666666	15	0.4019	0.0	0.881	0.119	1	0.3333333333333333	21	0.6547619047619048	0.746031746031746
grp-08	T1	27	810.0	8	3	5	4.773557262275186	0	1.0	0.8387096774193549	2.253461538461538	0.732403536875951	1	1	1	0	0	0	0	0.03225806451612903	3.806451612903226	0	1.1627906976744187	0	0	0.0	0.16129032258064516	0.0	0	4.857980995127571	0.7741935483870968	0.30612244897959184	24	0.5719	0.0	0.772	0.228	1	1.0	31	0.6048387096774194	0.6024973985431842
grp-08	T1	28	840.0	1	1	1	1.0	0	1.0	1.0	2.21	0.4245782220824176	0	0	0	0	0	0	0	0.0	3.0	0	0.8	0	0	0.0	0.3333333333333333	0.0	0	0.0	1.0		3	0.2263	0.0	0.513	0.487	0		3	0.75	1.0
grp-08	T2	0	0.0	2	1	0	2.584962500721156	0	1.0	1.0	2.3414285714285716	1.337710502222025	0	0	0	0	0	0	0	0.14285714285714285	3.5714285714285716	0	0.9166666666666666	0	2	0.0	0.0	0.0	0	2.321928094887362	0.7142857142857143	0.4	5	0.0	0.0	1.0	0.0	0		7	0.75	1.0
grp-08	T2	1	30.0	0	0	0		0					0	0	0	0	0	0	0			0		0	0				0				0					0		0		
grp-08	T2	2	60.0	1	1	1	0.0	0	1.0	1.0	1.89	0.0	0	0	0	0	0	0	0	0.0	4.0	0	0.5	0	0	0.0	1.0	0.0	0	0.0	1.0		1	0.2263	0.0	0.0	1.0	0		1	0.75	1.0
grp-08	T2	3	90.0	2	1	0	3.8073549220576055	0	1.0	0.8666666666666667	2.5215384615384617	1.0679012209710594	0	0	0	0	0	1	1	0.13333333333333333	4.133333333333334	0	1.411764705882353	0	1	0.0	0.0	0.0	0	3.7004397181410926	0.9333333333333333	0.0	14	-0.2263	0.119	0.881	0.0	0	0.0	15	0.75	1.0
grp-08	T2	4	120.0	3	1	0	3.459431618637298	0	1.3333333333333333	0.8333333333333334	2.2470000000000003	0.7672033628706277	0	0	0	0	0	1	0	0.25	4.583333333333333	0	1.1333333333333333	0	2	0.0	0.0	0.25	0	3.321928094887362	1.0	0.0	12	0.4329	0.0	0.794	0.206	1	1.0	12	0.75	1.0
grp-08	T2	5	150.0	2	1	0	5.708632440797383	0	2.3333333333333335	0.9821428571428571	2.3703636363636362	0.8766713152837399	7	1	0	0	0	1	2	0.10714285714285714	3.857142857142857	0	3.3833333333333333	0	0	0.0	0.0	0.5714285714285714	0	5.7548875021634665	0.6785714285714286	0.13157894736842105	38	-0.34	0.091	0.841	0.068	4	0.6666666666666666	56	0.75	1.0
grp-08	T2	6	180.0	5	2	4	5.986425874087828	2	2.0	0.9295774647887324	2.377878787878788	0.9874784464874758	1	2	1	0	0	6	7	0.11267605633802817	3.859154929577465	1	2.246913580246914	3	0	0.4	0.09859154929577464	0.5	0	6.079538949531787	0.647887323943662	0.157772358164809	46	0.9277	0.039	0.763	0.198	0	0.0	71	0.6795774647887324	0.7579845268795873
grp-08	T2	7	210.0	6	1	1	6.464592450436211	2	2.5	0.8854166666666666	2.3468235294117648	0.8107428862972903	3	1	1	5	0	8	3	0.0625	3.875	0	3.909090909090909	2	0	0.6666666666666666	0.03125	0.6	1	6.554588851677623	0.5833333333333334	0.09097102841541106	56	0.956	0.077	0.693	0.23	4	0.5714285714285714	96	0.75	1.0
grp-08	T2	8	240.0	1	1	0		0					0	0	0	0	0	0	0			0		0	0				0				0					0		0		
grp-08	T2	9	270.0	0	0	0		0					0	0	0	0	0	0	0			0		0	0				0				0					0		0		
grp-08	T2	10	300.0	1	1	0	5.182838116298145	0	3.5	0.925	2.3029729729729733	0.9527481300267873	2	1	0	1	0	4	3	0.2	4.6	0	4.925	0	0	0.0	0.0	0.7142857142857143	1	5.247927513443589	0.75		30	0.624	0.0	0.882	0.118	1	0.25	40	0.75	1.0
grp-08	T2	11	330.0	9	4	4	5.623516641218018	1	1.1428571428571428	0.9622641509433962	2.117450980392157	0.8248204632625733	4	1	0	1	1	3	0	0.1320754716981132	4.471698113207547	0	1.8153846153846154	0	3	0.0	0.07547169811320754	0.125	0	5.6724253419715005	0.7358490566037735	0.09375	39	0.7608	0.046	0.785	0.169	0		53	0.47641509433962265	0.45176219295122816
grp-08	T2	12	360.0	8	4	8	6.571529428274914	1	2.5	0.8627450980392157	2.548522727272727	0.9409733111043819	3	2	1	1	0	4	5	0.06862745098039216	4.009803921568627	0	3.8017241379310347	5	0	0.8333333333333334	0.12745098039215685	0.6	2	6.6438561897747395	0.6372549019607843	0.19047619047619047	65	0.9427	0.014	0.772	0.215	3	0.375	102	0.6715686274509803	0.8177623990772781
grp-08	T2	13	390.0	4	1	1	5.35851976299634	0	1.75	0.8043478260869565	2.2732432432432432	0.715708131867952	1	2	2	0	0	1	1	0.21739130434782608	4.608695652173913	0	2.2	0	0	0.0	0.021739130434782608	0.42857142857142855	0	5.413977073182751	0.7608695652173914	0.15849452691557955	35	0.2022	0.071	0.824	0.105	0	0.0	46	0.75	1.0
grp-08	T2	14	420.0	8	4	6	6.499008544124598	0	1.8	0.9065420560747663	2.267835051546392	0.8235305273595136	8	4	1	1	1	5	3	0.11214953271028037	4.05607476635514	1	2.227642276422764	2	1	0.25	0.07476635514018691	0.4444444444444444	0	6.58558099381538	0.616822429906542	0.016762866762866764	66	0.9426	0.075	0.737	0.187	3	0.5	107	0.4696261682242991	0.4565464232684077
grp-08	T2	15	450.0	6	3	5	6.208479141939178	1	2.3333333333333335	0.9240506329113924	2.2317808219178077	0.8792171836756589	2	1	3	2	2	5	1	0.0759493670886076	3.911392405063291	2	2.358695652173913	2	1	0.0	0.08860759493670886	0.5714285714285714	0	6.266786540694905	0.7215189873417721	0.1259537210756723	57	0.7332	0.135	0.651	0.214	2	0.6666666666666666	79	0.6234177215189873	0.6289056240987022
grp-08	T2	16	480.0	2	1	1	5.593993969422479	0	3.5	0.8653846153846154	2.6039999999999996	1.0310995210076583	1	1	0	1	1	1	0	0.1346153846153846	4.096153846153846	0	2.8870967741935485	1	0	0.5	0.038461538461538464	0.7142857142857143	1	5.603856189774727	0.8269230769230769	0.06976744186046512	43	0.5719	0.0	0.914	0.086	0		52	0.75	1.0
grp-08	T2	17	510.0	5	2	0	6.147519045757596	0	2.4	0.9113924050632911	2.3844444444444446	0.9056993750824229	2	3	0	0	1	3	2	0.13924050632911392	4.30379746835443	0	2.4130434782608696	1	0	0.5	0.012658227848101266	0.5833333333333334	1	6.240812514720878	0.759493670886076	0.03671328671328671	60	-0.6582	0.115	0.82	0.065	0	0.0	79	0.7436708860759493	0.9750040057683065
grp-08	T2	18	540.0	15	4	10	5.090032776601483	2	1.1333333333333333	0.8461538461538461	2.457878787878788	0.9295021723147959	1	1	0	0	0	0	2	0.05128205128205128	3.717948717948718	0	1.0	0	2	0.0	0.2564102564102564	0.11764705882352941	0	5.1553993115749	0.6923076923076923	0.14285714285714285	27	0.7835	0.08	0.654	0.267	2	0.5	39	0.4166666666666667	0.3911900065746219
grp-08	T2	19	570.0	8	4	8	6.665406190777727	1	2.1666666666666665	0.8828828828828829	2.4305102040816324	1.0340887464865685	4	3	0	1	2	6	2	0.12612612612612611	4.342342342342342	1	2.518796992481203	1	1	0.0	0.08108108108108109	0.5384615384615384	0	6.749835700923704	0.6846846846846847	0.19092373791621914	76	0.9107	0.04	0.803	0.157	2	0.5	111	0.39414414414414417	0.37456375294213134
grp-08	T2	20	600.0	5	2	1	6.079538949531787	0	2.4	0.9714285714285714	2.524705882352942	0.9051023188637055	3	0	1	1	0	6	6	0.17142857142857143	4.185714285714286	0	3.6923076923076925	0	0	0.0	0.014285714285714285	0.5833333333333334	0	6.087462841250345	0.7285714285714285	0.05451388888888889	51	0.75	0.048	0.822	0.13	0	0.0	70	0.7428571428571429	0.9718367346938777
grp-08	T2	21	630.0	4	2	0	6.496148058419865	1	3.0	0.9680851063829787	2.3335164835164837	0.9265407407306967	7	2	2	2	0	5	6	0.11702127659574468	4.095744680851064	0	3.836734693877551	1	0	0.5	0.010638297872340425	0.6666666666666666	0	6.523561956057027	0.6702127659574468	0.040016006402561026	63	0.5927	0.02	0.91	0.069	0	0.0	94	0.648936170212766	0.677455862381168
grp-08	T2	22	660.0	3	2	0	5.991598582259227	1	2.6666666666666665	0.9545454545454546	2.312539682539683	0.8992430119033687	2	2	1	2	1	2	1	0.19696969696969696	4.590909090909091	0	2.7432432432432434	1	0	0.5	0.015151515151515152	0.625	0	6.0	0.8333333333333334	0.09523809523809523	55	0.3269	0.06	0.849	0.091	0	0.0	66	0.6136363636363636	0.6033057851239669
grp-08	T2	23	690.0	17	4	13	6.246928094887356	0	1.1176470588235294	0.9506172839506173	2.294545454545454	0.9584952295534608	3	1	0	1	2	5	6	0.09876543209876543	3.9382716049382718	0	1.3761467889908257	2	3	0.6666666666666666	0.18518518518518517	0.10526315789473684	0	6.303780748177105	0.6049382716049383	0.03908730158730159	49	0.9762	0.04	0.624	0.336	1	0.14285714285714285	81	0.5339506172839507	0.5107453132144489
grp-08	T2	24	720.0	4	2	1	3.8073549220576055	0	1.25	0.9333333333333333	2.812142857142857	1.0481628729177854	0	0	0	0	0	1	1	0.0	3.066666666666667	0	1.0	0	1	0.0	0.06666666666666667	0.2	0	3.7004397181410926	1.0	0.0	15	-0.2732	0.168	0.726	0.106	0	0.0	15	0.6833333333333333	0.768888888888889
grp-08	T2	25	750.0	2	2	2	4.08746284125034	1	1.25	1.0	2.238888888888889	0.9269896852410009	0	2	0	0	2	0	0	0.05555555555555555	3.388888888888889	0	1.3636363636363635	0	1	0.0	0.1111111111111111	0.2	0	4.0	0.8888888888888888	0.0625	16	0.296	0.0	0.885	0.115	0		18	0.6111111111111112	0.5987654320987654
grp-08	T2	26	780.0	1	1	0	3.8073549220576055	1	4.0	0.9333333333333333	2.2721428571428572	0.8120360527836237	1	0	0	0	0	0	2	0.06666666666666667	3.6	0	2.0	0	0	0.0	0.0	0.75	0	3.7004397181410926	0.9333333333333333		14	-0.2732	0.13	0.87	0.0	0	0.0	15	0.75	1.0
grp-08	T2	27	810.0	1	1	0	1.584962500721156	0	1.0	0.5	2.9050000000000002	1.425	0	0	0	0	0	0	1	0.0	3.75	0	0.8571428571428571	0	0	0.0	0.0	0.0	0	1.0	1.0		4	0.0	0.0	1.0	0.0	0	0.0	4	0.75	1.0
grp-08	T2	28	840.0	2	1	1	2.807354922057604	0	1.0	1.0	2.47875	1.0975135249736103	0	0	0	0	0	0	0	0.0	3.0	0	0.9090909090909091	0	1	0.0	0.125	0.0	0	2.584962500721156	1.0	0.0	8	0.2263	0.0	0.787	0.213	1	1.0	8	0.75	1.0
grp-08	T2	29	870.0	6	2	1	4.0	0	1.3333333333333333	0.8823529411764706	2.4253333333333336	0.995060243849029	0	0	0	0	0	0	1	0.35294117647058826	5.0	1	1.0	0	0	-0.5	0.058823529411764705	0.25	0	3.906890595608518	0.9411764705882353	0.0	16	-0.5719	0.32	0.563	0.117	0	0.0	17	0.5441176470588235	0.5155709342560554
grp-08	T2	30	900.0	10	3	3	4.889680181354618	0	1.1818181818181819	1.0	2.5009375	0.8834639189541077	0	0	0	1	0	2	2	0.03125	3.28125	0	1.0	1	1	0.5	0.125	0.15384615384615385	0	4.906890595608519	0.71875	0.04056437389770723	23	0.7783	0.0	0.761	0.239	0	0.0	32	0.5	0.4609375
grp-08	T2	31	930.0	8	2	3	4.807354922057606	0	1.2857142857142858	1.0	2.8034482758620696	0.944987779019934	0	0	0	0	0	2	1	0.034482758620689655	3.6551724137931036	0	1.0	0	2	0.0	0.10344827586206896	0.2222222222222222	0	4.754887502163471	0.7931034482758621	0.011904761904761904	23	0.7464	0.054	0.712	0.234	0	0.0	29	0.5603448275862069	0.5291319857312723
grp-08	T2	32	960.0	3	2	4	2.0	0	1.0	0.8	2.2375000000000003	0.715799378317696	0	0	0	0	0	0	0	0.0	4.6	0	0.625	0	0	0.0	0.8	0.0	0	1.584962500721156	0.8	0.0	4	0.7351	0.0	0.217	0.783	0		5	0.55	0.52
grp-08	T2	33	990.0	1	1	1	0.0	0	1.0	1.0	1.89	0.0	0	0	0	0	0	0	0	0.0	4.0	0	0.5	0	0	0.0	1.0	0.0	0	0.0	1.0		1	0.2263	0.0	0.0	1.0	0		1	0.75	1.0
grp-08	T3	0	0.0	0	0	0		0					0	0	0	0	0	0	0			0		0	0				0				0					0		0		
grp-08	T3	1	30.0	0	0	0		0					0	0	0	0	0	0	0			0		0	0				0				0					0		0		
grp-08	T3	2	60.0	9	4	3	5.357552004618081	0	1.0909090909090908	0.9761904761904762	2.1868292682926826	0.7909193138965482	1	1	0	2	0	3	0	0.07142857142857142	3.6904761904761907	0	1.2545454545454546	4	2	0.8	0.16666666666666666	0.08333333333333333	0	5.3219280948873635	0.8095238095238095	0.019736842105263157	34	0.9141	0.071	0.661	0.268	4	1.0	42	0.35714285714285715	0.3752834467120182
grp-08	T3	3	90.0	5	3	3	4.321928094887363	0	1.0	0.9523809523809523	2.2150000000000003	0.8944802960378725	0	0	1	0	0	1	0	0.047619047619047616	3.380952380952381	0	1.6538461538461537	0	1	0.0	0.14285714285714285	0.0	0	4.247927513443583	0.9047619047619048	0.0	19	0.3612	0.0	0.8	0.2	0		21	0.5357142857142857	0.4965986394557823
grp-08	T3	4	120.0	0	0	0		0					0	0	0	0	0	0	0			0		0	0				0				0					0		0		
grp-08	T3	5	150.0	1	1	0	0.0	0	1.0	0.0			0	0	0	0	0	0	0	0.0	3.0	0	0.5	0	0	0.0	0.0	0.0	0	0.0	1.0		1	0.0	0.0	1.0	0.0	0		1	0.75	1.0
grp-08	T3	6	180.0	0	0	0		0					0	0	0	0	0	0	0			0		0	0				0				0					0		0		
grp-08	T3	7	210.0	0	0	0		0					0	0	0	0	0	0	0			0		0	0				0				0					0		0		
grp-08	T3	8	240.0	0	0	0		0					0	0	0	0	0	0	0			0		0	0				0				0					0		0		
grp-08	T3	9	270.0	0	0	0		0					0	0	0	0	0	0	0			0		0	0				0				0					0		0		
grp-08	T3	10	300.0	0	0	0		0					0	0	0	0	0	0	0			0		0	0				0				0					0		0		
grp-08	T3	11	330.0	3	1	2	4.0	0	1.0	0.8235294117647058	2.425	0.8448731942047364	1	0	0	0	0	1	0	0.11764705882352941	4.294117647058823	0	1.1304347826086956	0	0	0.0	0.11764705882352941	0.0	0	3.906890595608518	1.0	0.0	17	0.4588	0.0	0.789	0.211	0		17	0.75	1.0
grp-08	T3	12	360.0	1	1	1	0.0	0	1.0	1.0	2.71	0.82	0	0	0	0	0	0	0	0.0	4.0	0	0.75	0	0	0.0	0.5	0.0	0	0.0	1.0		2	0.4939	0.0	0.0	1.0	0		2	0.75	1.0
grp-08	T3	13	390.0	5	4	3	5.003258334775643	2	1.6666666666666667	0.8108108108108109	2.341666666666667	0.8960360235813936	1	0	0	0	1	3	2	0.08108108108108109	3.918918918918919	0	1.469387755102041	0	0	0.0	0.08108108108108109	0.4	2	5.072140159802107	0.8108108108108109	0.03409090909090909	30	0.7106	0.044	0.773	0.183	2	0.5	37	0.5202702702702703	0.49306062819576324
grp-08	T3	14	420.0	5	4	4	4.321928094887363	0	1.1666666666666667	0.9047619047619048	2.504736842105263	0.8557198780531459	1	0	0	0	0	0	0	0.14285714285714285	4.0476190476190474	0	1.0714285714285714	1	1	0.5	0.23809523809523808	0.14285714285714285	0	4.247927513443583	0.8571428571428571	0.020833333333333332	18	0.8316	0.0	0.597	0.403	2	1.0	21	0.4642857142857143	0.4512471655328798
grp-08	T3	15	450.0	1	1	0	6.202152023829224	2	4.0	0.7894736842105263	2.484833333333333	0.882225390072678	2	2	1	1	1	2	4	0.09210526315789473	3.8289473684210527	1	3.2142857142857144	1	0	0.0	0.013157894736842105	0.75	0	6.2094533656289554	0.7631578947368421		58	0.6145	0.015	0.919	0.066	1	0.2	76	0.75	1.0
grp-08	T3	16	480.0	2	1	0	6.852747534795263	0	4.666666666666667	0.8770491803278688	2.392429906542056	0.9102406389454615	6	1	3	0	3	8	4	0.1557377049180328	4.262295081967213	1	3.183206106870229	2	0	0.25	0.01639344262295082	0.7857142857142857	0	6.890223928941869	0.6557377049180327	0.1875	80	0.3465	0.072	0.838	0.09	2	0.3333333333333333	122	0.75	1.0
grp-08	T3	17	510.0	2	2	0	6.480083695187461	0	3.6666666666666665	0.9032258064516129	2.596190476190476	1.0159406909501876	4	0	1	2	0	2	1	0.11827956989247312	4.129032258064516	0	3.350515463917526	1	0	0.5	0.010752688172043012	0.7272727272727273	0	6.507794640198703	0.6774193548387096	0.0	63	-0.0399	0.028	0.946	0.026	2	0.6666666666666666	93	0.7446236559139785	0.9787258642617644
grp-08	T3	18	540.0	5	3	3	5.889680181354615	3	2.6	0.7777777777777778	2.2722448979591836	0.9165112763173329	2	2	1	2	0	1	2	0.23809523809523808	4.619047619047619	0	1.9	2	0	0.6666666666666666	0.07936507936507936	0.6153846153846154	0	5.897950452316981	0.7619047619047619	0.07161172161172161	48	0.9136	0.0	0.823	0.177	0	0.0	63	0.6150793650793651	0.6376921138825902
grp-08	T3	19	570.0	10	3	5	5.500760881144765	1	1.5555555555555556	0.8653846153846154	2.6491111111111114	1.1759531778702799	3	0	2	2	0	2	4	0.09615384615384616	3.7884615384615383	0	1.7945205479452055	0	1	0.0	0.09615384615384616	0.35714285714285715	0	5.603856189774728	0.6730769230769231	0.20089626239511824	35	0.63	0.068	0.765	0.168	2	0.3333333333333333	52	0.6153846153846154	0.6161242603550297
grp-08	T3	20	600.0	5	3	1	5.271928094887364	0	1.8	0.8536585365853658	2.275142857142857	1.0249275136141411	1	0	0	1	0	4	2	0.14634146341463414	3.8048780487804876	0	2.3333333333333335	1	0	0.5	0.04878048780487805	0.4444444444444444	0	5.285402218862247	0.7804878048780488	0.022727272727272728	32	0.6369	0.064	0.764	0.171	0	0.0	41	0.6646341463414634	0.7787031528851874
grp-08	T3	21	630.0	17	4	11	6.010627536456954	0	1.2	0.8571428571428571	2.341666666666667	0.8645522283561333	1	3	0	0	0	2	1	0.15714285714285714	4.1	0	1.0686274509803921	1	3	0.5	0.17142857142857143	0.16666666666666666	0	6.087462841250345	0.7571428571428571	0.12934027777777776	53	0.97	0.0	0.691	0.309	3	0.75	70	0.5214285714285715	0.49755102040816335
grp-08	T3	22	660.0	11	4	5	6.819328902693288	2	1.6923076923076923	0.8153846153846154	2.3974528301886795	0.9950785133721907	4	6	1	2	0	3	2	0.1	4.053846153846154	1	2.6226415094339623	2	3	0.25	0.05384615384615385	0.4090909090909091	0	6.931602441389348	0.6384615384615384	0.041666666666666664	83	0.7711	0.0	0.92	0.08	0	0.0	130	0.5153846153846153	0.4995266272189349
grp-08	T3	23	690.0	5	2	1	5.55477828314797	0	1.2	0.8846153846153846	2.296304347826087	0.7958598267874437	2	0	1	0	0	0	0	0.1346153846153846	3.8846153846153846	0	1.8125	0	0	0.0	0.019230769230769232	0.16666666666666666	0	5.603856189774728	0.75	0.03315789473684211	39	0.6652	0.0	0.898	0.102	2	1.0	52	0.7403846153846154	0.9622781065088757
grp-08	T3	24	720.0	12	4	10	6.8703647195833835	2	1.5294117647058822	0.864406779661017	2.438333333333333	0.9997098435255252	7	1	7	1	1	5	8	0.09322033898305085	3.8220338983050848	0	1.952054794520548	3	0	0.75	0.11016949152542373	0.34615384615384615	0	6.857980995127556	0.711864406779661	0.03586842450478814	84	0.9838	0.019	0.742	0.24	2	0.2	118	0.3220338983050847	0.3374030451019822
grp-08	T3	25	750.0	5	3	6	5.717850465126429	1	1.2222222222222223	0.7454545454545455	2.2797560975609756	0.9183401989455788	1	2	0	1	0	0	1	0.12727272727272726	4.290909090909091	0	1.6142857142857143	0	0	0.0	0.10909090909090909	0.18181818181818182	0	5.727920454563195	0.7272727272727273	0.048490028490028494	40	0.9314	0.047	0.662	0.291	0	0.0	55	0.55	0.5133884297520661
grp-08	T3	26	780.0	4	3	2	4.954196310386877	1	1.6	0.875	2.452857142857142	0.8014667676153747	1	0	1	1	0	4	3	0.0625	3.53125	0	1.4285714285714286	2	0	0.6666666666666666	0.125	0.375	1	4.906890595608519	0.8125	0.047619047619047616	26	0.8225	0.0	0.745	0.255	3	0.5	32	0.546875	0.509765625
grp-08	T3	27	810.0	8	4	5	5.585816304394411	0	1.2222222222222223	0.8571428571428571	2.5833333333333335	1.0028778035677572	3	0	0	0	0	2	7	0.03571428571428571	3.232142857142857	1	1.5921052631578947	0	2	-0.5	0.08928571428571429	0.18181818181818182	0	5.680813428089394	0.7142857142857143	0.07514019593851527	40	0.9455	0.0	0.69	0.31	1	0.125	56	0.26785714285714285	0.3093112244897959
grp-08	T3	28	840.0	5	3	2	4.923181998146335	0	1.4	0.9705882352941176	2.3481818181818186	0.9587063712816808	0	1	1	0	0	2	1	0.08823529411764706	3.6176470588235294	0	1.608695652173913	0	1	0.0	0.058823529411764705	0.2857142857142857	0	5.0	0.8235294117647058	0.040625	28	0.8674	0.0	0.761	0.239	0	0.0	34	0.4117647058823529	0.40311418685121103
grp-08	T3	29	870.0	0	0	0		0					0	0	0	0	0	0	0			0		0	0				0				0					0		0		
grp-08	T3	30	900.0	0	0	0		0					0	0	0	0	0	0	0			0		0	0				0				0					0		0		
grp-08	T3	31	930.0	2	2	2	0.0	0	1.0	1.0	2.015	0.1250000000000001	0	0	0	0	0	0	0	0.0	3.5	0	0.5	0	0	0.0	1.0	0.0	0	0.0	1.0	0.0	2	0.5994	0.0	0.0	1.0	0		2	0.5	0.5
grp-09	T2	0	0.0	0	0	0		0					0	0	0	0	0	0	0			0		0	0				0				0					0		0		
grp-09	T2	1	30.0	0	0	0		0					0	0	0	0	0	0	0			0		0	0				0				0					0		0		
grp-09	T2	2	60.0	0	0	0		0					0	0	0	0	0	0	0			0		0	0				0				0					0		0		
grp-09	T2	3	90.0	1	1	0	3.169925001442312	0	2.0	1.0	2.4939999999999998	0.8884503362597147	0	0	0	0	0	0	0	0.0	2.9	0	2.090909090909091	0	0	0.0	0.0	0.5	0	3.0	1.0		10	0.0	0.0	1.0	0.0	1	1.0	10	0.75	1.0
grp-09	T2	4	120.0	0	0	0		0					0	0	0	0	0	0	0			0		0	0				0				0					0		0		
grp-09	T2	5	150.0	3	2	2	6.14881869049589	0	3.6666666666666665	0.8947368421052632	2.424558823529412	0.8739353755612823	2	1	1	1	0	4	4	0.17105263157894737	4.394736842105263	0	2.728395061728395	1	0	0.5	0.039473684210526314	0.7272727272727273	2	6.2094533656289554	0.75	0.12585034013605442	57	0.8868	0.032	0.804	0.164	6	0.6	76	0.5855263157894737	0.5585180055401662
grp-09	T2	6	180.0	3	2	1	4.906890595608519	1	1.5	0.9354838709677419	2.363448275862069	0.8905065426469518	1	1	0	0	0	2	3	0.22580645161290322	4.129032258064516	0	2.9705882352941178	0	0	0.0	0.03225806451612903	0.3333333333333333	1	4.857980995127571	0.9032258064516129	0.08173076923076923	28	0.5106	0.0	0.871	0.129	2	0.4	31	0.6048387096774194	0.5879292403746099
grp-09	T2	7	210.0	4	2	1	6.121578105420169	1	3.25	0.9583333333333334	2.2023188405797103	0.9482709588425468	2	2	0	1	0	7	6	0.2638888888888889	4.541666666666667	0	3.3875	3	0	0.75	0.05555555555555555	0.6923076923076923	1	6.129283016944973	0.7222222222222222	0.09269713261648745	52	0.8894	0.0	0.853	0.147	0	0.0	72	0.6736111111111112	0.7411265432098766
grp-09	T2	8	240.0	3	1	0	6.433565107207895	0	3.6666666666666665	0.9130434782608695	2.2632142857142856	0.8656791453264086	2	2	2	0	1	7	3	0.18478260869565216	4.173913043478261	0	3.5145631067961167	1	0	0.5	0.010869565217391304	0.7272727272727273	1	6.491853096329662	0.6956521739130435	0.14739229024943312	64	0.9587	0.0	0.828	0.172	3	0.5	92	0.75	1.0
grp-09	T2	9	270.0	3	1	0	6.014091089055431	0	2.6666666666666665	0.8656716417910447	2.3472413793103444	0.8230887853886604	1	1	1	0	1	5	1	0.22388059701492538	4.8059701492537314	1	2.918918918918919	1	0	0.0	0.014925373134328358	0.625	2	6.022367813028458	0.8955223880597015	0.018518518518518517	60	0.5106	0.023	0.908	0.07	2	0.6666666666666666	67	0.75	1.0
grp-09	T2	10	300.0	2	1	0	6.440175154846098	0	9.0	0.9052631578947369	2.310116279069767	0.9387776493138676	3	1	1	6	3	9	3	0.1368421052631579	3.9894736842105263	0	2.9902912621359223	4	0	0.8	0.042105263157894736	0.8888888888888888	0	6.496148058419866	0.6210526315789474	0.13559322033898305	59	0.7269	0.011	0.896	0.093	0	0.0	95	0.75	1.0
grp-09	T2	11	330.0	4	2	1	6.379753126795122	1	3.0	0.896551724137931	2.4689743589743594	0.8787353817489141	5	1	1	4	1	8	3	0.19540229885057472	4.482758620689655	0	3.09	4	0	0.8	0.05747126436781609	0.6666666666666666	0	6.385861524373001	0.7931034482758621	0.08788230739450252	69	0.8667	0.018	0.83	0.152	2	0.4	87	0.5316091954022989	0.5079931298718456
grp-09	T2	12	360.0	4	3	1	5.727920454563195	1	2.0	0.8888888888888888	2.536875	0.9702344137930449	2	1	0	2	0	5	3	0.14814814814814814	4.388888888888889	0	1.7704918032786885	3	0	0.75	0.07407407407407407	0.5	0	5.700439718141095	0.8888888888888888	0.026625704045058884	48	0.91	0.042	0.696	0.262	3	0.5	54	0.5648148148148148	0.5397805212620028
grp-09	T2	13	390.0	3	1	1	5.9375	0	5.0	0.9230769230769231	2.2353333333333336	0.8296856164971297	1	0	0	0	1	6	3	0.1076923076923077	4.323076923076923	0	3.7941176470588234	4	0	0.8	0.07692307692307693	0.8	0	5.945533891753889	0.7538461538461538	0.06672932330827067	49	0.9382	0.0	0.795	0.205	2	0.4	65	0.75	1.0
grp-09	T2	14	420.0	5	1	1	6.430789610741691	0	2.8	0.9444444444444444	2.3602352941176474	1.003701357588458	0	0	1	0	0	9	3	0.17777777777777778	4.655555555555556	2	2.7864077669902914	1	0	-0.25	0.022222222222222223	0.6428571428571429	0	6.436704345910033	0.7	0.08125422582826233	63	0.5251	0.048	0.869	0.083	0	0.0	90	0.75	1.0
grp-09	T2	15	450.0	3	2	0	5.717850465126429	0	3.3333333333333335	0.8909090909090909	2.2418367346938775	0.831898918186058	2	0	1	0	0	1	2	0.14545454545454545	4.127272727272727	0	2.625	0	0	0.0	0.0	0.7	1	5.727920454563195	0.7818181818181819	0.12104072398190047	43	0.7468	0.0	0.859	0.141	2	0.5	55	0.5409090909090909	0.5133884297520661
grp-09	T2	16	480.0	4	2	1	5.991598582259227	0	1.8333333333333333	0.9242424242424242	2.282459016393443	0.8537144601492264	0	1	0	0	0	4	1	0.19696969696969696	4.212121212121212	0	2.1216216216216215	0	2	0.0	0.015151515151515152	0.45454545454545453	0	6.0	0.803030303030303	0.03232323232323232	53	0.6966	0.0	0.917	0.083	2	0.6666666666666666	66	0.5378787878787878	0.5114784205693297
grp-09	T2	17	510.0	5	3	2	5.543295834054494	0	2.0	0.8979591836734694	2.421136363636364	0.8759364233599349	0	1	0	2	1	5	3	0.16326530612244897	4.408163265306122	0	2.1228070175438596	1	2	0.5	0.061224489795918366	0.5	0	5.55458885167764	0.8775510204081632	0.008928571428571428	43	0.8105	0.0	0.828	0.172	1	0.25	49	0.3622448979591837	0.36026655560183257
grp-09	T2	18	540.0	7	2	1	5.341744485170485	1	1.6666666666666667	1.0	2.865217391304348	1.0203595681881925	3	1	0	1	0	3	6	0.13043478260869565	3.739130434782609	0	1.962962962962963	0	2	0.0	0.021739130434782608	0.4	0	5.4594316186372955	0.6739130434782609	0.09369256474519633	31	0.3736	0.0	0.925	0.075	1	0.14285714285714285	46	0.5652173913043478	0.5340264650283554
grp-09	T2	19	570.0	8	3	1	5.090032776601483	0	1.125	0.8974358974358975	2.4602857142857144	0.7593248343638134	1	0	0	0	0	0	1	0.05128205128205128	3.948717948717949	0	1.5625	1	2	0.5	0.05128205128205128	0.1111111111111111	0	5.155399311574899	0.7948717948717948	0.03339517625231911	31	0.8738	0.056	0.646	0.298	0	0.0	39	0.5961538461538461	0.581854043392505
grp-09	T3	0	0.0	3	2	2	3.169925001442312	0	1.0	0.9	2.7655555555555558	1.171334577035112	0	0	0	0	0	1	0	0.0	3.5	0	1.1428571428571428	0	0	0.0	0.2	0.0	0	3.0	1.0	0.0	10	0.5994	0.0	0.62	0.38	0		10	0.7	0.8200000000000001
grp-09	T3	1	30.0	0	0	0		0					0	0	0	0	0	0	0			0		0	0				0				0					0		0		
grp-09	T3	2	60.0	0	0	0		0					0	0	0	0	0	0	0			0		0	0				0				0					0		0		
grp-09	T3	3	90.0	0	0	0		0					0	0	0	0	0	0	0			0		0	0				0				0					0		0		
grp-09	T3	4	120.0	0	0	0		0					0	0	0	0	0	0	0			0		0	0				0				0					0		0		
grp-09	T3	5	150.0	0	0	0		0					0	0	0	0	0	0	0			0		0	0				0				0					0		0		
grp-09	T3	6	180.0	0	0	0		0					0	0	0	0	0	0	0			0		0	0				0				0					0		0		
grp-09	T3	7	210.0	1	1	1	2.584962500721156	0	3.0	0.8571428571428571	2.5450000000000004	0.6414241966125069	0	0	0	0	0	0	0	0.14285714285714285	4.142857142857143	0	1.7	0	1	0.0	0.14285714285714285	0.6666666666666666	0	2.321928094887362	1.0		7	0.0	0.0	1.0	0.0	1	1.0	7	0.75	1.0
grp-09	T3	8	240.0	5	2	0	4.754887502163471	0	1.25	0.7857142857142857	2.4954545454545456	0.9709916546440706	0	0	0	0	0	0	0	0.14285714285714285	4.142857142857143	0	1.7941176470588236	0	0	0.0	0.0	0.2	1	4.70043971814109	0.9642857142857143	0.022727272727272728	27	0.0	0.0	1.0	0.0	0		28	0.7142857142857143	0.8673469387755102
grp-09	T3	9	270.0	6	3	3	5.727920454563195	0	1.5	0.7777777777777778	2.36047619047619	0.900653076227923	2	2	0	2	0	5	6	0.14814814814814814	4.092592592592593	1	1.9275362318840579	2	0	0.25	0.09259259259259259	0.3333333333333333	0	5.700439718141095	0.7777777777777778	0.0487509534706331	42	0.8255	0.056	0.718	0.226	0	0.0	54	0.28703703703703703	0.336076817558299
grp-09	T3	10	300.0	7	2	6	6.162492001110314	1	1.6666666666666667	0.9012345679012346	2.5427397260273974	1.0681263332416764	3	1	1	6	0	11	3	0.07407407407407407	3.8518518518518516	0	2.4166666666666665	6	1	0.8571428571428571	0.14814814814814814	0.4	0	6.278464292480902	0.654320987654321	0.17183006535947712	53	0.9885	0.029	0.605	0.366	0	0.0	81	0.6759259259259259	0.747599451303155
grp-09	T3	11	330.0	3	3	1	6.155399311574901	0	2.6666666666666665	0.84	2.300317460317461	0.9642349846215669	6	0	1	7	3	12	1	0.18666666666666668	4.48	0	2.792682926829268	7	1	0.875	0.10666666666666667	0.625	0	6.189824558880028	0.68	0.058693244739756366	51	0.9692	0.019	0.698	0.283	0	0.0	75	0.5033333333333333	0.5000888888888889
grp-09	T3	12	360.0	3	1	1	6.026438844826319	1	3.0	0.9305555555555556	2.424776119402985	0.9456110055186938	0	1	1	1	0	11	5	0.1111111111111111	4.152777777777778	0	2.831168831168831	2	0	0.6666666666666666	0.041666666666666664	0.6666666666666666	0	6.100711588373543	0.7083333333333334	0.010638297872340425	51	0.9537	0.034	0.731	0.235	0	0.0	72	0.75	1.0
grp-09	T3	13	390.0	13	3	2	6.5224625007211605	1	2.0	0.865979381443299	2.6807142857142856	1.083290606169446	1	0	0	4	0	3	5	0.08247422680412371	3.948453608247423	1	1.55	3	1	0.4	0.05154639175257732	0.5	0	6.569855608330948	0.6907216494845361	0.04149159663865546	67	0.8722	0.088	0.722	0.19	2	0.2857142857142857	97	0.5695876288659794	0.5659474970772664
grp-09	T3	14	420.0	10	4	0	6.121578105420169	1	1.3	0.9722222222222222	2.8334285714285716	1.17117387475044	2	1	0	6	1	7	4	0.08333333333333333	3.9722222222222223	0	1.3333333333333333	3	1	0.75	0.041666666666666664	0.23076923076923078	0	6.129283016944973	0.75	0.056216931216931214	54	0.7759	0.0	0.899	0.101	1	0.2	72	0.2152777777777778	0.28742283950617287
grp-09	T3	15	450.0	4	2	2	6.422487187278316	1	2.6	0.9270833333333334	2.650112359550562	1.1048814002976275	3	1	3	5	1	13	7	0.14583333333333334	4.197916666666667	1	2.955357142857143	5	0	0.5714285714285714	0.07291666666666667	0.6153846153846154	0	6.490759064443582	0.7083333333333334	0.061754385964912284	68	0.9839	0.044	0.664	0.292	0	0.0	96	0.5833333333333334	0.5555555555555556
grp-09	T3	16	480.0	2	1	1	5.827642470572459	0	3.0	0.9344262295081968	2.597017543859649	1.065128218807121	3	1	2	0	0	4	3	0.18032786885245902	4.327868852459017	1	3.75	2	0	0.25	0.04918032786885246	0.6666666666666666	0	5.882643049361836	0.7868852459016393	0.0625	48	0.6322	0.076	0.79	0.134	0	0.0	61	0.75	1.0
grp-09	T3	17	510.0	8	4	3	6.6182681734397235	0	2.857142857142857	0.9174311926605505	2.5358	1.0602633446460366	2	0	2	6	1	12	4	0.09174311926605505	3.9357798165137616	0	3.1512605042016806	6	0	0.8571428571428571	0.08256880733944955	0.65	0	6.685392220045997	0.6422018348623854	0.0438657029046045	70	0.8353	0.119	0.689	0.193	0	0.0	109	0.48394495412844035	0.4550963723592291
grp-09	T3	18	540.0	8	3	2	6.431631929387607	0	2.25	0.851063829787234	2.22325	0.9197034508470652	0	3	3	2	1	7	4	0.19148936170212766	4.414893617021277	2	2.309734513274336	2	0	0.0	0.0425531914893617	0.5555555555555556	0	6.501822825622244	0.723404255319149	0.03215927750410509	68	0.8761	0.018	0.847	0.135	1	0.2	94	0.39361702127659576	0.3755092802172929
grp-09	T3	19	570.0	6	3	4	6.699331946607903	0	1.8888888888888888	0.9357798165137615	2.3073529411764704	0.98617296187162	9	3	0	4	2	7	0	0.13761467889908258	4.08256880733945	0	2.364406779661017	5	0	0.8333333333333334	0.08256880733944955	0.47058823529411764	0	6.741466986401138	0.6330275229357798	0.08476796695590524	69	0.9708	0.0	0.794	0.206	4	1.0	109	0.6123853211009175	0.6047470751620234
grp-09	T3	20	600.0	2	1	0	4.39231742277876	0	2.0	0.8636363636363636	2.664736842105263	0.9461132035363512	0	0	0	0	0	2	0	0.13636363636363635	4.181818181818182	0	1.9259259259259258	0	0	0.0	0.0	0.5	2	4.321928094887363	0.9545454545454546	0.047619047619047616	21	0.1779	0.097	0.778	0.125	1	1.0	22	0.75	1.0
grp-09	T3	21	630.0	6	2	4	6.121578105420169	0	1.6666666666666667	0.9166666666666666	2.3536363636363635	0.9656661013433921	5	0	0	3	0	6	1	0.1388888888888889	4.083333333333333	0	2.5952380952380953	4	0	0.8	0.1111111111111111	0.4	0	6.129283016944973	0.8055555555555556	0.04977769977769978	58	0.9622	0.047	0.644	0.309	1	0.5	72	0.7291666666666666	0.9201388888888891
grp-09	T3	22	660.0	6	2	3	5.790532187507497	0	2.4	0.9850746268656716	2.2665151515151516	0.876849547276105	0	1	2	0	0	4	3	0.11940298507462686	4.08955223880597	0	2.2337662337662336	0	0	0.0	0.04477611940298507	0.5833333333333334	0	5.899290889951534	0.5970149253731343	0.036086956521739134	40	0.8338	0.0	0.865	0.135	1	0.25	67	0.5410447761194029	0.5134773891735354
grp-09	T3	23	690.0	10	3	0	5.512035660188278	0	1.2222222222222223	0.8333333333333334	2.85075	1.008170093535808	0	0	0	0	0	3	2	0.22916666666666666	4.520833333333333	0	1.639344262295082	0	3	0.0	0.0	0.18181818181818182	1	5.5235619560570095	0.8125	0.029541446208112873	39	0.787	0.046	0.764	0.19	2	0.5	48	0.4270833333333333	0.3967013888888889
grp-09	T3	24	720.0	2	2	1	2.0	0	1.0	1.0	2.286	0.863958332328591	0	0	0	1	0	1	1	0.0	3.8	0	0.75	1	1	0.5	0.4	0.0	0	1.584962500721156	1.0	0.0	5	0.6115	0.0	0.375	0.625	0	0.0	5	0.65	0.6800000000000002
grp-10	T1	0	0.0	0	0	0		0					0	0	0	0	0	0	0			0		0	0				0				0					0		0		
grp-10	T1	1	30.0	0	0	0		0					0	0	0	0	0	0	0			0		0	0				0				0					0		0		
grp-10	T1	2	60.0	0	0	0		0					0	0	0	0	0	0	0			0		0	0				0				0					0		0		
grp-10	T1	3	90.0	0	0	0		0					0	0	0	0	0	0	0			0		0	0				0				0					0		0		
grp-10	T1	4	120.0	0	0	0		0					0	0	0	0	0	0	0			0		0	0				0				0					0		0		
grp-10	T1	5	150.0	0	0	0		0					0	0	0	0	0	0	0			0		0	0				0				0					0		0		
grp-10	T1	6	180.0	0	0	0		0					0	0	0	0	0	0	0			0		0	0				0				0					0		0		
grp-10	T1	7	210.0	6	2	2	6.100711588373543	1	1.6666666666666667	0.9295774647887324	2.2081818181818185	0.8667999473698246	3	2	0	2	0	9	4	0.15492957746478872	4.126760563380282	0	2.246913580246914	3	1	0.75	0.07042253521126761	0.4	1	6.108524456778164	0.704225352112676	0.025384615384615384	50	0.7483	0.027	0.838	0.135	1	0.2	71	0.6373239436619719	0.6508629240230113
grp-10	T1	8	240.0	2	2	3	5.3219280948873635	0	1.5	0.8292682926829268	2.3055882352941177	0.8923834284605487	3	0	0	0	0	0	1	0.17073170731707318	4.829268292682927	0	3.5681818181818183	2	0	0.6666666666666666	0.12195121951219512	0.3333333333333333	0	5.285402218862247	0.926829268292683	0.0	38	0.8271	0.0	0.792	0.208	0	0.0	41	0.6890243902439024	0.785841760856633
grp-10	T1	9	270.0	3	1	2	5.512035660188278	0	2.3333333333333335	0.875	2.2661904761904763	0.8925830690458969	0	2	0	0	0	5	3	0.20833333333333334	4.583333333333333	0	2.689655172413793	1	0	0.5	0.0625	0.5714285714285714	1	5.5235619560570095	0.875	0.09401709401709402	42	0.1868	0.042	0.901	0.057	1	0.25	48	0.75	1.0
grp-10	T1	10	300.0	3	2	2	5.762714575568245	0	3.0	0.8793103448275862	2.4027450980392153	0.8173368480989246	3	1	0	0	0	4	2	0.1896551724137931	4.758620689655173	0	3.753846153846154	1	0	0.5	0.05172413793103448	0.6666666666666666	0	5.807354922057609	0.8620689655172413	0.0125	50	0.8658	0.0	0.835	0.165	1	0.3333333333333333	58	0.5517241379310345	0.5214030915576694
grp-10	T1	11	330.0	3	1	2	5.585055102756479	1	2.75	0.8679245283018868	2.2919565217391304	0.7860429780406617	1	1	1	1	0	2	2	0.20754716981132076	4.716981132075472	0	1.9298245614035088	3	0	0.75	0.09433962264150944	0.6363636363636364	0	5.6724253419715005	0.8113207547169812	0.015625	43	0.9071	0.0	0.75	0.25	0	0.0	53	0.75	1.0
grp-10	T1	12	360.0	3	2	4	5.8820418282618245	0	2.6666666666666665	0.890625	2.330701754385965	0.8575277800198045	0	2	1	0	0	3	2	0.171875	4.34375	0	2.73972602739726	1	2	0.5	0.078125	0.625	0	5.954196310386873	0.765625	0.14194373401534527	49	0.7516	0.0	0.877	0.123	0	0.0	64	0.703125	0.830078125
grp-10	T1	13	390.0	2	2	0	5.923671014717825	0	7.0	0.8571428571428571	2.330666666666666	0.866069409586912	5	1	0	3	0	7	6	0.12857142857142856	4.042857142857143	0	3.0945945945945947	3	0	0.75	0.04285714285714286	0.8571428571428571	0	6.058051076544463	0.6714285714285714	0.10638297872340426	47	0.5574	0.038	0.864	0.098	0	0.0	70	0.6142857142857143	0.6044897959183673
grp-10	T1	14	420.0	3	1	3	4.735926350629034	0	2.3333333333333335	0.8620689655172413	2.2156000000000002	0.753764313296935	0	0	0	0	0	2	3	0.10344827586206896	3.793103448275862	0	2.0	1	0	0.5	0.13793103448275862	0.5714285714285714	0	4.754887502163471	0.8620689655172413	0.10101010101010101	25	0.7096	0.0	0.79	0.21	0	0.0	29	0.75	1.0
grp-10	T1	15	450.0	4	2	2	6.05055344228541	0	3.0	0.9142857142857143	2.1825	0.805597604266547	2	2	1	1	0	10	5	0.14285714285714285	4.014285714285714	1	3.3972602739726026	2	0	0.25	0.05714285714285714	0.6666666666666666	0	6.087462841250345	0.7428571428571429	0.03968253968253968	52	0.9153	0.017	0.818	0.165	0	0.0	70	0.6	0.58
grp-10	T1	16	480.0	5	2	2	6.46963087410744	2	2.4	0.8571428571428571	2.3519230769230766	0.9272084622911823	3	0	1	2	0	5	3	0.1978021978021978	4.4945054945054945	0	2.803921568627451	5	0	0.8333333333333334	0.07692307692307693	0.5833333333333334	0	6.47573343096641	0.7252747252747253	0.11004062362758014	66	0.9554	0.0	0.802	0.198	0	0.0	91	0.6401098901098901	0.6570462504528438
grp-10	T1	17	510.0	5	3	3	4.906890595608519	0	3.0	0.9354838709677419	2.496551724137931	0.9599866229745762	2	1	0	0	0	2	3	0.06451612903225806	3.2580645161290325	0	2.393939393939394	3	1	0.75	0.1935483870967742	0.6666666666666666	2	4.857980995127571	0.8387096774193549	0.08928571428571427	26	0.9134	0.0	0.63	0.37	1	0.25	31	0.3629032258064516	0.36316337148803335
grp-10	T1	18	540.0	10	4	8	5.882643049361836	0	1.75	0.9	2.5305555555555554	0.886132706110945	1	0	1	0	1	2	2	0.03333333333333333	3.55	0	2.1506849315068495	2	3	0.6666666666666666	0.16666666666666666	0.42857142857142855	1	5.85798099512757	0.6833333333333333	0.028619528619528618	41	0.8831	0.0	0.758	0.242	1	0.3333333333333333	60	0.6166666666666667	0.6833333333333333
grp-10	T1	19	570.0	3	2	1	3.321928094887362	0	1.3333333333333333	0.8181818181818182	2.861111111111111	0.9745590962577722	0	0	0	1	0	0	2	0.0	3.090909090909091	0	1.0625	0	1	0.0	0.09090909090909091	0.25	0	3.169925001442312	1.0	0.0	11	0.296	0.0	0.738	0.262	0	0.0	11	0.5681818181818182	0.5371900826446281
grp-10	T2	0	0.0	0	0	0		0					0	0	0	0	0	0	0			0		0	0				0				0					0		0		
grp-10	T2	1	30.0	0	0	0		0					0	0	0	0	0	0	0			0		0	0				0				0					0		0		
grp-10	T2	2	60.0	0	0	0		0					0	0	0	0	0	0	0			0		0	0				0				0					0		0		
grp-10	T2	3	90.0	0	0	0		0					0	0	0	0	0	0	0			0		0	0				0				0					0		0		
grp-10	T2	4	120.0	0	0	0		0					0	0	0	0	0	0	0			0		0	0				0				0					0		0		
grp-10	T2	5	150.0	4	2	2	5.0	0	1.5	0.9090909090909091	2.506	0.898007423874287	1	1	0	0	0	3	1	0.06060606060606061	4.0606060606060606	0	1.7560975609756098	1	1	0.5	0.09090909090909091	0.3333333333333333	0	4.954196310386877	0.9696969696969697	0.03333333333333333	32	0.7713	0.0	0.796	0.204	2	0.6666666666666666	33	0.7045454545454546	0.8347107438016528
grp-10	T2	6	180.0	2	2	2	5.848744744277091	0	1.75	0.9333333333333333	2.178035714285714	0.7550908640754462	3	1	1	1	0	5	2	0.16666666666666666	4.25	0	2.227272727272727	3	0	0.75	0.08333333333333333	0.42857142857142855	0	5.85798099512757	0.8333333333333334	0.04	50	0.9294	0.049	0.679	0.272	2	0.5	60	0.625	0.625
grp-10	T2	7	210.0	4	2	1	4.523561956057013	0	1.25	0.9583333333333334	2.4156521739130437	0.8468859893852378	0	1	0	0	0	2	2	0.041666666666666664	3.9166666666666665	0	1.5714285714285714	0	1	0.0	0.041666666666666664	0.2	0	4.459431618637295	0.9583333333333334	0.020833333333333332	23	0.4588	0.0	0.846	0.154	1	0.3333333333333333	24	0.6041666666666666	0.5868055555555556
grp-10	T2	8	240.0	2	2	3	5.55458885167764	1	2.5	0.8541666666666666	2.303658536585366	0.9215304240377129	2	1	0	2	0	3	1	0.1875	4.5625	0	4.384615384615385	3	0	0.75	0.125	0.6	0	5.5235619560570095	0.8958333333333334	0.046511627906976744	43	0.886	0.0	0.776	0.224	0	0.0	48	0.6875	0.78125
grp-10	T2	9	270.0	2	1	1	5.766802911333374	1	3.5	0.9193548387096774	2.3882456140350876	0.8406328501769086	6	1	0	1	0	1	1	0.16129032258064516	4.403225806451613	0	4.390625	3	0	0.75	0.06451612903225806	0.7142857142857143	0	5.806890595608516	0.7580645161290323	0.19148936170212766	47	0.9399	0.0	0.743	0.257	1	0.5	62	0.75	1.0
grp-10	T2	10	300.0	6	2	2	5.930737337562883	0	2.2	0.9193548387096774	2.581754385964912	1.0506975507644993	4	2	1	2	0	5	2	0.0967741935483871	4.048387096774194	0	2.6714285714285713	2	1	0.6666666666666666	0.06451612903225806	0.5454545454545454	0	5.906890595608517	0.8225806451612904	0.035949183303085296	51	0.669	0.026	0.866	0.108	0	0.0	62	0.6290322580645161	0.6331945889698232
grp-10	T2	11	330.0	6	1	2	5.773557262275183	0	1.6	0.8852459016393442	2.2979629629629628	0.8527328174097191	2	1	2	1	1	2	2	0.08196721311475409	4.147540983606557	0	2.1506849315068495	1	0	0.5	0.04918032786885246	0.375	0	5.882643049361836	0.7049180327868853	0.06568144499178982	43	0.8624	0.0	0.843	0.157	0	0.0	61	0.75	1.0
grp-10	T2	12	360.0	6	3	3	6.050553442285411	3	2.6	0.8714285714285714	2.3891803278688526	0.8221509076944714	0	0	1	1	0	3	4	0.12857142857142856	4.371428571428571	1	2.5057471264367814	3	0	0.4	0.08571428571428572	0.6153846153846154	0	6.058051076544463	0.7142857142857143	0.0	50	0.8321	0.083	0.72	0.197	3	0.42857142857142855	70	0.65	0.6926530612244898
grp-10	T2	13	390.0	4	2	2	5.402964207440784	0	1.4	0.9130434782608695	2.3811904761904765	0.9336084689218659	2	0	0	3	0	4	2	0.17391304347826086	4.434782608695652	0	2.1636363636363636	3	0	0.75	0.10869565217391304	0.2857142857142857	0	5.413977073182751	0.782608695652174	0.022222222222222223	36	0.8805	0.0	0.771	0.229	0	0.0	46	0.7282608695652174	0.9168241965973536
grp-10	T2	14	420.0	3	2	1	5.897950452316982	0	3.75	0.9032258064516129	2.334107142857143	0.842970463780388	1	0	1	1	0	5	3	0.20967741935483872	4.693548387096774	0	2.915492957746479	1	0	0.5	0.03225806451612903	0.7333333333333333	0	5.906890595608517	0.8064516129032258	0.10909090909090909	50	0.9587	0.0	0.733	0.267	0	0.0	62	0.5483870967741935	0.5187304890738814
grp-10	T2	15	450.0	4	1	0	5.923181998146339	2	3.5	0.9402985074626866	2.426190476190477	1.04868690164752	3	2	0	4	0	2	2	0.16417910447761194	4.343283582089552	0	2.3294117647058825	1	0	0.5	0.014925373134328358	0.7142857142857143	0	6.022367813028458	0.6268656716417911	0.08888888888888889	42	-0.6361	0.144	0.794	0.062	0	0.0	67	0.75	1.0
grp-10	T2	16	480.0	2	1	0	5.643856189774728	0	3.5	0.9215686274509803	2.5376595744680848	1.0399431505860706	2	3	0	1	0	3	1	0.23529411764705882	4.529411764705882	0	3.754385964912281	1	0	0.5	0.0196078431372549	0.7142857142857143	0	5.614709844115208	0.803921568627451	0.12195121951219512	41	0.6077	0.0	0.908	0.092	0	0.0	51	0.75	1.0
grp-10	T2	17	510.0	5	2	2	6.697524987952251	0	3.8333333333333335	0.9017857142857143	2.365643564356436	0.8556526266587906	5	1	2	7	0	9	6	0.08035714285714286	3.8839285714285716	0	3.066666666666667	4	1	0.8	0.05357142857142857	0.7391304347826086	0	6.781359713524669	0.6339285714285714	0.04236111111111111	71	0.9578	0.031	0.778	0.191	1	0.14285714285714285	112	0.5178571428571429	0.5025510204081632
grp-10	T2	18	540.0	2	2	1	4.0	0	2.0	0.8823529411764706	2.530666666666667	0.7753319002566292	0	0	1	0	0	0	0	0.11764705882352941	4.352941176470588	0	2.857142857142857	0	0	0.0	0.058823529411764705	0.5	0	3.906890595608518	0.9411764705882353	0.0	16	0.4939	0.0	0.781	0.219	0		17	0.7205882352941176	0.8892733564013842
grp-10	T2	19	570.0	2	2	2	6.652448756449976	0	4.0	0.9626168224299065	2.239611650485437	0.842332547767991	5	1	1	2	2	8	4	0.09345794392523364	3.794392523364486	0	3.575221238938053	3	1	0.75	0.04672897196261682	0.75	1	6.714245517666113	0.6074766355140186	0.046153846153846156	65	0.9751	0.0	0.806	0.194	1	0.2	107	0.7079439252336449	0.8459254083326055
grp-10	T2	20	600.0	2	2	1	4.6808134280893965	0	2.5	0.8571428571428571	2.1979166666666665	0.6895045272190427	0	1	0	1	0	1	0	0.10714285714285714	4.321428571428571	0	3.4242424242424243	2	0	0.6666666666666666	0.10714285714285714	0.6	0	4.70043971814109	0.8928571428571429	0.0	25	0.6573	0.08	0.658	0.262	1	1.0	28	0.7321428571428571	0.931122448979592
grp-10	T2	21	630.0	5	2	2	6.297079327540665	1	3.0	0.9058823529411765	2.358311688311688	0.9484346674572857	6	1	0	3	0	7	5	0.16470588235294117	4.211764705882353	0	3.7204301075268815	3	0	0.75	0.058823529411764705	0.6666666666666666	1	6.375039431346932	0.7411764705882353	0.10387808757373974	63	0.743	0.043	0.836	0.121	2	0.2857142857142857	85	0.5676470588235294	0.5366089965397923
grp-10	T2	22	660.0	3	1	1	5.807354922057609	0	2.0	0.8771929824561403	2.2243999999999997	0.8022871306458803	5	1	1	0	0	0	1	0.19298245614035087	4.052631578947368	0	5.233333333333333	2	0	0.6666666666666666	0.05263157894736842	0.5	0	5.7813597135246555	0.7368421052631579	0.0125	42	0.841	0.0	0.841	0.159	0	0.0	57	0.75	1.0
grp-10	T2	23	690.0	3	2	0	6.014091089055431	0	2.6666666666666665	0.8656716417910447	2.2412068965517244	0.8041746198822631	4	2	1	1	0	4	3	0.22388059701492538	4.492537313432836	0	2.712328767123288	1	0	0.5	0.014925373134328358	0.625	0	6.022367813028458	0.7910447761194029	0.0625	53	0.0857	0.038	0.919	0.043	1	0.25	67	0.5261194029850746	0.5054577856983739
grp-10	T2	24	720.0	4	2	0	5.563856189774728	1	2.2	0.9019607843137255	2.25	0.8808987505358673	1	3	0	0	0	3	4	0.13725490196078433	3.9607843137254903	0	1.694915254237288	0	0	0.0	0.0	0.5454545454545454	0	5.614709844115208	0.803921568627451	0.06673881673881674	41	-0.3612	0.048	0.952	0.0	1	0.2	51	0.5147058823529411	0.5017301038062284
grp-10	T2	25	750.0	2	2	2	5.543295834054494	0	1.8	0.8775510204081632	2.5225581395348833	0.9630525427556726	1	2	1	1	0	5	2	0.08163265306122448	3.938775510204082	0	3.0701754385964914	1	1	0.5	0.061224489795918366	0.4444444444444444	0	5.55458885167764	0.8571428571428571	0.07142857142857142	42	0.5331	0.097	0.731	0.172	0	0.0	49	0.6785714285714286	0.7551020408163265
grp-10	T2	26	780.0	3	2	3	4.584962500721156	0	1.6666666666666667	0.96	2.32875	0.7357666778039534	1	0	1	0	0	1	1	0.2	4.08	0	2.0344827586206895	0	0	0.0	0.12	0.4	0	4.523561956057013	0.92	0.0	23	0.7096	0.0	0.727	0.273	0	0.0	25	0.65	0.6800000000000002
grp-10	T2	27	810.0	9	4	3	4.857980995127571	0	1.1111111111111112	0.9333333333333333	2.710714285714286	1.0269230342958264	0	2	1	0	0	0	2	0.1	3.5	1	1.0731707317073171	1	2	0.0	0.13333333333333333	0.1	0	4.807354922057606	0.9	0.125	27	0.4199	0.054	0.749	0.197	1	0.3333333333333333	30	0.38333333333333336	0.37777777777777777
grp-10	T2	28	840.0	9	4	4	6.100711588373543	0	1.4166666666666667	0.9014084507042254	2.23578125	0.8275827086451466	1	1	2	1	2	5	2	0.15492957746478872	4.323943661971831	1	1.4946236559139785	2	4	0.25	0.08450704225352113	0.29411764705882354	0	6.108524456778164	0.7464788732394366	0.033877806975633064	53	-0.3237	0.08	0.82	0.1	2	0.5	71	0.31338028169014087	0.3310851021622694
grp-10	T2	29	870.0	8	4	4	5.548758439731459	0	1.5555555555555556	0.9607843137254902	2.443265306122449	0.9136613666331568	2	1	0	2	2	6	4	0.1568627450980392	4.078431372549019	0	1.7833333333333334	1	2	0.5	0.09803921568627451	0.35714285714285715	0	5.614709844115208	0.7843137254901961	0.09183673469387754	40	0.917	0.0	0.751	0.249	0	0.0	51	0.19117647058823528	0.28412149173394846
grp-10	T3	0	0.0	0	0	0		0					0	0	0	0	0	0	0			0		0	0				0				0					0		0		
grp-10	T3	1	30.0	0	0	0		0					0	0	0	0	0	0	0			0		0	0				0				0					0		0		
grp-10	T3	2	60.0	0	0	0		0					0	0	0	0	0	0	0			0		0	0				0				0					0		0		
grp-10	T3	3	90.0	0	0	0		0					0	0	0	0	0	0	0			0		0	0				0				0					0		0		
grp-10	T3	4	120.0	0	0	0		0					0	0	0	0	0	0	0			0		0	0				0				0					0		0		
grp-10	T3	5	150.0	0	0	0		0					0	0	0	0	0	0	0			0		0	0				0				0					0		0		
grp-10	T3	6	180.0	0	0	0		0					0	0	0	0	0	0	0			0		0	0				0				0					0		0		
grp-10	T3	7	210.0	0	0	0		0					0	0	0	0	0	0	0			0		0	0				0				0					0		0		
grp-10	T3	8	240.0	4	2	1	4.643856189774723	0	2.0	0.8076923076923077	2.293333333333333	0.7579190391072583	0	0	0	1	0	1	1	0.11538461538461539	4.038461538461538	0	1.5172413793103448	1	2	0.5	0.07692307692307693	0.5	0	4.584962500721156	0.9615384615384616	0.020833333333333332	25	0.6553	0.0	0.776	0.224	1	0.5	26	0.5192307692307693	0.5029585798816568
grp-10	T3	9	270.0	3	1	2	6.266786540694905	1	2.6666666666666665	0.8846153846153846	2.503188405797101	1.0615581830957068	3	3	4	3	2	4	1	0.1794871794871795	4.653846153846154	0	2.730337078651685	4	0	0.8	0.07692307692307693	0.625	0	6.247927513443591	0.782051282051282	0.0837468982630273	61	0.6443	0.034	0.835	0.131	1	0.5	78	0.75	1.0
grp-10	T3	10	300.0	6	2	2	6.155399311574901	0	1.4	0.96	2.3341666666666665	1.021481426926381	7	1	2	7	1	12	3	0.09333333333333334	3.973333333333333	0	1.988235294117647	6	0	0.8571428571428571	0.10666666666666667	0.2857142857142857	0	6.189824558880028	0.64	0.07322068612391193	48	0.9509	0.097	0.638	0.265	0	0.0	75	0.69	0.7888
grp-10	T3	11	330.0	3	1	0	6.5224625007211605	0	5.666666666666667	0.9278350515463918	2.3532222222222225	0.9599315111886053	2	1	2	7	1	13	3	0.061855670103092786	3.814432989690722	1	3.4134615384615383	7	0	0.6666666666666666	0.07216494845360824	0.8235294117647058	0	6.548802976752	0.6494845360824743	0.1388888888888889	63	0.9636	0.032	0.748	0.22	0	0.0	97	0.75	1.0
grp-10	T3	12	360.0	4	3	3	6.221928094887357	0	3.0	0.9629629629629629	2.4882051282051285	1.206362134248278	4	1	0	4	2	8	2	0.1111111111111111	4.012345679012346	0	4.416666666666667	4	0	0.8	0.08641975308641975	0.6666666666666666	2	6.303780748177105	0.6419753086419753	0.017105263157894738	52	0.945	0.0	0.792	0.208	2	0.5	81	0.5771604938271605	0.5531169029111415
grp-10	T3	13	390.0	2	1	0	5.058813890331199	1	2.5	0.972972972972973	2.358055555555555	1.1024740345756812	5	0	0	0	0	2	0	0.13513513513513514	4.135135135135135	0	2.5384615384615383	0	0	0.0	0.0	0.6	0	5.129283016944964	0.7297297297297297	0.2222222222222222	27	0.5423	0.0	0.861	0.139	0		37	0.75	1.0
grp-10	T3	14	420.0	10	4	2	5.680813428089393	1	1.5714285714285714	0.9272727272727272	2.628823529411764	1.066428246133911	2	1	0	0	1	3	3	0.10909090909090909	4.127272727272727	0	1.6666666666666667	1	1	0.5	0.05454545454545454	0.36363636363636365	1	5.727920454563195	0.7818181818181819	0.01515151515151515	43	0.9729	0.026	0.616	0.358	1	0.25	55	0.45	0.4228099173553718
grp-10	T3	15	450.0	4	2	0	4.9837880587523955	0	1.25	0.9411764705882353	2.5771875	1.0280540913997425	2	0	1	1	2	2	1	0.23529411764705882	4.882352941176471	1	1.8095238095238095	2	0	0.25	0.058823529411764705	0.2	0	5.0	0.8823529411764706	0.05257936507936508	30	0.9272	0.073	0.575	0.352	0	0.0	34	0.6911764705882353	0.7923875432525951
grp-10	T3	16	480.0	10	3	4	6.110942384850748	1	1.5555555555555556	0.8846153846153846	2.4956521739130437	0.9860424164978682	0	1	3	2	0	5	3	0.08974358974358974	4.128205128205129	0	1.9479166666666667	2	2	0.6666666666666666	0.07692307692307693	0.35714285714285715	0	6.195295934496223	0.7307692307692307	0.022325102880658435	57	0.9301	0.018	0.798	0.184	1	0.25	78	0.6666666666666666	0.7695595003287311
grp-10	T3	17	510.0	13	3	3	5.806567423465579	0	1.0769230769230769	0.875	2.474285714285714	0.9813162755468093	3	1	2	5	0	7	6	0.140625	4.296875	0	1.1363636363636365	5	0	0.8333333333333334	0.125	0.07142857142857142	0	5.889680181354615	0.65625	0.04027777777777778	42	0.9481	0.089	0.564	0.348	0	0.0	64	0.484375	0.44580078125
grp-10	T3	18	540.0	6	2	4	6.339850002884614	0	2.3333333333333335	0.9146341463414634	2.6376	1.1274606748500513	4	0	0	6	1	9	7	0.15853658536585366	4.182926829268292	0	2.9101123595505616	6	0	0.8571428571428571	0.12195121951219512	0.5714285714285714	1	6.321928094887356	0.7317073170731707	0.08166666666666667	60	0.9633	0.0	0.751	0.249	3	0.3	82	0.5365853658536586	0.5107079119571682
grp-10	T3	19	570.0	8	4	3	5.563177895342838	0	1.2	0.8392857142857143	2.590851063829787	0.9473767360167109	4	2	1	1	0	1	0	0.05357142857142857	3.6964285714285716	0	1.2	2	0	0.6666666666666666	0.08928571428571429	0.16666666666666666	0	5.643776391052356	0.6428571428571429	0.1142857142857143	36	0.763	0.128	0.642	0.231	4	1.0	56	0.4017857142857143	0.3858418367346939
grp-10	T3	20	600.0	14	4	3	5.272773364479219	0	1.4	0.94	2.7976595744680846	1.2277296340494608	3	0	0	0	0	3	1	0.18	4.54	0	1.5454545454545454	0	3	0.0	0.06	0.2857142857142857	0	5.459962500721159	0.6	0.207455289808231	30	0.6416	0.048	0.794	0.158	1	0.5	50	0.36	0.37520000000000003
grp-10	T3	21	630.0	4	2	2	3.875	0	1.2	0.8823529411764706	2.901333333333334	1.0532987336089523	0	1	0	0	0	2	3	0.11764705882352941	3.8823529411764706	0	1.0434782608695652	0	2	0.0	0.11764705882352941	0.16666666666666666	0	3.906890595608518	0.7647058823529411	0.0925925925925926	13	0.6072	0.0	0.752	0.248	0	0.0	17	0.5147058823529411	0.5017301038062284
grp-11	T1	0	0.0	3	1	3	4.857980995127571	0	1.5	0.8333333333333334	2.5912	0.9917068921813543	2	0	0	1	0	2	3	0.13333333333333333	3.933333333333333	0	1.9473684210526316	2	0	0.6666666666666666	0.16666666666666666	0.3333333333333333	0	4.807354922057606	0.8666666666666667	0.0	26	0.8779	0.0	0.674	0.326	0	0.0	30	0.75	1.0
grp-11	T1	1	30.0	8	2	4	5.74022392894185	2	1.4444444444444444	0.819672131147541	2.3654	0.9054152859323726	3	1	1	0	0	1	4	0.13114754098360656	3.9508196721311477	0	1.6493506493506493	2	0	0.6666666666666666	0.09836065573770492	0.3076923076923077	0	5.848744744277091	0.6885245901639344	0.09671201814058956	42	0.4883	0.021	0.893	0.086	1	0.2	61	0.5450819672131147	0.5162590701424348
grp-11	T1	2	60.0	4	2	3	6.0321564081358225	1	3.0	0.8783783783783784	2.1963076923076925	0.8249877746987326	2	2	2	1	0	7	2	0.05405405405405406	3.5135135135135136	0	2.4204545454545454	4	0	0.8	0.0945945945945946	0.6666666666666666	0	6.14214722366454	0.7162162162162162	0.06339254615116684	53	0.958	0.017	0.763	0.221	2	0.5	74	0.7297297297297297	0.9222059897735573
grp-11	T1	3	90.0	2	2	0	5.314075318551895	0	4.5	0.9565217391304348	2.563181818181818	1.0412727629887133	1	1	0	1	0	5	2	0.08695652173913043	3.891304347826087	0	2.875	0	1	0.0	0.0	0.7777777777777778	0	5.41397707318275	0.717391304347826	0.030303030303030304	33	0.6901	0.0	0.885	0.115	0	0.0	46	0.7065217391304348	0.8412098298676747
grp-11	T1	4	120.0	3	2	2	4.969815782426808	0	2.6666666666666665	0.8857142857142857	2.5445161290322584	0.9923573715983879	0	0	1	0	1	2	3	0.05714285714285714	3.5428571428571427	0	2.1666666666666665	1	0	0.5	0.08571428571428572	0.625	1	5.044394119358456	0.8	0.13722826086956522	28	0.866	0.031	0.732	0.237	0	0.0	35	0.6214285714285714	0.6179591836734695
grp-11	T1	5	150.0	5	2	4	5.3219280948873635	1	2.0	0.9024390243902439	2.3135135135135134	0.8222783648356828	0	2	0	1	0	3	2	0.1951219512195122	4.219512195121951	0	1.9411764705882353	1	0	0.5	0.12195121951219512	0.5	0	5.285402218862247	0.9024390243902439	0.125	37	0.8338	0.084	0.64	0.275	1	0.3333333333333333	41	0.5060975609756098	0.5002974419988102
grp-11	T1	6	180.0	9	4	1	5.4924811848083825	2	1.4	0.85	2.4807843137254904	0.957676606632529	0	2	1	0	0	5	5	0.15	3.75	1	1.4430379746835442	1	0	0.0	0.03333333333333333	0.2857142857142857	0	5.625053839880554	0.6666666666666666	0.26003787878787876	40	0.5927	0.0	0.939	0.061	0	0.0	60	0.075	0.255
grp-11	T1	7	210.0	10	3	7	5.110902344426087	2	1.6	0.9795918367346939	2.4752083333333332	0.8934623420140451	0	1	0	0	2	0	0	0.12244897959183673	3.938775510204082	0	1.34375	0	1	0.0	0.14285714285714285	0.375	0	5.240655075035864	0.5714285714285714	0.18135722302388968	28	0.796	0.024	0.786	0.19	5	1.0	49	0.39285714285714285	0.3744273219491878
grp-11	T1	8	240.0	3	2	1	5.269630874107451	0	2.6666666666666665	0.9565217391304348	2.455	0.9676130424916771	2	1	0	1	0	1	0	0.10869565217391304	3.8043478260869565	0	3.169811320754717	1	2	0.5	0.043478260869565216	0.625	0	5.41397707318275	0.7391304347826086	0.041666666666666664	34	0.7622	0.0	0.85	0.15	1	1.0	46	0.6413043478260869	0.6597353497164462
grp-11	T1	9	270.0	9	3	5	6.214838488746853	0	2.2	0.8717948717948718	2.3572058823529414	0.9247238786416753	2	1	0	1	0	2	3	0.15384615384615385	4.153846153846154	0	1.797979797979798	1	2	0.5	0.07692307692307693	0.5454545454545454	0	6.247927513443591	0.7307692307692307	0.026785714285714284	57	0.9387	0.021	0.775	0.204	1	0.25	78	0.5641025641025641	0.5604865220249836
grp-11	T1	10	300.0	8	2	3	6.106415835783546	3	2.0	0.7662337662337663	2.237627118644068	0.8857139971166246	0	4	3	1	2	7	5	0.09090909090909091	3.6363636363636362	0	2.288659793814433	1	3	0.5	0.05194805194805195	0.5	1	6.202152023829224	0.5844155844155844	0.05794041754632888	45	0.7423	0.028	0.869	0.103	1	0.16666666666666666	77	0.6785714285714286	0.7551020408163265
grp-11	T1	11	330.0	9	4	9	4.734512381750773	1	1.5	0.7948717948717948	2.3329032258064517	0.7821854971329232	0	0	0	0	0	4	4	0.10256410256410256	4.128205128205129	0	1.5789473684210527	2	1	0.6666666666666666	0.28205128205128205	0.3333333333333333	0	4.952432419566063	0.6153846153846154	0.10019841269841269	24	0.9565	0.0	0.58	0.42	1	0.2	39	0.3269230769230769	0.34122287968441806
grp-11	T1	12	360.0	2	2	2	3.8073549220576055	0	1.0	0.8666666666666667	2.9361538461538457	0.8880448573349509	0	1	0	0	0	0	0	0.13333333333333333	3.7333333333333334	0	1.2173913043478262	0	1	0.0	0.13333333333333333	0.0	0	3.7004397181410926	0.9333333333333333	0.0	14	0.4767	0.0	0.76	0.24	0		15	0.5833333333333334	0.5555555555555556
grp-11	T1	13	390.0	1	1	0	0.0	0	1.0	0.0			0	0	0	0	0	0	0	0.0	2.5	0	0.75	0	0	0.0	0.0	0.0	0	0.0	1.0		2	0.0	0.0	1.0	0.0	0		2	0.75	1.0
grp-11	T1	14	420.0	0	0	0		0					0	0	0	0	0	0	0			0		0	0				0				0					0		0		
grp-11	T1	15	450.0	0	0	0		0					0	0	0	0	0	0	0			0		0	0				0				0					0		0		
grp-11	T1	16	480.0	3	1	0	3.584962500721156	0	1.3333333333333333	0.9230769230769231	2.535	0.920719827091825	0	0	0	0	0	0	1	0.23076923076923078	5.384615384615385	0	1.0588235294117647	0	0	0.0	0.0	0.25	0	3.459431618637298	1.0	0.0	13	0.0	0.0	1.0	0.0	0	0.0	13	0.75	1.0
grp-11	T1	17	510.0	12	4	1	5.945294495212261	0	1.5833333333333333	0.8461538461538461	2.567878787878788	0.8918155046861043	0	1	2	0	0	6	5	0.20512820512820512	4.435897435897436	0	1.5204081632653061	0	2	0.0	0.01282051282051282	0.3684210526315789	1	6.106415835783546	0.6153846153846154	0.06843762298307753	48	0.3632	0.0	0.956	0.044	4	0.4444444444444444	78	0.22435897435897437	0.29421433267587116
grp-11	T1	18	540.0	1	1	1	1.0	0	1.0	0.6666666666666666	1.71	0.17999999999999994	0	0	0	0	0	0	0	0.3333333333333333	5.333333333333333	0	0.8333333333333334	0	0	0.0	0.3333333333333333	0.0	0	0.0	1.0		3	0.2263	0.0	0.513	0.487	0		3	0.75	1.0
grp-11	T2	0	0.0	3	2	2	2.584962500721156	0	1.0	0.7142857142857143	2.224	0.6454641740639058	0	0	0	0	0	1	0	0.0	4.428571428571429	0	0.8461538461538461	0	0	0.0	0.2857142857142857	0.0	0	2.321928094887362	0.8571428571428571	0.1	6	0.4767	0.0	0.549	0.451	0		7	0.6785714285714286	0.7551020408163265
grp-11	T2	1	30.0	0	0	0		0					0	0	0	0	0	0	0			0		0	0				0				0					0		0		
grp-11	T2	2	60.0	0	0	0		0					0	0	0	0	0	0	0			0		0	0				0				0					0		0		
grp-11	T2	3	90.0	0	0	0		0					0	0	0	0	0	0	0			0		0	0				0				0					0		0		
grp-11	T2	4	120.0	0	0	0		0					0	0	0	0	0	0	0			0		0	0				0				0					0		0		
grp-11	T2	5	150.0	0	0	0		0					0	0	0	0	0	0	0			0		0	0				0				0					0		0		
grp-11	T2	6	180.0	7	2	3	4.954196310386877	0	1.1428571428571428	0.90625	2.2655172413793103	0.8545278438468997	0	1	0	0	0	2	1	0.1875	4.5	0	1.146341463414634	0	4	0.0	0.09375	0.125	0	4.906890595608519	0.90625	0.011111111111111112	29	0.7319	0.0	0.802	0.198	1	0.5	32	0.515625	0.501953125
grp-11	T2	7	210.0	5	2	1	6.079538949531787	0	2.1666666666666665	0.9428571428571428	2.4565151515151515	0.8753033974852488	2	1	2	0	1	5	4	0.08571428571428572	4.042857142857143	1	2.768292682926829	1	0	0.0	0.02857142857142857	0.5384615384615384	1	6.087462841250345	0.8571428571428571	0.02357456140350877	60	0.9112	0.044	0.762	0.194	3	0.42857142857142855	70	0.5357142857142857	0.510204081632653
grp-11	T2	8	240.0	7	3	3	6.020264176439766	0	1.5714285714285714	0.9466666666666667	2.330985915492958	0.8491920848575576	9	2	1	0	0	5	3	0.16	4.76	0	2.223529411764706	1	1	0.5	0.05333333333333334	0.36363636363636365	1	6.107632778058109	0.5866666666666667	0.08602729885057471	44	0.3579	0.067	0.789	0.144	2	0.4	75	0.7033333333333334	0.8510222222222222
grp-11	T2	9	270.0	6	1	3	5.101345257520845	0	1.125	0.8947368421052632	2.2252941176470586	0.8918824615718798	2	2	0	1	0	1	1	0.2631578947368421	5.026315789473684	0	1.3061224489795917	1	1	0.5	0.10526315789473684	0.1111111111111111	0	5.114369445886754	0.7894736842105263	0.04111111111111111	30	0.9222	0.0	0.677	0.323	0	0.0	38	0.75	1.0
grp-11	T2	10	300.0	3	1	1	6.090737223028312	0	4.666666666666667	0.8888888888888888	2.3935000000000004	0.8643929951127554	5	3	2	0	1	1	10	0.08888888888888889	3.8222222222222224	0	2.737864077669903	1	0	0.5	0.022222222222222223	0.7857142857142857	0	6.206424090154459	0.6222222222222222	0.06097560975609756	56	0.296	0.034	0.909	0.057	0	0.0	90	0.75	1.0
grp-11	T2	11	330.0	4	2	1	6.021567935039033	0	1.3333333333333333	0.9428571428571428	2.514848484848485	0.9467796172868455	5	1	2	0	0	2	10	0.11428571428571428	3.7142857142857144	0	1.9605263157894737	0	0	0.0	0.014285714285714285	0.25	0	6.087462841250345	0.6571428571428571	0.04713804713804714	46	0.7776	0.0	0.909	0.091	0	0.0	70	0.6428571428571429	0.6632653061224489
grp-11	T2	12	360.0	5	2	5	6.058994332902696	0	1.8571428571428572	0.8717948717948718	2.5476470588235296	1.0585771772234693	5	2	2	0	1	2	3	0.14102564102564102	4.282051282051282	0	3.126315789473684	3	0	0.75	0.10256410256410256	0.46153846153846156	2	6.195295934496223	0.6923076923076923	0.006097560975609756	54	0.9492	0.04	0.72	0.24	5	0.625	78	0.5833333333333334	0.5555555555555556
grp-11	T2	13	390.0	4	3	2	5.101345257520844	0	2.25	0.8421052631578947	2.3228125000000004	1.0524710042769587	0	1	0	0	0	3	3	0.10526315789473684	4.342105263157895	0	2.297872340425532	0	1	0.0	0.05263157894736842	0.5555555555555556	0	5.1699250014423095	0.8421052631578947	0.015151515151515152	32	0.6124	0.0	0.878	0.122	1	0.25	38	0.3815789473684211	0.3753462603878116
grp-11	T2	14	420.0	7	1	1	5.562733897918601	1	1.0	0.9259259259259259	2.3280000000000003	0.7473633654387939	5	1	0	0	0	0	0	0.09259259259259259	4.148148148148148	0	1.588235294117647	0	0	0.0	0.018518518518518517	0.0	0	5.661978179679557	0.7037037037037037	0.06706887883358471	38	0.3933	0.047	0.861	0.092	2	1.0	54	0.75	1.0
grp-11	T2	15	450.0	8	3	5	6.028639311838581	0	2.0	0.9130434782608695	2.4215873015873015	0.8823439316995411	3	1	0	2	1	3	0	0.10144927536231885	4.057971014492754	0	2.6941176470588237	4	3	0.8	0.13043478260869565	0.5	1	6.066089190457767	0.6376811594202898	0.13699434623347667	44	0.9329	0.0	0.784	0.216	4	1.0	69	0.5978260869565217	0.5803402646502835
grp-11	T2	16	480.0	5	2	0	6.241084570785849	1	2.5	0.9146341463414634	2.2609333333333335	0.8928623235913188	5	2	1	0	4	5	6	0.0975609756097561	4.036585365853658	0	2.4395604395604398	0	1	0.0	0.0	0.6	0	6.296928094887356	0.6463414634146342	0.12852604384862448	53	-0.1557	0.063	0.892	0.045	4	0.4	82	0.5060975609756098	0.5002974419988102
grp-11	T2	17	510.0	8	3	2	5.7716406363433235	0	1.5714285714285714	0.9298245614035088	2.4303773584905657	0.8989363993372389	1	2	3	1	0	2	4	0.03508771929824561	3.4035087719298245	0	1.5507246376811594	0	0	0.0	0.03508771929824561	0.36363636363636365	0	5.7813597135246555	0.7368421052631579	0.027404272745887654	42	0.6738	0.032	0.848	0.12	1	0.2	57	0.34649122807017546	0.3561095721760541
grp-11	T2	18	540.0	10	4	3	6.130412660873999	0	2.1	0.9411764705882353	2.432125	1.012253295561442	5	1	0	2	0	6	7	0.16470588235294117	4.0588235294117645	0	1.8823529411764706	2	2	0.6666666666666666	0.058823529411764705	0.5238095238095238	1	6.3509430458047635	0.611764705882353	0.14325878799563008	52	0.9254	0.0	0.847	0.153	0	0.0	85	0.538235294117647	0.5407612456747406
grp-11	T2	19	570.0	6	3	1	4.889680181354619	0	1.1666666666666667	0.96875	2.169677419354839	0.5723662479114042	0	2	0	0	0	0	0	0.0625	3.6875	0	1.0454545454545454	0	2	0.0	0.03125	0.14285714285714285	0	4.906890595608519	0.8125	0.059829059829059825	26	0.3896	0.104	0.748	0.148	3	1.0	32	0.390625	0.380859375
grp-11	T2	20	600.0	15	4	3	6.044954943193493	0	1.3076923076923077	0.9620253164556962	2.352368421052631	0.7762966545367019	1	2	1	0	2	3	2	0.06329113924050633	3.5949367088607596	0	1.386138613861386	1	4	0.5	0.05063291139240506	0.23529411764705882	1	6.214838488746853	0.5949367088607594	0.09054621848739496	47	0.9012	0.054	0.793	0.153	5	0.7142857142857143	79	0.19936708860759494	0.2828072424290979
grp-11	T2	21	630.0	9	3	3	5.594309137239127	0	1.3333333333333333	0.9016393442622951	2.138363636363637	0.782085239800656	2	0	2	0	1	2	1	0.08196721311475409	3.6065573770491803	0	1.7341772151898733	1	1	0.5	0.06557377049180328	0.25	0	5.814846439192345	0.5573770491803278	0.06231060606060606	34	0.7428	0.0	0.888	0.112	1	0.5	61	0.46311475409836067	0.4270357430798173
grp-11	T2	22	660.0	5	3	1	5.393127173448314	0	1.6	0.851063829787234	2.0915	0.7211572297356521	2	3	0	0	3	1	0	0.1276595744680851	3.893617021276596	1	1.5357142857142858	0	2	-0.5	0.02127659574468085	0.375	1	5.491853096329673	0.7446808510638298	0.0795970695970696	35	-0.2869	0.059	0.904	0.036	3	1.0	47	0.4946808510638298	0.45676776822091447
grp-11	T2	23	690.0	15	4	5	5.89287896784331	0	1.1333333333333333	0.9850746268656716	2.473939393939394	0.965675895795709	2	3	1	1	1	4	3	0.029850746268656716	3.5522388059701493	0	1.0	1	7	0.5	0.08955223880597014	0.11764705882352941	0	5.960829351489997	0.5671641791044776	0.08827045969903113	38	0.8959	0.0	0.789	0.211	2	0.4	67	0.34701492537313433	0.3526397861439073
grp-11	T2	24	720.0	5	2	2	3.321928094887362	0	1.0	0.9090909090909091	2.637	1.0960570240639855	0	0	0	0	0	0	0	0.5454545454545454	6.545454545454546	0	0.6875	0	0	0.0	0.18181818181818182	0.0	0	3.169925001442312	1.0	0.0	11	0.7184	0.0	0.533	0.467	0		11	0.5227272727272727	0.5041322314049586
grp-11	T2	25	750.0	0	0	0		0					0	0	0	0	0	0	0			0		0	0				0				0					0		0		
grp-11	T2	26	780.0	2	1	0	3.8073549220576055	0	1.0	1.0	2.5959999999999996	1.007742030482008	0	0	0	2	0	1	1	0.13333333333333333	4.4	0	1.4705882352941178	1	0	0.5	0.06666666666666667	0.0	0	3.7004397181410926	0.8666666666666667	0.15384615384615385	13	0.7003	0.0	0.691	0.309	1	0.5	15	0.75	1.0
grp-11	T2	27	810.0	1	1	0	1.584962500721156	0	1.0	0.75	2.0033333333333334	0.39969432764996254	0	0	0	0	0	0	0	0.0	2.75	0	0.875	0	0	0.0	0.0	0.0	0	1.0	1.0		4	0.0	0.0	1.0	0.0	0		4	0.75	1.0
grp-11	T2	28	840.0	1	1	1	2.807354922057604	0	2.0	0.75	2.1466666666666665	0.6581202186699799	0	0	0	0	0	0	0	0.25	5.125	0	1.5454545454545454	1	0	0.5	0.25	0.5	0	2.584962500721156	1.0		8	0.4404	0.0	0.707	0.293	0		8	0.75	1.0
grp-11	T3	0	0.0	5	4	4	4.39231742277876	0	1.2	0.8636363636363636	2.291052631578947	0.6572902486072096	0	0	0	1	0	2	1	0.22727272727272727	4.636363636363637	0	1.25	0	0	0.0	0.18181818181818182	0.16666666666666666	0	4.321928094887363	0.9545454545454546	0.0	21	0.749	0.0	0.72	0.28	1	0.5	22	0.4772727272727273	0.5041322314049587
grp-11	T3	1	30.0	1	1	1	1.0	0	1.0	1.0	2.47	0.4819405219180751	0	0	0	0	0	0	0	0.3333333333333333	5.333333333333333	0	0.8	0	1	0.0	0.3333333333333333	0.0	0	0.0	1.0		3	-0.0772	0.431	0.196	0.373	0		3	0.75	1.0
grp-11	T3	2	60.0	4	2	0	3.0	0	1.0	1.0	2.557777777777778	0.8907522136783268	0	0	0	0	0	0	0	0.2222222222222222	4.444444444444445	0	0.7857142857142857	0	3	0.0	0.0	0.0	0	2.807354922057604	1.0	0.0	9	-0.327	0.323	0.677	0.0	0		9	0.6944444444444444	0.8024691358024691
grp-11	T3	3	90.0	8	3	5	3.906890595608518	0	1.0	0.875	2.529285714285714	0.8704306346837284	0	0	0	0	0	0	0	0.0625	4.375	0	0.7857142857142857	0	2	0.0	0.3125	0.0	0	3.8073549220576055	0.8125	0.14285714285714285	13	0.924	0.0	0.355	0.645	0		16	0.46875	0.4453125
grp-11	T3	4	120.0	2	1	0	2.321928094887362	0	1.0	1.0	2.2666666666666666	0.8129302279750432	0	0	0	0	0	0	1	0.16666666666666666	3.8333333333333335	0	0.8888888888888888	0	0	0.0	0.0	0.0	0	2.0	1.0	0.0	6	-0.34	0.324	0.676	0.0	0	0.0	6	0.75	1.0
grp-11	T3	5	150.0	2	1	1	2.584962500721156	0	1.5	1.0	2.5614285714285714	1.0238642288817759	0	0	0	0	0	0	2	0.14285714285714285	3.4285714285714284	0	1.0	0	0	0.0	0.14285714285714285	0.3333333333333333	0	2.321928094887362	0.8571428571428571	0.0	6	0.5859	0.0	0.51	0.49	0	0.0	7	0.75	1.0
grp-11	T3	6	180.0	14	4	7	5.6221799407580475	1	1.0625	0.9642857142857143	2.5238888888888886	0.9889620759434211	0	0	0	1	0	3	6	0.07142857142857142	3.75	1	1.1125	2	2	0.25	0.16071428571428573	0.058823529411764705	0	5.71785046512643	0.75	0.07777777777777778	42	0.9741	0.018	0.6	0.382	1	0.14285714285714285	56	0.33035714285714285	0.3450255102040816
grp-11	T3	7	210.0	10	3	2	5.727920454563195	0	1.1666666666666667	0.9444444444444444	2.3719607843137256	0.9035876632229972	3	0	0	0	1	3	2	0.05555555555555555	3.740740740740741	0	1.4366197183098592	0	2	0.0	0.037037037037037035	0.14285714285714285	0	5.700439718141095	0.6851851851851852	0.06737213403880071	37	0.9217	0.0	0.775	0.225	4	0.6666666666666666	54	0.5925925925925926	0.6097393689986284
grp-11	T3	8	240.0	3	2	1	5.114369445886754	0	1.3333333333333333	0.918918918918919	2.4841176470588238	1.086164643697259	3	1	0	1	1	3	3	0.0	3.5945945945945947	0	2.13953488372093	0	0	0.0	0.02702702702702703	0.25	0	5.129283016944964	0.7297297297297297	0.07692307692307693	27	0.9153	0.0	0.67	0.33	0	0.0	37	0.7364864864864865	0.9474068663257853
grp-11	T3	9	270.0	14	3	10	5.909440452801156	0	1.3333333333333333	0.9315068493150684	2.444117647058823	0.8738256578270157	2	1	0	1	0	2	2	0.0821917808219178	3.8493150684931505	0	1.233009708737864	1	7	0.5	0.1506849315068493	0.25	1	6.121578105420171	0.6164383561643836	0.09103645223554727	45	0.9796	0.0	0.642	0.358	5	0.7142857142857143	73	0.4486301369863014	0.42878588853443417
grp-11	T3	10	300.0	12	4	7	6.418898559101417	1	1.6666666666666667	0.9263157894736842	2.500909090909091	0.9828282893165987	1	1	2	2	1	3	6	0.10526315789473684	4.021052631578947	0	2.299145299145299	0	2	0.0	0.07368421052631578	0.4	1	6.517653434763951	0.7052631578947368	0.045454545454545456	67	0.9899	0.0	0.664	0.336	3	0.3333333333333333	95	0.4394736842105263	0.40653739612188367
grp-11	T3	11	330.0	4	3	2	5.820001476871678	0	3.0	0.9032258064516129	2.4074999999999998	0.9416555519782319	6	1	1	1	1	3	1	0.04838709677419355	3.532258064516129	0	2.1707317073170733	1	0	0.5	0.04838709677419355	0.6666666666666666	1	5.873557262275184	0.7580645161290323	0.022222222222222223	47	0.6486	0.041	0.827	0.132	3	0.75	62	0.6774193548387096	0.7944849115504683
grp-11	T3	12	360.0	11	3	8	6.02321657313434	0	1.2727272727272727	0.9230769230769231	2.4483333333333333	0.8142293561671947	2	0	1	1	1	2	4	0.0641025641025641	3.6153846153846154	0	1.3627450980392157	7	0	0.875	0.19230769230769232	0.21428571428571427	0	6.11634856607517	0.6153846153846154	0.09944444444444445	48	0.9584	0.016	0.696	0.288	2	0.3333333333333333	78	0.4358974358974359	0.4046679815910585
grp-11	T3	13	390.0	12	4	9	5.930060120720765	0	1.4	0.8636363636363636	2.5033333333333334	0.9244577990488383	1	0	0	1	1	3	4	0.06060606060606061	3.742424242424242	0	1.2307692307692308	1	1	0.5	0.15151515151515152	0.2857142857142857	0	6.0	0.6515151515151515	0.08582251082251081	43	0.969	0.017	0.659	0.324	1	0.2	66	0.3181818181818182	0.33195592286501374
grp-11	T3	14	420.0	6	2	4	3.321928094887362	0	1.2	0.7272727272727273	2.5524999999999998	1.077760989273596	0	0	0	0	0	0	0	0.09090909090909091	4.909090909090909	0	1.0	1	0	0.5	0.45454545454545453	0.16666666666666666	1	3.169925001442312	0.9090909090909091	0.0	10	0.872	0.0	0.335	0.665	0		11	0.5227272727272727	0.5041322314049586
grp-11	T3	15	450.0	6	3	3	4.857980995127571	0	1.1428571428571428	0.9333333333333333	2.706428571428571	0.9341390776145331	1	0	0	0	1	1	1	0.0	3.2	0	1.0	0	0	0.0	0.1	0.125	0	4.807354922057606	0.8666666666666667	0.0	26	0.6801	0.0	0.798	0.202	1	0.5	30	0.5666666666666667	0.5755555555555555
grp-11	T3	16	480.0	8	3	6	4.9837880587523955	0	1.0909090909090908	0.8529411764705882	2.446206896551724	0.7957924430190518	0	1	0	0	0	1	3	0.029411764705882353	3.4411764705882355	0	0.9791666666666666	0	1	0.0	0.17647058823529413	0.08333333333333333	0	5.0	0.7352941176470589	0.18985776128633272	25	0.8429	0.052	0.612	0.336	0	0.0	34	0.4264705882352941	0.39792387543252594
grp-12	T1	0	0.0	0	0	0		0					0	0	0	0	0	0	0			0		0	0				0				0					0		0		
grp-12	T1	1	30.0	0	0	0		0					0	0	0	0	0	0	0			0		0	0				0				0					0		0		
grp-12	T1	2	60.0	0	0	0		0					0	0	0	0	0	0	0			0		0	0				0				0					0		0		
grp-12	T1	3	90.0	2	2	1	3.7004397181410926	0	1.0	0.9285714285714286	2.2923076923076926	0.765839447385415	0	1	0	0	0	0	0	0.14285714285714285	4.285714285714286	0	1.75	0	1	0.0	0.07142857142857142	0.0	0	3.584962500721156	0.9285714285714286	0.0	13	0.0	0.0	1.0	0.0	1	1.0	14	0.6428571428571429	0.6632653061224489
grp-12	T1	4	120.0	1	1	1	1.584962500721156	0	1.0	1.0	2.4725	0.7024377196591881	0	0	0	0	0	0	0	0.0	3.5	0	1.0	0	0	0.0	0.25	0.0	0	1.0	1.0		4	0.2263	0.0	0.612	0.388	0		4	0.75	1.0
grp-12	T1	5	150.0	0	0	0		0					0	0	0	0	0	0	0			0		0	0				0				0					0		0		
grp-12	T1	6	180.0	0	0	0		0					0	0	0	0	0	0	0			0		0	0				0				0					0		0		
grp-12	T1	7	210.0	2	2	2	3.169925001442312	0	1.5	0.8	2.74125	1.0604296004450273	0	1	0	0	0	0	1	0.2	4.3	0	1.6428571428571428	0	1	0.0	0.2	0.3333333333333333	0	3.0	1.0	0.0	10	0.4019	0.0	0.769	0.231	0	0.0	10	0.7	0.8200000000000001
grp-12	T1	8	240.0	6	2	3	6.101345257520847	0	2.5	0.9066666666666666	2.2233823529411763	0.838145028679611	1	2	0	7	0	9	4	0.18666666666666668	4.2	0	2.210526315789474	7	1	0.875	0.13333333333333333	0.6	0	6.135030038332081	0.6	0.16247935071464484	45	0.8736	0.076	0.726	0.198	0	0.0	75	0.61	0.5968
grp-12	T1	9	270.0	5	3	4	6.613601812559735	1	2.8	0.9223300970873787	2.3182105263157893	0.9172074080396871	9	2	1	4	0	8	5	0.20388349514563106	4.398058252427185	0	3.2586206896551726	6	0	0.8571428571428571	0.0970873786407767	0.6428571428571429	0	6.658211482751779	0.6893203883495146	0.05848861283643892	71	0.9874	0.0	0.729	0.271	0	0.0	103	0.4587378640776699	0.43368837779244035
grp-12	T1	10	300.0	1	1	1	4.623516641218013	0	3.0	0.7777777777777778	2.3147619047619052	0.8272479852045234	3	0	0	1	0	1	0	0.2222222222222222	4.814814814814815	0	3.5714285714285716	1	0	0.5	0.07407407407407407	0.6666666666666666	0	4.643856189774723	0.8148148148148148		22	0.765	0.0	0.728	0.272	0		27	0.75	1.0
grp-12	T1	11	330.0	7	3	3	6.100711588373543	0	2.2857142857142856	0.8591549295774648	2.19344262295082	0.8363109572399954	3	0	1	4	0	5	2	0.18309859154929578	4.52112676056338	1	2.0595238095238093	5	0	0.5714285714285714	0.11267605633802817	0.5625	0	6.108524456778164	0.7746478873239436	0.10966478696741855	55	0.9585	0.037	0.712	0.252	0	0.0	71	0.545774647887324	0.5104146002777227
grp-12	T1	12	360.0	4	2	6	6.453137305731691	0	2.142857142857143	0.8936170212765957	2.260595238095239	0.8234615542974035	3	2	3	2	0	7	2	0.2127659574468085	4.308510638297872	1	2.392857142857143	2	2	0.25	0.0851063829787234	0.5333333333333333	0	6.501822825622244	0.6914893617021277	0.06059016601896224	65	0.8517	0.042	0.837	0.121	2	0.5	94	0.526595744680851	0.5056586690810322
grp-12	T1	13	390.0	3	2	2	5.271928094887364	0	2.0	0.8048780487804879	2.3236363636363633	0.8682717706850748	2	2	1	0	0	1	0	0.21951219512195122	4.7317073170731705	0	2.38	0	1	0.0	0.04878048780487805	0.5	0	5.285402218862247	0.8780487804878049	0.0	36	0.1154	0.034	0.921	0.045	0		41	0.725609756097561	0.9071980963712076
grp-12	T1	14	420.0	5	3	0	6.218275843086428	0	2.6	0.825	2.4378787878787875	0.8784447606018456	2	0	2	3	0	7	5	0.15	4.0125	0	2.7333333333333334	3	1	0.75	0.0375	0.6153846153846154	1	6.285402218862257	0.7375	0.03205128205128205	59	0.9463	0.013	0.794	0.193	2	0.2857142857142857	80	0.41875	0.3946875
grp-12	T1	15	450.0	1	1	1	5.9534850284493706	0	11.0	0.8955223880597015	2.2388333333333335	0.7865093592718541	3	0	0	1	0	3	2	0.26865671641791045	4.985074626865671	0	5.859154929577465	1	0	0.5	0.029850746268656716	0.9090909090909091	0	6.022367813028458	0.746268656716418		50	0.5859	0.0	0.931	0.069	0	0.0	67	0.75	1.0
grp-12	T1	16	480.0	2	2	1	5.426264754702098	0	3.5	0.8181818181818182	2.198611111111111	0.8440022142472857	2	1	0	0	0	2	0	0.2727272727272727	5.0	0	4.8936170212765955	0	1	0.0	0.022727272727272728	0.7142857142857143	0	5.3923174227787625	0.9318181818181818	0.0	41	0.3182	0.0	0.949	0.051	0		44	0.6931818181818182	0.7985537190082646
grp-12	T1	17	510.0	5	4	1	5.259991029008325	0	1.6	0.9285714285714286	2.3953846153846152	0.8560938306884361	0	2	0	1	0	4	3	0.07142857142857142	3.642857142857143	0	1.836734693877551	1	1	0.5	0.047619047619047616	0.375	0	5.3219280948873635	0.7142857142857143	0.058266488413547236	30	0.4404	0.0	0.934	0.066	2	0.4	42	0.20238095238095238	0.29365079365079366
grp-12	T1	18	540.0	6	4	1	5.991598582259227	0	1.3333333333333333	0.803030303030303	2.2020754716981137	0.6433149951487748	5	2	0	1	0	1	2	0.30303030303030304	5.136363636363637	0	2.026666666666667	1	1	0.5	0.030303030303030304	0.25	0	6.0	0.7727272727272727	0.02266666666666667	51	0.6096	0.0	0.928	0.072	0	0.0	66	0.3939393939393939	0.38888888888888884
grp-12	T1	19	570.0	2	1	1	6.396966484354471	0	3.0	0.8409090909090909	2.5468918918918924	0.987448152146482	10	4	0	1	0	3	2	0.22727272727272727	4.704545454545454	0	4.425531914893617	2	0	0.6666666666666666	0.03409090909090909	0.6666666666666666	0	6.40300894074861	0.7045454545454546	0.16129032258064516	62	0.749	0.0	0.919	0.081	1	0.3333333333333333	88	0.75	1.0
grp-12	T1	20	600.0	0	0	0		0					0	0	0	0	0	0	0			0		0	0				0				0					0		0		
grp-12	T1	21	630.0	4	2	2	3.321928094887362	0	1.0	0.9090909090909091	2.332	0.6774038677185126	0	1	0	0	0	1	1	0.09090909090909091	3.5454545454545454	0	0.7894736842105263	0	0	0.0	0.18181818181818182	0.0	0	3.169925001442312	1.0	0.0	11	0.5574	0.0	0.662	0.338	0	0.0	11	0.5227272727272727	0.5041322314049586
grp-12	T2	0	0.0	0	0	0		0					0	0	0	0	0	0	0			0		0	0				0				0					0		0		
grp-12	T2	1	30.0	0	0	0		0					0	0	0	0	0	0	0			0		0	0				0				0					0		0		
grp-12	T2	2	60.0	3	1	0	4.840223928941852	0	1.3333333333333333	1.0	2.5999999999999996	1.0240432198540412	1	0	0	1	0	2	2	0.12903225806451613	3.7419354838709675	0	1.9714285714285715	1	1	0.5	0.03225806451612903	0.25	0	4.857980995127571	0.8709677419354839	0.0	27	0.4215	0.0	0.884	0.116	3	0.6	31	0.75	1.0
grp-12	T2	3	90.0	0	0	0		0					0	0	0	0	0	0	0			0		0	0				0				0					0		0		
grp-12	T2	4	120.0	1	1	0	3.584962500721156	0	1.0	0.6923076923076923	2.4522222222222223	0.7362031389014821	0	0	1	0	0	0	0	0.07692307692307693	3.5384615384615383	0	1.5	0	0	0.0	0.0	0.0	0	3.459431618637298	1.0		13	0.0	0.0	1.0	0.0	1	1.0	13	0.75	1.0
grp-12	T2	5	150.0	2	2	1	5.789015477886191	1	2.2	0.8813559322033898	2.3286538461538466	0.867412218671487	1	3	0	6	0	8	6	0.11864406779661017	3.9661016949152543	0	2.234375	6	0	0.8571428571428571	0.11864406779661017	0.5454545454545454	0	5.832890014164737	0.7966101694915254	0.0	47	0.9343	0.065	0.654	0.281	0	0.0	59	0.7076271186440678	0.8448721631715024
grp-12	T2	6	180.0	2	2	1	5.8402239289418505	0	7.0	0.8852459016393442	2.16537037037037	0.7384486064089161	3	1	0	4	1	5	0	0.18032786885245902	4.491803278688525	0	3.619047619047619	5	0	0.8333333333333334	0.09836065573770492	0.8571428571428571	0	5.882643049361836	0.7704918032786885	0.0425531914893617	47	0.9432	0.036	0.703	0.261	3	1.0	61	0.5532786885245902	0.5227089492072023
grp-12	T2	7	210.0	4	1	2	5.940404017720933	0	4.0	0.9130434782608695	2.547936507936508	0.9464002957408042	2	3	0	0	0	4	3	0.11594202898550725	4.115942028985507	0	3.1298701298701297	0	2	0.0	0.028985507246376812	0.75	0	6.03623844418911	0.6811594202898551	0.17013888888888892	47	-0.1926	0.044	0.923	0.033	1	0.25	69	0.75	1.0
grp-12	T2	8	240.0	4	2	5	6.784894634113302	0	2.8333333333333335	0.8983050847457628	2.2952830188679245	0.8390169534653082	4	3	0	8	0	11	4	0.13559322033898305	4.067796610169491	0	3.176	9	0	0.9	0.11864406779661017	0.6470588235294118	0	6.857980995127556	0.6610169491525424	0.0950182831903262	78	0.9747	0.029	0.742	0.23	0	0.0	118	0.5211864406779662	0.5035909221488079
grp-12	T2	9	270.0	5	1	1	5.379753126795121	0	2.4	0.8409090909090909	2.47972972972973	0.9429868775748184	2	0	1	2	1	4	2	0.20454545454545456	4.568181818181818	0	1.4482758620689655	1	1	0.5	0.045454545454545456	0.5833333333333334	0	5.3923174227787625	0.7954545454545454	0.10416666666666667	35	0.8606	0.048	0.727	0.226	1	0.3333333333333333	44	0.75	1.0
grp-12	T2	10	300.0	3	2	4	6.474642682075779	0	3.25	0.8829787234042553	2.3359036144578313	0.9594049814445778	1	1	2	1	1	9	3	0.1702127659574468	4.287234042553192	0	4.343434343434343	5	0	0.8333333333333334	0.09574468085106383	0.6923076923076923	0	6.523561956057027	0.6382978723404256	0.029485049833887042	60	0.9672	0.032	0.737	0.231	0	0.0	94	0.5638297872340425	0.5325939339067451
grp-12	T2	11	330.0	5	2	0	6.4139770731827594	0	3.5	0.9325842696629213	2.1825301204819274	0.7939042511135269	0	2	1	1	0	7	1	0.20224719101123595	4.50561797752809	0	3.5	2	1	0.6666666666666666	0.02247191011235955	0.7142857142857143	1	6.442943495848723	0.6853932584269663	0.09059873949579832	61	0.8834	0.029	0.827	0.144	0	0.0	89	0.7219101123595506	0.8939527837394268
grp-12	T2	12	360.0	3	2	0	5.700439718141095	0	1.6666666666666667	0.9811320754716981	2.3725	0.9365482348250123	1	1	0	1	1	4	1	0.16981132075471697	4.622641509433962	0	2.3728813559322033	1	1	0.5	0.018867924528301886	0.4	0	5.6724253419715005	0.8490566037735849	0.029411764705882353	45	0.7264	0.0	0.874	0.126	0	0.0	53	0.6839622641509434	0.7707369170523319
grp-12	T2	13	390.0	3	3	6	6.141686377288725	2	1.2	0.9651162790697675	2.459879518072289	0.9877703918066628	4	0	3	6	1	9	6	0.1511627906976744	4.116279069767442	0	1.6444444444444444	3	0	0.75	0.10465116279069768	0.16666666666666666	0	6.297079327540665	0.5930232558139535	0.06	51	0.9607	0.0	0.775	0.225	0	0.0	86	0.7034883720930233	0.8488372093023255
grp-12	T2	14	420.0	4	1	1	5.823498236506881	0	2.25	0.9322033898305084	2.454181818181818	0.9833905927205321	1	0	0	1	0	4	4	0.1864406779661017	4.52542372881356	1	2.716417910447761	2	0	0.25	0.05084745762711865	0.5555555555555556	0	5.832890014164737	0.8305084745762712	0.04812428950359985	49	0.0772	0.14	0.715	0.144	0	0.0	59	0.75	1.0
grp-12	T2	15	450.0	1	1	5	6.320888851350189	0	2.2857142857142856	0.8941176470588236	2.445	0.9258573551607522	2	0	1	8	0	10	6	0.1411764705882353	4.176470588235294	0	2.6666666666666665	7	0	0.875	0.1411764705882353	0.5625	0	6.375039431346932	0.7058823529411765		60	0.981	0.0	0.698	0.302	0	0.0	85	0.75	1.0
grp-12	T2	16	480.0	7	3	6	5.699346986923301	1	1.8571428571428572	0.90625	2.750862068965517	0.9810080749127376	2	0	2	3	0	3	4	0.046875	3.453125	0	1.7804878048780488	1	2	0.5	0.109375	0.46153846153846156	0	5.8452465119648815	0.609375	0.1099002849002849	39	0.9361	0.0	0.781	0.219	0	0.0	64	0.578125	0.55908203125
grp-12	T2	17	510.0	5	3	3	6.441860574264635	1	3.25	0.8804347826086957	2.368765432098766	0.8952927415801202	2	1	2	3	1	4	0	0.20652173913043478	4.5	1	3.2037037037037037	2	2	0.25	0.05434782608695652	0.6923076923076923	0	6.46963087410744	0.717391304347826	0.09307777164920022	66	0.6079	0.0	0.915	0.085	3	1.0	92	0.6032608695652174	0.6070415879017014
grp-12	T2	18	540.0	4	3	3	6.430789610741691	1	1.7	0.9444444444444444	2.295529411764706	0.8387336475233894	4	0	3	8	1	8	5	0.14444444444444443	4.222222222222222	0	2.7551020408163267	6	2	0.8571428571428571	0.1	0.4117647058823529	0	6.459431618637305	0.6888888888888889	0.03882045539380365	62	0.9847	0.021	0.678	0.302	2	0.2857142857142857	90	0.5888888888888889	0.5780246913580247
grp-12	T2	19	570.0	4	3	2	5.857422116838486	0	3.0	0.873015873015873	2.2705454545454544	0.8778411912326702	2	0	1	2	1	3	1	0.12698412698412698	4.412698412698413	0	2.6923076923076925	2	0	0.6666666666666666	0.06349206349206349	0.6666666666666666	0	5.930737337562883	0.6984126984126984	0.11445279866332497	44	0.9595	0.0	0.745	0.255	0	0.0	63	0.6468253968253969	0.7026958931720836
grp-12	T2	20	600.0	3	3	1	4.142664355548846	0	1.0	1.0	2.524	0.7784754331383876	0	0	0	3	0	1	3	0.1	3.65	0	1.6071428571428572	1	1	0.5	0.1	0.0	0	4.169925001442312	0.9	0.0	18	0.7003	0.0	0.714	0.286	1	0.25	20	0.575	0.5549999999999999
grp-12	T2	21	630.0	11	3	5	6.726814258979213	1	1.7	0.9279279279279279	2.4983495145631065	0.9667803608830109	7	0	1	6	2	6	6	0.11711711711711711	4.009009009009009	0	1.823943661971831	4	4	0.8	0.08108108108108109	0.4117647058823529	0	6.7681843247769145	0.6666666666666666	0.050737327188940085	74	0.9074	0.078	0.718	0.204	1	0.14285714285714285	111	0.5427927927927928	0.5058842626410193
grp-12	T2	22	660.0	6	3	6	6.128372284547874	1	2.6666666666666665	0.9333333333333333	2.4061428571428567	0.8193539142121027	3	1	2	1	0	2	3	0.14666666666666667	4.16	0	2.210526315789474	2	2	0.6666666666666666	0.10666666666666667	0.625	0	6.135030038332081	0.76	0.027937915742793796	57	0.9301	0.041	0.765	0.194	2	0.4	75	0.61	0.6192000000000001
grp-12	T2	23	690.0	7	3	4	6.689446053839312	2	3.4285714285714284	0.8769230769230769	2.4269298245614035	0.957846751095487	4	1	4	2	1	8	7	0.17692307692307693	4.384615384615385	0	2.7535211267605635	3	3	0.75	0.05384615384615385	0.7083333333333334	0	6.859375	0.5461538461538461	0.19576795248992043	71	0.982	0.024	0.759	0.218	0	0.0	130	0.38461538461538464	0.37124260355029587
grp-12	T2	24	720.0	4	3	2	5.5849625007211605	0	1.6	0.9591836734693877	2.429148936170213	0.86987362688737	2	0	1	0	0	4	3	0.12244897959183673	4.122448979591836	0	2.4363636363636365	1	0	0.5	0.061224489795918366	0.375	1	5.55458885167764	0.8163265306122449	0.05496894409937888	40	0.5023	0.0	0.934	0.066	2	0.4	49	0.4744897959183674	0.4618908788004998
grp-12	T2	25	750.0	7	4	3	5.708632440797383	1	1.875	0.875	2.443877551020408	0.9501424518901355	2	2	1	0	1	0	1	0.125	4.053571428571429	0	1.8142857142857143	1	3	0.5	0.07142857142857142	0.4666666666666667	0	5.7548875021634665	0.8392857142857143	0.06601731601731602	47	-0.4127	0.055	0.921	0.025	3	0.75	56	0.48214285714285715	0.48596938775510207
grp-12	T2	26	780.0	11	4	10	6.287476268020751	0	1.8181818181818181	0.8777777777777778	2.536835443037975	0.8599124834831277	3	0	3	1	1	4	7	0.07777777777777778	3.8444444444444446	1	2.2719298245614037	0	1	-0.5	0.1111111111111111	0.45	0	6.436704345910033	0.6222222222222222	0.08034493284493285	56	0.9642	0.034	0.71	0.256	0	0.0	90	0.10555555555555556	0.2602469135802469
grp-12	T2	27	810.0	4	2	3	4.70043971814109	0	1.75	0.9629629629629629	2.5800000000000005	1.0578570501072149	2	1	0	0	1	0	1	0.037037037037037035	3.2962962962962963	0	1.25	1	1	0.5	0.14814814814814814	0.42857142857142855	0	4.643856189774723	0.8518518518518519	0.023809523809523808	23	0.5719	0.084	0.691	0.225	0	0.0	27	0.5462962962962963	0.5171467764060356
grp-12	T3	0	0.0	1	1	1	1.0	0	1.0	0.3333333333333333	2.14	0.0	0	0	0	0	0	0	0	0.3333333333333333	5.333333333333333	0	0.8333333333333334	0	0	0.0	0.3333333333333333	0.0	0	0.0	1.0		3	0.4019	0.0	0.426	0.574	0		3	0.75	1.0
grp-12	T3	1	30.0	0	0	0		0					0	0	0	0	0	0	0			0		0	0				0				0					0		0		
grp-12	T3	2	60.0	0	0	0		0					0	0	0	0	0	0	0			0		0	0				0				0					0		0		
grp-12	T3	3	90.0	0	0	0		0					0	0	0	0	0	0	0			0		0	0				0				0					0		0		
grp-12	T3	4	120.0	0	0	0		0					0	0	0	0	0	0	0			0		0	0				0				0					0		0		
grp-12	T3	5	150.0	0	0	0		0					0	0	0	0	0	0	0			0		0	0				0				0					0		0		
grp-12	T3	6	180.0	0	0	0		0					0	0	0	0	0	0	0			0		0	0				0				0					0		0		
grp-12	T3	7	210.0	0	0	0		0					0	0	0	0	0	0	0			0		0	0				0				0					0		0		
grp-12	T3	8	240.0	0	0	0		0					0	0	0	0	0	0	0			0		0	0				0				0					0		0		
grp-12	T3	9	270.0	5	3	1	5.014997302659249	0	2.25	0.8611111111111112	2.246451612903226	0.7826816944042213	0	1	0	1	0	2	1	0.1111111111111111	4.388888888888889	0	1.8863636363636365	0	0	0.0	0.027777777777777776	0.5555555555555556	0	5.028639311838573	0.8333333333333334	0.039705882352941174	30	0.2263	0.0	0.949	0.051	0	0.0	36	0.5	0.47685185185185175
grp-12	T3	10	300.0	12	3	3	6.11208685713371	0	1.1818181818181819	0.8947368421052632	2.6174999999999997	1.1276737833986856	5	2	1	2	0	3	0	0.10526315789473684	4.368421052631579	0	1.4946236559139785	2	2	0.6666666666666666	0.06578947368421052	0.15384615384615385	0	6.2094533656289554	0.6842105263157895	0.11437113611026656	52	0.8624	0.0	0.847	0.153	0		76	0.5657894736842105	0.5467451523545706
grp-12	T3	11	330.0	2	1	0	6.38492187451177	0	2.5	0.8387096774193549	2.5747435897435897	1.1732714774913802	9	1	0	1	1	2	1	0.11827956989247312	4.096774193548387	0	2.52	1	0	0.5	0.010752688172043012	0.6	0	6.507794640198703	0.6344086021505376	0.1694915254237288	59	0.5574	0.0	0.952	0.048	1	0.5	93	0.75	1.0
grp-12	T3	12	360.0	6	4	8	6.4753910009878775	0	2.230769230769231	0.8869565217391304	2.5208823529411766	0.9916040707953921	2	2	2	2	0	9	1	0.1565217391304348	4.173913043478261	1	2.389705882352941	1	2	0.0	0.0782608695652174	0.5517241379310345	3	6.636507391599599	0.5304347826086957	0.05	61	0.9446	0.025	0.811	0.164	5	0.8333333333333334	115	0.6282608695652174	0.7220415879017014
grp-12	T3	13	390.0	6	4	1	5.720049960644812	1	1.6666666666666667	0.9491525423728814	2.930892857142857	1.1013162202981652	1	1	1	4	2	6	2	0.06779661016949153	3.9491525423728815	0	1.9493670886075949	4	3	0.8	0.0847457627118644	0.4	1	5.797802294866491	0.6949152542372882	0.038761238761238756	41	0.6898	0.0	0.877	0.123	3	0.6	59	0.3855932203389831	0.3691467968974433
grp-12	T3	14	420.0	7	4	2	5.906890595608517	1	1.8333333333333333	0.9180327868852459	2.4330357142857144	1.0566032497091415	1	1	1	3	0	6	3	0.13114754098360656	4.081967213114754	0	1.9583333333333333	3	3	0.75	0.08196721311475409	0.45454545454545453	0	5.882643049361836	0.7540983606557377	0.05566553544494721	46	-0.1754	0.087	0.806	0.107	0	0.0	61	0.22540983606557377	0.29158828271969894
grp-12	T3	15	450.0	12	3	5	6.396307314753102	0	2.0833333333333335	0.8217821782178217	2.6289156626506025	1.0894676626995106	0	1	3	7	0	6	5	0.0891089108910891	3.9504950495049505	1	2.255639097744361	4	3	0.5	0.0891089108910891	0.52	0	6.548548539271539	0.5841584158415841	0.09078008647386637	59	0.8919	0.017	0.851	0.132	2	0.2857142857142857	101	0.42326732673267325	0.39378492304676016
grp-12	T3	16	480.0	7	2	2	6.008902049082142	0	1.8571428571428572	0.9583333333333334	2.651159420289855	1.0705403433589433	2	2	1	6	0	8	8	0.041666666666666664	3.7222222222222223	0	1.8064516129032258	2	1	0.6666666666666666	0.05555555555555555	0.46153846153846156	0	6.129283016944973	0.6805555555555556	0.05689988116458705	49	0.948	0.0	0.793	0.207	0	0.0	72	0.5555555555555556	0.5246913580246915
grp-12	T3	17	510.0	9	4	10	6.700356820511605	4	1.8	0.8907563025210085	2.7133018867924523	1.103310389022392	5	1	1	5	1	8	3	0.09243697478991597	4.1344537815126055	0	2.0657894736842106	4	4	0.8	0.11764705882352941	0.4444444444444444	0	6.836176685395351	0.5630252100840336	0.06183883768561188	67	0.9566	0.031	0.8	0.169	0	0.0	119	0.45588235294117646	0.4306899230280347
grp-12	T3	18	540.0	5	3	1	5.832890014164737	1	2.2	0.9310344827586207	2.485925925925926	1.0608513676018245	3	1	0	1	0	3	3	0.15517241379310345	4.4655172413793105	0	2.196969696969697	1	1	0.5	0.034482758620689655	0.5454545454545454	0	5.807354922057609	0.8103448275862069	0.06299603174603174	47	0.8514	0.0	0.824	0.176	1	0.25	58	0.5603448275862069	0.5267538644470868
grp-12	T3	19	570.0	9	4	4	6.458344564752679	0	2.111111111111111	0.9139784946236559	2.6023529411764708	1.0886447560358203	2	2	2	2	0	6	5	0.11827956989247312	4.0	0	1.9210526315789473	1	2	0.5	0.053763440860215055	0.5263157894736842	0	6.507794640198703	0.7311827956989247	0.030434782608695653	68	0.875	0.079	0.75	0.171	2	0.2857142857142857	93	0.28763440860215056	0.31830269395305816
grp-12	T3	20	600.0	10	3	3	5.629796992864143	0	1.4444444444444444	0.9090909090909091	2.6970000000000005	0.973419231369506	0	0	0	1	1	5	3	0.07272727272727272	3.7818181818181817	0	1.4583333333333333	3	2	0.75	0.10909090909090909	0.3076923076923077	1	5.690184605506592	0.7818181818181819	0.11904761904761904	43	0.9282	0.0	0.742	0.258	3	0.5	55	0.6409090909090909	0.6733884297520663
grp-12	T3	21	630.0	10	3	2	6.1013452575208476	1	1.7272727272727273	0.9466666666666667	2.8102816901408456	1.0240213078645013	0	0	0	2	0	2	4	0.12	3.88	0	1.9775280898876404	3	4	0.75	0.06666666666666667	0.42105263157894735	0	6.162427298606055	0.7333333333333333	0.05952380952380952	55	0.7994	0.1	0.732	0.168	2	0.3333333333333333	75	0.5433333333333333	0.5064888888888888
grp-12	T3	22	660.0	9	4	5	5.980872203818536	1	1.3333333333333333	0.95	2.905263157894737	1.1876840286038008	8	2	1	2	1	1	5	0.0875	3.9125	0	1.5849056603773586	0	2	0.0	0.0625	0.25	0	6.208479141939179	0.5875	0.057539682539682536	47	0.9171	0.0	0.83	0.17	0	0.0	80	0.44375	0.4134375
grp-12	T3	23	690.0	7	3	4	4.070656113151928	0	1.0	1.0	2.840909090909091	1.2348496746601443	0	3	0	0	0	0	0	0.13636363636363635	4.136363636363637	0	0.9142857142857143	0	2	0.0	0.18181818181818182	0.0	0	4.321928094887363	0.6363636363636364	0.12169312169312169	14	0.7524	0.0	0.683	0.317	0		22	0.5681818181818182	0.5413223140495868
grp-13	T1	0	0.0	0	0	0		0					0	0	0	0	0	0	0			0		0	0				0				0					0		0		
grp-13	T1	1	30.0	2	1	0	4.070656113151928	0	1.0	0.8636363636363636	2.7710526315789474	1.1307375084516258	1	0	0	0	1	0	3	0.18181818181818182	3.772727272727273	0	1.6	0	0	0.0	0.0	0.0	0	4.221928094887362	0.6818181818181818	0.26666666666666666	15	0.0	0.0	1.0	0.0	0	0.0	22	0.75	1.0
grp-13	T1	2	60.0	0	0	0		0					0	0	0	0	0	0	0			0		0	0				0				0					0		0		
grp-13	T1	3	90.0	2	1	0	3.8521687236032816	0	1.0	1.0	2.328888888888889	0.7751766027377882	2	1	0	0	3	0	0	0.2222222222222222	4.277777777777778	0	0.8571428571428571	0	1	0.0	0.0	0.0	0	3.875	0.7777777777777778	0.0	14	-0.0772	0.071	0.929	0.0	3	1.0	18	0.75	1.0
grp-13	T1	4	120.0	2	2	1	3.7004397181410926	0	1.5	0.9285714285714286	2.476923076923077	0.858598004041693	0	1	0	0	0	0	0	0.14285714285714285	3.642857142857143	0	1.4375	0	0	0.0	0.07142857142857142	0.3333333333333333	0	3.584962500721156	0.9285714285714286	0.0	13	0.0	0.0	1.0	0.0	2	1.0	14	0.6071428571428571	0.5918367346938775
grp-13	T1	5	150.0	0	0	0		0					0	0	0	0	0	0	0			0		0	0				0				0					0		0		
grp-13	T1	6	180.0	0	0	0		0					0	0	0	0	0	0	0			0		0	0				0				0					0		0		
grp-13	T1	7	210.0	0	0	0		0					0	0	0	0	0	0	0			0		0	0				0				0					0		0		
grp-13	T1	8	240.0	2	1	0	5.717850465126429	0	3.5	0.8909090909090909	2.400816326530612	0.897808753633418	3	1	0	0	0	2	3	0.18181818181818182	3.9454545454545453	0	3.610169491525424	0	0	0.0	0.0	0.7142857142857143	0	5.727920454563195	0.7090909090909091	0.1794871794871795	39	0.8319	0.0	0.839	0.161	0	0.0	55	0.75	1.0
grp-13	T1	9	270.0	4	1	0	5.368314649503949	0	2.0	0.8125	2.471794871794873	0.8694143970626753	1	0	1	0	0	0	0	0.2916666666666667	4.854166666666667	0	2.7777777777777777	0	0	0.0	0.0	0.5	0	5.43660543431788	0.7708333333333334	0.030303030303030304	37	0.5859	0.0	0.906	0.094	0		48	0.75	1.0
grp-13	T1	10	300.0	3	1	1	5.806890595608516	0	5.0	0.8688524590163934	2.3135849056603774	0.8821031778516244	3	0	0	0	0	4	1	0.11475409836065574	3.918032786885246	0	3.536231884057971	1	0	0.5	0.03278688524590164	0.8	0	5.848744744277091	0.7704918032786885	0.07803992740471868	47	0.4927	0.0	0.949	0.051	0	0.0	61	0.75	1.0
grp-13	T1	11	330.0	6	2	6	6.297079327540665	1	1.6	0.8941176470588236	2.2619736842105267	0.7322388518438397	5	2	2	1	1	3	2	0.10588235294117647	3.9647058823529413	0	2.70873786407767	2	0	0.6666666666666666	0.09411764705882353	0.375	0	6.375039431346932	0.6941176470588235	0.26403656126482217	59	0.5782	0.046	0.836	0.119	1	0.3333333333333333	85	0.7441176470588236	0.9767474048442908
grp-13	T1	12	360.0	2	1	3	6.467740458463456	0	3.0	0.9	2.288	0.8320032051220316	3	2	4	3	2	6	4	0.22	4.57	0	3.650485436893204	4	0	0.8	0.07	0.6666666666666666	0	6.512669027788687	0.72	0.1527777777777778	72	0.9698	0.0	0.806	0.194	0	0.0	100	0.75	1.0
grp-13	T1	13	390.0	1	1	1	4.483856189774723	0	3.0	0.9615384615384616	2.0972000000000004	0.8559556997882541	1	2	1	0	0	2	1	0.23076923076923078	4.384615384615385	0	3.4285714285714284	1	0	0.5	0.07692307692307693	0.6666666666666666	0	4.501629167387823	0.8846153846153846		23	-0.8241	0.249	0.707	0.045	0	0.0	26	0.75	1.0
grp-13	T1	14	420.0	4	2	1	6.135030038332083	0	2.2	0.8783783783783784	2.341846153846154	0.9514311362892176	7	1	1	0	0	2	3	0.10810810810810811	3.7972972972972974	0	2.848101265822785	0	0	0.0	0.013513513513513514	0.5454545454545454	0	6.1699250014423175	0.7027027027027027	0.07338217338217339	52	0.4404	0.0	0.949	0.051	0	0.0	74	0.5202702702702703	0.5032870708546384
grp-13	T1	15	450.0	3	2	2	4.584962500721156	0	2.0	0.92	2.592173913043478	0.9850709818685508	0	1	0	0	0	1	2	0.16	4.36	0	1.4705882352941178	0	0	0.0	0.08	0.5	0	4.523561956057013	0.92	0.03125	23	0.8797	0.0	0.653	0.347	0	0.0	25	0.59	0.5648000000000001
grp-13	T1	16	480.0	11	2	4	6.142664355548855	2	1.6	0.8311688311688312	2.183125	0.834383895083672	2	0	4	2	0	5	4	0.18181818181818182	4.064935064935065	1	1.7524752475247525	2	2	0.25	0.07792207792207792	0.375	0	6.202152023829224	0.6753246753246753	0.043448275862068966	52	-0.8327	0.143	0.779	0.078	0	0.0	77	0.6331168831168831	0.6417608365660314
grp-13	T1	17	510.0	3	3	2	6.464592450436211	2	1.4444444444444444	0.8958333333333334	2.3883720930232557	0.9019808439995447	8	3	3	1	0	3	2	0.09375	3.7395833333333335	0	1.7864077669902914	1	0	0.5	0.03125	0.3076923076923077	1	6.554588851677623	0.6458333333333334	0.03333333333333333	62	0.8338	0.0	0.913	0.087	2	0.5	96	0.671875	0.791015625
grp-13	T1	18	540.0	5	3	4	5.142664355548852	0	1.5	0.7948717948717948	2.286451612903226	0.8450063881686255	4	1	0	0	0	0	1	0.10256410256410256	3.8205128205128207	0	1.7872340425531914	0	1	0.0	0.10256410256410256	0.3333333333333333	0	5.209453365628954	0.7692307692307693	0.11401515151515151	30	0.6124	0.0	0.881	0.119	0	0.0	39	0.3269230769230769	0.34911242603550297
grp-13	T1	19	570.0	3	3	5	4.43063240949075	0	1.6666666666666667	0.7857142857142857	2.4909090909090916	0.7736566603469355	0	1	0	1	0	2	1	0.07142857142857142	3.392857142857143	0	1.7142857142857142	4	2	0.8	0.32142857142857145	0.4	0	4.623516641218013	0.6428571428571429	0.2119047619047619	18	0.9415	0.0	0.541	0.459	3	0.75	28	0.42857142857142855	0.4005102040816326
grp-13	T2	0	0.0	5	3	3	4.643856189774723	0	1.8	0.8846153846153846	2.5269565217391308	0.9195860826083833	0	0	1	1	2	4	3	0.11538461538461539	3.9615384615384617	0	1.7647058823529411	0	1	0.0	0.11538461538461539	0.4444444444444444	0	4.584962500721156	0.8461538461538461	0.025	22	0.631	0.0	0.823	0.177	0	0.0	26	0.4230769230769231	0.4053254437869823
grp-13	T2	1	30.0	0	0	0		0					0	0	0	0	0	0	0			0		0	0				0				0					0		0		
grp-13	T2	2	60.0	0	0	0		0					0	0	0	0	0	0	0			0		0	0				0				0					0		0		
grp-13	T2	3	90.0	0	0	0		0					0	0	0	0	0	0	0			0		0	0				0				0					0		0		
grp-13	T2	4	120.0	0	0	0		0					0	0	0	0	0	0	0			0		0	0				0				0					0		0		
grp-13	T2	5	150.0	1	1	0	3.418295834054489	0	3.0	1.0	2.0984615384615384	0.952073414701959	0	0	0	1	0	4	2	0.07692307692307693	3.8461538461538463	0	2.230769230769231	1	0	0.5	0.07692307692307693	0.6666666666666666	0	3.459431618637298	0.7692307692307693		10	0.3612	0.0	0.828	0.172	0	0.0	13	0.75	1.0
grp-13	T2	6	180.0	3	1	2	5.357552004618081	0	2.3333333333333335	0.9047619047619048	2.3263157894736843	0.8015393776734983	3	0	0	1	0	2	3	0.16666666666666666	4.5476190476190474	0	1.875	3	0	0.75	0.11904761904761904	0.5714285714285714	0	5.3219280948873635	0.7619047619047619	0.07851851851851852	32	0.4557	0.099	0.743	0.158	0	0.0	42	0.75	1.0
grp-13	T2	7	210.0	3	1	1	6.14881869049589	0	3.6666666666666665	0.8157894736842105	2.1529032258064515	0.8095585955735469	5	1	2	1	1	2	1	0.18421052631578946	4.2368421052631575	0	2.764705882352941	1	0	0.5	0.02631578947368421	0.7272727272727273	0	6.182426338601928	0.7236842105263158	0.1690340909090909	55	0.9645	0.0	0.788	0.212	1	0.5	76	0.75	1.0
grp-13	T2	8	240.0	3	1	0	5.114369445886754	0	3.5	0.8648648648648649	2.4381250000000003	0.8887014315139815	4	2	0	1	0	3	3	0.21621621621621623	4.378378378378378	0	2.9361702127659575	0	0	0.0	0.0	0.7142857142857143	0	5.129283016944964	0.8378378378378378	0.04941176470588235	31	0.0	0.0	1.0	0.0	1	0.25	37	0.75	1.0
grp-13	T2	9	270.0	2	2	1	6.1754853571625565	0	4.5	0.9210526315789473	2.318571428571428	0.8327429473292047	5	1	0	0	2	2	1	0.07894736842105263	3.3421052631578947	0	4.0	3	0	0.75	0.05263157894736842	0.7777777777777778	0	6.182426338601928	0.631578947368421	0.125	48	0.8883	0.0	0.861	0.139	1	0.5	76	0.6381578947368421	0.6527008310249307
grp-13	T2	10	300.0	3	1	0	6.162492001110313	0	3.6666666666666665	0.8765432098765432	2.432816901408451	0.9999425097539029	6	1	0	2	0	7	4	0.19753086419753085	4.604938271604938	1	5.540229885057471	3	0	0.4	0.037037037037037035	0.7272727272727273	0	6.2531478367846995	0.7407407407407407	0.1405982905982906	60	0.8828	0.056	0.769	0.175	1	0.2	81	0.75	1.0
grp-13	T2	11	330.0	3	2	0	5.72764247057246	0	2.3333333333333335	0.9180327868852459	2.268392857142857	0.8404203386777745	4	1	1	0	1	4	2	0.19672131147540983	4.344262295081967	0	3.40625	1	0	0.5	0.01639344262295082	0.5714285714285714	0	5.814846439192345	0.6885245901639344	0.06477732793522267	42	0.5927	0.0	0.94	0.06	0	0.0	61	0.5040983606557377	0.500134372480516
grp-13	T2	12	360.0	1	1	1	5.799589796579276	0	4.5	0.9193548387096774	2.445789473684211	0.9811538988469292	4	1	1	0	2	3	2	0.08064516129032258	3.7096774193548385	0	3.4225352112676055	1	0	0.5	0.03225806451612903	0.7777777777777778	0	5.906890595608517	0.6774193548387096		42	-0.34	0.083	0.855	0.062	0	0.0	62	0.75	1.0
grp-13	T2	13	390.0	4	2	3	6.927856034476234	1	4.6	0.8923076923076924	2.3249137931034487	0.8192895320922617	6	3	3	0	1	5	4	0.13846153846153847	4.184615384615385	0	3.4930555555555554	3	0	0.75	0.046153846153846156	0.782608695652174	0	7.0	0.6384615384615384	0.1437543133195307	83	0.923	0.025	0.844	0.131	3	0.42857142857142855	130	0.5230769230769231	0.5042603550295857
grp-13	T2	14	420.0	2	1	0	5.129283016944964	0	2.0	0.9166666666666666	2.318787878787879	0.8511765745514837	3	0	2	0	0	1	0	0.16666666666666666	4.083333333333333	0	2.317073170731707	1	0	0.5	0.027777777777777776	0.5	0	5.087462841250338	0.8611111111111112	0.06451612903225806	31	0.6423	0.0	0.866	0.134	1	1.0	36	0.75	1.0
grp-13	T2	15	450.0	2	1	0	5.875	0	5.5	0.9384615384615385	2.4122950819672133	1.034140798738333	3	0	1	4	0	9	3	0.15384615384615385	4.538461538461538	0	4.028169014084507	5	0	0.8333333333333334	0.07692307692307693	0.8181818181818182	0	5.945533891753889	0.7230769230769231	0.06382978723404255	47	0.8917	0.077	0.691	0.232	0	0.0	65	0.75	1.0
grp-13	T2	16	480.0	4	3	1	5.86516356707108	0	1.6	0.9354838709677419	2.415689655172414	0.9578498047782201	2	1	2	2	0	9	5	0.16129032258064516	4.048387096774194	0	1.9866666666666666	2	1	0.6666666666666666	0.04838709677419355	0.375	0	5.906890595608517	0.7741935483870968	0.07797619047619048	48	0.6753	0.038	0.843	0.12	1	0.16666666666666666	62	0.5645161290322581	0.5676378772112383
grp-13	T2	17	510.0	8	1	0	6.307870907835704	3	2.0	0.9042553191489362	2.5969411764705885	0.998556633086461	3	3	4	6	0	10	4	0.07446808510638298	3.8191489361702127	0	1.773109243697479	3	1	0.75	0.031914893617021274	0.5	0	6.480083695187462	0.5531914893617021	0.04493349787467434	52	0.5267	0.056	0.847	0.097	2	0.3333333333333333	94	0.75	1.0
grp-13	T2	18	540.0	5	2	2	6.097291853370937	1	2.2	0.8918918918918919	2.3613636363636363	0.9085951299631962	4	1	1	0	0	2	2	0.13513513513513514	4.0675675675675675	0	2.308641975308642	1	0	0.5	0.04054054054054054	0.5454545454545454	0	6.1699250014423175	0.7162162162162162	0.0203125	53	0.4404	0.0	0.921	0.079	1	0.3333333333333333	74	0.5472972972972973	0.5178962746530315
grp-13	T2	19	570.0	7	4	3	5.171928094887363	0	1.2857142857142858	0.8780487804878049	2.4330555555555557	0.9613093485347196	0	1	2	0	0	2	5	0.04878048780487805	3.902439024390244	0	1.5185185185185186	0	0	0.0	0.07317073170731707	0.2222222222222222	0	5.234120167580196	0.6829268292682927	0.10000000000000002	28	0.9066	0.069	0.638	0.293	1	0.16666666666666666	41	0.42073170731707316	0.4170136823319452
grp-13	T2	20	600.0	5	4	3	5.794309137239126	0	2.2	0.9180327868852459	2.417321428571429	0.9590219926560387	0	3	2	0	2	2	3	0.06557377049180328	3.639344262295082	0	2.054054054054054	1	1	0.5	0.06557377049180328	0.5454545454545454	2	5.848744744277091	0.6885245901639344	0.09583333333333334	42	0.4677	0.063	0.799	0.138	2	0.4	61	0.3237704918032787	0.36522440204246176
grp-13	T2	21	630.0	8	3	5	5.410628211462147	0	1.4285714285714286	0.88	2.6979545454545457	0.93942095207985	4	1	1	0	0	0	1	0.02	3.72	0	2.078125	0	3	0.0	0.1	0.3	1	5.501629167387827	0.62	0.03296703296703297	31	0.857	0.0	0.726	0.274	0	0.0	50	0.47	0.4624
grp-13	T2	22	660.0	13	4	10	5.800704882778696	0	1.4	0.9538461538461539	2.3161290322580643	0.7862781967634073	2	0	1	0	3	3	3	0.06153846153846154	3.7384615384615385	0	1.2705882352941176	1	4	0.5	0.16923076923076924	0.2857142857142857	0	5.945533891753889	0.5846153846153846	0.01103988603988604	38	0.9781	0.0	0.625	0.375	3	0.5	65	0.4653846153846154	0.4565680473372782
grp-13	T2	23	690.0	2	1	1	3.7004397181410926	0	1.0	0.9285714285714286	2.9038461538461533	0.8678580038191153	0	0	0	0	0	0	0	0.14285714285714285	4.142857142857143	0	1.6666666666666667	0	0	0.0	0.07142857142857142	0.0	0	3.584962500721156	1.0	0.0	14	0.2023	0.0	0.878	0.122	1	1.0	14	0.75	1.0
grp-14	T1	0	0.0	0	0	0		0					0	0	0	0	0	0	0			0		0	0				0				0					0		0		
grp-14	T1	1	30.0	0	0	0		0					0	0	0	0	0	0	0			0		0	0				0				0					0		0		
grp-14	T1	2	60.0	0	0	0		0					0	0	0	0	0	0	0			0		0	0				0				0					0		0		
grp-14	T1	3	90.0	0	0	0		0					0	0	0	0	0	0	0			0		0	0				0				0					0		0		
grp-14	T1	4	120.0	0	0	0		0					0	0	0	0	0	0	0			0		0	0				0				0					0		0		
grp-14	T1	5	150.0	0	0	0		0					0	0	0	0	0	0	0			0		0	0				0				0					0		0		
grp-14	T1	6	180.0	0	0	0		0					0	0	0	0	0	0	0			0		0	0				0				0					0		0		
grp-14	T1	7	210.0	4	3	4	5.41397707318275	0	1.75	0.9111111111111111	2.4263414634146345	0.8923407314270219	0	2	0	0	1	4	2	0.1111111111111111	4.022222222222222	0	2.019230769230769	1	1	0.5	0.1111111111111111	0.42857142857142855	1	5.426264754702098	0.7333333333333333	0.12169312169312169	33	0.3031	0.066	0.785	0.149	2	0.5	45	0.4166666666666667	0.39555555555555555
grp-14	T1	8	240.0	4	1	0	5.447408651885229	1	2.0	0.8695652173913043	2.338	0.9187034341940822	2	3	1	1	0	2	1	0.21739130434782608	4.782608695652174	0	2.627450980392157	1	0	0.5	0.021739130434782608	0.5	0	5.4594316186372955	0.9130434782608695	0.0	42	0.1015	0.033	0.926	0.041	0	0.0	46	0.75	1.0
grp-14	T1	9	270.0	3	2	2	6.2733470877778785	0	3.0	0.8636363636363636	2.483157894736842	0.9566460195120239	2	2	2	2	0	4	6	0.25	4.5227272727272725	0	3.74468085106383	3	1	0.75	0.056818181818181816	0.6666666666666666	0	6.40300894074861	0.7272727272727273	0.0	64	0.8828	0.0	0.871	0.129	1	0.14285714285714285	88	0.5284090909090909	0.5064566115702479
grp-14	T1	10	300.0	5	1	2	5.679295496582922	0	2.5	0.8448275862068966	2.700612244897959	1.08426860171564	4	2	1	1	0	5	4	0.1724137931034483	4.344827586206897	0	2.353846153846154	4	0	0.8	0.10344827586206896	0.6	0	5.735926350629037	0.7931034482758621	0.06388888888888888	46	0.8885	0.0	0.809	0.191	1	0.2	58	0.75	1.0
grp-14	T1	11	330.0	3	1	1	6.512669027788686	1	2.8333333333333335	0.8181818181818182	2.2962962962962963	0.9124427185734131	10	2	2	1	0	4	5	0.1919191919191919	4.373737373737374	0	2.495575221238938	1	0	0.5	0.020202020202020204	0.6470588235294118	0	6.599912842187142	0.6262626262626263	0.10416666666666666	62	0.9381	0.012	0.836	0.153	0	0.0	99	0.75	1.0
grp-14	T1	12	360.0	2	2	1	5.344698375159715	0	7.0	0.813953488372093	2.2180000000000004	0.9187687413054495	2	1	1	1	0	2	2	0.13953488372093023	4.116279069767442	0	2.66	1	0	0.5	0.046511627906976744	0.8571428571428571	0	5.357552004618081	0.8372093023255814	0.1111111111111111	36	0.5907	0.055	0.81	0.135	0	0.0	43	0.6337209302325582	0.6430502974580854
grp-14	T1	13	390.0	2	1	1	5.807354922057609	1	6.5	0.8771929824561403	2.2232000000000003	0.791485792670974	1	0	0	0	1	1	0	0.17543859649122806	4.175438596491228	0	4.370967741935484	0	0	0.0	0.017543859649122806	0.8461538461538461	0	5.7813597135246555	0.7368421052631579	0.023809523809523808	42	0.8074	0.0	0.851	0.149	1	1.0	57	0.75	1.0
grp-14	T1	14	420.0	6	3	1	6.3564973128416336	0	1.8888888888888888	0.9080459770114943	2.3459493670886076	0.8703360604937624	3	4	0	6	0	9	6	0.16091954022988506	4.0344827586206895	1	2.5208333333333335	6	2	0.625	0.08045977011494253	0.47058823529411764	0	6.409390936137707	0.6666666666666666	0.022348484848484847	58	0.875	0.081	0.741	0.178	2	0.25	87	0.6005747126436781	0.6031179812392654
grp-14	T1	15	450.0	3	3	1	5.5849625007211605	0	3.3333333333333335	0.9387755102040817	2.278695652173913	0.8285571762581763	1	3	0	0	0	2	2	0.22448979591836735	4.551020408163265	0	2.892857142857143	0	0	0.0	0.02040816326530612	0.7	0	5.55458885167764	0.8163265306122449	0.0	40	0.9128	0.0	0.763	0.237	1	0.3333333333333333	49	0.7193877551020408	0.9208663057059558
grp-14	T1	16	480.0	2	1	1	6.62200840951299	0	3.1666666666666665	0.907563025210084	2.4138888888888883	0.9545396731693876	7	0	1	5	1	6	6	0.15126050420168066	4.218487394957983	0	5.918032786885246	4	0	0.8	0.04201680672268908	0.6842105263157895	1	6.784894634113302	0.5294117647058824	0.14285714285714285	63	0.9414	0.0	0.87	0.13	0	0.0	119	0.75	1.0
grp-14	T1	17	510.0	4	2	4	5.8820418282618245	3	1.4	0.953125	2.362295081967213	1.0108807934175044	1	0	3	0	0	5	4	0.109375	4.125	1	2.8157894736842106	5	0	0.5714285714285714	0.140625	0.2857142857142857	0	5.954196310386873	0.65625	0.052663385996719325	42	0.8778	0.058	0.742	0.2	0	0.0	64	0.71875	0.8828125
grp-14	T1	18	540.0	2	2	1	5.333241498888144	0	1.25	0.8181818181818182	2.450555555555555	0.8768502483461422	0	1	0	2	0	4	2	0.06818181818181818	3.5681818181818183	0	2.130434782608696	1	1	0.5	0.045454545454545456	0.2	0	5.3923174227787625	0.7954545454545454	0.0	35	0.8658	0.0	0.785	0.215	1	0.3333333333333333	44	0.6818181818181818	0.7644628099173554
grp-14	T1	19	570.0	2	1	1	5.209453365628954	1	3.5	0.868421052631579	2.4751515151515155	1.0020830462534596	3	0	1	1	0	2	2	0.21052631578947367	4.473684210526316	0	3.4318181818181817	1	1	0.5	0.05263157894736842	0.7142857142857143	0	5.1699250014423095	0.8421052631578947	0.09375	32	0.8807	0.0	0.774	0.226	0	0.0	38	0.75	1.0
grp-14	T1	20	600.0	8	4	4	5.921938245870744	0	1.25	0.9206349206349206	2.4234482758620683	0.8264163426884445	0	4	1	2	1	3	6	0.12698412698412698	3.888888888888889	0	1.6666666666666667	1	0	0.5	0.07936507936507936	0.2	1	5.930737337562883	0.6984126984126984	0.0047619047619047615	44	0.8171	0.0	0.832	0.168	3	0.3333333333333333	63	0.49603174603174605	0.5394305870496346
grp-14	T1	21	630.0	8	4	4	4.947702779220088	1	1.3333333333333333	0.918918918918919	2.519117647058824	0.8486056648375992	1	0	0	0	1	0	5	0.10810810810810811	3.5405405405405403	0	1.0416666666666667	0	1	0.0	0.10810810810810811	0.25	0	5.072140159802107	0.6756756756756757	0.09183673469387754	25	0.6454	0.06	0.712	0.227	0	0.0	37	0.34459459459459457	0.3513513513513514
grp-14	T2	0	0.0	0	0	0		0					0	0	0	0	0	0	0			0		0	0				0				0					0		0		
grp-14	T2	1	30.0	0	0	0		0					0	0	0	0	0	0	0			0		0	0				0				0					0		0		
grp-14	T2	2	60.0	0	0	0		0					0	0	0	0	0	0	0			0		0	0				0				0					0		0		
grp-14	T2	3	90.0	0	0	0		0					0	0	0	0	0	0	0			0		0	0				0				0					0		0		
grp-14	T2	4	120.0	0	0	0		0					0	0	0	0	0	0	0			0		0	0				0				0					0		0		
grp-14	T2	5	150.0	0	0	0		0					0	0	0	0	0	0	0			0		0	0				0				0					0		0		
grp-14	T2	6	180.0	5	3	2	4.5661089398374815	0	1.8	0.9655172413793104	2.258571428571428	0.6377511510081694	0	1	0	0	1	2	0	0.06896551724137931	4.379310344827586	0	1.5555555555555556	0	4	0.0	0.06896551724137931	0.4444444444444444	0	4.6808134280893965	0.7241379310344828	0.046875	21	0.6767	0.0	0.829	0.171	5	1.0	29	0.4224137931034483	0.39357907253269925
grp-14	T2	7	210.0	8	3	5	5.543295834054494	0	1.375	0.8571428571428571	2.2614285714285716	0.905284936540165	2	2	0	0	0	2	1	0.14285714285714285	4.142857142857143	0	2.327272727272727	2	1	0.6666666666666666	0.14285714285714285	0.2727272727272727	0	5.55458885167764	0.9183673469387755	0.0	45	0.8555	0.1	0.603	0.297	0	0.0	49	0.5561224489795918	0.5210329029571013
grp-14	T2	8	240.0	3	2	1	5.308771516813203	0	2.0	0.9047619047619048	2.0999999999999996	0.7295672834308237	3	1	0	0	0	3	1	0.14285714285714285	4.333333333333333	0	2.4693877551020407	1	0	0.5	0.047619047619047616	0.5	0	5.3219280948873635	0.8571428571428571	0.0	36	0.3435	0.117	0.719	0.164	0	0.0	42	0.5119047619047619	0.5011337868480725
grp-14	T2	9	270.0	8	3	2	6.414345831877863	0	2.4285714285714284	0.9387755102040817	2.6239130434782605	0.987173123138621	3	1	2	3	3	6	4	0.07142857142857142	3.7448979591836733	0	2.3189655172413794	4	0	0.8	0.061224489795918366	0.5882352941176471	0	6.5641291673878275	0.6122448979591837	0.09545942779025485	60	0.958	0.088	0.658	0.254	0	0.0	98	0.3520408163265306	0.3610995418575594
grp-14	T2	10	300.0	2	1	1	6.142147223664539	0	4.0	0.9315068493150684	2.3730882352941167	0.9121520405917587	6	4	1	7	0	9	0	0.1506849315068493	4.109589041095891	0	3.0963855421686746	7	0	0.875	0.1095890410958904	0.75	0	6.149747119504677	0.6027397260273972	0.22727272727272727	44	0.9042	0.0	0.788	0.212	1	1.0	73	0.75	1.0
grp-14	T2	11	330.0	5	3	0	6.020551563912269	0	2.0	0.958904109589041	2.4304285714285716	0.8619652557039735	4	2	1	3	0	10	4	0.1643835616438356	4.383561643835616	0	2.9382716049382718	3	1	0.75	0.0410958904109589	0.5	0	6.12157810542017	0.684931506849315	0.1111111111111111	50	0.9415	0.071	0.667	0.262	0	0.0	73	0.4897260273972603	0.44905235503846874
grp-14	T2	12	360.0	2	1	1	5.643856189774728	1	3.5	0.9215686274509803	2.2295744680851066	0.9258761404384649	2	1	2	1	1	3	3	0.11764705882352941	4.0	0	2.892857142857143	1	0	0.5	0.0392156862745098	0.7142857142857143	0	5.614709844115208	0.8235294117647058	0.047619047619047616	42	0.6249	0.0	0.906	0.094	0	0.0	51	0.75	1.0
grp-14	T2	13	390.0	5	2	1	6.59399396942248	1	3.2	0.8932038834951457	2.284673913043478	0.875531454860364	7	4	0	1	0	6	2	0.1262135922330097	4.135922330097087	0	2.8907563025210083	3	1	0.75	0.038834951456310676	0.6875	0	6.618607522355741	0.7087378640776699	0.08551119177253479	73	0.9231	0.024	0.828	0.148	1	0.3333333333333333	103	0.5364077669902912	0.5106042039777547
grp-14	T2	14	420.0	1	1	2	5.344698375159715	0	5.0	0.9069767441860465	2.2720512820512817	0.8497576713006207	5	2	1	3	0	6	2	0.16279069767441862	4.255813953488372	0	4.023255813953488	4	0	0.8	0.13953488372093023	0.8	0	5.357552004618081	0.7441860465116279		32	0.8988	0.065	0.63	0.305	0	0.0	43	0.75	1.0
grp-14	T2	15	450.0	7	2	2	5.892878967843309	1	2.8	0.9253731343283582	2.2238709677419353	0.8434421693442271	2	1	0	5	0	5	2	0.1044776119402985	3.8805970149253732	0	2.9078947368421053	5	2	0.8333333333333334	0.1044776119402985	0.6428571428571429	0	5.960829351489996	0.6417910447761194	0.07916666666666666	43	0.6059	0.123	0.694	0.183	0	0.0	67	0.6977611940298507	0.8128759189128982
grp-14	T2	16	480.0	10	4	5	6.5999598033804	1	1.4545454545454546	0.8962264150943396	2.4517894736842103	0.9847927689539223	5	5	0	4	1	7	1	0.0660377358490566	3.5754716981132075	0	2.5309734513274336	6	1	0.8571428571428571	0.10377358490566038	0.3125	0	6.68120894891033	0.5660377358490566	0.2847917514584181	60	0.9728	0.023	0.735	0.243	3	0.75	106	0.5613207547169812	0.560697757208971
grp-14	T2	17	510.0	7	3	2	6.192959387390225	0	2.1666666666666665	0.975	2.4989743589743587	1.0247796382807601	2	3	0	1	1	7	4	0.1375	4.15	0	2.0919540229885056	4	1	0.8	0.075	0.5384615384615384	0	6.285402218862257	0.7125	0.033658536585365856	57	0.9381	0.0	0.818	0.182	1	0.2	80	0.48125	0.47593749999999996
grp-14	T2	18	540.0	3	2	3	6.379753126795122	1	2.6666666666666665	0.9195402298850575	2.45	0.9959781624112047	4	0	1	1	1	6	2	0.10344827586206896	4.160919540229885	0	2.86734693877551	1	0	0.5	0.04597701149425287	0.625	0	6.409390936137707	0.735632183908046	0.09382284382284381	64	0.8014	0.0	0.887	0.113	1	0.3333333333333333	87	0.6063218390804598	0.5904346677236094
grp-14	T2	19	570.0	2	2	2	4.923181998146335	0	2.5	0.8823529411764706	2.635333333333334	0.9426230541537918	2	0	1	2	0	3	3	0.17647058823529413	4.117647058823529	0	3.1052631578947367	3	0	0.75	0.14705882352941177	0.6	0	4.9375	0.8235294117647058	0.03571428571428571	28	0.9464	0.0	0.631	0.369	0	0.0	34	0.7058823529411765	0.8391003460207611
grp-14	T2	20	600.0	5	2	2	5.4594316186372955	0	1.6	0.9111111111111111	2.57609756097561	1.011788751808763	1	3	1	1	0	1	1	0.1111111111111111	3.977777777777778	0	1.75	2	2	0.6666666666666666	0.08888888888888889	0.375	0	5.426264754702098	0.8666666666666667	0.008620689655172414	39	0.7149	0.0	0.855	0.145	2	0.6666666666666666	45	0.5944444444444444	0.571358024691358
grp-14	T2	21	630.0	4	2	0	5.643856189774728	2	3.5	0.9019607843137255	2.2908695652173914	0.972727733672857	4	1	2	3	0	7	2	0.13725490196078433	4.078431372549019	0	2.709090909090909	4	0	0.8	0.0784313725490196	0.7142857142857143	0	5.614709844115208	0.7450980392156863	0.07819185645272601	38	0.9382	0.0	0.744	0.256	0	0.0	51	0.6225490196078431	0.6201460976547482
grp-14	T2	22	660.0	8	3	2	6.4907590644435835	0	1.75	0.9578947368421052	2.466813186813187	0.9697987546091676	4	5	2	4	1	5	2	0.14736842105263157	4.2105263157894735	0	2.544642857142857	5	0	0.8333333333333334	0.07368421052631578	0.42857142857142855	0	6.51765343476395	0.6526315789473685	0.09653446744551479	62	0.9852	0.0	0.72	0.28	1	0.3333333333333333	95	0.5184210526315789	0.4951800554016621
grp-14	T2	23	690.0	3	2	2	5.925502123995109	1	1.25	1.0	2.5035211267605635	0.9063983805157351	3	0	0	11	4	12	1	0.16901408450704225	4.408450704225352	0	2.6486486486486487	11	1	0.9166666666666666	0.18309859154929578	0.2	0	6.108524456778164	0.6056338028169014	0.036585365853658534	43	0.9719	0.024	0.658	0.319	1	0.5	71	0.7359154929577465	0.9452489585399724
grp-14	T2	24	720.0	4	3	3	4.523561956057013	0	1.2	0.75	2.6816666666666666	0.9175768208832557	0	0	1	0	0	0	1	0.16666666666666666	4.291666666666667	1	1.2647058823529411	1	0	0.0	0.16666666666666666	0.16666666666666666	0	4.459431618637295	1.0	0.0	24	0.8625	0.0	0.686	0.314	1	0.5	24	0.5208333333333334	0.4826388888888889
grp-14	T2	25	750.0	6	3	1	4.906890595608519	0	1.2	0.9354838709677419	2.6368965517241376	0.8779957719176958	0	2	0	0	1	0	3	0.0	3.4193548387096775	1	1.4736842105263157	1	0	0.0	0.06451612903225806	0.16666666666666666	0	4.857980995127571	0.9032258064516129	0.0	28	0.1531	0.096	0.738	0.167	1	0.25	31	0.4274193548387097	0.39646201873048903
grp-14	T2	26	780.0	14	4	3	5.754427706379873	0	1.0769230769230769	0.9032258064516129	2.6275000000000004	1.0168442955676997	5	3	0	0	1	2	1	0.08064516129032258	3.838709677419355	0	1.2151898734177216	0	1	0.0	0.04838709677419355	0.07142857142857142	0	5.8402239289418505	0.5806451612903226	0.08717948717948718	36	0.875	0.0	0.841	0.159	1	0.5	62	0.5725806451612904	0.6024973985431842
grp-14	T2	27	810.0	9	3	5	4.39231742277876	0	1.0	0.8636363636363636	2.392631578947368	0.6342574780611218	0	0	1	0	0	0	0	0.09090909090909091	3.9545454545454546	0	0.9714285714285714	1	1	0.5	0.2727272727272727	0.0	0	4.321928094887363	0.8636363636363636	0.03125	19	0.9231	0.0	0.543	0.457	1	1.0	22	0.38636363636363635	0.37603305785123964
grp-14	T3	0	0.0	0	0	0		0					0	0	0	0	0	0	0			0		0	0				0				0					0		0		
grp-14	T3	1	30.0	0	0	0		0					0	0	0	0	0	0	0			0		0	0				0				0					0		0		
grp-14	T3	2	60.0	0	0	0		0					0	0	0	0	0	0	0			0		0	0				0				0					0		0		
grp-14	T3	3	90.0	0	0	0		0					0	0	0	0	0	0	0			0		0	0				0				0					0		0		
grp-14	T3	4	120.0	0	0	0		0					0	0	0	0	0	0	0			0		0	0				0				0					0		0		
grp-14	T3	5	150.0	0	0	0		0					0	0	0	0	0	0	0			0		0	0				0				0					0		0		
grp-14	T3	6	180.0	0	0	0		0					0	0	0	0	0	0	0			0		0	0				0				0					0		0		
grp-14	T3	7	210.0	0	0	0		0					0	0	0	0	0	0	0			0		0	0				0				0					0		0		
grp-14	T3	8	240.0	0	0	0		0					0	0	0	0	0	0	0			0		0	0				0				0					0		0		
grp-14	T3	9	270.0	1	1	1	2.321928094887362	0	1.0	1.0	3.0366666666666666	0.7565198095372139	0	0	0	0	0	0	1	0.16666666666666666	4.166666666666667	0	1.1111111111111112	1	0	0.5	0.3333333333333333	0.0	0	2.0	1.0		6	0.8625	0.0	0.238	0.762	0	0.0	6	0.75	1.0
grp-14	T3	10	300.0	3	2	0	5.087462841250338	0	1.6666666666666667	0.9428571428571428	2.576666666666666	1.1127134910350072	1	1	0	0	1	0	1	0.17142857142857143	4.371428571428571	0	1.673913043478261	1	0	0.5	0.02857142857142857	0.4	1	5.044394119358456	0.9428571428571428	0.016666666666666666	33	0.2263	0.086	0.782	0.132	1	0.5	35	0.7071428571428572	0.8432653061224489
grp-14	T3	11	330.0	6	2	0	6.104443620445363	0	2.1666666666666665	0.927710843373494	2.592207792207792	1.1300667988262514	1	3	1	3	1	4	5	0.1927710843373494	3.9397590361445785	1	2.1808510638297873	3	0	0.4	0.03614457831325301	0.5384615384615384	0	6.2070736139690155	0.6144578313253012	0.14688013136288997	51	0.9779	0.017	0.732	0.252	4	0.4444444444444444	83	0.713855421686747	0.865873131078531
grp-14	T3	12	360.0	7	3	3	5.259991029008325	0	1.0	0.9285714285714286	2.5338461538461527	1.159103578001763	3	1	0	2	1	4	0	0.09523809523809523	3.7857142857142856	0	1.469387755102041	3	1	0.75	0.14285714285714285	0.0	0	5.271928094887364	0.7857142857142857	0.07787698412698413	33	0.8548	0.0	0.785	0.215	1	1.0	42	0.4166666666666667	0.40249433106575966
grp-14	T3	13	390.0	11	1	1	5.992582427792657	0	1.3636363636363635	0.9	2.5498412698412696	1.0925163789604257	3	2	1	2	2	1	1	0.12857142857142856	4.0285714285714285	0	1.4666666666666666	1	0	0.5	0.02857142857142857	0.26666666666666666	0	6.028639311838581	0.7428571428571429	0.05891690009337068	52	0.191	0.136	0.685	0.179	0	0.0	70	0.75	1.0
grp-14	T3	14	420.0	4	3	4	6.221366087947371	1	1.5	0.9047619047619048	2.2507894736842107	0.9177672608849995	6	2	1	2	4	2	4	0.16666666666666666	4.035714285714286	0	2.905263157894737	1	0	0.5	0.05952380952380952	0.3333333333333333	0	6.2843812729107675	0.6785714285714286	0.012345679012345678	57	0.9797	0.0	0.719	0.281	1	0.2	84	0.7142857142857143	0.8869047619047619
grp-14	T3	15	450.0	3	1	0	6.25999102900833	1	3.3333333333333335	0.8795180722891566	2.3661643835616437	0.9608524042958202	3	3	0	4	2	6	3	0.12048192771084337	4.036144578313253	0	3.221052631578947	4	0	0.8	0.04819277108433735	0.7	0	6.290467286835232	0.7228915662650602	0.06520657043305127	60	0.8585	0.064	0.773	0.163	0	0.0	83	0.75	1.0
grp-14	T3	16	480.0	6	2	2	6.699795377012531	1	2.375	0.9310344827586207	2.6291666666666664	1.1210726716788637	5	0	1	6	0	12	6	0.07758620689655173	3.8706896551724137	1	2.7286821705426356	5	1	0.5714285714285714	0.0603448275862069	0.5789473684210527	0	6.832890014164754	0.5689655172413793	0.07816239316239317	66	0.9078	0.059	0.775	0.166	0	0.0	116	0.6810344827586207	0.7621878715814505
grp-14	T3	17	510.0	4	2	1	5.63320965569699	0	1.4	0.9230769230769231	2.5466666666666664	1.0771129106190411	1	2	1	1	2	3	4	0.17307692307692307	4.134615384615385	0	1.7741935483870968	2	1	0.6666666666666666	0.057692307692307696	0.2857142857142857	0	5.643856189774728	0.7884615384615384	0.06944444444444443	41	0.8689	0.0	0.813	0.187	1	0.2	52	0.7403846153846154	0.9622781065088757
grp-14	T3	18	540.0	11	3	3	5.512035660188278	0	1.375	0.8958333333333334	2.6002325581395347	1.041929088271596	1	0	1	2	1	2	2	0.10416666666666667	3.5416666666666665	0	1.4035087719298245	2	1	0.6666666666666666	0.10416666666666667	0.2727272727272727	0	5.5235619560570095	0.7916666666666666	0.023076923076923078	38	0.948	0.0	0.683	0.317	4	0.6666666666666666	48	0.46875	0.43489583333333337
grp-14	T3	19	570.0	5	3	2	6.086591668108984	0	1.5714285714285714	0.8904109589041096	2.5924615384615386	1.1262299680031616	5	2	1	3	1	6	3	0.1232876712328767	3.9315068493150687	0	2.1411764705882352	4	0	0.8	0.0821917808219178	0.36363636363636365	1	6.149747119504677	0.7397260273972602	0.0484375	54	0.9883	0.0	0.642	0.358	1	0.25	73	0.6267123287671232	0.692249953086883
grp-14	T3	20	600.0	4	1	1	6.419882552286614	1	3.0	0.9239130434782609	2.3945882352941177	0.9308611483506283	5	3	2	9	1	12	3	0.08695652173913043	3.880434782608696	1	2.7755102040816326	8	0	0.7	0.09782608695652174	0.6666666666666666	1	6.491853096329662	0.5760869565217391	0.13445378151260504	53	0.955	0.016	0.782	0.202	4	0.5714285714285714	92	0.75	1.0
grp-14	T3	21	630.0	11	4	4	4.623516641218013	0	1.1111111111111112	0.9259259259259259	2.3872000000000004	0.7851548637052439	0	0	0	0	0	0	1	0.07407407407407407	3.259259259259259	0	0.9142857142857143	5	2	0.8333333333333334	0.3333333333333333	0.1	0	4.643856189774723	0.7777777777777778	0.12857142857142856	21	0.9482	0.0	0.465	0.535	1	0.5	27	0.1574074074074074	0.27297668038408773
grp-15	T1	0	0.0	0	0	0		0					0	0	0	0	0	0	0			0		0	0				0				0					0		0		
grp-15	T1	1	30.0	0	0	0		0					0	0	0	0	0	0	0			0		0	0				0				0					0		0		
grp-15	T1	2	60.0	0	0	0		0					0	0	0	0	0	0	0			0		0	0				0				0					0		0		
grp-15	T1	3	90.0	0	0	0		0					0	0	0	0	0	0	0			0		0	0				0				0					0		0		
grp-15	T1	4	120.0	0	0	0		0					0	0	0	0	0	0	0			0		0	0				0				0					0		0		
grp-15	T1	5	150.0	0	0	0		0					0	0	0	0	0	0	0			0		0	0				0				0					0		0		
grp-15	T1	6	180.0	1	1	0	4.39231742277876	0	1.5	0.8181818181818182	2.704444444444445	0.9637670432112975	1	1	0	1	0	1	4	0.045454545454545456	3.3181818181818183	0	1.5384615384615385	0	0	0.0	0.0	0.3333333333333333	0	4.321928094887363	0.8181818181818182		18	0.0	0.0	1.0	0.0	0	0.0	22	0.75	1.0
grp-15	T1	7	210.0	8	2	5	5.905568481470253	0	1.5	0.9264705882352942	2.445873015873016	1.0047990163411342	4	0	1	7	1	7	4	0.19117647058823528	4.161764705882353	0	2.3125	8	2	0.8888888888888888	0.19117647058823528	0.3333333333333333	0	5.983788058752401	0.6029411764705882	0.11336580086580086	41	0.9861	0.03	0.592	0.379	0	0.0	68	0.7279411764705882	0.9156574394463668
grp-15	T1	8	240.0	12	3	6	6.259761193221231	1	1.4545454545454546	0.8987341772151899	2.281408450704226	0.851693087243382	1	1	0	1	1	6	3	0.12658227848101267	4.1645569620253164	0	2.0714285714285716	2	3	0.6666666666666666	0.10126582278481013	0.3125	1	6.266786540694905	0.7721518987341772	0.05192913147458602	61	0.9203	0.021	0.788	0.191	2	0.4	79	0.5537974683544303	0.5388559525717034
grp-15	T1	9	270.0	6	3	7	5.9375	1	1.7142857142857142	0.9384615384615385	2.3208196721311474	0.8142688464918117	1	2	1	1	0	4	4	0.2153846153846154	4.523076923076923	0	2.5256410256410255	4	2	0.8	0.16923076923076924	0.4166666666666667	0	5.97727992349992	0.7846153846153846	0.19671794871794873	51	0.9634	0.0	0.732	0.268	0	0.0	65	0.6884615384615385	0.8286390532544378
grp-15	T1	10	300.0	10	4	8	6.207073613969017	1	1.875	0.8780487804878049	2.288333333333333	0.8438140922159468	4	0	0	2	1	3	3	0.10975609756097561	3.9390243902439024	0	2.5217391304347827	4	2	0.8	0.14634146341463414	0.4666666666666667	0	6.296928094887356	0.6829268292682927	0.02345679012345679	56	0.932	0.032	0.753	0.215	2	0.4	82	0.31097560975609756	0.33491969066032123
grp-15	T1	11	330.0	12	3	10	5.64022392894185	2	1.1	0.8360655737704918	2.2719607843137255	0.8091656792655912	0	1	0	0	0	1	1	0.18032786885245902	4.442622950819672	0	1.3888888888888888	0	0	0.0	0.16393442622950818	0.09090909090909091	0	5.7470498290228536	0.5573770491803278	0.01475796930342385	34	0.9432	0.03	0.649	0.32	2	0.6666666666666666	61	0.5204918032786885	0.49583445310400426
grp-15	T1	12	360.0	8	3	4	6.463838596242658	2	2.2857142857142856	0.8695652173913043	2.345875	0.893614421534814	3	1	0	5	0	6	7	0.14130434782608695	4.065217391304348	0	2.6857142857142855	5	1	0.8333333333333334	0.09782608695652174	0.5625	0	6.491853096329662	0.6956521739130435	0.03100331041507512	64	0.9336	0.021	0.813	0.165	0	0.0	92	0.5706521739130435	0.541351606805293
grp-15	T1	13	390.0	9	3	4	6.066089190457767	1	1.4444444444444444	0.8529411764705882	2.3365517241379306	0.843661052474597	1	1	2	5	0	5	6	0.10294117647058823	3.8088235294117645	0	2.011904761904762	5	0	0.8333333333333334	0.1323529411764706	0.3076923076923077	0	6.044394119358462	0.7794117647058824	0.04672583679936621	53	0.9667	0.0	0.698	0.302	0	0.0	68	0.4485294117647059	0.4130622837370242
grp-15	T1	14	420.0	5	2	2	6.515562596873461	1	3.4	0.8640776699029126	2.375168539325843	0.8627667962017335	1	1	2	5	1	4	7	0.18446601941747573	4.097087378640777	0	3.9508196721311477	4	0	0.8	0.05825242718446602	0.7058823529411765	0	6.638409502553759	0.6213592233009708	0.054778554778554776	64	0.9738	0.022	0.752	0.226	0	0.0	103	0.5315533980582524	0.5079649354321802
grp-15	T1	15	450.0	2	1	0	5.5016291673878275	2	3.0	0.8775510204081632	2.0995348837209304	0.5253302548779223	2	0	1	2	0	5	0	0.16326530612244897	4.408163265306122	0	3.4074074074074074	3	0	0.75	0.061224489795918366	0.6666666666666666	0	5.55458885167764	0.7551020408163265	0.16216216216216217	37	0.7033	0.0	0.852	0.148	0		49	0.75	1.0
grp-15	T1	16	480.0	10	3	7	6.05055344228541	0	1.2727272727272727	0.8857142857142857	2.3245161290322587	0.9073546758596499	2	1	1	2	0	6	1	0.14285714285714285	4.214285714285714	0	1.2444444444444445	3	0	0.75	0.14285714285714285	0.21428571428571427	0	6.087462841250345	0.7285714285714285	0.016666666666666666	51	0.9057	0.069	0.673	0.258	0	0.0	70	0.44285714285714284	0.42
grp-15	T1	17	510.0	5	1	5	6.278653889178257	2	2.0	0.9523809523809523	2.3899999999999997	0.9541684861700266	1	4	1	6	2	7	9	0.10714285714285714	3.7857142857142856	0	2.621359223300971	3	1	0.75	0.09523809523809523	0.5	0	6.333161760715648	0.7261904761904762	0.02211830131445905	61	0.7876	0.02	0.838	0.141	2	0.18181818181818182	84	0.75	1.0
grp-15	T1	18	540.0	10	3	5	5.995120720276222	1	1.7	0.8529411764705882	2.1301724137931033	0.6235037023348042	2	1	1	3	0	6	3	0.11764705882352941	3.8823529411764706	0	1.9325842696629214	4	0	0.8	0.1323529411764706	0.4117647058823529	0	6.014091089055431	0.7941176470588235	0.005847953216374269	54	0.9387	0.039	0.715	0.246	1	0.25	68	0.4485294117647059	0.4139273356401384
grp-15	T1	19	570.0	9	2	10	5.468758439731459	0	1.3333333333333333	0.8431372549019608	2.504883720930233	1.0316871981619578	2	1	0	0	0	3	1	0.1568627450980392	4.117647058823529	0	2.015151515151515	3	1	0.75	0.2549019607843137	0.25	0	5.5738935175845965	0.7254901960784313	0.017857142857142856	37	0.9588	0.0	0.656	0.344	0	0.0	51	0.7303921568627451	0.9246443675509419
grp-15	T1	20	600.0	7	3	5	3.7004397181410926	0	1.0	0.8571428571428571	2.5016666666666665	1.0290354167320428	0	0	0	0	0	1	1	0.14285714285714285	4.0	0	0.7142857142857143	1	0	0.5	0.42857142857142855	0.0	0	3.584962500721156	0.9285714285714286	0.0	13	0.6842	0.088	0.527	0.385	0	0.0	14	0.39285714285714285	0.37755102040816324
grp-15	T2	0	0.0	0	0	0		0					0	0	0	0	0	0	0			0		0	0				0				0					0		0		
grp-15	T2	1	30.0	0	0	0		0					0	0	0	0	0	0	0			0		0	0				0				0					0		0		
grp-15	T2	2	60.0	0	0	0		0					0	0	0	0	0	0	0			0		0	0				0				0					0		0		
grp-15	T2	3	90.0	0	0	0		0					0	0	0	0	0	0	0			0		0	0				0				0					0		0		
grp-15	T2	4	120.0	0	0	0		0					0	0	0	0	0	0	0			0		0	0				0				0					0		0		
grp-15	T2	5	150.0	5	2	2	4.720049960644813	2	1.2	0.9	2.324074074074074	0.8164206398540512	0	0	0	0	0	4	2	0.03333333333333333	3.966666666666667	0	1.1219512195121952	0	1	0.0	0.06666666666666667	0.16666666666666666	0	4.735926350629034	0.8	0.0	24	0.5267	0.0	0.864	0.136	1	0.3333333333333333	30	0.6833333333333333	0.768888888888889
grp-15	T2	6	180.0	7	2	4	5.680813428089393	0	1.7142857142857142	0.8181818181818182	2.450444444444445	0.8569012793018435	0	1	0	1	0	3	1	0.14545454545454545	4.254545454545455	0	1.6714285714285715	2	0	0.6666666666666666	0.10909090909090909	0.4166666666666667	0	5.690184605506591	0.8181818181818182	0.04587301587301587	45	0.948	0.0	0.736	0.264	1	0.5	55	0.7045454545454546	0.8347107438016528
grp-15	T2	7	210.0	10	3	6	6.227831381088498	0	1.5	0.925	2.2618918918918918	0.8129836201861729	3	1	0	4	0	10	1	0.1	4.2125	0	2.1030927835051547	4	3	0.8	0.125	0.3333333333333333	1	6.259761193221231	0.7	0.043124669211625735	56	0.903	0.053	0.744	0.203	3	0.75	80	0.50625	0.4653125
grp-15	T2	8	240.0	4	2	2	6.234120167580205	1	2.75	0.9240506329113924	2.4280821917808217	0.9129999587904485	3	0	2	3	0	5	2	0.1518987341772152	4.1645569620253164	0	3.215909090909091	2	0	0.6666666666666666	0.05063291139240506	0.6363636363636364	0	6.266786540694905	0.7721518987341772	0.03560149296583405	61	0.7886	0.022	0.828	0.15	3	0.6	79	0.5474683544303798	0.5180259573786252
grp-15	T2	9	270.0	4	2	0	6.079538949531787	0	3.25	0.9285714285714286	2.352461538461539	0.8858755439055426	5	1	0	0	0	6	4	0.18571428571428572	4.271428571428571	0	2.948717948717949	0	0	0.0	0.0	0.6923076923076923	0	6.087462841250345	0.7857142857142857	0.06481481481481481	55	-0.1779	0.038	0.933	0.029	1	0.2	70	0.5642857142857143	0.5330612244897959
grp-15	T2	10	300.0	5	2	4	6.447408651885219	1	2.8	0.9340659340659341	2.327176470588235	0.8678677206941374	8	1	0	1	1	4	1	0.15384615384615385	4.56043956043956	2	2.923076923076923	3	1	0.16666666666666666	0.07692307692307693	0.6428571428571429	0	6.47573343096641	0.7472527472527473	0.05681818181818182	68	0.6705	0.089	0.77	0.141	2	0.6666666666666666	91	0.5247252747252747	0.5048907136819225
grp-15	T2	11	330.0	3	3	2	5.754532719265502	0	2.0	0.9152542372881356	2.4661111111111116	0.933217089321916	3	2	1	2	1	4	4	0.0847457627118644	3.711864406779661	0	3.4696969696969697	1	0	0.5	0.05084745762711865	0.5	0	5.797802294866491	0.7627118644067796	0.04583333333333334	45	0.8523	0.03	0.801	0.168	3	0.42857142857142855	59	0.5550847457627118	0.568514794599253
grp-15	T2	12	360.0	4	1	5	6.534149691709698	0	4.0	0.8909090909090909	2.4112244897959183	0.94800248138197	6	1	1	3	0	5	3	0.15454545454545454	4.118181818181818	0	3.1746031746031744	2	0	0.6666666666666666	0.06363636363636363	0.75	0	6.736368983644939	0.6454545454545455	0.1283189033189033	71	0.7579	0.014	0.908	0.079	7	0.7	110	0.75	1.0
grp-15	T2	13	390.0	3	3	2	6.066089190457767	0	2.6	0.9558823529411765	2.488769230769231	0.8861316236529819	0	1	0	2	1	1	3	0.11764705882352941	4.073529411764706	0	2.5316455696202533	0	2	0.0	0.029411764705882353	0.6153846153846154	0	6.044394119358462	0.7352941176470589	0.08844256518675123	50	0.3646	0.039	0.887	0.074	4	0.5714285714285714	68	0.38235294117647056	0.3719723183391003
grp-15	T2	14	420.0	5	1	1	6.2531478367846995	2	2.4	0.825	2.205	0.8229754773768393	2	3	1	1	0	3	3	0.175	4.225	0	2.838709677419355	1	0	0.5	0.025	0.5833333333333334	0	6.285402218862257	0.75	0.04433497536945813	60	-0.1154	0.044	0.918	0.038	1	0.25	80	0.75	1.0
grp-15	T2	15	450.0	5	2	4	6.763998981565223	1	2.0	0.9159663865546218	2.3177981651376145	0.8553065417519066	5	0	3	7	0	13	1	0.08403361344537816	4.117647058823529	0	2.9596774193548385	8	1	0.8888888888888888	0.10084033613445378	0.5	1	6.853270702489366	0.5882352941176471	0.17261904761904762	70	0.979	0.066	0.685	0.248	2	0.6666666666666666	119	0.7037815126050421	0.8322152390367912
grp-15	T2	16	480.0	4	2	2	4.969815782426808	0	1.5	0.9142857142857143	2.293125	0.8231207289183039	0	1	2	0	0	2	1	0.08571428571428572	3.5428571428571427	0	1.8604651162790697	1	0	0.5	0.08571428571428572	0.3333333333333333	1	4.9837880587523955	0.8571428571428571	0.0196078431372549	30	0.7684	0.0	0.807	0.193	1	0.5	35	0.5785714285714286	0.5493877551020409
grp-15	T2	17	510.0	10	4	6	6.259761193221231	1	1.5555555555555556	0.8860759493670886	2.646857142857143	0.9538217007044314	3	1	0	1	3	3	3	0.11392405063291139	4.0886075949367084	0	1.7708333333333333	0	1	0.0	0.0759493670886076	0.35714285714285715	2	6.266786540694905	0.7215189873417721	0.02403846153846154	57	0.8868	0.023	0.787	0.19	3	0.5	79	0.2879746835443038	0.3472199967953853
grp-15	T2	18	540.0	3	3	3	6.333161760715647	0	3.0	0.9036144578313253	2.5842666666666667	0.9788607981844111	4	2	0	1	0	3	6	0.08433734939759036	3.7349397590361444	0	2.842696629213483	3	0	0.75	0.07228915662650602	0.6666666666666666	0	6.339850002884614	0.7349397590361446	0.008928571428571428	61	0.8686	0.024	0.818	0.158	0	0.0	83	0.6897590361445783	0.8223254463637684
grp-15	T2	19	570.0	8	3	6	6.756593516755083	2	2.5	0.9318181818181818	2.431869918699187	0.9255983339234044	8	0	1	6	2	5	13	0.07575757575757576	3.606060606060606	0	2.4213836477987423	4	1	0.8	0.07575757575757576	0.6	0	6.976213966874609	0.5378787878787878	0.06697181796695285	71	0.9498	0.031	0.812	0.157	0	0.0	132	0.625	0.633953168044077
grp-15	T2	20	600.0	6	3	2	6.826138774533633	0	2.5714285714285716	0.9236641221374046	2.4652892561983473	1.0174267284359155	5	1	2	5	3	11	2	0.15267175572519084	4.137404580152672	0	2.3066666666666666	6	0	0.8571428571428571	0.061068702290076333	0.6111111111111112	0	6.9647156275162585	0.5954198473282443	0.11330504703788455	78	0.9664	0.0	0.844	0.156	1	0.3333333333333333	131	0.25763358778625955	0.33348872443330807
grp-15	T2	21	630.0	2	2	1	5.4599625007211605	1	4.0	0.8775510204081632	2.4127906976744193	0.9586311111972776	0	0	0	1	0	5	3	0.061224489795918366	3.9183673469387754	0	5.303571428571429	2	0	0.6666666666666666	0.061224489795918366	0.75	0	5.469482468698917	0.7959183673469388	0.0	39	0.886	0.0	0.78	0.22	1	0.25	49	0.7397959183673469	0.9600166597251145
grp-15	T2	22	660.0	7	4	5	6.221611723969907	0	2.142857142857143	0.8831168831168831	2.4655882352941174	0.9076802727329986	0	2	0	0	0	6	3	0.09090909090909091	3.987012987012987	0	2.3777777777777778	2	1	0.6666666666666666	0.09090909090909091	0.5333333333333333	0	6.228818690495891	0.7792207792207793	0.012820512820512822	60	0.8718	0.025	0.823	0.152	1	0.25	77	0.41883116883116883	0.40192275257210314
grp-15	T2	23	690.0	9	4	4	5.04729120346679	0	1.2	0.7894736842105263	2.4713333333333334	0.8320646342415688	0	0	0	0	1	2	2	0.02631578947368421	3.4210526315789473	0	1.0588235294117647	0	2	0.0	0.10526315789473684	0.16666666666666666	0	5.114369445886754	0.7631578947368421	0.20833333333333334	29	0.89	0.0	0.689	0.311	2	0.5	38	0.3157894736842105	0.35595567867036004
grp-15	T2	24	720.0	14	4	10	6.058753523800376	0	1.2666666666666666	0.9868421052631579	2.5654666666666666	1.0074565907383912	1	2	0	0	1	3	4	0.13157894736842105	3.9342105263157894	0	1.4193548387096775	1	4	0.5	0.14473684210526316	0.21052631578947367	0	6.182426338601928	0.6578947368421053	0.1571222187618949	50	0.9447	0.0	0.766	0.234	1	0.2	76	0.32894736842105265	0.34279778393351806
grp-15	T2	25	750.0	6	4	0	4.368522527728205	1	2.0	0.7391304347826086	3.30764705882353	1.2022358064273646	0	1	0	0	0	1	1	0.043478260869565216	4.130434782608695	0	1.75	0	0	0.0	0.0	0.5	1	4.39231742277876	0.7391304347826086	0.16666666666666666	17	0.3182	0.0	0.901	0.099	0	0.0	23	0.33695652173913043	0.35727788279773154
grp-15	T3	0	0.0	0	0	0		0					0	0	0	0	0	0	0			0		0	0				0				0					0		0		
grp-15	T3	1	30.0	0	0	0		0					0	0	0	0	0	0	0			0		0	0				0				0					0		0		
grp-15	T3	2	60.0	0	0	0		0					0	0	0	0	0	0	0			0		0	0				0				0					0		0		
grp-15	T3	3	90.0	0	0	0		0					0	0	0	0	0	0	0			0		0	0				0				0					0		0		
grp-15	T3	4	120.0	0	0	0		0					0	0	0	0	0	0	0			0		0	0				0				0					0		0		
grp-15	T3	5	150.0	0	0	0		0					0	0	0	0	0	0	0			0		0	0				0				0					0		0		
grp-15	T3	6	180.0	0	0	0		0					0	0	0	0	0	0	0			0		0	0				0				0					0		0		
grp-15	T3	7	210.0	0	0	0		0					0	0	0	0	0	0	0			0		0	0				0				0					0		0		
grp-15	T3	8	240.0	0	0	0		0					0	0	0	0	0	0	0			0		0	0				0				0					0		0		
grp-15	T3	9	270.0	0	0	0		0					0	0	0	0	0	0	0			0		0	0				0				0					0		0		
grp-15	T3	10	300.0	1	1	0	2.584962500721156	0	1.0	1.0	2.315714285714286	0.743367956241959	0	0	0	0	0	2	0	0.2857142857142857	4.714285714285714	0	0.875	0	1	0.0	0.0	0.0	1	2.321928094887362	1.0		7	0.0	0.0	1.0	0.0	1	1.0	7	0.75	1.0
grp-15	T3	11	330.0	8	4	5	6.028639311838581	0	1.75	0.8405797101449275	2.5050000000000003	1.036140467777182	3	2	0	0	2	5	3	0.11594202898550725	4.072463768115942	0	2.13953488372093	1	0	0.5	0.08695652173913043	0.42857142857142855	0	6.066089190457767	0.782608695652174	0.01020408163265306	54	0.9022	0.036	0.75	0.215	3	0.5	69	0.6195652173913043	0.6975425330812854
grp-15	T3	12	360.0	5	1	1	6.235600785105893	0	2.4	0.963855421686747	2.49975	0.9332563621535083	1	1	1	3	2	8	2	0.07228915662650602	3.6506024096385543	0	2.0412371134020617	3	0	0.75	0.04819277108433735	0.5833333333333334	0	6.315158644859922	0.7228915662650602	0.055287247474747475	60	0.9544	0.0	0.807	0.193	2	0.5	83	0.75	1.0
grp-15	T3	13	390.0	5	1	1	5.872140159802114	0	1.5	0.8873239436619719	2.237619047619047	0.9153535430878811	8	1	0	4	4	5	0	0.11267605633802817	4.211267605633803	0	2.207792207792208	5	0	0.8333333333333334	0.08450704225352113	0.3333333333333333	0	6.021567935039034	0.6338028169014085	0.0921474358974359	45	0.9623	0.0	0.744	0.256	0		71	0.75	1.0
grp-15	T3	14	420.0	4	1	1	6.771774098575833	1	3.8	0.9401709401709402	2.3978181818181823	1.062359622228814	6	1	0	4	2	7	5	0.1452991452991453	3.982905982905983	1	3.396694214876033	3	0	0.4	0.03418803418803419	0.7368421052631579	0	6.84549005094439	0.6581196581196581	0.050470809792843685	77	0.8357	0.02	0.89	0.09	1	0.16666666666666666	117	0.75	1.0
grp-15	T3	15	450.0	10	1	3	6.080235517784137	1	1.5	0.8648648648648649	2.6442187500000003	1.007446966171638	4	1	3	3	1	1	5	0.14864864864864866	4.1891891891891895	0	1.683673469387755	1	4	0.5	0.05405405405405406	0.3333333333333333	0	6.1699250014423175	0.7432432432432432	0.05467032967032967	55	0.594	0.0	0.937	0.063	2	0.2857142857142857	74	0.75	1.0
grp-15	T3	16	480.0	6	4	2	6.097291853370939	1	2.5	0.8783783783783784	2.4103076923076925	0.9470423095589101	2	6	0	0	1	2	5	0.1891891891891892	4.243243243243243	0	2.1666666666666665	1	0	0.5	0.04054054054054054	0.6	0	6.1699250014423175	0.7567567567567568	0.09862108262108263	56	0.8519	0.0	0.858	0.142	1	0.16666666666666666	74	0.5337837837837838	0.593864134404675
grp-15	T3	17	510.0	5	2	2	6.333161760715647	3	3.25	0.9036144578313253	2.405066666666666	0.9195062056463905	2	1	2	5	1	10	7	0.13253012048192772	3.927710843373494	0	2.340909090909091	6	0	0.8571428571428571	0.0963855421686747	0.6923076923076923	0	6.339850002884614	0.7228915662650602	0.045108695652173916	60	0.9896	0.0	0.665	0.335	0	0.0	83	0.5993975903614458	0.5790390477572943
grp-15	T3	18	540.0	8	3	5	5.55458885167764	0	1.25	0.9166666666666666	2.283181818181818	0.8938953892610415	3	1	0	4	0	5	3	0.14583333333333334	4.208333333333333	0	1.6307692307692307	3	0	0.75	0.16666666666666666	0.2	0	5.5235619560570095	0.75	0.028571428571428574	36	0.9417	0.022	0.656	0.322	0	0.0	48	0.3229166666666667	0.3446180555555556
grp-15	T3	19	570.0	11	3	9	6.214838488746853	1	1.6	0.9615384615384616	2.2905333333333333	0.8730420277525145	1	0	4	1	0	6	3	0.1282051282051282	4.089743589743589	0	1.8279569892473118	4	2	0.8	0.16666666666666666	0.375	0	6.247927513443591	0.7307692307692307	0.011666666666666667	57	0.9652	0.047	0.698	0.255	2	0.4	78	0.48717948717948717	0.4460880999342538
grp-15	T3	20	600.0	7	3	3	5.958714495630294	1	2.2857142857142856	0.8985507246376812	2.2887096774193547	0.8645015044502063	2	3	0	4	0	9	4	0.10144927536231885	3.7246376811594204	1	2.2758620689655173	4	2	0.5	0.10144927536231885	0.5625	0	6.006387697920454	0.7101449275362319	0.033011272141706925	49	0.9409	0.0	0.772	0.228	2	0.3333333333333333	69	0.5471014492753623	0.5101869355177483
grp-15	T3	21	630.0	8	2	1	6.256456330018398	3	1.75	0.9390243902439024	2.313766233766234	0.9083452043625336	2	2	2	6	0	8	4	0.036585365853658534	3.524390243902439	0	1.9292929292929293	3	5	0.75	0.04878048780487805	0.42857142857142855	0	6.321928094887356	0.7073170731707317	0.04638583638583638	58	0.9744	0.0	0.769	0.231	0	0.0	82	0.5670731707317073	0.535990481856038
grp-15	T3	22	660.0	6	3	5	5.59399396942248	0	1.5714285714285714	0.9230769230769231	2.391875	0.9863709922615325	0	0	1	0	1	5	4	0.038461538461538464	3.576923076923077	1	2.142857142857143	1	0	0.0	0.11538461538461539	0.36363636363636365	0	5.643856189774728	0.6923076923076923	0.06490842490842491	36	0.8907	0.029	0.72	0.251	0	0.0	52	0.4807692307692308	0.4460059171597633
grp-15	T3	23	690.0	4	2	2	3.584962500721156	0	1.0	0.7692307692307693	2.2090000000000005	0.6901659220796114	0	1	0	0	0	0	1	0.0	2.6153846153846154	0	1.125	0	1	0.0	0.15384615384615385	0.0	0	3.459431618637298	1.0	0.0	13	0.0803	0.134	0.71	0.156	0	0.0	13	0.5576923076923077	0.5266272189349113
grp-16	T1	0	0.0	0	0	0		0					0	0	0	0	0	0	0			0		0	0				0				0					0		0		
grp-16	T1	1	30.0	0	0	0		0					0	0	0	0	0	0	0			0		0	0				0				0					0		0		
grp-16	T1	2	60.0	0	0	0		0					0	0	0	0	0	0	0			0		0	0				0				0					0		0		
grp-16	T1	3	90.0	0	0	0		0					0	0	0	0	0	0	0			0		0	0				0				0					0		0		
grp-16	T1	4	120.0	0	0	0		0					0	0	0	0	0	0	0			0		0	0				0				0					0		0		
grp-16	T1	5	150.0	0	0	0		0					0	0	0	0	0	0	0			0		0	0				0				0					0		0		
grp-16	T1	6	180.0	1	1	0	3.906890595608518	0	1.0	0.875	2.3528571428571428	0.8716358067403134	0	1	0	0	0	0	0	0.25	4.5625	0	1.8823529411764706	0	1	0.0	0.0	0.0	0	3.8073549220576055	0.9375		15	0.4588	0.0	0.833	0.167	0		16	0.75	1.0
grp-16	T1	7	210.0	3	3	2	6.259761193221231	1	3.3333333333333335	0.9113924050632911	2.290277777777778	0.832459495548219	3	1	0	4	1	6	4	0.21518987341772153	4.6835443037974684	0	3.933333333333333	1	0	0.5	0.0379746835443038	0.7	0	6.266786540694905	0.7721518987341772	0.08899521531100478	61	0.7975	0.052	0.805	0.143	1	0.2	79	0.5474683544303798	0.5596859477647812
grp-16	T1	8	240.0	2	2	2	5.447408651885229	0	2.0	0.8478260869565217	2.071794871794872	0.7079977973124935	4	0	1	0	0	2	2	0.21739130434782608	4.565217391304348	0	2.795918367346939	2	0	0.6666666666666666	0.08695652173913043	0.5	0	5.4594316186372955	0.7608695652173914	0.17142857142857143	35	0.7964	0.0	0.861	0.139	0	0.0	46	0.5652173913043478	0.5340264650283554
grp-16	T1	9	270.0	2	1	0	5.906890595608517	0	3.5	0.819672131147541	2.1304	0.7699037861966911	5	2	1	0	1	1	0	0.21311475409836064	4.442622950819672	0	2.8461538461538463	0	0	0.0	0.0	0.7142857142857143	0	5.882643049361836	0.7704918032786885	0.1702127659574468	47	0.0	0.0	1.0	0.0	1	1.0	61	0.75	1.0
grp-16	T1	10	300.0	2	2	2	5.7002120649147505	1	4.5	0.9473684210526315	2.457777777777778	0.9999141938495164	1	1	1	0	0	1	1	0.21052631578947367	4.649122807017544	0	3.7758620689655173	0	0	0.0	0.03508771929824561	0.7777777777777778	0	5.708632440797383	0.7719298245614035	0.022727272727272728	44	0.4019	0.0	0.937	0.063	0	0.0	57	0.6535087719298246	0.688519544475223
grp-16	T1	11	330.0	3	2	2	5.7813597135246555	1	4.5	0.9107142857142857	2.410392156862745	0.9927086352239963	2	1	0	0	0	2	3	0.10714285714285714	3.9107142857142856	0	3.1206896551724137	1	0	0.5	0.05357142857142857	0.7777777777777778	0	5.7548875021634665	0.75	0.013513513513513514	42	0.6369	0.0	0.912	0.088	4	0.5714285714285714	56	0.6696428571428571	0.7302295918367347
grp-16	T1	12	360.0	5	2	2	6.114369445886761	1	2.4	0.9178082191780822	2.2940298507462686	0.9639053952796568	3	3	0	0	2	1	3	0.1917808219178082	4.219178082191781	0	1.9411764705882353	1	0	0.5	0.0410958904109589	0.5833333333333334	0	6.149747119504677	0.726027397260274	0.028308823529411765	53	0.6808	0.0	0.927	0.073	2	0.4	73	0.6335616438356164	0.6427097016325765
grp-16	T1	13	390.0	4	1	1	5.976536951651797	0	3.0	0.9411764705882353	2.3474999999999997	0.8782226369207298	3	1	0	1	0	3	2	0.17647058823529413	4.411764705882353	0	2.8947368421052633	2	0	0.6666666666666666	0.04411764705882353	0.6666666666666666	0	5.983788058752401	0.7941176470588235	0.0761904761904762	54	0.8929	0.0	0.832	0.168	0	0.0	68	0.75	1.0
grp-16	T1	14	420.0	4	2	0	5.603856189774728	0	1.8	0.8431372549019608	2.0855813953488367	0.6956753530657597	0	1	1	0	1	1	1	0.21568627450980393	4.352941176470588	0	2.0833333333333335	0	0	0.0	0.0	0.4444444444444444	0	5.614709844115208	0.8235294117647058	0.03741935483870968	42	0.3284	0.0	0.936	0.064	1	0.5	51	0.5343137254901961	0.5094194540561322
grp-16	T1	15	450.0	3	2	2	5.96875	2	2.0	0.8153846153846154	2.258301886792453	0.8628665168179239	3	0	0	3	0	3	1	0.2	4.553846153846154	0	2.56	2	0	0.6666666666666666	0.06153846153846154	0.5	0	5.97727992349992	0.8	0.04563492063492063	52	0.9313	0.0	0.788	0.212	2	0.6666666666666666	65	0.5038461538461538	0.5001183431952663
grp-16	T1	16	480.0	12	3	4	6.188837553723972	0	1.9285714285714286	0.8979591836734694	2.4255681818181816	0.8647843372174905	4	2	3	1	0	3	3	0.10204081632653061	3.9081632653061225	0	1.7672413793103448	1	1	0.5	0.05102040816326531	0.48148148148148145	0	6.410432422573624	0.5816326530612245	0.09484630433247034	57	0.9331	0.0	0.861	0.139	10	0.7692307692307693	98	0.32653061224489793	0.3450645564348188
grp-16	T1	17	510.0	5	4	2	6.044394119358462	0	2.2	0.8955223880597015	2.3903333333333334	0.8706816614329003	1	2	0	1	1	4	6	0.1791044776119403	4.044776119402985	0	2.730769230769231	2	1	0.6666666666666666	0.05970149253731343	0.5454545454545454	1	6.022367813028458	0.835820895522388	0.027777777777777776	56	0.4015	0.037	0.888	0.075	0	0.0	67	0.458955223880597	0.43550902205390957
grp-16	T1	18	540.0	2	1	3	5.5235619560570095	2	3.0	0.9787234042553191	2.114782608695652	0.7310229257406448	3	1	0	0	0	2	2	0.1702127659574468	4.0638297872340425	0	2.2549019607843137	1	0	0.5	0.0851063829787234	0.6666666666666666	0	5.491853096329673	0.8297872340425532	0.10256410256410256	39	0.8555	0.034	0.761	0.205	1	0.3333333333333333	47	0.75	1.0
grp-16	T1	19	570.0	11	3	7	5.727920454563195	0	1.3333333333333333	0.8333333333333334	2.329333333333334	0.7978704990995302	1	0	1	2	0	4	1	0.14814814814814814	4.407407407407407	2	1.1923076923076923	3	1	0.16666666666666666	0.18518518518518517	0.25	0	5.700439718141095	0.7962962962962963	0.006666666666666666	43	0.9505	0.102	0.546	0.353	3	0.75	54	0.39814814814814814	0.3792866941015089
grp-16	T1	20	600.0	7	3	2	4.088220835496802	0	1.0	0.9285714285714286	2.8757692307692313	1.012305719544489	0	1	0	0	0	0	3	0.03571428571428571	2.857142857142857	0	0.7837837837837838	0	4	0.0	0.07142857142857142	0.0	0	4.392747410448783	0.5357142857142857	0.23333333333333336	15	0.7691	0.0	0.765	0.235	0	0.0	28	0.2857142857142857	0.33673469387755106
grp-16	T2	0	0.0	0	0	0		0					0	0	0	0	0	0	0			0		0	0				0				0					0		0		
grp-16	T2	1	30.0	0	0	0		0					0	0	0	0	0	0	0			0		0	0				0				0					0		0		
grp-16	T2	2	60.0	0	0	0		0					0	0	0	0	0	0	0			0		0	0				0				0					0		0		
grp-16	T2	3	90.0	0	0	0		0					0	0	0	0	0	0	0			0		0	0				0				0					0		0		
grp-16	T2	4	120.0	0	0	0		0					0	0	0	0	0	0	0			0		0	0				0				0					0		0		
grp-16	T2	5	150.0	0	0	0		0					0	0	0	0	0	0	0			0		0	0				0				0					0		0		
grp-16	T2	6	180.0	2	1	2	6.697524987952252	1	14.0	0.8839285714285714	2.2476767676767677	0.8360124549393955	6	2	0	1	0	5	2	0.14285714285714285	4.303571428571429	0	5.361344537815126	2	0	0.6666666666666666	0.03571428571428571	0.9285714285714286	0	6.781359713524669	0.6785714285714286	0.06578947368421052	76	0.7089	0.023	0.895	0.081	7	0.7777777777777778	112	0.75	1.0
grp-16	T2	7	210.0	3	2	1	5.028639311838574	0	2.25	0.9428571428571428	2.3012121212121213	0.9884814112865943	1	0	0	0	0	3	2	0.05714285714285714	3.7714285714285714	0	2.35	1	0	0.5	0.05714285714285714	0.5555555555555556	0	5.044394119358456	0.7714285714285715	0.043478260869565216	27	0.3612	0.0	0.932	0.068	2	0.5	35	0.6785714285714286	0.7551020408163265
grp-16	T2	8	240.0	6	2	1	6.042497332822993	0	1.8333333333333333	0.8918918918918919	2.1928787878787883	0.6719189280811207	4	2	1	1	0	2	1	0.16216216216216217	4.162162162162162	0	2.1882352941176473	2	3	0.6666666666666666	0.04054054054054054	0.45454545454545453	0	6.114369445886762	0.7162162162162162	0.05804761904761905	53	0.9473	0.0	0.796	0.204	6	0.8571428571428571	74	0.5472972972972973	0.5178962746530315
grp-16	T2	9	270.0	2	2	1	6.240812514720878	2	3.2	0.9230769230769231	2.08125	0.8152214039756317	3	3	0	3	1	7	2	0.16666666666666666	4.384615384615385	0	2.7674418604651163	0	0	0.0	0.01282051282051282	0.6875	0	6.247927513443591	0.7692307692307693	0.13333333333333333	60	-0.2327	0.074	0.85	0.075	1	0.3333333333333333	78	0.5961538461538461	0.57396449704142
grp-16	T2	10	300.0	1	1	0	4.840223928941852	2	6.0	0.967741935483871	2.135	0.8219478896702233	2	1	0	2	0	3	0	0.1935483870967742	4.225806451612903	0	4.483870967741935	0	0	0.0	0.0	0.8333333333333334	0	4.857980995127571	0.7741935483870968		24	0.0	0.0	1.0	0.0	3	1.0	31	0.75	1.0
grp-16	T2	11	330.0	6	2	2	6.396966484354469	1	3.25	0.9204545454545454	2.2561728395061733	0.7714593640454556	5	2	0	7	0	13	3	0.13636363636363635	4.011363636363637	0	3.8260869565217392	8	0	0.8888888888888888	0.11363636363636363	0.6923076923076923	0	6.426264754702099	0.6931818181818182	0.0	61	0.9899	0.0	0.617	0.383	2	0.4	88	0.7102272727272727	0.8535640495867768
grp-16	T2	12	360.0	6	2	1	5.8569080053028655	0	2.0	0.8939393939393939	2.375084745762712	0.8116594695517764	2	2	0	2	0	3	2	0.12121212121212122	3.6666666666666665	0	2.141025641025641	2	3	0.6666666666666666	0.045454545454545456	0.5	0	5.96875	0.6363636363636364	0.11017740429505136	42	0.8022	0.0	0.871	0.129	5	0.7142857142857143	66	0.6439393939393939	0.6657483930211203
grp-16	T2	13	390.0	5	2	1	6.548548539271537	1	3.0	0.94	2.2462765957446806	0.8650507106554114	4	3	1	1	1	3	0	0.13	4.22	0	2.5486725663716814	1	1	0.5	0.02	0.6666666666666666	2	6.5738935175846045	0.66	0.12858952702702703	66	-0.6124	0.081	0.883	0.035	5	1.0	100	0.505	0.5002
grp-16	T2	14	420.0	5	3	3	6.92715660768145	0	3.5555555555555554	0.8866666666666667	2.3869924812030074	0.9096797626748434	5	4	0	1	1	7	5	0.08666666666666667	3.7	0	3.036363636363636	2	2	0.6666666666666666	0.03333333333333333	0.71875	1	7.10134525752084	0.5133333333333333	0.1359342535813124	77	0.9497	0.016	0.842	0.142	4	0.4444444444444444	150	0.5	0.46160000000000007
grp-16	T2	15	450.0	3	2	2	3.6644977792004623	0	1.3333333333333333	0.8666666666666667	2.523076923076923	0.7963125074161874	0	0	0	0	0	0	0	0.26666666666666666	4.733333333333333	0	1.5555555555555556	0	0	0.0	0.13333333333333333	0.25	0	3.7004397181410926	0.8666666666666667	0.0	13	0.6124	0.0	0.722	0.278	2	1.0	15	0.65	0.6800000000000002
grp-16	T2	16	480.0	6	3	3	6.234120167580205	0	2.0	0.9113924050632911	2.167638888888889	0.7492820509133978	5	2	1	1	2	6	2	0.10126582278481013	3.9240506329113924	0	1.7311827956989247	6	1	0.8571428571428571	0.11392405063291139	0.5	0	6.266786540694905	0.7341772151898734	0.08971530920060332	58	0.9238	0.019	0.789	0.192	3	0.6	79	0.49050632911392406	0.44912674250921336
grp-16	T2	17	510.0	4	2	2	6.519597621365642	0	3.0	0.9411764705882353	2.4145833333333333	0.8926002705889997	5	2	1	0	3	5	0	0.12745098039215685	4.03921568627451	0	4.336538461538462	1	0	0.5	0.029411764705882353	0.6666666666666666	1	6.583856189774739	0.6764705882352942	0.11498407253124233	69	0.5859	0.062	0.841	0.097	4	1.0	102	0.5441176470588235	0.5155709342560554
grp-16	T2	18	540.0	7	3	3	5.201841232302572	0	1.8571428571428572	0.8837209302325582	2.233421052631579	0.7610251960549472	0	1	0	0	1	2	0	0.06976744186046512	4.046511627906977	0	1.2962962962962963	1	3	0.5	0.09302325581395349	0.46153846153846156	3	5.259991029008326	0.7441860465116279	0.2587719298245614	32	0.682	0.053	0.762	0.185	4	1.0	43	0.5058139534883721	0.46565711195240667
grp-16	T2	19	570.0	14	4	5	5.9292830169449715	0	1.3333333333333333	0.9577464788732394	2.5616176470588234	0.882922304046454	2	1	0	1	0	6	3	0.11267605633802817	3.9577464788732395	0	1.223529411764706	4	3	0.8	0.1267605633802817	0.25	1	6.021567935039034	0.6619718309859155	0.09123931623931623	47	0.7971	0.053	0.792	0.155	6	0.6666666666666666	71	0.15140845070422534	0.27077960722078953
grp-16	T2	20	600.0	10	4	3	5.749582466629951	0	2.1	0.863013698630137	2.3979365079365085	0.8766624275294189	1	0	0	1	2	4	3	0.0684931506849315	3.767123287671233	0	1.7444444444444445	2	2	0.6666666666666666	0.0684931506849315	0.5238095238095238	0	5.90313057014796	0.6164383561643836	0.2013476727244843	45	0.4946	0.065	0.805	0.13	8	0.7272727272727273	73	0.1404109589041096	0.26853068117845746
grp-16	T2	21	630.0	6	3	7	5.3698118849315355	0	1.6666666666666667	0.86	2.523255813953489	0.9839188871140174	4	1	1	0	1	0	3	0.06	3.78	0	1.7619047619047619	2	2	0.6666666666666666	0.18	0.4	0	5.5432958340544936	0.7	0.051821862348178135	35	0.7258	0.029	0.775	0.196	1	0.25	50	0.41	0.39120000000000005
grp-16	T2	22	660.0	2	2	1	4.247927513443583	0	1.0	1.0	2.5104999999999995	0.8971982779742725	1	1	0	0	0	0	0	0.05	4.2	0	1.5909090909090908	0	1	0.0	0.05	0.0	0	4.169925001442312	0.9	0.0	18	0.5965	0.0	0.699	0.301	1	1.0	20	0.5	0.5
grp-16	T3	0	0.0	0	0	0		0					0	0	0	0	0	0	0			0		0	0				0				0					0		0		
grp-16	T3	1	30.0	0	0	0		0					0	0	0	0	0	0	0			0		0	0				0				0					0		0		
grp-16	T3	2	60.0	0	0	0		0					0	0	0	0	0	0	0			0		0	0				0				0					0		0		
grp-16	T3	3	90.0	0	0	0		0					0	0	0	0	0	0	0			0		0	0				0				0					0		0		
grp-16	T3	4	120.0	0	0	0		0					0	0	0	0	0	0	0			0		0	0				0				0					0		0		
grp-16	T3	5	150.0	0	0	0		0					0	0	0	0	0	0	0			0		0	0				0				0					0		0		
grp-16	T3	6	180.0	0	0	0		0					0	0	0	0	0	0	0			0		0	0				0				0					0		0		
grp-16	T3	7	210.0	0	0	0		0					0	0	0	0	0	0	0			0		0	0				0				0					0		0		
grp-16	T3	8	240.0	0	0	0		0					0	0	0	0	0	0	0			0		0	0				0				0					0		0		
grp-16	T3	9	270.0	0	0	0		0					0	0	0	0	0	0	0			0		0	0				0				0					0		0		
grp-16	T3	10	300.0	2	1	2	3.0	0	1.0	0.6666666666666666	2.025	0.5928392137277471	0	0	0	0	0	0	0	0.3333333333333333	5.555555555555555	0	1.25	2	0	0.6666666666666666	0.4444444444444444	0.0	0	2.807354922057604	0.8888888888888888	0.125	8	0.7264	0.0	0.535	0.465	0		9	0.75	1.0
grp-16	T3	11	330.0	10	3	6	6.008902049082144	3	1.75	0.8611111111111112	2.3232258064516125	0.966261125118191	3	0	0	8	0	9	4	0.09722222222222222	3.7916666666666665	0	1.7804878048780488	7	0	0.875	0.18055555555555555	0.42857142857142855	0	6.072140159802114	0.6388888888888888	0.16666666666666666	46	0.9889	0.0	0.603	0.397	2	0.3333333333333333	72	0.6527777777777778	0.6994598765432098
grp-16	T3	12	360.0	7	3	3	5.55458885167764	0	1.5	0.8541666666666666	2.4141463414634146	1.0305787519399134	1	1	0	0	1	1	2	0.14583333333333334	4.291666666666667	0	1.4918032786885247	0	0	0.0	0.0625	0.3333333333333333	0	5.5235619560570095	0.8541666666666666	0.0	41	0.6662	0.048	0.768	0.184	1	0.3333333333333333	48	0.4375	0.40625
grp-16	T3	13	390.0	4	2	1	6.091144075059178	3	2.75	0.8666666666666667	2.5436923076923077	1.0872782804653083	1	3	1	8	0	10	6	0.14666666666666667	4.346666666666667	0	2.045977011494253	4	1	0.8	0.06666666666666667	0.6363636363636364	0	6.189824558880028	0.72	0.03508771929824561	54	0.6492	0.065	0.781	0.153	0	0.0	75	0.6966666666666667	0.8094222222222223
grp-16	T3	14	420.0	5	2	1	6.155399311574901	1	3.2	0.8533333333333334	2.29609375	0.8383067330702633	3	0	0	0	0	2	3	0.18666666666666668	4.573333333333333	0	2.8045977011494254	0	0	0.0	0.013333333333333334	0.6875	0	6.162427298606055	0.7333333333333333	0.022727272727272728	55	0.5994	0.0	0.935	0.065	2	0.4	75	0.5633333333333334	0.532088888888889
grp-16	T3	15	450.0	7	3	4	5.9534850284493706	0	1.25	0.9402985074626866	2.442222222222222	0.9298974929758016	4	0	1	1	2	5	4	0.07462686567164178	3.91044776119403	0	1.5	0	0	0.0	0.05970149253731343	0.2	2	5.991598582259227	0.7313432835820896	0.06333617363029127	49	0.7706	0.025	0.805	0.17	4	0.5	67	0.6156716417910447	0.6239697037202049
grp-16	T3	16	480.0	9	4	1	6.227370076283627	1	2.2	0.9545454545454546	2.770714285714286	1.1283033889052032	4	1	0	3	0	3	4	0.10227272727272728	4.011363636363637	0	2.4166666666666665	0	0	0.0	0.011363636363636364	0.5454545454545454	0	6.379753126795122	0.6477272727272727	0.0499751223435434	57	0.5267	0.0	0.951	0.049	4	0.5	88	0.19886363636363635	0.284349173553719
grp-16	T3	17	510.0	7	3	4	6.24546247348954	1	2.5	0.9285714285714286	2.495128205128205	1.0142355256606639	7	0	0	5	1	6	3	0.10714285714285714	4.119047619047619	0	2.4367816091954024	4	0	0.8	0.09523809523809523	0.6	1	6.357552004618087	0.6428571428571429	0.08323377140581441	54	0.9674	0.0	0.749	0.251	3	0.5	84	0.34523809523809523	0.3523242630385488
grp-16	T3	18	540.0	5	3	2	4.822000516883151	0	2.0	0.8611111111111112	2.5383870967741933	0.9052858994999905	0	0	2	2	0	1	4	0.19444444444444445	4.166666666666667	0	1.8541666666666667	0	0	0.0	0.05555555555555555	0.5	0	4.969815782426809	0.6666666666666666	0.046875	24	0.1882	0.0	0.953	0.047	3	0.42857142857142855	36	0.5555555555555556	0.5246913580246914
grp-16	T3	19	570.0	10	3	2	6.221611723969907	0	1.7	0.922077922077922	2.173098591549296	0.7992841719080925	0	1	0	0	2	6	1	0.14285714285714285	4.246753246753247	0	1.7204301075268817	0	1	0.0	0.025974025974025976	0.4117647058823529	0	6.228818690495891	0.7532467532467533	0.14246632996632996	58	0.5106	0.033	0.871	0.097	2	0.6666666666666666	77	0.4642857142857143	0.43329397874852416
grp-16	T3	20	600.0	7	3	3	5.952656521964201	0	2.0	0.9571428571428572	2.56	0.9337342777752873	2	1	2	4	1	8	1	0.1	3.842857142857143	0	2.0	4	0	0.8	0.1	0.5	0	6.02863931183858	0.6571428571428571	0.037545787545787544	46	0.8294	0.027	0.821	0.152	6	0.8571428571428571	70	0.5142857142857142	0.48530612244897964
grp-16	T3	21	630.0	5	3	1	5.707034658883373	3	3.0	0.9322033898305084	2.3056363636363635	0.9496080792264942	0	1	0	2	2	5	5	0.0847457627118644	3.9322033898305087	0	2.410958904109589	2	1	0.6666666666666666	0.05084745762711865	0.6666666666666666	0	5.797802294866491	0.6949152542372882	0.05650252525252525	41	0.6478	0.0	0.915	0.085	2	0.2857142857142857	59	0.5466101694915254	0.5150818730249929
grp-16	T3	22	660.0	4	1	1	6.94144059228396	0	3.4	0.8984375	2.477304347826087	0.9919127957279927	5	3	2	5	1	10	5	0.125	3.9921875	0	2.6350364963503647	7	1	0.875	0.0625	0.7058823529411765	0	6.977279923499926	0.609375	0.08349673202614379	78	0.9909	0.0	0.741	0.259	1	0.16666666666666666	128	0.75	1.0
grp-16	T3	23	690.0	7	3	4	6.182426338601928	3	2.1666666666666665	0.8933333333333333	2.3807462686567167	0.890841147761922	1	0	2	5	3	10	2	0.05333333333333334	3.96	0	2.0638297872340425	5	0	0.8333333333333334	0.12	0.5384615384615384	1	6.189824558880028	0.68	0.02936507936507936	51	0.9441	0.023	0.738	0.239	3	0.6	75	0.37	0.36319999999999997
grp-16	T3	24	720.0	7	3	1	4.754887502163471	1	1.4	0.9285714285714286	2.455769230769231	0.8754171448599765	0	0	1	0	0	0	1	0.07142857142857142	4.178571428571429	0	1.3333333333333333	0	0	0.0	0.03571428571428571	0.2857142857142857	0	4.70043971814109	0.8928571428571429	0.015151515151515152	25	0.5913	0.085	0.72	0.195	2	0.6666666666666666	28	0.35714285714285715	0.3571428571428571
grp-16	T3	25	750.0	7	3	4	5.889680181354615	1	1.8333333333333333	0.9206349206349206	2.5932758620689658	0.9947732161082374	0	0	0	4	0	5	5	0.09523809523809523	3.9523809523809526	0	2.445945945945946	3	0	0.75	0.1111111111111111	0.45454545454545453	2	5.930737337562883	0.7142857142857143	0.017543859649122806	45	0.9648	0.029	0.639	0.332	4	0.4444444444444444	63	0.5753968253968254	0.5485008818342152
grp-16	T3	26	780.0	7	3	3	6.259761193221231	2	1.75	0.8987341772151899	2.223239436619718	0.8071036281753212	0	4	3	4	1	6	3	0.08860759493670886	3.810126582278481	0	2.3092783505154637	4	2	0.8	0.08860759493670886	0.42857142857142855	0	6.266786540694905	0.7341772151898734	0.044444444444444446	58	0.977	0.016	0.705	0.279	3	0.5	79	0.6677215189873418	0.7917000480692196
grp-16	T3	27	810.0	4	3	3	5.892878967843309	0	3.6666666666666665	0.9253731343283582	2.2993548387096774	0.8943295758379695	3	1	1	1	0	7	1	0.13432835820895522	4.08955223880597	0	3.810810810810811	1	1	0.5	0.05970149253731343	0.7272727272727273	1	5.960829351489997	0.7014925373134329	0.0	47	0.8316	0.0	0.865	0.135	5	0.8333333333333334	67	0.6902985074626866	0.8333704611271997
grp-16	T3	28	840.0	3	2	0	3.969815782426811	0	1.6666666666666667	0.8333333333333334	2.518666666666667	0.821655780860953	0	0	1	0	0	0	0	0.0	3.2222222222222223	0	1.5454545454545454	0	1	0.0	0.0	0.4	0	4.0	0.8333333333333334	0.2	15	0.0	0.0	1.0	0.0	1	1.0	18	0.6666666666666666	0.7222222222222223
grp-16	T3	29	870.0	0	0	0		0					0	0	0	0	0	0	0			0		0	0				0				0					0		0		
grp-16	T3	30	900.0	0	0	0		0					0	0	0	0	0	0	0			0		0	0				0				0					0		0		
grp-16	T3	31	930.0	3	2	0	5.209453365628954	0	2.0	0.9210526315789473	2.586857142857143	0.9960917095717398	1	1	1	0	0	1	1	0.21052631578947367	4.473684210526316	0	2.477272727272727	1	0	0.5	0.02631578947368421	0.5	0	5.1699250014423095	0.9210526315789473	0.029411764705882353	35	0.7684	0.0	0.868	0.132	2	0.6666666666666666	38	0.7368421052631579	0.9487534626038783
